timestamp,square_id,internet_traffic
2013-10-31T23:00:00+00:00,5259,826.785644531
2013-10-31T23:10:00+00:00,5259,910.575744629
2013-10-31T23:20:00+00:00,5259,956.362426758
2013-10-31T23:30:00+00:00,5259,960.74029541
2013-10-31T23:40:00+00:00,5259,1110.91162109
2013-10-31T23:50:00+00:00,5259,1012.62677002
2013-11-01T00:00:00+00:00,5259,1245.46606445
2013-11-01T00:10:00+00:00,5259,1412.63415527
2013-11-01T00:20:00+00:00,5259,1266.78674316
2013-11-01T00:30:00+00:00,5259,1525.64660645
2013-11-01T00:40:00+00:00,5259,1521.96472168
2013-11-01T00:50:00+00:00,5259,1688.74194336
2013-11-01T01:00:00+00:00,5259,1575.94775391
2013-11-01T01:10:00+00:00,5259,1762.91149902
2013-11-01T01:20:00+00:00,5259,1648.00317383
2013-11-01T01:30:00+00:00,5259,1608.84667969
2013-11-01T01:40:00+00:00,5259,1589.57092285
2013-11-01T01:50:00+00:00,5259,1568.89013672
2013-11-01T02:00:00+00:00,5259,1389.29150391
2013-11-01T02:10:00+00:00,5259,1268.36962891
2013-11-01T02:20:00+00:00,5259,1217.50097656
2013-11-01T02:30:00+00:00,5259,1211.93054199
2013-11-01T02:40:00+00:00,5259,1165.66967773
2013-11-01T02:50:00+00:00,5259,881.84753418
2013-11-01T03:00:00+00:00,5259,1009.55938721
2013-11-01T03:20:00+00:00,5259,675.714233398
2013-11-01T03:40:00+00:00,5259,532.681762695
2013-11-01T03:50:00+00:00,5259,388.724456787
2013-11-01T04:00:00+00:00,5259,376.785339355
2013-11-01T05:40:00+00:00,5259,290.481872559
2013-11-01T06:10:00+00:00,5259,275.481658936
2013-11-01T06:30:00+00:00,5259,344.225738525
2013-11-01T06:40:00+00:00,5259,303.173736572
2013-11-01T06:50:00+00:00,5259,307.001098633
2013-11-01T07:10:00+00:00,5259,344.978729248
2013-11-01T07:20:00+00:00,5259,325.753936768
2013-11-01T07:30:00+00:00,5259,394.010467529
2013-11-01T07:40:00+00:00,5259,370.527648926
2013-11-01T07:50:00+00:00,5259,382.56048584
2013-11-01T08:00:00+00:00,5259,445.869049072
2013-11-01T08:10:00+00:00,5259,384.615020752
2013-11-01T08:20:00+00:00,5259,393.846923828
2013-11-01T08:30:00+00:00,5259,514.90234375
2013-11-01T08:40:00+00:00,5259,398.31539917
2013-11-01T08:50:00+00:00,5259,410.019134521
2013-11-01T09:00:00+00:00,5259,522.638061523
2013-11-01T09:10:00+00:00,5259,468.647216797
2013-11-01T09:20:00+00:00,5259,356.987487793
2013-11-01T09:30:00+00:00,5259,484.506713867
2013-11-01T09:40:00+00:00,5259,448.280334473
2013-11-01T09:50:00+00:00,5259,394.743133545
2013-11-01T10:00:00+00:00,5259,544.690673828
2013-11-01T10:10:00+00:00,5259,448.747680664
2013-11-01T10:20:00+00:00,5259,678.68951416
2013-11-01T10:30:00+00:00,5259,521.187072754
2013-11-01T10:40:00+00:00,5259,551.942810059
2013-11-01T10:50:00+00:00,5259,481.844512939
2013-11-01T11:00:00+00:00,5259,500.838378906
2013-11-01T11:10:00+00:00,5259,517.027099609
2013-11-01T11:20:00+00:00,5259,417.623901367
2013-11-01T11:30:00+00:00,5259,496.795288086
2013-11-01T11:40:00+00:00,5259,584.065917969
2013-11-01T11:50:00+00:00,5259,461.545166016
2013-11-01T12:00:00+00:00,5259,451.016357422
2013-11-01T12:10:00+00:00,5259,561.984069824
2013-11-01T12:20:00+00:00,5259,529.315551758
2013-11-01T12:30:00+00:00,5259,521.45135498
2013-11-01T12:40:00+00:00,5259,510.020935059
2013-11-01T12:50:00+00:00,5259,622.049804688
2013-11-01T13:00:00+00:00,5259,483.56350708
2013-11-01T13:10:00+00:00,5259,548.954162598
2013-11-01T13:20:00+00:00,5259,472.883880615
2013-11-01T13:30:00+00:00,5259,547.585693359
2013-11-01T13:40:00+00:00,5259,482.330078125
2013-11-01T13:50:00+00:00,5259,436.477874756
2013-11-01T14:00:00+00:00,5259,514.640319824
2013-11-01T14:10:00+00:00,5259,463.949554443
2013-11-01T14:20:00+00:00,5259,655.258544922
2013-11-01T14:30:00+00:00,5259,567.935119629
2013-11-01T14:40:00+00:00,5259,523.736816406
2013-11-01T14:50:00+00:00,5259,444.656768799
2013-11-01T15:00:00+00:00,5259,596.011657715
2013-11-01T15:10:00+00:00,5259,501.10824585
2013-11-01T15:20:00+00:00,5259,506.30657959
2013-11-01T15:30:00+00:00,5259,827.84765625
2013-11-01T15:40:00+00:00,5259,448.608551025
2013-11-01T15:50:00+00:00,5259,496.160400391
2013-11-01T16:00:00+00:00,5259,485.444732666
2013-11-01T16:10:00+00:00,5259,494.584686279
2013-11-01T16:20:00+00:00,5259,473.614746094
2013-11-01T16:30:00+00:00,5259,519.251953125
2013-11-01T16:40:00+00:00,5259,529.941101074
2013-11-01T16:50:00+00:00,5259,448.410369873
2013-11-01T17:00:00+00:00,5259,438.87512207
2013-11-01T17:10:00+00:00,5259,458.829925537
2013-11-01T17:20:00+00:00,5259,397.28817749
2013-11-01T17:30:00+00:00,5259,383.710540771
2013-11-01T17:40:00+00:00,5259,359.048431396
2013-11-01T17:50:00+00:00,5259,323.508636475
2013-11-01T18:00:00+00:00,5259,324.347412109
2013-11-01T18:10:00+00:00,5259,310.27230835
2013-11-01T18:20:00+00:00,5259,329.221343994
2013-11-01T18:30:00+00:00,5259,370.713104248
2013-11-01T18:40:00+00:00,5259,315.27520752
2013-11-01T18:50:00+00:00,5259,371.366027832
2013-11-01T19:00:00+00:00,5259,403.06652832
2013-11-01T19:10:00+00:00,5259,343.115539551
2013-11-01T19:20:00+00:00,5259,346.610839844
2013-11-01T19:30:00+00:00,5259,339.373779297
2013-11-01T19:40:00+00:00,5259,405.177856445
2013-11-01T19:50:00+00:00,5259,323.172058105
2013-11-01T20:00:00+00:00,5259,460.916778564
2013-11-01T20:10:00+00:00,5259,338.286895752
2013-11-01T20:20:00+00:00,5259,359.660186768
2013-11-01T20:30:00+00:00,5259,490.058746338
2013-11-01T20:40:00+00:00,5259,543.50213623
2013-11-01T20:50:00+00:00,5259,473.258575439
2013-11-01T21:00:00+00:00,5259,373.744110107
2013-11-01T21:10:00+00:00,5259,381.323944092
2013-11-01T21:20:00+00:00,5259,322.079650879
2013-11-01T21:30:00+00:00,5259,389.277038574
2013-11-01T21:40:00+00:00,5259,331.202026367
2013-11-01T21:50:00+00:00,5259,331.34552002
2013-11-01T22:00:00+00:00,5259,418.584991455
2013-11-01T22:10:00+00:00,5259,444.394165039
2013-11-01T22:20:00+00:00,5259,416.789306641
2013-11-01T22:30:00+00:00,5259,448.127532959
2013-11-01T22:40:00+00:00,5259,390.552978516
2013-11-01T22:50:00+00:00,5259,397.306396484
2013-11-01T23:00:00+00:00,5259,357.850341797
2013-11-01T23:10:00+00:00,5259,409.971252441
2013-11-01T23:20:00+00:00,5259,395.520477295
2013-11-01T23:30:00+00:00,5259,491.521728516
2013-11-01T23:40:00+00:00,5259,598.18170166
2013-11-01T23:50:00+00:00,5259,724.346313477
2013-11-02T00:00:00+00:00,5259,522.137756348
2013-11-02T00:10:00+00:00,5259,580.832397461
2013-11-02T00:20:00+00:00,5259,743.868713379
2013-11-02T00:30:00+00:00,5259,595.490234375
2013-11-02T00:40:00+00:00,5259,1061.94848633
2013-11-02T00:50:00+00:00,5259,543.015197754
2013-11-02T01:00:00+00:00,5259,513.439453125
2013-11-02T01:10:00+00:00,5259,472.771362305
2013-11-02T01:20:00+00:00,5259,554.311645508
2013-11-02T01:30:00+00:00,5259,527.942199707
2013-11-02T01:50:00+00:00,5259,446.382415771
2013-11-02T02:50:00+00:00,5259,231.064971924
2013-11-02T03:10:00+00:00,5259,196.791671753
2013-11-02T05:00:00+00:00,5259,187.059463501
2013-11-02T05:30:00+00:00,5259,181.672149658
2013-11-02T06:20:00+00:00,5259,173.108459473
2013-11-02T06:30:00+00:00,5259,182.135879517
2013-11-02T06:50:00+00:00,5259,175.01739502
2013-11-02T07:00:00+00:00,5259,249.766906738
2013-11-02T07:10:00+00:00,5259,235.565139771
2013-11-02T07:20:00+00:00,5259,213.224349976
2013-11-02T07:30:00+00:00,5259,215.379257202
2013-11-02T07:40:00+00:00,5259,211.24987793
2013-11-02T07:50:00+00:00,5259,209.743896484
2013-11-02T08:00:00+00:00,5259,221.56552124
2013-11-02T08:10:00+00:00,5259,293.454620361
2013-11-02T08:20:00+00:00,5259,231.264266968
2013-11-02T08:30:00+00:00,5259,366.228546143
2013-11-02T08:40:00+00:00,5259,279.234924316
2013-11-02T08:50:00+00:00,5259,290.904876709
2013-11-02T09:00:00+00:00,5259,250.861251831
2013-11-02T09:10:00+00:00,5259,362.192718506
2013-11-02T09:20:00+00:00,5259,364.910705566
2013-11-02T09:30:00+00:00,5259,408.189453125
2013-11-02T09:40:00+00:00,5259,397.674407959
2013-11-02T09:50:00+00:00,5259,453.560089111
2013-11-02T10:00:00+00:00,5259,430.479217529
2013-11-02T10:10:00+00:00,5259,410.405548096
2013-11-02T10:20:00+00:00,5259,433.141723633
2013-11-02T10:30:00+00:00,5259,455.051269531
2013-11-02T10:40:00+00:00,5259,480.396850586
2013-11-02T10:50:00+00:00,5259,489.924865723
2013-11-02T11:00:00+00:00,5259,531.094604492
2013-11-02T11:10:00+00:00,5259,484.840789795
2013-11-02T11:20:00+00:00,5259,445.238525391
2013-11-02T11:30:00+00:00,5259,513.210510254
2013-11-02T11:40:00+00:00,5259,454.09979248
2013-11-02T11:50:00+00:00,5259,466.153381348
2013-11-02T12:00:00+00:00,5259,512.789550781
2013-11-02T12:10:00+00:00,5259,531.097351074
2013-11-02T12:20:00+00:00,5259,509.005401611
2013-11-02T12:30:00+00:00,5259,606.071411133
2013-11-02T12:40:00+00:00,5259,626.506469727
2013-11-02T12:50:00+00:00,5259,635.554260254
2013-11-02T13:00:00+00:00,5259,599.377868652
2013-11-02T13:10:00+00:00,5259,604.908935547
2013-11-02T13:20:00+00:00,5259,638.081787109
2013-11-02T13:30:00+00:00,5259,734.841741594
2013-11-02T13:40:00+00:00,5259,531.432678223
2013-11-02T13:50:00+00:00,5259,670.32564339
2013-11-02T14:00:00+00:00,5259,565.18359375
2013-11-02T14:10:00+00:00,5259,605.700622559
2013-11-02T14:20:00+00:00,5259,486.964813232
2013-11-02T14:30:00+00:00,5259,565.760192871
2013-11-02T14:40:00+00:00,5259,542.672180176
2013-11-02T14:50:00+00:00,5259,541.700134277
2013-11-02T15:00:00+00:00,5259,666.214477539
2013-11-02T15:10:00+00:00,5259,491.344573975
2013-11-02T15:20:00+00:00,5259,585.741210938
2013-11-02T15:30:00+00:00,5259,823.180694096
2013-11-02T15:40:00+00:00,5259,846.383748859
2013-11-02T15:50:00+00:00,5259,618.432495117
2013-11-02T16:00:00+00:00,5259,554.331604004
2013-11-02T16:10:00+00:00,5259,477.912689209
2013-11-02T16:20:00+00:00,5259,443.422790527
2013-11-02T16:30:00+00:00,5259,390.252227783
2013-11-02T16:40:00+00:00,5259,766.748657227
2013-11-02T16:50:00+00:00,5259,647.773986816
2013-11-02T17:00:00+00:00,5259,394.924194336
2013-11-02T17:10:00+00:00,5259,565.291381836
2013-11-02T17:20:00+00:00,5259,488.53805542
2013-11-02T17:30:00+00:00,5259,823.928405762
2013-11-02T17:40:00+00:00,5259,559.693969727
2013-11-02T17:50:00+00:00,5259,707.75994873
2013-11-02T18:00:00+00:00,5259,626.822692871
2013-11-02T18:10:00+00:00,5259,413.291320801
2013-11-02T18:20:00+00:00,5259,426.62991333
2013-11-02T18:30:00+00:00,5259,400.957214355
2013-11-02T18:40:00+00:00,5259,391.226531982
2013-11-02T18:50:00+00:00,5259,374.8722229
2013-11-02T19:00:00+00:00,5259,332.52130127
2013-11-02T19:10:00+00:00,5259,304.771606445
2013-11-02T19:20:00+00:00,5259,340.875640869
2013-11-02T19:30:00+00:00,5259,354.89151001
2013-11-02T19:40:00+00:00,5259,367.059265137
2013-11-02T19:50:00+00:00,5259,357.750793457
2013-11-02T20:00:00+00:00,5259,285.02557373
2013-11-02T20:10:00+00:00,5259,388.751983643
2013-11-02T20:20:00+00:00,5259,500.446807861
2013-11-02T20:30:00+00:00,5259,351.7265625
2013-11-02T20:40:00+00:00,5259,399.161956787
2013-11-02T20:50:00+00:00,5259,389.657196045
2013-11-02T21:00:00+00:00,5259,657.126037598
2013-11-02T21:10:00+00:00,5259,351.880523682
2013-11-02T21:20:00+00:00,5259,359.675964355
2013-11-02T21:30:00+00:00,5259,478.751342773
2013-11-02T21:40:00+00:00,5259,333.337097168
2013-11-02T21:50:00+00:00,5259,309.224853516
2013-11-02T22:00:00+00:00,5259,274.962188721
2013-11-02T22:10:00+00:00,5259,301.159729004
2013-11-02T22:20:00+00:00,5259,443.175231934
2013-11-02T22:30:00+00:00,5259,290.994476318
2013-11-02T22:40:00+00:00,5259,321.48815918
2013-11-02T22:50:00+00:00,5259,322.415252686
2013-11-02T23:00:00+00:00,5259,385.47769165
2013-11-02T23:10:00+00:00,5259,482.095031738
2013-11-02T23:20:00+00:00,5259,648.287353516
2013-11-02T23:30:00+00:00,5259,670.536010742
2013-11-02T23:40:00+00:00,5259,805.48046875
2013-11-02T23:50:00+00:00,5259,839.212585449
2013-11-03T00:00:00+00:00,5259,950.301696777
2013-11-03T00:10:00+00:00,5259,976.784851074
2013-11-03T00:20:00+00:00,5259,1093.89660645
2013-11-03T00:30:00+00:00,5259,1041.81396484
2013-11-03T00:40:00+00:00,5259,1371.96643066
2013-11-03T00:50:00+00:00,5259,1236.23339844
2013-11-03T01:00:00+00:00,5259,1266.84594727
2013-11-03T01:10:00+00:00,5259,1620.89221191
2013-11-03T01:20:00+00:00,5259,1556.27734375
2013-11-03T01:30:00+00:00,5259,1461.67687988
2013-11-03T01:40:00+00:00,5259,1403.65808105
2013-11-03T01:50:00+00:00,5259,1287.57128906
2013-11-03T02:00:00+00:00,5259,1190.94140625
2013-11-03T02:10:00+00:00,5259,1200.92565918
2013-11-03T02:20:00+00:00,5259,1101.19616699
2013-11-03T02:40:00+00:00,5259,939.294372559
2013-11-03T02:50:00+00:00,5259,1035.57092285
2013-11-03T03:00:00+00:00,5259,960.527587891
2013-11-03T03:10:00+00:00,5259,909.723327637
2013-11-03T03:30:00+00:00,5259,720.327941895
2013-11-03T03:40:00+00:00,5259,663.385253906
2013-11-03T03:50:00+00:00,5259,453.754486084
2013-11-03T04:00:00+00:00,5259,553.264831543
2013-11-03T04:10:00+00:00,5259,247.747192383
2013-11-03T06:40:00+00:00,5259,149.017578125
2013-11-03T06:50:00+00:00,5259,153.801589966
2013-11-03T07:00:00+00:00,5259,154.671600342
2013-11-03T07:10:00+00:00,5259,147.255325317
2013-11-03T07:20:00+00:00,5259,148.583175659
2013-11-03T07:30:00+00:00,5259,161.173416138
2013-11-03T07:40:00+00:00,5259,168.340820312
2013-11-03T07:50:00+00:00,5259,217.202774048
2013-11-03T08:00:00+00:00,5259,220.533554077
2013-11-03T08:10:00+00:00,5259,455.747497559
2013-11-03T08:20:00+00:00,5259,420.786804199
2013-11-03T08:30:00+00:00,5259,452.80557251
2013-11-03T08:40:00+00:00,5259,200.395050049
2013-11-03T08:50:00+00:00,5259,213.231719971
2013-11-03T09:00:00+00:00,5259,256.766571045
2013-11-03T09:10:00+00:00,5259,259.974884033
2013-11-03T09:20:00+00:00,5259,311.832824707
2013-11-03T09:30:00+00:00,5259,274.887878418
2013-11-03T09:40:00+00:00,5259,266.054504395
2013-11-03T09:50:00+00:00,5259,327.832305908
2013-11-03T10:00:00+00:00,5259,240.34375
2013-11-03T10:10:00+00:00,5259,387.803924561
2013-11-03T10:20:00+00:00,5259,900.286865234
2013-11-03T10:30:00+00:00,5259,309.103973389
2013-11-03T10:40:00+00:00,5259,296.192718506
2013-11-03T10:50:00+00:00,5259,336.398651123
2013-11-03T11:00:00+00:00,5259,315.322814941
2013-11-03T11:10:00+00:00,5259,329.02154541
2013-11-03T11:20:00+00:00,5259,280.887115479
2013-11-03T11:30:00+00:00,5259,294.000793457
2013-11-03T11:40:00+00:00,5259,289.195526123
2013-11-03T11:50:00+00:00,5259,329.950134277
2013-11-03T12:00:00+00:00,5259,412.386199951
2013-11-03T12:10:00+00:00,5259,326.871948242
2013-11-03T12:20:00+00:00,5259,323.797607422
2013-11-03T12:30:00+00:00,5259,403.689544678
2013-11-03T12:40:00+00:00,5259,356.251739502
2013-11-03T12:50:00+00:00,5259,437.994903564
2013-11-03T13:00:00+00:00,5259,426.505432129
2013-11-03T13:10:00+00:00,5259,347.064331055
2013-11-03T13:20:00+00:00,5259,422.724334717
2013-11-03T13:30:00+00:00,5259,435.21661377
2013-11-03T13:40:00+00:00,5259,374.061523438
2013-11-03T13:50:00+00:00,5259,350.448822021
2013-11-03T14:00:00+00:00,5259,353.295471191
2013-11-03T14:10:00+00:00,5259,329.667114258
2013-11-03T14:20:00+00:00,5259,306.081390381
2013-11-03T14:30:00+00:00,5259,371.000671387
2013-11-03T14:40:00+00:00,5259,399.069885254
2013-11-03T14:50:00+00:00,5259,380.447692871
2013-11-03T15:00:00+00:00,5259,398.626159668
2013-11-03T15:10:00+00:00,5259,362.599731445
2013-11-03T15:20:00+00:00,5259,383.421020508
2013-11-03T15:30:00+00:00,5259,551.601745605
2013-11-03T15:40:00+00:00,5259,401.884063721
2013-11-03T15:50:00+00:00,5259,404.298400879
2013-11-03T16:00:00+00:00,5259,493.615722656
2013-11-03T16:10:00+00:00,5259,472.536590576
2013-11-03T16:20:00+00:00,5259,398.887390137
2013-11-03T16:30:00+00:00,5259,440.110839844
2013-11-03T16:40:00+00:00,5259,401.371368408
2013-11-03T16:50:00+00:00,5259,380.512878418
2013-11-03T17:00:00+00:00,5259,388.8621521
2013-11-03T17:10:00+00:00,5259,358.474273682
2013-11-03T17:20:00+00:00,5259,360.613677979
2013-11-03T17:30:00+00:00,5259,444.186706543
2013-11-03T17:40:00+00:00,5259,378.494995117
2013-11-03T17:50:00+00:00,5259,407.591796875
2013-11-03T18:00:00+00:00,5259,369.550628662
2013-11-03T18:10:00+00:00,5259,314.954833984
2013-11-03T18:20:00+00:00,5259,396.309967041
2013-11-03T18:30:00+00:00,5259,436.643768311
2013-11-03T18:40:00+00:00,5259,335.567993164
2013-11-03T18:50:00+00:00,5259,304.074432373
2013-11-03T19:00:00+00:00,5259,330.956329346
2013-11-03T19:10:00+00:00,5259,337.99005127
2013-11-03T19:20:00+00:00,5259,319.532531738
2013-11-03T19:30:00+00:00,5259,361.490722656
2013-11-03T19:40:00+00:00,5259,282.649871826
2013-11-03T19:50:00+00:00,5259,247.427719116
2013-11-03T20:00:00+00:00,5259,305.636871338
2013-11-03T20:10:00+00:00,5259,444.522033691
2013-11-03T20:20:00+00:00,5259,331.157806396
2013-11-03T20:30:00+00:00,5259,324.745391846
2013-11-03T20:40:00+00:00,5259,300.131195068
2013-11-03T20:50:00+00:00,5259,317.292388916
2013-11-03T21:00:00+00:00,5259,285.43258667
2013-11-03T21:10:00+00:00,5259,329.208435059
2013-11-03T21:20:00+00:00,5259,292.316009521
2013-11-03T21:30:00+00:00,5259,308.00112915
2013-11-03T21:40:00+00:00,5259,352.808074951
2013-11-03T21:50:00+00:00,5259,280.748779297
2013-11-03T22:00:00+00:00,5259,327.213409424
2013-11-03T22:10:00+00:00,5259,301.998260498
2013-11-03T22:20:00+00:00,5259,212.20526123
2013-11-03T22:30:00+00:00,5259,261.86907959
2013-11-03T22:40:00+00:00,5259,234.527893066
2013-11-03T22:50:00+00:00,5259,180.148849487
2013-11-03T23:00:00+00:00,5259,196.237594604
2013-11-03T23:10:00+00:00,5259,203.39163208
2013-11-03T23:20:00+00:00,5259,230.406387329
2013-11-03T23:30:00+00:00,5259,238.287536621
2013-11-03T23:40:00+00:00,5259,221.625335693
2013-11-04T00:00:00+00:00,5259,191.115951538
2013-11-04T00:10:00+00:00,5259,213.186660767
2013-11-04T04:00:00+00:00,5259,156.542266846
2013-11-04T04:20:00+00:00,5259,134.490509033
2013-11-04T05:00:00+00:00,5259,175.221908569
2013-11-04T05:10:00+00:00,5259,157.196426392
2013-11-04T05:40:00+00:00,5259,186.832519531
2013-11-04T05:50:00+00:00,5259,194.047927856
2013-11-04T06:00:00+00:00,5259,254.452835083
2013-11-04T06:10:00+00:00,5259,270.089233398
2013-11-04T06:20:00+00:00,5259,236.760910034
2013-11-04T06:30:00+00:00,5259,307.320220947
2013-11-04T06:40:00+00:00,5259,401.722320557
2013-11-04T06:50:00+00:00,5259,420.785491943
2013-11-04T07:00:00+00:00,5259,554.012512207
2013-11-04T07:10:00+00:00,5259,641.261047363
2013-11-04T07:20:00+00:00,5259,873.948669434
2013-11-04T07:30:00+00:00,5259,1054.56665039
2013-11-04T07:40:00+00:00,5259,1205.98291016
2013-11-04T07:50:00+00:00,5259,1507.41259766
2013-11-04T08:00:00+00:00,5259,1796.77856445
2013-11-04T08:10:00+00:00,5259,2104.48339844
2013-11-04T08:20:00+00:00,5259,2060.06884766
2013-11-04T08:30:00+00:00,5259,2095.79663086
2013-11-04T08:40:00+00:00,5259,2310.29321289
2013-11-04T08:50:00+00:00,5259,2599.87890625
2013-11-04T09:00:00+00:00,5259,2590.1699265
2013-11-04T09:10:00+00:00,5259,2563.29638672
2013-11-04T09:20:00+00:00,5259,2621.86816406
2013-11-04T09:30:00+00:00,5259,2877.73722696
2013-11-04T09:40:00+00:00,5259,2854.78881836
2013-11-04T09:50:00+00:00,5259,3139.15332031
2013-11-04T10:00:00+00:00,5259,2817.55834961
2013-11-04T10:10:00+00:00,5259,2883.9230957
2013-11-04T10:20:00+00:00,5259,2794.88378906
2013-11-04T10:30:00+00:00,5259,2893.23144531
2013-11-04T10:40:00+00:00,5259,2924.59057617
2013-11-04T10:50:00+00:00,5259,3101.46972656
2013-11-04T11:00:00+00:00,5259,2774.02392578
2013-11-04T11:10:00+00:00,5259,3293.60888672
2013-11-04T11:20:00+00:00,5259,3469.92236328
2013-11-04T11:30:00+00:00,5259,3864.64771201
2013-11-04T11:40:00+00:00,5259,3237.77319336
2013-11-04T11:50:00+00:00,5259,3610.77051349
2013-11-04T12:00:00+00:00,5259,3688.15070156
2013-11-04T12:10:00+00:00,5259,3439.881809
2013-11-04T12:20:00+00:00,5259,3807.3980225
2013-11-04T12:30:00+00:00,5259,3511.35779846
2013-11-04T12:40:00+00:00,5259,3550.12174797
2013-11-04T12:50:00+00:00,5259,3995.15673828
2013-11-04T13:00:00+00:00,5259,3568.265625
2013-11-04T13:10:00+00:00,5259,3580.34669429
2013-11-04T13:20:00+00:00,5259,3650.42944336
2013-11-04T13:30:00+00:00,5259,3348.2421875
2013-11-04T13:40:00+00:00,5259,3343.08886719
2013-11-04T13:50:00+00:00,5259,3328.66918945
2013-11-04T14:00:00+00:00,5259,3502.68414882
2013-11-04T14:10:00+00:00,5259,3600.80568218
2013-11-04T14:20:00+00:00,5259,3486.68554919
2013-11-04T14:30:00+00:00,5259,3296.16289377
2013-11-04T14:40:00+00:00,5259,3133.2199707
2013-11-04T14:50:00+00:00,5259,3616.83154297
2013-11-04T15:00:00+00:00,5259,3043.56152344
2013-11-04T15:10:00+00:00,5259,2850.39013672
2013-11-04T15:20:00+00:00,5259,3019.38842773
2013-11-04T15:30:00+00:00,5259,2697.03662109
2013-11-04T15:40:00+00:00,5259,2834.17693317
2013-11-04T15:50:00+00:00,5259,3064.7355957
2013-11-04T16:00:00+00:00,5259,2689.06591797
2013-11-04T16:10:00+00:00,5259,3456.82446289
2013-11-04T16:20:00+00:00,5259,3377.765625
2013-11-04T16:30:00+00:00,5259,2733.97754137
2013-11-04T16:40:00+00:00,5259,2802.25137758
2013-11-04T16:50:00+00:00,5259,3076.61572266
2013-11-04T17:00:00+00:00,5259,2678.03027487
2013-11-04T17:10:00+00:00,5259,2800.21826172
2013-11-04T17:20:00+00:00,5259,2711.61987305
2013-11-04T17:30:00+00:00,5259,2576.70279121
2013-11-04T17:40:00+00:00,5259,2569.07568359
2013-11-04T17:50:00+00:00,5259,2229.37304688
2013-11-04T18:00:00+00:00,5259,2197.44604492
2013-11-04T18:10:00+00:00,5259,1991.4854854
2013-11-04T18:20:00+00:00,5259,1705.37293601
2013-11-04T18:30:00+00:00,5259,1580.27018332
2013-11-04T18:40:00+00:00,5259,1599.90075684
2013-11-04T18:50:00+00:00,5259,1624.76929069
2013-11-04T19:00:00+00:00,5259,1428.09047979
2013-11-04T19:10:00+00:00,5259,1362.75183105
2013-11-04T19:20:00+00:00,5259,1258.49719238
2013-11-04T19:30:00+00:00,5259,1061.29833984
2013-11-04T19:40:00+00:00,5259,1145.91369629
2013-11-04T19:50:00+00:00,5259,1129.7019043
2013-11-04T20:00:00+00:00,5259,1170.03674316
2013-11-04T20:10:00+00:00,5259,1189.66491699
2013-11-04T20:20:00+00:00,5259,1194.98242188
2013-11-04T20:30:00+00:00,5259,1086.08325195
2013-11-04T20:40:00+00:00,5259,976.836669922
2013-11-04T20:50:00+00:00,5259,817.648193359
2013-11-04T21:00:00+00:00,5259,907.581115723
2013-11-04T21:10:00+00:00,5259,768.495910645
2013-11-04T21:20:00+00:00,5259,785.085998535
2013-11-04T21:30:00+00:00,5259,1133.32653809
2013-11-04T21:40:00+00:00,5259,749.633850098
2013-11-04T21:50:00+00:00,5259,752.770202637
2013-11-04T22:00:00+00:00,5259,613.649780273
2013-11-04T22:10:00+00:00,5259,764.569824219
2013-11-04T22:20:00+00:00,5259,616.092407227
2013-11-04T22:30:00+00:00,5259,567.062194824
2013-11-04T22:40:00+00:00,5259,716.342956543
2013-11-04T22:50:00+00:00,5259,658.831115723
2013-11-04T23:00:00+00:00,5259,646.480407715
2013-11-04T23:10:00+00:00,5259,720.578857422
2013-11-04T23:20:00+00:00,5259,815.004455566
2013-11-04T23:30:00+00:00,5259,433.005096436
2013-11-04T23:40:00+00:00,5259,472.420837402
2013-11-05T00:00:00+00:00,5259,401.167572021
2013-11-05T00:10:00+00:00,5259,465.499786377
2013-11-05T00:20:00+00:00,5259,417.180938721
2013-11-05T01:00:00+00:00,5259,403.733001709
2013-11-05T04:10:00+00:00,5259,371.593902588
2013-11-05T04:20:00+00:00,5259,361.549865723
2013-11-05T05:20:00+00:00,5259,375.326416016
2013-11-05T05:30:00+00:00,5259,418.09085083
2013-11-05T05:40:00+00:00,5259,388.369750977
2013-11-05T05:50:00+00:00,5259,465.206939697
2013-11-05T06:00:00+00:00,5259,495.24230957
2013-11-05T06:10:00+00:00,5259,477.811737061
2013-11-05T06:20:00+00:00,5259,509.391815186
2013-11-05T06:30:00+00:00,5259,577.827758789
2013-11-05T06:40:00+00:00,5259,730.305603027
2013-11-05T06:50:00+00:00,5259,693.55291748
2013-11-05T07:00:00+00:00,5259,804.992675781
2013-11-05T07:10:00+00:00,5259,1313.65270996
2013-11-05T07:20:00+00:00,5259,1517.62768555
2013-11-05T07:30:00+00:00,5259,2130.74145508
2013-11-05T07:40:00+00:00,5259,1543.56530762
2013-11-05T07:50:00+00:00,5259,1839.44226074
2013-11-05T08:00:00+00:00,5259,1958.90148926
2013-11-05T08:10:00+00:00,5259,1983.09082031
2013-11-05T08:20:00+00:00,5259,2353.65258789
2013-11-05T08:30:00+00:00,5259,2784.4375
2013-11-05T08:40:00+00:00,5259,2868.89234434
2013-11-05T08:50:00+00:00,5259,2577.67853737
2013-11-05T09:00:00+00:00,5259,2642.06787109
2013-11-05T09:10:00+00:00,5259,2569.19995117
2013-11-05T09:20:00+00:00,5259,2798.71801758
2013-11-05T09:30:00+00:00,5259,3067.39550781
2013-11-05T09:40:00+00:00,5259,2905.45605469
2013-11-05T09:50:00+00:00,5259,3217.47006583
2013-11-05T10:00:00+00:00,5259,3047.3137207
2013-11-05T10:10:00+00:00,5259,3129.8527832
2013-11-05T10:20:00+00:00,5259,3258.21826172
2013-11-05T10:30:00+00:00,5259,3208.68359375
2013-11-05T10:40:00+00:00,5259,3110.66394489
2013-11-05T10:50:00+00:00,5259,3330.81005859
2013-11-05T11:00:00+00:00,5259,3140.28173828
2013-11-05T11:10:00+00:00,5259,3281.43066406
2013-11-05T11:20:00+00:00,5259,3188.19628978
2013-11-05T11:30:00+00:00,5259,3371.29736328
2013-11-05T11:40:00+00:00,5259,3382.87955141
2013-11-05T11:50:00+00:00,5259,3342.1171875
2013-11-05T12:00:00+00:00,5259,3469.93774414
2013-11-05T12:10:00+00:00,5259,3464.27326015
2013-11-05T12:20:00+00:00,5259,3381.97070312
2013-11-05T12:30:00+00:00,5259,3336.99267578
2013-11-05T12:40:00+00:00,5259,3321.66699219
2013-11-05T12:50:00+00:00,5259,3293.78417969
2013-11-05T13:00:00+00:00,5259,3456.0324707
2013-11-05T13:10:00+00:00,5259,3317.66870117
2013-11-05T13:20:00+00:00,5259,3384.28033471
2013-11-05T13:30:00+00:00,5259,3470.68603516
2013-11-05T13:40:00+00:00,5259,3438.06030273
2013-11-05T13:50:00+00:00,5259,3597.5119921
2013-11-05T14:00:00+00:00,5259,3185.54765129
2013-11-05T14:10:00+00:00,5259,3124.12255859
2013-11-05T14:20:00+00:00,5259,3102.17285156
2013-11-05T14:30:00+00:00,5259,3660.61914062
2013-11-05T14:40:00+00:00,5259,3018.55664062
2013-11-05T14:50:00+00:00,5259,3244.64550781
2013-11-05T15:00:00+00:00,5259,3060.966088
2013-11-05T15:10:00+00:00,5259,2958.15063477
2013-11-05T15:20:00+00:00,5259,3479.48901367
2013-11-05T15:30:00+00:00,5259,2993.27324963
2013-11-05T15:40:00+00:00,5259,3255.54785156
2013-11-05T15:50:00+00:00,5259,3709.27954102
2013-11-05T16:00:00+00:00,5259,3247.0246582
2013-11-05T16:10:00+00:00,5259,3077.33032227
2013-11-05T16:20:00+00:00,5259,3188.24511719
2013-11-05T16:30:00+00:00,5259,2866.77709961
2013-11-05T16:40:00+00:00,5259,2828.17822266
2013-11-05T16:50:00+00:00,5259,2850.75097656
2013-11-05T17:00:00+00:00,5259,2706.56079102
2013-11-05T17:10:00+00:00,5259,2639.11254883
2013-11-05T17:20:00+00:00,5259,2396.90234375
2013-11-05T17:30:00+00:00,5259,2753.60058594
2013-11-05T17:40:00+00:00,5259,2185.72143555
2013-11-05T17:50:00+00:00,5259,2220.20141602
2013-11-05T18:00:00+00:00,5259,2138.203125
2013-11-05T18:10:00+00:00,5259,1917.92126465
2013-11-05T18:20:00+00:00,5259,1893.83654785
2013-11-05T18:30:00+00:00,5259,1941.9138212
2013-11-05T18:40:00+00:00,5259,1790.07556152
2013-11-05T18:50:00+00:00,5259,1770.92578125
2013-11-05T19:00:00+00:00,5259,1800.31835938
2013-11-05T19:10:00+00:00,5259,1582.21447754
2013-11-05T19:20:00+00:00,5259,1652.96252441
2013-11-05T19:30:00+00:00,5259,1669.71447754
2013-11-05T19:40:00+00:00,5259,1637.04345703
2013-11-05T19:50:00+00:00,5259,1589.37072754
2013-11-05T20:00:00+00:00,5259,1872.69763184
2013-11-05T20:10:00+00:00,5259,1543.56738281
2013-11-05T20:20:00+00:00,5259,1373.83081055
2013-11-05T20:30:00+00:00,5259,1308.52441406
2013-11-05T20:40:00+00:00,5259,1217.02270508
2013-11-05T20:50:00+00:00,5259,1174.2635498
2013-11-05T21:00:00+00:00,5259,934.780212402
2013-11-05T21:10:00+00:00,5259,982.285705566
2013-11-05T21:20:00+00:00,5259,817.683227539
2013-11-05T21:30:00+00:00,5259,861.324768066
2013-11-05T21:40:00+00:00,5259,931.004394531
2013-11-05T21:50:00+00:00,5259,822.110717773
2013-11-05T22:00:00+00:00,5259,808.679260254
2013-11-05T22:10:00+00:00,5259,1090.94946289
2013-11-05T22:20:00+00:00,5259,812.85369873
2013-11-05T22:30:00+00:00,5259,753.682128906
2013-11-05T22:40:00+00:00,5259,709.929077148
2013-11-05T22:50:00+00:00,5259,664.60357666
2013-11-05T23:00:00+00:00,5259,673.312805176
2013-11-05T23:10:00+00:00,5259,617.443115234
2013-11-05T23:20:00+00:00,5259,569.453735352
2013-11-05T23:30:00+00:00,5259,554.618041992
2013-11-06T00:20:00+00:00,5259,532.514648438
2013-11-06T00:30:00+00:00,5259,447.905273438
2013-11-06T00:50:00+00:00,5259,402.641082764
2013-11-06T02:10:00+00:00,5259,387.628509521
2013-11-06T03:30:00+00:00,5259,331.416625977
2013-11-06T04:20:00+00:00,5259,360.710357666
2013-11-06T04:30:00+00:00,5259,342.364501953
2013-11-06T04:40:00+00:00,5259,366.016296387
2013-11-06T05:10:00+00:00,5259,375.973815918
2013-11-06T05:50:00+00:00,5259,409.104766846
2013-11-06T06:00:00+00:00,5259,413.630767822
2013-11-06T06:10:00+00:00,5259,473.724243164
2013-11-06T06:20:00+00:00,5259,532.110717773
2013-11-06T06:30:00+00:00,5259,519.674926758
2013-11-06T06:40:00+00:00,5259,610.463195801
2013-11-06T06:50:00+00:00,5259,647.664001465
2013-11-06T07:00:00+00:00,5259,729.875732422
2013-11-06T07:10:00+00:00,5259,905.663146973
2013-11-06T07:20:00+00:00,5259,1089.20922852
2013-11-06T07:30:00+00:00,5259,1370.97192383
2013-11-06T07:40:00+00:00,5259,1445.77697754
2013-11-06T07:50:00+00:00,5259,1653.61865234
2013-11-06T08:00:00+00:00,5259,1874.15759277
2013-11-06T08:10:00+00:00,5259,2253.38378906
2013-11-06T08:20:00+00:00,5259,2317.87817383
2013-11-06T08:30:00+00:00,5259,2338.60913086
2013-11-06T08:40:00+00:00,5259,2508.00244141
2013-11-06T08:50:00+00:00,5259,2514.55541992
2013-11-06T09:00:00+00:00,5259,2584.71900874
2013-11-06T09:10:00+00:00,5259,2765.13647461
2013-11-06T09:20:00+00:00,5259,2848.91088867
2013-11-06T09:30:00+00:00,5259,2828.53418913
2013-11-06T09:40:00+00:00,5259,2913.79550838
2013-11-06T09:50:00+00:00,5259,3079.99472404
2013-11-06T10:00:00+00:00,5259,3102.87890625
2013-11-06T10:10:00+00:00,5259,3016.56323242
2013-11-06T10:20:00+00:00,5259,3134.52197266
2013-11-06T10:30:00+00:00,5259,2937.61450195
2013-11-06T10:40:00+00:00,5259,3242.26220703
2013-11-06T10:50:00+00:00,5259,2997.31103516
2013-11-06T11:00:00+00:00,5259,3010.27124486
2013-11-06T11:10:00+00:00,5259,3195.25812343
2013-11-06T11:20:00+00:00,5259,3190.83911133
2013-11-06T11:30:00+00:00,5259,3480.78027344
2013-11-06T11:40:00+00:00,5259,3597.64160156
2013-11-06T11:50:00+00:00,5259,3646.85617828
2013-11-06T12:00:00+00:00,5259,3344.67675781
2013-11-06T12:10:00+00:00,5259,3993.91723633
2013-11-06T12:20:00+00:00,5259,3764.54831696
2013-11-06T12:30:00+00:00,5259,3301.33764648
2013-11-06T12:40:00+00:00,5259,3571.40478516
2013-11-06T12:50:00+00:00,5259,3981.33935547
2013-11-06T13:00:00+00:00,5259,3596.46240234
2013-11-06T13:10:00+00:00,5259,3677.01094759
2013-11-06T13:20:00+00:00,5259,3541.4699707
2013-11-06T13:30:00+00:00,5259,3115.54931641
2013-11-06T13:40:00+00:00,5259,2959.2644043
2013-11-06T13:50:00+00:00,5259,3081.26977539
2013-11-06T14:00:00+00:00,5259,3192.64306641
2013-11-06T14:10:00+00:00,5259,3069.95239258
2013-11-06T14:20:00+00:00,5259,2885.98706055
2013-11-06T14:30:00+00:00,5259,2806.65527344
2013-11-06T14:40:00+00:00,5259,3072.17724609
2013-11-06T14:50:00+00:00,5259,3274.29394531
2013-11-06T15:00:00+00:00,5259,3281.26098633
2013-11-06T15:10:00+00:00,5259,3521.95507812
2013-11-06T15:20:00+00:00,5259,3311.73535156
2013-11-06T15:30:00+00:00,5259,3066.969612
2013-11-06T15:40:00+00:00,5259,3300.0065918
2013-11-06T15:50:00+00:00,5259,3194.453125
2013-11-06T16:00:00+00:00,5259,3063.90600586
2013-11-06T16:10:00+00:00,5259,3122.72516614
2013-11-06T16:20:00+00:00,5259,3373.39599609
2013-11-06T16:30:00+00:00,5259,3395.81776589
2013-11-06T16:40:00+00:00,5259,2881.00195312
2013-11-06T16:50:00+00:00,5259,2706.72898102
2013-11-06T17:00:00+00:00,5259,3118.37304688
2013-11-06T17:10:00+00:00,5259,2909.00537109
2013-11-06T17:20:00+00:00,5259,3057.59220219
2013-11-06T17:30:00+00:00,5259,2838.96875
2013-11-06T17:40:00+00:00,5259,2768.07128906
2013-11-06T17:50:00+00:00,5259,2414.64379883
2013-11-06T18:00:00+00:00,5259,2140.4065485
2013-11-06T18:10:00+00:00,5259,1978.55090332
2013-11-06T18:20:00+00:00,5259,1875.85045409
2013-11-06T18:30:00+00:00,5259,1792.3203125
2013-11-06T18:40:00+00:00,5259,1838.97802734
2013-11-06T18:50:00+00:00,5259,1621.42224121
2013-11-06T19:00:00+00:00,5259,1325.39038086
2013-11-06T19:10:00+00:00,5259,1662.23718262
2013-11-06T19:20:00+00:00,5259,1563.16650391
2013-11-06T19:30:00+00:00,5259,1377.70825195
2013-11-06T19:40:00+00:00,5259,1404.08850098
2013-11-06T19:50:00+00:00,5259,1205.40917969
2013-11-06T20:00:00+00:00,5259,1347.70812988
2013-11-06T20:10:00+00:00,5259,1436.5958252
2013-11-06T20:20:00+00:00,5259,1139.58850098
2013-11-06T20:30:00+00:00,5259,1096.00964355
2013-11-06T20:40:00+00:00,5259,1253.55371094
2013-11-06T20:50:00+00:00,5259,955.465393066
2013-11-06T21:00:00+00:00,5259,1420.51538086
2013-11-06T21:10:00+00:00,5259,1144.78137207
2013-11-06T21:20:00+00:00,5259,1072.80932617
2013-11-06T21:30:00+00:00,5259,1271.84216309
2013-11-06T21:40:00+00:00,5259,856.778198242
2013-11-06T21:50:00+00:00,5259,773.909118652
2013-11-06T22:00:00+00:00,5259,718.182373047
2013-11-06T22:10:00+00:00,5259,760.387451172
2013-11-06T22:20:00+00:00,5259,699.187866211
2013-11-06T22:30:00+00:00,5259,788.931091309
2013-11-06T22:40:00+00:00,5259,722.251403809
2013-11-06T22:50:00+00:00,5259,600.018676758
2013-11-06T23:00:00+00:00,5259,554.680297852
2013-11-06T23:10:00+00:00,5259,665.46295166
2013-11-06T23:20:00+00:00,5259,681.643066406
2013-11-06T23:30:00+00:00,5259,656.547607422
2013-11-06T23:40:00+00:00,5259,679.5234375
2013-11-07T00:00:00+00:00,5259,492.302307129
2013-11-07T00:10:00+00:00,5259,477.781066895
2013-11-07T00:30:00+00:00,5259,458.852722168
2013-11-07T01:00:00+00:00,5259,426.575714111
2013-11-07T01:20:00+00:00,5259,431.268310547
2013-11-07T01:30:00+00:00,5259,406.088104248
2013-11-07T04:20:00+00:00,5259,407.532592773
2013-11-07T04:40:00+00:00,5259,428.13092041
2013-11-07T05:10:00+00:00,5259,429.108795166
2013-11-07T05:20:00+00:00,5259,413.397583008
2013-11-07T05:30:00+00:00,5259,378.586364746
2013-11-07T05:40:00+00:00,5259,429.080413818
2013-11-07T05:50:00+00:00,5259,437.695831299
2013-11-07T06:00:00+00:00,5259,454.484436035
2013-11-07T06:10:00+00:00,5259,530.504760742
2013-11-07T06:20:00+00:00,5259,492.512420654
2013-11-07T06:30:00+00:00,5259,637.67779541
2013-11-07T06:40:00+00:00,5259,688.540100098
2013-11-07T06:50:00+00:00,5259,682.954528809
2013-11-07T07:00:00+00:00,5259,759.733154297
2013-11-07T07:10:00+00:00,5259,892.50567627
2013-11-07T07:20:00+00:00,5259,1064.81518555
2013-11-07T07:30:00+00:00,5259,1311.13793945
2013-11-07T07:40:00+00:00,5259,1634.53039551
2013-11-07T07:50:00+00:00,5259,1756.65637207
2013-11-07T08:00:00+00:00,5259,2092.22412109
2013-11-07T08:10:00+00:00,5259,2318.0300293
2013-11-07T08:20:00+00:00,5259,2556.80419922
2013-11-07T08:30:00+00:00,5259,2531.62837267
2013-11-07T08:40:00+00:00,5259,2521.87890625
2013-11-07T08:50:00+00:00,5259,3008.23486328
2013-11-07T09:00:00+00:00,5259,2740.61554202
2013-11-07T09:10:00+00:00,5259,2772.24800813
2013-11-07T09:20:00+00:00,5259,2990.24438477
2013-11-07T09:30:00+00:00,5259,3096.54321289
2013-11-07T09:40:00+00:00,5259,3258.1471014
2013-11-07T09:50:00+00:00,5259,3304.80057371
2013-11-07T10:00:00+00:00,5259,3098.08886719
2013-11-07T10:10:00+00:00,5259,2996.25958031
2013-11-07T10:20:00+00:00,5259,3044.49707031
2013-11-07T10:30:00+00:00,5259,3240.45117188
2013-11-07T10:40:00+00:00,5259,3175.05620766
2013-11-07T10:50:00+00:00,5259,3182.38330078
2013-11-07T11:00:00+00:00,5259,3265.05020073
2013-11-07T11:10:00+00:00,5259,3371.10023379
2013-11-07T11:20:00+00:00,5259,3303.85302734
2013-11-07T11:30:00+00:00,5259,3633.83447266
2013-11-07T11:40:00+00:00,5259,3533.47949219
2013-11-07T11:50:00+00:00,5259,3649.74731445
2013-11-07T12:00:00+00:00,5259,3700.72485352
2013-11-07T12:10:00+00:00,5259,3589.54760742
2013-11-07T12:20:00+00:00,5259,3315.56944752
2013-11-07T12:30:00+00:00,5259,3600.29492188
2013-11-07T12:40:00+00:00,5259,3649.08498521
2013-11-07T12:50:00+00:00,5259,3412.77865314
2013-11-07T13:00:00+00:00,5259,3741.99243164
2013-11-07T13:10:00+00:00,5259,3825.31705797
2013-11-07T13:20:00+00:00,5259,3448.51147461
2013-11-07T13:30:00+00:00,5259,3232.19550759
2013-11-07T13:40:00+00:00,5259,3249.25542164
2013-11-07T13:50:00+00:00,5259,3419.47638404
2013-11-07T14:00:00+00:00,5259,3340.55863607
2013-11-07T14:10:00+00:00,5259,3818.85351562
2013-11-07T14:20:00+00:00,5259,3224.58959961
2013-11-07T14:30:00+00:00,5259,3053.74487305
2013-11-07T14:40:00+00:00,5259,2910.16113281
2013-11-07T14:50:00+00:00,5259,3645.81828761
2013-11-07T15:00:00+00:00,5259,3141.97869182
2013-11-07T15:10:00+00:00,5259,3078.86035156
2013-11-07T15:20:00+00:00,5259,3075.69360352
2013-11-07T15:30:00+00:00,5259,3277.20295906
2013-11-07T15:40:00+00:00,5259,3025.72167969
2013-11-07T15:50:00+00:00,5259,3091.53442383
2013-11-07T16:00:00+00:00,5259,3075.17075431
2013-11-07T16:10:00+00:00,5259,2870.41259766
2013-11-07T16:20:00+00:00,5259,2703.72949219
2013-11-07T16:30:00+00:00,5259,2753.25195596
2013-11-07T16:40:00+00:00,5259,2779.63494903
2013-11-07T16:50:00+00:00,5259,2513.44926239
2013-11-07T17:00:00+00:00,5259,2661.93545604
2013-11-07T17:10:00+00:00,5259,2488.35717773
2013-11-07T17:20:00+00:00,5259,2595.16064453
2013-11-07T17:30:00+00:00,5259,2377.45324898
2013-11-07T17:40:00+00:00,5259,2232.58572514
2013-11-07T17:50:00+00:00,5259,2124.62451172
2013-11-07T18:00:00+00:00,5259,2104.01171875
2013-11-07T18:10:00+00:00,5259,2016.28149414
2013-11-07T18:20:00+00:00,5259,1800.42028809
2013-11-07T18:30:00+00:00,5259,1788.77190906
2013-11-07T18:40:00+00:00,5259,1633.78198242
2013-11-07T18:50:00+00:00,5259,1579.00366721
2013-11-07T19:00:00+00:00,5259,1540.67293343
2013-11-07T19:10:00+00:00,5259,1312.66174316
2013-11-07T19:20:00+00:00,5259,1236.94042969
2013-11-07T19:30:00+00:00,5259,1199.04553223
2013-11-07T19:40:00+00:00,5259,1188.10437012
2013-11-07T19:50:00+00:00,5259,1142.14599609
2013-11-07T20:00:00+00:00,5259,1180.47680664
2013-11-07T20:10:00+00:00,5259,990.182739258
2013-11-07T20:20:00+00:00,5259,1012.04614542
2013-11-07T20:30:00+00:00,5259,1151.3104248
2013-11-07T20:40:00+00:00,5259,1043.19226074
2013-11-07T20:50:00+00:00,5259,971.689819336
2013-11-07T21:00:00+00:00,5259,952.924987793
2013-11-07T21:10:00+00:00,5259,895.334228516
2013-11-07T21:20:00+00:00,5259,983.974853516
2013-11-07T21:30:00+00:00,5259,917.470336914
2013-11-07T21:40:00+00:00,5259,789.264465332
2013-11-07T21:50:00+00:00,5259,833.135375977
2013-11-07T22:00:00+00:00,5259,759.074707031
2013-11-07T22:10:00+00:00,5259,882.036987305
2013-11-07T22:20:00+00:00,5259,1238.53771973
2013-11-07T22:30:00+00:00,5259,1038.20056152
2013-11-07T22:40:00+00:00,5259,911.833679199
2013-11-07T22:50:00+00:00,5259,628.458984375
2013-11-07T23:00:00+00:00,5259,564.337524414
2013-11-07T23:10:00+00:00,5259,583.374755859
2013-11-07T23:20:00+00:00,5259,608.078186035
2013-11-07T23:30:00+00:00,5259,499.196044922
2013-11-07T23:40:00+00:00,5259,568.721862793
2013-11-07T23:50:00+00:00,5259,524.282409668
2013-11-08T00:10:00+00:00,5259,489.75769043
2013-11-08T00:30:00+00:00,5259,454.123565674
2013-11-08T01:10:00+00:00,5259,440.300079346
2013-11-08T01:20:00+00:00,5259,439.464782715
2013-11-08T05:00:00+00:00,5259,440.988555908
2013-11-08T05:10:00+00:00,5259,469.198974609
2013-11-08T05:20:00+00:00,5259,480.668670654
2013-11-08T05:30:00+00:00,5259,462.150512695
2013-11-08T06:00:00+00:00,5259,531.596313477
2013-11-08T06:10:00+00:00,5259,560.420227051
2013-11-08T06:20:00+00:00,5259,663.753540039
2013-11-08T06:30:00+00:00,5259,655.392700195
2013-11-08T06:40:00+00:00,5259,658.453186035
2013-11-08T06:50:00+00:00,5259,733.193603516
2013-11-08T07:00:00+00:00,5259,750.662109375
2013-11-08T07:10:00+00:00,5259,961.034057617
2013-11-08T07:20:00+00:00,5259,1144.13000488
2013-11-08T07:30:00+00:00,5259,1318.91992188
2013-11-08T07:40:00+00:00,5259,1518.42883301
2013-11-08T07:50:00+00:00,5259,1800.09143066
2013-11-08T08:00:00+00:00,5259,2113.52441406
2013-11-08T08:10:00+00:00,5259,2267.86739159
2013-11-08T08:20:00+00:00,5259,2417.70556641
2013-11-08T08:30:00+00:00,5259,2575.88525391
2013-11-08T08:40:00+00:00,5259,2667.91235352
2013-11-08T08:50:00+00:00,5259,2702.12426758
2013-11-08T09:00:00+00:00,5259,2926.25292969
2013-11-08T09:10:00+00:00,5259,3439.25166988
2013-11-08T09:20:00+00:00,5259,2978.30908203
2013-11-08T09:30:00+00:00,5259,3034.27294922
2013-11-08T09:40:00+00:00,5259,3039.15779245
2013-11-08T09:50:00+00:00,5259,3012.75292969
2013-11-08T10:00:00+00:00,5259,3284.80840874
2013-11-08T10:10:00+00:00,5259,3172.6655634
2013-11-08T10:20:00+00:00,5259,2902.04490948
2013-11-08T10:30:00+00:00,5259,3394.82354157
2013-11-08T10:40:00+00:00,5259,3246.2565918
2013-11-08T10:50:00+00:00,5259,3215.73901367
2013-11-08T11:00:00+00:00,5259,3192.14774403
2013-11-08T11:10:00+00:00,5259,2971.29394531
2013-11-08T11:20:00+00:00,5259,3435.44865762
2013-11-08T11:30:00+00:00,5259,3422.533128
2013-11-08T11:40:00+00:00,5259,3832.63988736
2013-11-08T11:50:00+00:00,5259,3614.82437754
2013-11-08T12:00:00+00:00,5259,3740.85253906
2013-11-08T12:10:00+00:00,5259,3715.14794922
2013-11-08T12:20:00+00:00,5259,3828.2890625
2013-11-08T12:30:00+00:00,5259,4141.11572266
2013-11-08T12:40:00+00:00,5259,4243.66650391
2013-11-08T12:50:00+00:00,5259,3789.53271484
2013-11-08T13:00:00+00:00,5259,3697.62972054
2013-11-08T13:10:00+00:00,5259,3714.15333128
2013-11-08T13:20:00+00:00,5259,3986.62570381
2013-11-08T13:30:00+00:00,5259,3393.74438477
2013-11-08T13:40:00+00:00,5259,3468.2632277
2013-11-08T13:50:00+00:00,5259,3424.83137985
2013-11-08T14:00:00+00:00,5259,3155.0383656
2013-11-08T14:10:00+00:00,5259,3330.36743164
2013-11-08T14:20:00+00:00,5259,3256.85766602
2013-11-08T14:30:00+00:00,5259,3139.53027344
2013-11-08T14:40:00+00:00,5259,2919.62231445
2013-11-08T14:50:00+00:00,5259,3086.23077679
2013-11-08T15:00:00+00:00,5259,3317.38745117
2013-11-08T15:10:00+00:00,5259,2960.06713867
2013-11-08T15:20:00+00:00,5259,3049.39428711
2013-11-08T15:30:00+00:00,5259,2991.08488369
2013-11-08T15:40:00+00:00,5259,3194.98088582
2013-11-08T15:50:00+00:00,5259,2745.59448242
2013-11-08T16:00:00+00:00,5259,2995.56281263
2013-11-08T16:10:00+00:00,5259,2685.88787585
2013-11-08T16:20:00+00:00,5259,3068.46470238
2013-11-08T16:30:00+00:00,5259,3039.04785387
2013-11-08T16:40:00+00:00,5259,2767.47119141
2013-11-08T16:50:00+00:00,5259,2638.55200195
2013-11-08T17:00:00+00:00,5259,2555.42260742
2013-11-08T17:10:00+00:00,5259,2415.76977539
2013-11-08T17:20:00+00:00,5259,2380.95410156
2013-11-08T17:30:00+00:00,5259,2138.72690421
2013-11-08T17:40:00+00:00,5259,1969.31384277
2013-11-08T17:50:00+00:00,5259,1955.21984863
2013-11-08T18:00:00+00:00,5259,1952.7197294
2013-11-08T18:10:00+00:00,5259,1733.91271973
2013-11-08T18:20:00+00:00,5259,1712.03519523
2013-11-08T18:30:00+00:00,5259,1630.81677246
2013-11-08T18:40:00+00:00,5259,1670.05493164
2013-11-08T18:50:00+00:00,5259,1427.47418678
2013-11-08T19:00:00+00:00,5259,1321.85107422
2013-11-08T19:10:00+00:00,5259,1217.78418183
2013-11-08T19:20:00+00:00,5259,1271.40795898
2013-11-08T19:30:00+00:00,5259,1177.796875
2013-11-08T19:40:00+00:00,5259,1201.92871094
2013-11-08T19:50:00+00:00,5259,1214.84692383
2013-11-08T20:00:00+00:00,5259,1014.57354736
2013-11-08T20:10:00+00:00,5259,1225.24572754
2013-11-08T20:20:00+00:00,5259,829.108276367
2013-11-08T20:30:00+00:00,5259,855.273132324
2013-11-08T20:40:00+00:00,5259,978.297546387
2013-11-08T20:50:00+00:00,5259,797.169677734
2013-11-08T21:00:00+00:00,5259,937.281860352
2013-11-08T21:10:00+00:00,5259,826.071166992
2013-11-08T21:20:00+00:00,5259,771.576049805
2013-11-08T21:30:00+00:00,5259,800.997558594
2013-11-08T21:40:00+00:00,5259,724.577392578
2013-11-08T21:50:00+00:00,5259,1280.60632324
2013-11-08T22:00:00+00:00,5259,1619.69250488
2013-11-08T22:10:00+00:00,5259,934.761169434
2013-11-08T22:20:00+00:00,5259,775.024780273
2013-11-08T22:30:00+00:00,5259,780.247802734
2013-11-08T22:40:00+00:00,5259,728.54699707
2013-11-08T22:50:00+00:00,5259,1136.14453125
2013-11-08T23:00:00+00:00,5259,782.871582031
2013-11-08T23:10:00+00:00,5259,788.083129883
2013-11-08T23:20:00+00:00,5259,799.833129883
2013-11-08T23:30:00+00:00,5259,900.975952148
2013-11-08T23:40:00+00:00,5259,870.164916992
2013-11-08T23:50:00+00:00,5259,1134.97387695
2013-11-09T00:00:00+00:00,5259,1065.36804199
2013-11-09T00:10:00+00:00,5259,1171.7253418
2013-11-09T00:20:00+00:00,5259,1116.18762207
2013-11-09T00:30:00+00:00,5259,1209.67358398
2013-11-09T00:40:00+00:00,5259,1222.7833252
2013-11-09T00:50:00+00:00,5259,1312.54016113
2013-11-09T01:00:00+00:00,5259,1232.07775879
2013-11-09T01:10:00+00:00,5259,1193.18603516
2013-11-09T01:30:00+00:00,5259,1079.02563477
2013-11-09T01:40:00+00:00,5259,1015.43731689
2013-11-09T02:10:00+00:00,5259,872.77532959
2013-11-09T02:20:00+00:00,5259,776.22833252
2013-11-09T02:40:00+00:00,5259,767.715820312
2013-11-09T03:30:00+00:00,5259,564.545410156
2013-11-09T03:40:00+00:00,5259,752.979736328
2013-11-09T03:50:00+00:00,5259,445.075439453
2013-11-09T04:10:00+00:00,5259,355.272735596
2013-11-09T05:00:00+00:00,5259,320.610473633
2013-11-09T05:50:00+00:00,5259,314.733917236
2013-11-09T06:10:00+00:00,5259,329.877685547
2013-11-09T06:20:00+00:00,5259,452.734161377
2013-11-09T06:30:00+00:00,5259,339.694122314
2013-11-09T06:40:00+00:00,5259,361.75567627
2013-11-09T06:50:00+00:00,5259,352.534484863
2013-11-09T07:00:00+00:00,5259,516.735961914
2013-11-09T07:10:00+00:00,5259,435.605895996
2013-11-09T07:20:00+00:00,5259,455.370391846
2013-11-09T07:30:00+00:00,5259,515.136413574
2013-11-09T07:40:00+00:00,5259,537.251953125
2013-11-09T07:50:00+00:00,5259,437.018127441
2013-11-09T08:00:00+00:00,5259,511.931762695
2013-11-09T08:10:00+00:00,5259,544.455932617
2013-11-09T08:20:00+00:00,5259,524.639221191
2013-11-09T08:30:00+00:00,5259,531.988525391
2013-11-09T08:40:00+00:00,5259,569.453063965
2013-11-09T08:50:00+00:00,5259,629.030944824
2013-11-09T09:00:00+00:00,5259,732.868408203
2013-11-09T09:10:00+00:00,5259,666.42578125
2013-11-09T09:20:00+00:00,5259,771.266601562
2013-11-09T09:30:00+00:00,5259,603.946655273
2013-11-09T09:40:00+00:00,5259,710.505187988
2013-11-09T09:50:00+00:00,5259,730.428649902
2013-11-09T10:00:00+00:00,5259,690.378295898
2013-11-09T10:10:00+00:00,5259,713.522033691
2013-11-09T10:20:00+00:00,5259,701.044189453
2013-11-09T10:30:00+00:00,5259,636.811340332
2013-11-09T10:40:00+00:00,5259,726.701599121
2013-11-09T10:50:00+00:00,5259,663.782714844
2013-11-09T11:00:00+00:00,5259,697.142089844
2013-11-09T11:10:00+00:00,5259,821.554260254
2013-11-09T11:20:00+00:00,5259,691.244140625
2013-11-09T11:30:00+00:00,5259,691.174743652
2013-11-09T11:40:00+00:00,5259,736.714538574
2013-11-09T11:50:00+00:00,5259,738.568054199
2013-11-09T12:00:00+00:00,5259,826.219665527
2013-11-09T12:10:00+00:00,5259,678.212036133
2013-11-09T12:20:00+00:00,5259,703.346862793
2013-11-09T12:30:00+00:00,5259,691.229919434
2013-11-09T12:40:00+00:00,5259,776.631652832
2013-11-09T12:50:00+00:00,5259,713.11340332
2013-11-09T13:00:00+00:00,5259,599.004821777
2013-11-09T13:10:00+00:00,5259,679.663757324
2013-11-09T13:20:00+00:00,5259,698.96472168
2013-11-09T13:30:00+00:00,5259,876.189086914
2013-11-09T13:40:00+00:00,5259,693.022649798
2013-11-09T13:50:00+00:00,5259,656.096130371
2013-11-09T14:00:00+00:00,5259,779.06628418
2013-11-09T14:10:00+00:00,5259,625.300476074
2013-11-09T14:20:00+00:00,5259,620.233947754
2013-11-09T14:30:00+00:00,5259,621.63458252
2013-11-09T14:40:00+00:00,5259,689.326660156
2013-11-09T14:50:00+00:00,5259,639.95324707
2013-11-09T15:00:00+00:00,5259,664.732116699
2013-11-09T15:10:00+00:00,5259,582.572570801
2013-11-09T15:20:00+00:00,5259,631.71875
2013-11-09T15:30:00+00:00,5259,560.036621094
2013-11-09T15:40:00+00:00,5259,586.883300781
2013-11-09T15:50:00+00:00,5259,651.077514648
2013-11-09T16:00:00+00:00,5259,607.22668457
2013-11-09T16:10:00+00:00,5259,665.763061523
2013-11-09T16:20:00+00:00,5259,627.626220703
2013-11-09T16:30:00+00:00,5259,630.591369629
2013-11-09T16:40:00+00:00,5259,567.052856445
2013-11-09T16:50:00+00:00,5259,526.872497559
2013-11-09T17:00:00+00:00,5259,560.704406738
2013-11-09T17:10:00+00:00,5259,539.231777072
2013-11-09T17:20:00+00:00,5259,517.921142578
2013-11-09T17:30:00+00:00,5259,658.988708496
2013-11-09T17:40:00+00:00,5259,599.34564209
2013-11-09T17:50:00+00:00,5259,687.914306641
2013-11-09T18:00:00+00:00,5259,608.479064941
2013-11-09T18:10:00+00:00,5259,549.697143555
2013-11-09T18:20:00+00:00,5259,586.237487793
2013-11-09T18:30:00+00:00,5259,676.535217285
2013-11-09T18:40:00+00:00,5259,611.296875
2013-11-09T18:50:00+00:00,5259,530.348144531
2013-11-09T19:00:00+00:00,5259,623.528625488
2013-11-09T19:10:00+00:00,5259,512.594543457
2013-11-09T19:20:00+00:00,5259,521.270263672
2013-11-09T19:30:00+00:00,5259,553.629516602
2013-11-09T19:40:00+00:00,5259,548.851196289
2013-11-09T19:50:00+00:00,5259,726.463684082
2013-11-09T20:00:00+00:00,5259,648.678588867
2013-11-09T20:10:00+00:00,5259,783.745605469
2013-11-09T20:20:00+00:00,5259,931.289001465
2013-11-09T20:30:00+00:00,5259,1262.23059082
2013-11-09T20:40:00+00:00,5259,1151.34509277
2013-11-09T20:50:00+00:00,5259,1227.65856934
2013-11-09T21:00:00+00:00,5259,1307.87658691
2013-11-09T21:10:00+00:00,5259,1403.03442383
2013-11-09T21:20:00+00:00,5259,1367.89648438
2013-11-09T21:30:00+00:00,5259,1202.48706055
2013-11-09T21:40:00+00:00,5259,1262.12890625
2013-11-09T21:50:00+00:00,5259,1447.65734863
2013-11-09T22:00:00+00:00,5259,1209.24731445
2013-11-09T22:10:00+00:00,5259,1004.65081787
2013-11-09T22:20:00+00:00,5259,1139.09509277
2013-11-09T22:30:00+00:00,5259,1107.99768066
2013-11-09T22:40:00+00:00,5259,1150.97375488
2013-11-09T22:50:00+00:00,5259,1160.87365723
2013-11-09T23:00:00+00:00,5259,1095.2989502
2013-11-09T23:10:00+00:00,5259,1180.79870605
2013-11-09T23:20:00+00:00,5259,1107.2800293
2013-11-09T23:30:00+00:00,5259,1416.05371094
2013-11-09T23:40:00+00:00,5259,1299.15844727
2013-11-09T23:50:00+00:00,5259,1421.2277832
2013-11-10T00:00:00+00:00,5259,1402.33190918
2013-11-10T00:10:00+00:00,5259,1351.28637695
2013-11-10T00:20:00+00:00,5259,1284.32543945
2013-11-10T00:30:00+00:00,5259,1201.33239746
2013-11-10T00:40:00+00:00,5259,1136.74768066
2013-11-10T00:50:00+00:00,5259,1146.36437988
2013-11-10T01:00:00+00:00,5259,760.31439209
2013-11-10T01:10:00+00:00,5259,799.043151855
2013-11-10T01:20:00+00:00,5259,968.815002441
2013-11-10T01:40:00+00:00,5259,839.855529785
2013-11-10T01:50:00+00:00,5259,795.538757324
2013-11-10T02:00:00+00:00,5259,811.751953125
2013-11-10T02:10:00+00:00,5259,632.234985352
2013-11-10T02:20:00+00:00,5259,595.518371582
2013-11-10T02:50:00+00:00,5259,481.33984375
2013-11-10T03:00:00+00:00,5259,429.83480835
2013-11-10T03:10:00+00:00,5259,472.051513672
2013-11-10T03:20:00+00:00,5259,409.146362305
2013-11-10T03:30:00+00:00,5259,398.612884521
2013-11-10T03:40:00+00:00,5259,328.271606445
2013-11-10T04:00:00+00:00,5259,275.592437744
2013-11-10T04:20:00+00:00,5259,238.547348022
2013-11-10T04:50:00+00:00,5259,221.942993164
2013-11-10T06:20:00+00:00,5259,197.619720459
2013-11-10T06:30:00+00:00,5259,243.034103394
2013-11-10T06:40:00+00:00,5259,201.102966309
2013-11-10T06:50:00+00:00,5259,227.234359741
2013-11-10T07:00:00+00:00,5259,234.912414551
2013-11-10T07:10:00+00:00,5259,232.870361328
2013-11-10T07:20:00+00:00,5259,223.770385742
2013-11-10T07:30:00+00:00,5259,278.970367432
2013-11-10T07:40:00+00:00,5259,231.506942749
2013-11-10T07:50:00+00:00,5259,296.447479248
2013-11-10T08:00:00+00:00,5259,286.140014648
2013-11-10T08:10:00+00:00,5259,255.965499878
2013-11-10T08:20:00+00:00,5259,292.197967529
2013-11-10T08:30:00+00:00,5259,284.056793213
2013-11-10T08:40:00+00:00,5259,244.600891113
2013-11-10T08:50:00+00:00,5259,280.81137085
2013-11-10T09:00:00+00:00,5259,303.034210205
2013-11-10T09:10:00+00:00,5259,251.631729126
2013-11-10T09:20:00+00:00,5259,309.761047363
2013-11-10T09:30:00+00:00,5259,550.32409668
2013-11-10T09:40:00+00:00,5259,419.550079346
2013-11-10T09:50:00+00:00,5259,311.28137207
2013-11-10T10:00:00+00:00,5259,406.432678223
2013-11-10T10:10:00+00:00,5259,493.691192627
2013-11-10T10:20:00+00:00,5259,405.830444336
2013-11-10T10:30:00+00:00,5259,424.824127197
2013-11-10T10:40:00+00:00,5259,367.606231689
2013-11-10T10:50:00+00:00,5259,359.076599121
2013-11-10T11:00:00+00:00,5259,413.076141357
2013-11-10T11:10:00+00:00,5259,459.026580811
2013-11-10T11:20:00+00:00,5259,491.188018799
2013-11-10T11:30:00+00:00,5259,648.127258301
2013-11-10T11:40:00+00:00,5259,652.356384277
2013-11-10T11:50:00+00:00,5259,452.078582764
2013-11-10T12:00:00+00:00,5259,471.513549805
2013-11-10T12:10:00+00:00,5259,499.108947754
2013-11-10T12:20:00+00:00,5259,410.453430176
2013-11-10T12:30:00+00:00,5259,521.860046387
2013-11-10T12:40:00+00:00,5259,520.478393555
2013-11-10T12:50:00+00:00,5259,462.482147217
2013-11-10T13:00:00+00:00,5259,662.123840332
2013-11-10T13:10:00+00:00,5259,535.972595215
2013-11-10T13:20:00+00:00,5259,727.008789062
2013-11-10T13:30:00+00:00,5259,433.196166992
2013-11-10T13:40:00+00:00,5259,491.702789307
2013-11-10T13:50:00+00:00,5259,336.3543396
2013-11-10T14:00:00+00:00,5259,432.655670166
2013-11-10T14:10:00+00:00,5259,473.929290771
2013-11-10T14:20:00+00:00,5259,806.664489746
2013-11-10T14:30:00+00:00,5259,433.766326904
2013-11-10T14:40:00+00:00,5259,475.846710205
2013-11-10T14:50:00+00:00,5259,557.571655273
2013-11-10T15:00:00+00:00,5259,534.323669434
2013-11-10T15:10:00+00:00,5259,648.317810059
2013-11-10T15:20:00+00:00,5259,617.865112305
2013-11-10T15:30:00+00:00,5259,632.691101074
2013-11-10T15:40:00+00:00,5259,491.802825928
2013-11-10T15:50:00+00:00,5259,467.505767822
2013-11-10T16:00:00+00:00,5259,795.665588379
2013-11-10T16:10:00+00:00,5259,490.111663818
2013-11-10T16:20:00+00:00,5259,804.272644043
2013-11-10T16:30:00+00:00,5259,1085.37365723
2013-11-10T16:40:00+00:00,5259,434.70223999
2013-11-10T16:50:00+00:00,5259,471.373321533
2013-11-10T17:00:00+00:00,5259,450.014923096
2013-11-10T17:10:00+00:00,5259,473.762115479
2013-11-10T17:20:00+00:00,5259,452.314849854
2013-11-10T17:30:00+00:00,5259,623.491149902
2013-11-10T17:40:00+00:00,5259,558.524658203
2013-11-10T17:50:00+00:00,5259,571.543151855
2013-11-10T18:00:00+00:00,5259,724.8046875
2013-11-10T18:10:00+00:00,5259,626.474365234
2013-11-10T18:20:00+00:00,5259,684.606201172
2013-11-10T18:30:00+00:00,5259,553.113830566
2013-11-10T18:40:00+00:00,5259,480.276824951
2013-11-10T18:50:00+00:00,5259,730.615539551
2013-11-10T19:00:00+00:00,5259,511.638061523
2013-11-10T19:10:00+00:00,5259,476.186248779
2013-11-10T19:20:00+00:00,5259,556.050048828
2013-11-10T19:30:00+00:00,5259,639.994934082
2013-11-10T19:40:00+00:00,5259,451.926086426
2013-11-10T19:50:00+00:00,5259,623.692993164
2013-11-10T20:00:00+00:00,5259,464.085968018
2013-11-10T20:10:00+00:00,5259,374.229370117
2013-11-10T20:20:00+00:00,5259,376.614654541
2013-11-10T20:30:00+00:00,5259,499.694854736
2013-11-10T20:40:00+00:00,5259,358.161956787
2013-11-10T20:50:00+00:00,5259,356.164642334
2013-11-10T21:00:00+00:00,5259,436.974853516
2013-11-10T21:10:00+00:00,5259,386.670471191
2013-11-10T21:20:00+00:00,5259,389.456359863
2013-11-10T21:30:00+00:00,5259,505.967987061
2013-11-10T21:40:00+00:00,5259,421.201965332
2013-11-10T21:50:00+00:00,5259,388.90447998
2013-11-10T22:00:00+00:00,5259,336.872406006
2013-11-10T22:10:00+00:00,5259,308.353668213
2013-11-10T22:20:00+00:00,5259,280.800567627
2013-11-10T22:30:00+00:00,5259,296.934814453
2013-11-10T22:40:00+00:00,5259,283.197814941
2013-11-10T22:50:00+00:00,5259,324.330749512
2013-11-10T23:00:00+00:00,5259,327.827911377
2013-11-10T23:10:00+00:00,5259,250.758865356
2013-11-10T23:20:00+00:00,5259,280.373840332
2013-11-10T23:30:00+00:00,5259,315.060791016
2013-11-10T23:40:00+00:00,5259,269.559570312
2013-11-10T23:50:00+00:00,5259,360.539306641
2013-11-11T04:40:00+00:00,5259,189.039031982
2013-11-11T05:00:00+00:00,5259,205.326828003
2013-11-11T05:30:00+00:00,5259,224.276031494
2013-11-11T05:40:00+00:00,5259,209.639556885
2013-11-11T05:50:00+00:00,5259,207.80480957
2013-11-11T06:00:00+00:00,5259,304.697174072
2013-11-11T06:10:00+00:00,5259,251.989700317
2013-11-11T06:20:00+00:00,5259,311.959991455
2013-11-11T06:30:00+00:00,5259,398.760070801
2013-11-11T06:40:00+00:00,5259,527.660095215
2013-11-11T06:50:00+00:00,5259,516.463134766
2013-11-11T07:00:00+00:00,5259,713.627319336
2013-11-11T07:10:00+00:00,5259,690.299743652
2013-11-11T07:20:00+00:00,5259,950.531311035
2013-11-11T07:30:00+00:00,5259,1084.79541016
2013-11-11T07:40:00+00:00,5259,1350.17883301
2013-11-11T07:50:00+00:00,5259,1879.24243164
2013-11-11T08:00:00+00:00,5259,2030.53210449
2013-11-11T08:10:00+00:00,5259,1935.51599121
2013-11-11T08:20:00+00:00,5259,2294.62402344
2013-11-11T08:30:00+00:00,5259,2144.33105469
2013-11-11T08:40:00+00:00,5259,2349.70214844
2013-11-11T08:50:00+00:00,5259,2425.16015625
2013-11-11T09:00:00+00:00,5259,2912.73495793
2013-11-11T09:10:00+00:00,5259,2385.73925781
2013-11-11T09:20:00+00:00,5259,2643.02197266
2013-11-11T09:30:00+00:00,5259,2577.61962891
2013-11-11T09:40:00+00:00,5259,2863.31347656
2013-11-11T09:50:00+00:00,5259,2591.40283203
2013-11-11T10:00:00+00:00,5259,2741.90722656
2013-11-11T10:10:00+00:00,5259,2821.61279297
2013-11-11T10:20:00+00:00,5259,2988.28222656
2013-11-11T10:30:00+00:00,5259,2936.58203125
2013-11-11T10:40:00+00:00,5259,2903.12304688
2013-11-11T10:50:00+00:00,5259,2811.59033203
2013-11-11T11:00:00+00:00,5259,2863.14990234
2013-11-11T11:10:00+00:00,5259,3186.54956055
2013-11-11T11:20:00+00:00,5259,2996.63964844
2013-11-11T11:30:00+00:00,5259,2958.46500748
2013-11-11T11:40:00+00:00,5259,3327.64187443
2013-11-11T11:50:00+00:00,5259,3532.79663086
2013-11-11T12:00:00+00:00,5259,3668.66601562
2013-11-11T12:10:00+00:00,5259,3673.609375
2013-11-11T12:20:00+00:00,5259,3650.37744141
2013-11-11T12:30:00+00:00,5259,3720.33032227
2013-11-11T12:40:00+00:00,5259,3761.20751953
2013-11-11T12:50:00+00:00,5259,3417.17385578
2013-11-11T13:00:00+00:00,5259,3364.62695312
2013-11-11T13:10:00+00:00,5259,3284.0534668
2013-11-11T13:20:00+00:00,5259,3387.31420898
2013-11-11T13:30:00+00:00,5259,3362.31713867
2013-11-11T13:40:00+00:00,5259,3313.26000977
2013-11-11T13:50:00+00:00,5259,3256.43270597
2013-11-11T14:00:00+00:00,5259,3104.62231445
2013-11-11T14:10:00+00:00,5259,3155.38487387
2013-11-11T14:20:00+00:00,5259,3094.31738281
2013-11-11T14:30:00+00:00,5259,3180.36523438
2013-11-11T14:40:00+00:00,5259,3129.95947266
2013-11-11T14:50:00+00:00,5259,3272.11010742
2013-11-11T15:00:00+00:00,5259,3599.46557617
2013-11-11T15:10:00+00:00,5259,3301.09863281
2013-11-11T15:20:00+00:00,5259,2948.94213867
2013-11-11T15:30:00+00:00,5259,3123.01660156
2013-11-11T15:40:00+00:00,5259,3018.72265625
2013-11-11T15:50:00+00:00,5259,3404.79296875
2013-11-11T16:00:00+00:00,5259,2922.14086914
2013-11-11T16:10:00+00:00,5259,3070.20239258
2013-11-11T16:20:00+00:00,5259,2665.91625977
2013-11-11T16:30:00+00:00,5259,2730.58422852
2013-11-11T16:40:00+00:00,5259,2923.6652832
2013-11-11T16:50:00+00:00,5259,2577.74462891
2013-11-11T17:00:00+00:00,5259,2658.03735352
2013-11-11T17:10:00+00:00,5259,2581.28930664
2013-11-11T17:20:00+00:00,5259,2488.13623047
2013-11-11T17:30:00+00:00,5259,2322.14042699
2013-11-11T17:40:00+00:00,5259,2164.18969727
2013-11-11T17:50:00+00:00,5259,2055.609375
2013-11-11T18:00:00+00:00,5259,2443.96295631
2013-11-11T18:10:00+00:00,5259,2127.21313477
2013-11-11T18:20:00+00:00,5259,1729.04675293
2013-11-11T18:30:00+00:00,5259,1916.24206543
2013-11-11T18:40:00+00:00,5259,1660.11765365
2013-11-11T18:50:00+00:00,5259,1635.30276358
2013-11-11T19:00:00+00:00,5259,1428.73864746
2013-11-11T19:10:00+00:00,5259,1490.59387207
2013-11-11T19:20:00+00:00,5259,1355.96350098
2013-11-11T19:30:00+00:00,5259,1152.83935547
2013-11-11T19:40:00+00:00,5259,1263.12792969
2013-11-11T19:50:00+00:00,5259,1162.03125
2013-11-11T20:00:00+00:00,5259,1029.64782715
2013-11-11T20:10:00+00:00,5259,921.873718262
2013-11-11T20:20:00+00:00,5259,969.767822266
2013-11-11T20:30:00+00:00,5259,859.310913086
2013-11-11T20:40:00+00:00,5259,941.859985352
2013-11-11T20:50:00+00:00,5259,932.79284668
2013-11-11T21:00:00+00:00,5259,876.156311035
2013-11-11T21:10:00+00:00,5259,1065.89208984
2013-11-11T21:20:00+00:00,5259,761.374206543
2013-11-11T21:30:00+00:00,5259,814.400817871
2013-11-11T21:40:00+00:00,5259,816.573364258
2013-11-11T21:50:00+00:00,5259,700.202026367
2013-11-11T22:00:00+00:00,5259,757.188537598
2013-11-11T22:10:00+00:00,5259,707.665283203
2013-11-11T22:20:00+00:00,5259,946.162475586
2013-11-11T22:30:00+00:00,5259,642.541931152
2013-11-11T22:40:00+00:00,5259,641.197814941
2013-11-11T22:50:00+00:00,5259,705.822814941
2013-11-11T23:00:00+00:00,5259,778.358337402
2013-11-11T23:10:00+00:00,5259,769.132446289
2013-11-11T23:20:00+00:00,5259,643.372497559
2013-11-11T23:30:00+00:00,5259,674.72845459
2013-11-11T23:40:00+00:00,5259,557.231750488
2013-11-11T23:50:00+00:00,5259,547.048706055
2013-11-12T00:10:00+00:00,5259,471.006530762
2013-11-12T00:30:00+00:00,5259,525.114318848
2013-11-12T00:40:00+00:00,5259,441.364532471
2013-11-12T00:50:00+00:00,5259,469.620849609
2013-11-12T02:10:00+00:00,5259,381.315155029
2013-11-12T02:20:00+00:00,5259,392.597412109
2013-11-12T03:40:00+00:00,5259,366.85635376
2013-11-12T05:00:00+00:00,5259,405.912475586
2013-11-12T05:10:00+00:00,5259,349.799591064
2013-11-12T05:40:00+00:00,5259,362.616851807
2013-11-12T05:50:00+00:00,5259,416.492401123
2013-11-12T06:00:00+00:00,5259,471.419158936
2013-11-12T06:10:00+00:00,5259,471.110717773
2013-11-12T06:20:00+00:00,5259,554.146972656
2013-11-12T06:30:00+00:00,5259,592.134216309
2013-11-12T06:40:00+00:00,5259,651.786193848
2013-11-12T06:50:00+00:00,5259,808.333862305
2013-11-12T07:00:00+00:00,5259,803.299438477
2013-11-12T07:10:00+00:00,5259,875.653137207
2013-11-12T07:20:00+00:00,5259,1116.06225586
2013-11-12T07:30:00+00:00,5259,2042.08435059
2013-11-12T07:40:00+00:00,5259,1617.30444336
2013-11-12T07:50:00+00:00,5259,1701.67333984
2013-11-12T08:00:00+00:00,5259,2219.22290039
2013-11-12T08:10:00+00:00,5259,2035.36181641
2013-11-12T08:20:00+00:00,5259,2154.40356445
2013-11-12T08:30:00+00:00,5259,2430.55444336
2013-11-12T08:40:00+00:00,5259,2412.26635742
2013-11-12T08:50:00+00:00,5259,2392.41772461
2013-11-12T09:00:00+00:00,5259,2854.53759766
2013-11-12T09:10:00+00:00,5259,2864.84155273
2013-11-12T09:20:00+00:00,5259,2976.69873047
2013-11-12T09:30:00+00:00,5259,3195.57927155
2013-11-12T09:40:00+00:00,5259,2916.03564453
2013-11-12T09:50:00+00:00,5259,3388.10791016
2013-11-12T10:00:00+00:00,5259,2990.08279973
2013-11-12T10:10:00+00:00,5259,2785.61767578
2013-11-12T10:20:00+00:00,5259,2781.65711117
2013-11-12T10:30:00+00:00,5259,2885.08740234
2013-11-12T10:40:00+00:00,5259,2683.69873047
2013-11-12T10:50:00+00:00,5259,2667.93585634
2013-11-12T11:00:00+00:00,5259,3046.49023438
2013-11-12T11:10:00+00:00,5259,2853.58675414
2013-11-12T11:20:00+00:00,5259,2951.99966806
2013-11-12T11:30:00+00:00,5259,3350.72359359
2013-11-12T11:40:00+00:00,5259,3354.97583008
2013-11-12T11:50:00+00:00,5259,3695.83276367
2013-11-12T12:00:00+00:00,5259,3619.97387695
2013-11-12T12:10:00+00:00,5259,3526.35424805
2013-11-12T12:20:00+00:00,5259,3310.15771484
2013-11-12T12:30:00+00:00,5259,3418.33813477
2013-11-12T12:40:00+00:00,5259,3351.78222656
2013-11-12T12:50:00+00:00,5259,3518.15600586
2013-11-12T13:00:00+00:00,5259,3346.34863281
2013-11-12T13:10:00+00:00,5259,3385.293993
2013-11-12T13:20:00+00:00,5259,3424.48095703
2013-11-12T13:30:00+00:00,5259,3289.80087289
2013-11-12T13:40:00+00:00,5259,3341.85864258
2013-11-12T13:50:00+00:00,5259,3086.71875
2013-11-12T14:00:00+00:00,5259,3451.20763367
2013-11-12T14:10:00+00:00,5259,3043.10290051
2013-11-12T14:20:00+00:00,5259,3301.15917969
2013-11-12T14:30:00+00:00,5259,3132.25585938
2013-11-12T14:40:00+00:00,5259,3140.6574707
2013-11-12T14:50:00+00:00,5259,3310.94216295
2013-11-12T15:00:00+00:00,5259,3420.28955078
2013-11-12T15:10:00+00:00,5259,3022.86547852
2013-11-12T15:20:00+00:00,5259,3038.56005859
2013-11-12T15:30:00+00:00,5259,3239.4855957
2013-11-12T15:40:00+00:00,5259,2966.01565678
2013-11-12T15:50:00+00:00,5259,3169.59132709
2013-11-12T16:00:00+00:00,5259,2982.65087891
2013-11-12T16:10:00+00:00,5259,3333.73095703
2013-11-12T16:20:00+00:00,5259,3942.67551458
2013-11-12T16:30:00+00:00,5259,2902.21972656
2013-11-12T16:40:00+00:00,5259,2807.57438326
2013-11-12T16:50:00+00:00,5259,2800.53759766
2013-11-12T17:00:00+00:00,5259,2644.9140625
2013-11-12T17:10:00+00:00,5259,2560.33959961
2013-11-12T17:20:00+00:00,5259,2370.07983398
2013-11-12T17:30:00+00:00,5259,2223.91918945
2013-11-12T17:40:00+00:00,5259,2253.89111328
2013-11-12T17:50:00+00:00,5259,2225.54882812
2013-11-12T18:00:00+00:00,5259,2111.25439453
2013-11-12T18:10:00+00:00,5259,2154.91943359
2013-11-12T18:20:00+00:00,5259,2010.86047363
2013-11-12T18:30:00+00:00,5259,1737.84814453
2013-11-12T18:40:00+00:00,5259,1634.50671387
2013-11-12T18:50:00+00:00,5259,1438.14831543
2013-11-12T19:00:00+00:00,5259,1413.24365234
2013-11-12T19:10:00+00:00,5259,1367.91625977
2013-11-12T19:20:00+00:00,5259,1452.67456055
2013-11-12T19:30:00+00:00,5259,1661.81311035
2013-11-12T19:40:00+00:00,5259,1339.79785156
2013-11-12T19:50:00+00:00,5259,1235.36914062
2013-11-12T20:00:00+00:00,5259,1284.00390625
2013-11-12T20:10:00+00:00,5259,1032.99035645
2013-11-12T20:20:00+00:00,5259,1178.22790527
2013-11-12T20:30:00+00:00,5259,1392.88903809
2013-11-12T20:40:00+00:00,5259,1099.83129883
2013-11-12T20:50:00+00:00,5259,940.846740723
2013-11-12T21:00:00+00:00,5259,1179.3449707
2013-11-12T21:10:00+00:00,5259,961.442321777
2013-11-12T21:20:00+00:00,5259,892.084655762
2013-11-12T21:30:00+00:00,5259,945.189147949
2013-11-12T21:40:00+00:00,5259,879.521240234
2013-11-12T21:50:00+00:00,5259,1002.40588379
2013-11-12T22:00:00+00:00,5259,998.063171387
2013-11-12T22:10:00+00:00,5259,913.269897461
2013-11-12T22:20:00+00:00,5259,910.784851074
2013-11-12T22:30:00+00:00,5259,815.726745605
2013-11-12T22:40:00+00:00,5259,771.084960938
2013-11-12T22:50:00+00:00,5259,890.947265625
2013-11-12T23:00:00+00:00,5259,741.656799316
2013-11-12T23:10:00+00:00,5259,632.513427734
2013-11-12T23:20:00+00:00,5259,618.596191406
2013-11-12T23:30:00+00:00,5259,691.139526367
2013-11-12T23:40:00+00:00,5259,567.614257812
2013-11-12T23:50:00+00:00,5259,553.211120605
2013-11-13T00:00:00+00:00,5259,585.114135742
2013-11-13T00:30:00+00:00,5259,474.968322754
2013-11-13T01:00:00+00:00,5259,548.46270752
2013-11-13T03:40:00+00:00,5259,383.605804443
2013-11-13T03:50:00+00:00,5259,399.326324463
2013-11-13T04:30:00+00:00,5259,402.763153076
2013-11-13T05:00:00+00:00,5259,405.179504395
2013-11-13T05:20:00+00:00,5259,420.071899414
2013-11-13T05:30:00+00:00,5259,454.388305664
2013-11-13T05:40:00+00:00,5259,501.185821533
2013-11-13T05:50:00+00:00,5259,442.462524414
2013-11-13T06:00:00+00:00,5259,498.402252197
2013-11-13T06:10:00+00:00,5259,523.861633301
2013-11-13T06:20:00+00:00,5259,572.968933105
2013-11-13T06:30:00+00:00,5259,658.042663574
2013-11-13T06:40:00+00:00,5259,729.337097168
2013-11-13T06:50:00+00:00,5259,715.042358398
2013-11-13T07:00:00+00:00,5259,887.967834473
2013-11-13T07:10:00+00:00,5259,1129.56921387
2013-11-13T07:20:00+00:00,5259,1110.5748291
2013-11-13T07:30:00+00:00,5259,1224.02526855
2013-11-13T07:40:00+00:00,5259,1583.21166992
2013-11-13T07:50:00+00:00,5259,1849.30834961
2013-11-13T08:00:00+00:00,5259,2172.55322266
2013-11-13T08:10:00+00:00,5259,2122.68017578
2013-11-13T08:20:00+00:00,5259,2462.19335938
2013-11-13T08:30:00+00:00,5259,2650.85107422
2013-11-13T08:40:00+00:00,5259,2458.24072266
2013-11-13T08:50:00+00:00,5259,2699.84863281
2013-11-13T09:00:00+00:00,5259,2767.71337891
2013-11-13T09:10:00+00:00,5259,2658.51635742
2013-11-13T09:20:00+00:00,5259,2879.4921875
2013-11-13T09:30:00+00:00,5259,2953.83129883
2013-11-13T09:40:00+00:00,5259,3163.7121582
2013-11-13T09:50:00+00:00,5259,2964.91943359
2013-11-13T10:00:00+00:00,5259,2800.63720703
2013-11-13T10:10:00+00:00,5259,2951.76367188
2013-11-13T10:20:00+00:00,5259,2912.7533052
2013-11-13T10:30:00+00:00,5259,3269.9465332
2013-11-13T10:40:00+00:00,5259,3065.08916712
2013-11-13T10:50:00+00:00,5259,3075.21875
2013-11-13T11:00:00+00:00,5259,3078.95166016
2013-11-13T11:10:00+00:00,5259,3123.31835938
2013-11-13T11:20:00+00:00,5259,3165.56835938
2013-11-13T11:30:00+00:00,5259,3210.00756836
2013-11-13T11:40:00+00:00,5259,3743.91699219
2013-11-13T11:50:00+00:00,5259,3644.23095703
2013-11-13T12:00:00+00:00,5259,3787.0390625
2013-11-13T12:10:00+00:00,5259,3449.19042969
2013-11-13T12:20:00+00:00,5259,3556.76391602
2013-11-13T12:30:00+00:00,5259,3414.33837891
2013-11-13T12:40:00+00:00,5259,3226.20629883
2013-11-13T12:50:00+00:00,5259,3486.45117188
2013-11-13T13:00:00+00:00,5259,3485.13063951
2013-11-13T13:10:00+00:00,5259,3471.75439453
2013-11-13T13:20:00+00:00,5259,3308.47021484
2013-11-13T13:30:00+00:00,5259,3299.14672852
2013-11-13T13:40:00+00:00,5259,3167.01855469
2013-11-13T13:50:00+00:00,5259,2985.20154023
2013-11-13T14:00:00+00:00,5259,2870.17504883
2013-11-13T14:10:00+00:00,5259,2981.44726562
2013-11-13T14:20:00+00:00,5259,2831.82763672
2013-11-13T14:30:00+00:00,5259,3299.59423828
2013-11-13T14:40:00+00:00,5259,2897.20800781
2013-11-13T14:50:00+00:00,5259,3055.66333008
2013-11-13T15:00:00+00:00,5259,3167.43457031
2013-11-13T15:10:00+00:00,5259,3170.98168945
2013-11-13T15:20:00+00:00,5259,3046.9941524
2013-11-13T15:30:00+00:00,5259,2903.14599609
2013-11-13T15:40:00+00:00,5259,2918.55250999
2013-11-13T15:50:00+00:00,5259,2665.18310547
2013-11-13T16:00:00+00:00,5259,2716.28330307
2013-11-13T16:10:00+00:00,5259,2795.56762695
2013-11-13T16:20:00+00:00,5259,3407.00219727
2013-11-13T16:30:00+00:00,5259,2674.81030273
2013-11-13T16:40:00+00:00,5259,2598.6472168
2013-11-13T16:50:00+00:00,5259,3261.67241704
2013-11-13T17:00:00+00:00,5259,2736.3203125
2013-11-13T17:10:00+00:00,5259,2851.49072266
2013-11-13T17:20:00+00:00,5259,2769.44677734
2013-11-13T17:30:00+00:00,5259,2323.75268555
2013-11-13T17:40:00+00:00,5259,2383.08862305
2013-11-13T17:50:00+00:00,5259,2313.62475586
2013-11-13T18:00:00+00:00,5259,1945.16760254
2013-11-13T18:10:00+00:00,5259,1695.69018555
2013-11-13T18:20:00+00:00,5259,1787.1027832
2013-11-13T18:30:00+00:00,5259,1803.30053711
2013-11-13T18:40:00+00:00,5259,1577.75366211
2013-11-13T18:50:00+00:00,5259,1614.63415527
2013-11-13T19:00:00+00:00,5259,1474.79650879
2013-11-13T19:10:00+00:00,5259,1312.49130654
2013-11-13T19:20:00+00:00,5259,1235.02160645
2013-11-13T19:30:00+00:00,5259,1333.05334473
2013-11-13T19:40:00+00:00,5259,1241.52636719
2013-11-13T19:50:00+00:00,5259,1305.72558594
2013-11-13T20:00:00+00:00,5259,1455.48901367
2013-11-13T20:10:00+00:00,5259,1189.67358398
2013-11-13T20:20:00+00:00,5259,1083.52307129
2013-11-13T20:30:00+00:00,5259,1279.83056641
2013-11-13T20:40:00+00:00,5259,1242.00769043
2013-11-13T20:50:00+00:00,5259,1081.14697266
2013-11-13T21:00:00+00:00,5259,1361.41381836
2013-11-13T21:10:00+00:00,5259,1004.99584961
2013-11-13T21:20:00+00:00,5259,1022.17401123
2013-11-13T21:30:00+00:00,5259,1261.10192871
2013-11-13T21:40:00+00:00,5259,1283.02331543
2013-11-13T21:50:00+00:00,5259,1168.70544434
2013-11-13T22:00:00+00:00,5259,1142.95874023
2013-11-13T22:10:00+00:00,5259,1096.51672363
2013-11-13T22:20:00+00:00,5259,1000.14086914
2013-11-13T22:30:00+00:00,5259,934.389038086
2013-11-13T22:40:00+00:00,5259,672.158630371
2013-11-13T22:50:00+00:00,5259,786.281311035
2013-11-13T23:00:00+00:00,5259,715.32220459
2013-11-13T23:10:00+00:00,5259,642.525390625
2013-11-13T23:20:00+00:00,5259,588.122009277
2013-11-13T23:30:00+00:00,5259,548.20135498
2013-11-13T23:40:00+00:00,5259,531.795043945
2013-11-13T23:50:00+00:00,5259,528.522216797
2013-11-14T00:00:00+00:00,5259,506.754302979
2013-11-14T00:10:00+00:00,5259,459.404632568
2013-11-14T00:20:00+00:00,5259,453.535705566
2013-11-14T00:40:00+00:00,5259,414.664367676
2013-11-14T00:50:00+00:00,5259,392.062683105
2013-11-14T01:10:00+00:00,5259,399.506591797
2013-11-14T02:20:00+00:00,5259,404.78237915
2013-11-14T05:30:00+00:00,5259,425.209533691
2013-11-14T05:40:00+00:00,5259,416.745849609
2013-11-14T05:50:00+00:00,5259,409.883422852
2013-11-14T06:00:00+00:00,5259,513.706115723
2013-11-14T06:10:00+00:00,5259,517.247436523
2013-11-14T06:20:00+00:00,5259,445.559051514
2013-11-14T06:30:00+00:00,5259,609.280578613
2013-11-14T06:40:00+00:00,5259,733.738220215
2013-11-14T06:50:00+00:00,5259,655.232788086
2013-11-14T07:00:00+00:00,5259,675.648376465
2013-11-14T07:10:00+00:00,5259,932.925842285
2013-11-14T07:20:00+00:00,5259,1115.68493652
2013-11-14T07:30:00+00:00,5259,1223.39099121
2013-11-14T07:40:00+00:00,5259,1249.69506836
2013-11-14T07:50:00+00:00,5259,1649.54199219
2013-11-14T08:00:00+00:00,5259,1912.83813477
2013-11-14T08:10:00+00:00,5259,2077.02294922
2013-11-14T08:20:00+00:00,5259,2262.82788086
2013-11-14T08:30:00+00:00,5259,2273.43408203
2013-11-14T08:40:00+00:00,5259,2500.4699707
2013-11-14T08:50:00+00:00,5259,2408.84984183
2013-11-14T09:00:00+00:00,5259,2683.96911836
2013-11-14T09:10:00+00:00,5259,2730.9503876
2013-11-14T09:20:00+00:00,5259,2664.08984375
2013-11-14T09:30:00+00:00,5259,2779.42700195
2013-11-14T09:40:00+00:00,5259,2634.99487305
2013-11-14T09:50:00+00:00,5259,2710.25048828
2013-11-14T10:00:00+00:00,5259,2765.10178947
2013-11-14T10:10:00+00:00,5259,2809.96264648
2013-11-14T10:20:00+00:00,5259,2990.44384766
2013-11-14T10:30:00+00:00,5259,2873.45924187
2013-11-14T10:40:00+00:00,5259,2898.72753906
2013-11-14T10:50:00+00:00,5259,2919.79980469
2013-11-14T11:00:00+00:00,5259,3130.47021484
2013-11-14T11:10:00+00:00,5259,3009.54614258
2013-11-14T11:20:00+00:00,5259,3033.50195312
2013-11-14T11:30:00+00:00,5259,3234.82861328
2013-11-14T11:40:00+00:00,5259,3304.80176065
2013-11-14T11:50:00+00:00,5259,3336.36665633
2013-11-14T12:00:00+00:00,5259,3452.1157589
2013-11-14T12:10:00+00:00,5259,3376.25512695
2013-11-14T12:20:00+00:00,5259,3337.90917969
2013-11-14T12:30:00+00:00,5259,3522.04125977
2013-11-14T12:40:00+00:00,5259,3344.12594795
2013-11-14T12:50:00+00:00,5259,3429.30395508
2013-11-14T13:00:00+00:00,5259,3808.81005859
2013-11-14T13:10:00+00:00,5259,3254.9362793
2013-11-14T13:20:00+00:00,5259,3592.87377393
2013-11-14T13:30:00+00:00,5259,3068.06644201
2013-11-14T13:40:00+00:00,5259,3277.31053925
2013-11-14T13:50:00+00:00,5259,2977.48974609
2013-11-14T14:00:00+00:00,5259,3101.3502118
2013-11-14T14:10:00+00:00,5259,3123.51154554
2013-11-14T14:20:00+00:00,5259,2939.62548828
2013-11-14T14:30:00+00:00,5259,2869.12890625
2013-11-14T14:40:00+00:00,5259,2965.67798367
2013-11-14T14:50:00+00:00,5259,2960.34082031
2013-11-14T15:00:00+00:00,5259,3136.98193359
2013-11-14T15:10:00+00:00,5259,2791.6950712
2013-11-14T15:20:00+00:00,5259,3163.69677734
2013-11-14T15:30:00+00:00,5259,3025.06567383
2013-11-14T15:40:00+00:00,5259,2952.42724609
2013-11-14T15:50:00+00:00,5259,2731.76041126
2013-11-14T16:00:00+00:00,5259,2923.1328125
2013-11-14T16:10:00+00:00,5259,3013.31792355
2013-11-14T16:20:00+00:00,5259,2827.12304688
2013-11-14T16:30:00+00:00,5259,2908.08520985
2013-11-14T16:40:00+00:00,5259,2504.82421875
2013-11-14T16:50:00+00:00,5259,2563.07641602
2013-11-14T17:00:00+00:00,5259,2699.20849609
2013-11-14T17:10:00+00:00,5259,2781.38916016
2013-11-14T17:20:00+00:00,5259,2394.95994139
2013-11-14T17:30:00+00:00,5259,2540.71899414
2013-11-14T17:40:00+00:00,5259,2186.34130859
2013-11-14T17:50:00+00:00,5259,2150.28930664
2013-11-14T18:00:00+00:00,5259,2040.47021484
2013-11-14T18:10:00+00:00,5259,2227.15631679
2013-11-14T18:20:00+00:00,5259,2005.28259277
2013-11-14T18:30:00+00:00,5259,1791.16577148
2013-11-14T18:40:00+00:00,5259,1768.63549805
2013-11-14T18:50:00+00:00,5259,1766.50024414
2013-11-14T19:00:00+00:00,5259,1767.43428597
2013-11-14T19:10:00+00:00,5259,1463.19384766
2013-11-14T19:20:00+00:00,5259,1431.74206543
2013-11-14T19:30:00+00:00,5259,1292.71869615
2013-11-14T19:40:00+00:00,5259,1391.51980376
2013-11-14T19:50:00+00:00,5259,1255.53222656
2013-11-14T20:00:00+00:00,5259,1247.89550781
2013-11-14T20:10:00+00:00,5259,1312.03442383
2013-11-14T20:20:00+00:00,5259,1014.06164551
2013-11-14T20:30:00+00:00,5259,1118.8458252
2013-11-14T20:40:00+00:00,5259,1153.19628906
2013-11-14T20:50:00+00:00,5259,981.65838623
2013-11-14T21:00:00+00:00,5259,988.282897949
2013-11-14T21:10:00+00:00,5259,987.652709961
2013-11-14T21:20:00+00:00,5259,1066.70129395
2013-11-14T21:30:00+00:00,5259,876.743530273
2013-11-14T21:40:00+00:00,5259,1002.74707031
2013-11-14T21:50:00+00:00,5259,782.629333496
2013-11-14T22:00:00+00:00,5259,771.85925293
2013-11-14T22:10:00+00:00,5259,859.566040039
2013-11-14T22:20:00+00:00,5259,866.933166504
2013-11-14T22:30:00+00:00,5259,769.376220703
2013-11-14T22:40:00+00:00,5259,851.303466797
2013-11-14T22:50:00+00:00,5259,642.526000977
2013-11-14T23:00:00+00:00,5259,650.518310547
2013-11-14T23:10:00+00:00,5259,573.855041504
2013-11-14T23:20:00+00:00,5259,469.001983643
2013-11-14T23:30:00+00:00,5259,530.840637207
2013-11-14T23:40:00+00:00,5259,566.280273438
2013-11-14T23:50:00+00:00,5259,481.103363037
2013-11-15T00:00:00+00:00,5259,468.160827637
2013-11-15T00:10:00+00:00,5259,500.609680176
2013-11-15T00:20:00+00:00,5259,416.346923828
2013-11-15T00:40:00+00:00,5259,501.244598389
2013-11-15T04:30:00+00:00,5259,427.284301758
2013-11-15T05:00:00+00:00,5259,432.458679199
2013-11-15T05:20:00+00:00,5259,416.794250488
2013-11-15T05:30:00+00:00,5259,437.04864502
2013-11-15T05:50:00+00:00,5259,465.132507324
2013-11-15T06:00:00+00:00,5259,466.499725342
2013-11-15T06:10:00+00:00,5259,504.105743408
2013-11-15T06:20:00+00:00,5259,534.639709473
2013-11-15T06:30:00+00:00,5259,550.492248535
2013-11-15T06:40:00+00:00,5259,715.810791016
2013-11-15T06:50:00+00:00,5259,709.660095215
2013-11-15T07:00:00+00:00,5259,795.341125488
2013-11-15T07:10:00+00:00,5259,894.451782227
2013-11-15T07:20:00+00:00,5259,1102.26708984
2013-11-15T07:30:00+00:00,5259,1438.40576172
2013-11-15T07:40:00+00:00,5259,1355.40270996
2013-11-15T07:50:00+00:00,5259,1711.18591309
2013-11-15T08:00:00+00:00,5259,1968.56530762
2013-11-15T08:10:00+00:00,5259,2077.30078125
2013-11-15T08:20:00+00:00,5259,2368.76074219
2013-11-15T08:30:00+00:00,5259,2608.37890768
2013-11-15T08:40:00+00:00,5259,2531.98999023
2013-11-15T08:50:00+00:00,5259,2786.3515625
2013-11-15T09:00:00+00:00,5259,2809.42012176
2013-11-15T09:10:00+00:00,5259,2877.53369141
2013-11-15T09:20:00+00:00,5259,2900.28564453
2013-11-15T09:30:00+00:00,5259,2942.14648438
2013-11-15T09:40:00+00:00,5259,3474.9519043
2013-11-15T09:50:00+00:00,5259,3079.03833008
2013-11-15T10:00:00+00:00,5259,3313.49267578
2013-11-15T10:10:00+00:00,5259,3151.4909668
2013-11-15T10:20:00+00:00,5259,3151.38525391
2013-11-15T10:30:00+00:00,5259,3732.62940121
2013-11-15T10:40:00+00:00,5259,3141.35180664
2013-11-15T10:50:00+00:00,5259,3318.56191825
2013-11-15T11:00:00+00:00,5259,3340.47438951
2013-11-15T11:10:00+00:00,5259,3411.92285156
2013-11-15T11:20:00+00:00,5259,3050.37443431
2013-11-15T11:30:00+00:00,5259,3471.03417969
2013-11-15T11:40:00+00:00,5259,3782.0002538
2013-11-15T11:50:00+00:00,5259,3825.2800293
2013-11-15T12:00:00+00:00,5259,4181.21289062
2013-11-15T12:10:00+00:00,5259,3980.38525391
2013-11-15T12:20:00+00:00,5259,3753.36962891
2013-11-15T12:30:00+00:00,5259,3847.44970703
2013-11-15T12:40:00+00:00,5259,3624.1730957
2013-11-15T12:50:00+00:00,5259,3970.37353516
2013-11-15T13:00:00+00:00,5259,3827.48212147
2013-11-15T13:10:00+00:00,5259,3737.17236328
2013-11-15T13:20:00+00:00,5259,3573.92257214
2013-11-15T13:30:00+00:00,5259,3703.63816738
2013-11-15T13:40:00+00:00,5259,3588.43004298
2013-11-15T13:50:00+00:00,5259,3238.76969481
2013-11-15T14:00:00+00:00,5259,3131.0845499
2013-11-15T14:10:00+00:00,5259,3581.27563477
2013-11-15T14:20:00+00:00,5259,3192.89422297
2013-11-15T14:30:00+00:00,5259,3710.00774384
2013-11-15T14:40:00+00:00,5259,3129.37064672
2013-11-15T14:50:00+00:00,5259,2995.20970821
2013-11-15T15:00:00+00:00,5259,3091.22143555
2013-11-15T15:10:00+00:00,5259,3330.27978516
2013-11-15T15:20:00+00:00,5259,2994.36967862
2013-11-15T15:30:00+00:00,5259,3318.10766602
2013-11-15T15:40:00+00:00,5259,3196.89526367
2013-11-15T15:50:00+00:00,5259,2989.10717773
2013-11-15T16:00:00+00:00,5259,3097.22509766
2013-11-15T16:10:00+00:00,5259,3012.55053711
2013-11-15T16:20:00+00:00,5259,2698.77562952
2013-11-15T16:30:00+00:00,5259,2507.49014187
2013-11-15T16:40:00+00:00,5259,2690.0108676
2013-11-15T16:50:00+00:00,5259,2415.99305674
2013-11-15T17:00:00+00:00,5259,2435.74951172
2013-11-15T17:10:00+00:00,5259,2162.02807617
2013-11-15T17:20:00+00:00,5259,2439.8449707
2013-11-15T17:30:00+00:00,5259,2001.50646973
2013-11-15T17:40:00+00:00,5259,1857.03051758
2013-11-15T17:50:00+00:00,5259,1981.82312012
2013-11-15T18:00:00+00:00,5259,1893.00134277
2013-11-15T18:10:00+00:00,5259,1650.72705078
2013-11-15T18:20:00+00:00,5259,1468.64208984
2013-11-15T18:30:00+00:00,5259,1772.02526855
2013-11-15T18:40:00+00:00,5259,1500.65454102
2013-11-15T18:50:00+00:00,5259,1570.78894043
2013-11-15T19:00:00+00:00,5259,1591.40515137
2013-11-15T19:10:00+00:00,5259,1056.9140625
2013-11-15T19:20:00+00:00,5259,1125.82470703
2013-11-15T19:30:00+00:00,5259,1157.40014648
2013-11-15T19:40:00+00:00,5259,1313.26599121
2013-11-15T19:50:00+00:00,5259,1112.40979004
2013-11-15T20:00:00+00:00,5259,965.761169434
2013-11-15T20:10:00+00:00,5259,874.132141113
2013-11-15T20:20:00+00:00,5259,942.77154541
2013-11-15T20:30:00+00:00,5259,963.891296387
2013-11-15T20:40:00+00:00,5259,1187.83483887
2013-11-15T20:50:00+00:00,5259,1222.55065918
2013-11-15T21:00:00+00:00,5259,982.204345703
2013-11-15T21:10:00+00:00,5259,1033.94262695
2013-11-15T21:20:00+00:00,5259,1060.4732666
2013-11-15T21:30:00+00:00,5259,936.790161133
2013-11-15T21:40:00+00:00,5259,998.305664062
2013-11-15T21:50:00+00:00,5259,972.780395508
2013-11-15T22:00:00+00:00,5259,1042.06286621
2013-11-15T22:10:00+00:00,5259,1035.58459473
2013-11-15T22:20:00+00:00,5259,953.886535645
2013-11-15T22:30:00+00:00,5259,1048.65246582
2013-11-15T22:40:00+00:00,5259,1000.57336426
2013-11-15T22:50:00+00:00,5259,978.505737305
2013-11-15T23:00:00+00:00,5259,1137.73291016
2013-11-15T23:10:00+00:00,5259,1229.70495605
2013-11-15T23:20:00+00:00,5259,1226.72949219
2013-11-15T23:30:00+00:00,5259,1334.9420166
2013-11-15T23:40:00+00:00,5259,1493.01257324
2013-11-15T23:50:00+00:00,5259,1557.43408203
2013-11-16T00:00:00+00:00,5259,1504.91052246
2013-11-16T00:10:00+00:00,5259,1547.68652344
2013-11-16T00:20:00+00:00,5259,1745.0012207
2013-11-16T00:30:00+00:00,5259,1647.88061523
2013-11-16T00:40:00+00:00,5259,1579.31237793
2013-11-16T00:50:00+00:00,5259,1517.67443848
2013-11-16T01:00:00+00:00,5259,1496.16796875
2013-11-16T01:10:00+00:00,5259,1675.47937012
2013-11-16T01:20:00+00:00,5259,1950.0604248
2013-11-16T01:30:00+00:00,5259,1537.49523926
2013-11-16T01:50:00+00:00,5259,1731.23803711
2013-11-16T02:10:00+00:00,5259,1586.50439453
2013-11-16T02:20:00+00:00,5259,1215.29675293
2013-11-16T02:40:00+00:00,5259,1353.90661621
2013-11-16T02:50:00+00:00,5259,1379.86804199
2013-11-16T03:00:00+00:00,5259,1098.41918945
2013-11-16T03:10:00+00:00,5259,1183.89306641
2013-11-16T03:20:00+00:00,5259,1050.85522461
2013-11-16T03:30:00+00:00,5259,652.708496094
2013-11-16T04:00:00+00:00,5259,463.652038574
2013-11-16T04:10:00+00:00,5259,421.98526001
2013-11-16T04:50:00+00:00,5259,437.449249268
2013-11-16T05:10:00+00:00,5259,392.340148926
2013-11-16T05:20:00+00:00,5259,405.993927002
2013-11-16T05:30:00+00:00,5259,391.221832275
2013-11-16T05:40:00+00:00,5259,321.67666626
2013-11-16T06:00:00+00:00,5259,407.797790527
2013-11-16T06:10:00+00:00,5259,360.277832031
2013-11-16T06:20:00+00:00,5259,346.01348877
2013-11-16T06:30:00+00:00,5259,331.792938232
2013-11-16T06:40:00+00:00,5259,339.794311523
2013-11-16T06:50:00+00:00,5259,398.305541992
2013-11-16T07:00:00+00:00,5259,394.70413208
2013-11-16T07:10:00+00:00,5259,452.768493652
2013-11-16T07:20:00+00:00,5259,419.606140137
2013-11-16T07:30:00+00:00,5259,433.418609619
2013-11-16T07:40:00+00:00,5259,558.495788574
2013-11-16T07:50:00+00:00,5259,455.573486328
2013-11-16T08:00:00+00:00,5259,459.43347168
2013-11-16T08:10:00+00:00,5259,486.824615479
2013-11-16T08:20:00+00:00,5259,566.760986328
2013-11-16T08:30:00+00:00,5259,549.692504883
2013-11-16T08:40:00+00:00,5259,529.238342285
2013-11-16T08:50:00+00:00,5259,546.398193359
2013-11-16T09:00:00+00:00,5259,551.246459961
2013-11-16T09:10:00+00:00,5259,522.265808105
2013-11-16T09:20:00+00:00,5259,638.28326416
2013-11-16T09:30:00+00:00,5259,599.546081543
2013-11-16T09:40:00+00:00,5259,496.066009521
2013-11-16T09:50:00+00:00,5259,586.764038086
2013-11-16T10:00:00+00:00,5259,563.339599609
2013-11-16T10:10:00+00:00,5259,782.611816406
2013-11-16T10:20:00+00:00,5259,601.440429688
2013-11-16T10:30:00+00:00,5259,684.910461426
2013-11-16T10:40:00+00:00,5259,646.341125488
2013-11-16T10:50:00+00:00,5259,995.585966706
2013-11-16T11:00:00+00:00,5259,698.213378906
2013-11-16T11:10:00+00:00,5259,637.897583008
2013-11-16T11:20:00+00:00,5259,646.622375488
2013-11-16T11:30:00+00:00,5259,702.762084961
2013-11-16T11:40:00+00:00,5259,686.628356934
2013-11-16T11:50:00+00:00,5259,717.185974121
2013-11-16T12:00:00+00:00,5259,739.952636719
2013-11-16T12:10:00+00:00,5259,726.545043945
2013-11-16T12:20:00+00:00,5259,692.895690918
2013-11-16T12:30:00+00:00,5259,700.093322754
2013-11-16T12:40:00+00:00,5259,598.596191406
2013-11-16T12:50:00+00:00,5259,749.34185791
2013-11-16T13:00:00+00:00,5259,686.727172852
2013-11-16T13:10:00+00:00,5259,684.849975586
2013-11-16T13:20:00+00:00,5259,723.930664062
2013-11-16T13:30:00+00:00,5259,686.66784668
2013-11-16T13:40:00+00:00,5259,606.012939453
2013-11-16T13:50:00+00:00,5259,671.050476074
2013-11-16T14:00:00+00:00,5259,916.751708984
2013-11-16T14:10:00+00:00,5259,620.248413086
2013-11-16T14:20:00+00:00,5259,645.82623291
2013-11-16T14:30:00+00:00,5259,578.139465332
2013-11-16T14:40:00+00:00,5259,575.90814209
2013-11-16T14:50:00+00:00,5259,685.395202637
2013-11-16T15:00:00+00:00,5259,674.070678711
2013-11-16T15:10:00+00:00,5259,597.76751709
2013-11-16T15:20:00+00:00,5259,746.546386719
2013-11-16T15:30:00+00:00,5259,702.135314941
2013-11-16T15:40:00+00:00,5259,713.178649902
2013-11-16T15:50:00+00:00,5259,641.595458984
2013-11-16T16:00:00+00:00,5259,633.365600586
2013-11-16T16:10:00+00:00,5259,611.375854492
2013-11-16T16:20:00+00:00,5259,665.964925617
2013-11-16T16:30:00+00:00,5259,640.659179688
2013-11-16T16:40:00+00:00,5259,593.003417969
2013-11-16T16:50:00+00:00,5259,582.688171387
2013-11-16T17:00:00+00:00,5259,652.87890625
2013-11-16T17:10:00+00:00,5259,674.813415527
2013-11-16T17:20:00+00:00,5259,643.150146484
2013-11-16T17:30:00+00:00,5259,549.657043457
2013-11-16T17:40:00+00:00,5259,547.418640137
2013-11-16T17:50:00+00:00,5259,619.062438965
2013-11-16T18:00:00+00:00,5259,592.123619854
2013-11-16T18:10:00+00:00,5259,648.211791992
2013-11-16T18:20:00+00:00,5259,800.036132812
2013-11-16T18:30:00+00:00,5259,610.424865723
2013-11-16T18:40:00+00:00,5259,573.303100586
2013-11-16T18:50:00+00:00,5259,597.735290527
2013-11-16T19:00:00+00:00,5259,572.695983887
2013-11-16T19:10:00+00:00,5259,514.148620605
2013-11-16T19:20:00+00:00,5259,607.219421387
2013-11-16T19:30:00+00:00,5259,769.921936035
2013-11-16T19:40:00+00:00,5259,739.497436523
2013-11-16T19:50:00+00:00,5259,835.336547852
2013-11-16T20:00:00+00:00,5259,806.790466309
2013-11-16T20:10:00+00:00,5259,892.666137695
2013-11-16T20:20:00+00:00,5259,892.657470703
2013-11-16T20:30:00+00:00,5259,851.327331543
2013-11-16T20:40:00+00:00,5259,942.934509277
2013-11-16T20:50:00+00:00,5259,823.79675293
2013-11-16T21:00:00+00:00,5259,873.426269531
2013-11-16T21:10:00+00:00,5259,807.580322266
2013-11-16T21:20:00+00:00,5259,843.592773438
2013-11-16T21:30:00+00:00,5259,778.231811523
2013-11-16T21:40:00+00:00,5259,664.465209961
2013-11-16T21:50:00+00:00,5259,779.703552246
2013-11-16T22:00:00+00:00,5259,665.099853516
2013-11-16T22:10:00+00:00,5259,579.034362793
2013-11-16T22:20:00+00:00,5259,803.050476074
2013-11-16T22:30:00+00:00,5259,756.411132812
2013-11-16T22:40:00+00:00,5259,687.535644531
2013-11-16T22:50:00+00:00,5259,755.774047852
2013-11-16T23:00:00+00:00,5259,886.083312988
2013-11-16T23:10:00+00:00,5259,985.887939453
2013-11-16T23:20:00+00:00,5259,1344.35327148
2013-11-16T23:30:00+00:00,5259,1560.68737793
2013-11-16T23:40:00+00:00,5259,1738.92260742
2013-11-16T23:50:00+00:00,5259,2073.80761719
2013-11-17T00:00:00+00:00,5259,2158.28808594
2013-11-17T00:10:00+00:00,5259,2001.79943848
2013-11-17T00:20:00+00:00,5259,2214.8515625
2013-11-17T00:30:00+00:00,5259,2152.08935547
2013-11-17T00:40:00+00:00,5259,2400.17407227
2013-11-17T00:50:00+00:00,5259,2500.64941406
2013-11-17T01:00:00+00:00,5259,2574.91748047
2013-11-17T01:10:00+00:00,5259,2537.00878906
2013-11-17T01:20:00+00:00,5259,2564.95458984
2013-11-17T01:30:00+00:00,5259,2488.28491211
2013-11-17T01:40:00+00:00,5259,2421.32543945
2013-11-17T01:50:00+00:00,5259,2259.84863281
2013-11-17T02:00:00+00:00,5259,2360.04223633
2013-11-17T02:10:00+00:00,5259,2157.03344727
2013-11-17T02:20:00+00:00,5259,2277.63476562
2013-11-17T02:30:00+00:00,5259,1794.17749023
2013-11-17T02:40:00+00:00,5259,1811.43896484
2013-11-17T02:50:00+00:00,5259,1897.8503418
2013-11-17T03:00:00+00:00,5259,1618.17810059
2013-11-17T03:10:00+00:00,5259,1557.51245117
2013-11-17T03:20:00+00:00,5259,1314.16162109
2013-11-17T03:30:00+00:00,5259,1200.47167969
2013-11-17T03:50:00+00:00,5259,1282.84863281
2013-11-17T04:00:00+00:00,5259,681.385192871
2013-11-17T04:10:00+00:00,5259,359.786560059
2013-11-17T06:10:00+00:00,5259,182.943145752
2013-11-17T06:40:00+00:00,5259,190.166915894
2013-11-17T06:50:00+00:00,5259,216.84753418
2013-11-17T07:00:00+00:00,5259,220.786712646
2013-11-17T07:10:00+00:00,5259,211.489807129
2013-11-17T07:20:00+00:00,5259,262.392364502
2013-11-17T07:30:00+00:00,5259,242.998458862
2013-11-17T07:40:00+00:00,5259,225.965103149
2013-11-17T07:50:00+00:00,5259,271.945678711
2013-11-17T08:00:00+00:00,5259,298.743255615
2013-11-17T08:10:00+00:00,5259,265.720397949
2013-11-17T08:20:00+00:00,5259,320.211639404
2013-11-17T08:30:00+00:00,5259,332.568847656
2013-11-17T08:40:00+00:00,5259,356.754943848
2013-11-17T08:50:00+00:00,5259,336.033111572
2013-11-17T09:00:00+00:00,5259,297.454376221
2013-11-17T09:10:00+00:00,5259,342.747283936
2013-11-17T09:20:00+00:00,5259,371.487884521
2013-11-17T09:30:00+00:00,5259,471.117614746
2013-11-17T09:40:00+00:00,5259,434.541870117
2013-11-17T09:50:00+00:00,5259,325.48324585
2013-11-17T10:00:00+00:00,5259,370.311431885
2013-11-17T10:10:00+00:00,5259,384.4972229
2013-11-17T10:20:00+00:00,5259,352.779907227
2013-11-17T10:30:00+00:00,5259,386.976257324
2013-11-17T10:40:00+00:00,5259,324.269073486
2013-11-17T10:50:00+00:00,5259,388.921417236
2013-11-17T11:00:00+00:00,5259,568.990356445
2013-11-17T11:10:00+00:00,5259,352.341125488
2013-11-17T11:20:00+00:00,5259,365.611053467
2013-11-17T11:30:00+00:00,5259,422.905670166
2013-11-17T11:40:00+00:00,5259,376.266082764
2013-11-17T11:50:00+00:00,5259,418.161590576
2013-11-17T12:00:00+00:00,5259,503.653198242
2013-11-17T12:10:00+00:00,5259,400.259177864
2013-11-17T12:20:00+00:00,5259,548.010925293
2013-11-17T12:30:00+00:00,5259,443.975341797
2013-11-17T12:40:00+00:00,5259,410.118865967
2013-11-17T12:50:00+00:00,5259,559.671691895
2013-11-17T13:00:00+00:00,5259,509.164794922
2013-11-17T13:10:00+00:00,5259,450.991516113
2013-11-17T13:20:00+00:00,5259,463.916656494
2013-11-17T13:30:00+00:00,5259,461.854064941
2013-11-17T13:40:00+00:00,5259,449.475219727
2013-11-17T13:50:00+00:00,5259,506.833892822
2013-11-17T14:00:00+00:00,5259,610.470458984
2013-11-17T14:10:00+00:00,5259,502.619140625
2013-11-17T14:20:00+00:00,5259,489.849700928
2013-11-17T14:30:00+00:00,5259,521.82043457
2013-11-17T14:40:00+00:00,5259,438.389251709
2013-11-17T14:50:00+00:00,5259,513.670410156
2013-11-17T15:00:00+00:00,5259,613.691223145
2013-11-17T15:10:00+00:00,5259,512.568359375
2013-11-17T15:20:00+00:00,5259,433.872192383
2013-11-17T15:30:00+00:00,5259,432.731109619
2013-11-17T15:40:00+00:00,5259,491.457000732
2013-11-17T15:50:00+00:00,5259,417.176391602
2013-11-17T16:00:00+00:00,5259,447.829315186
2013-11-17T16:10:00+00:00,5259,564.162841797
2013-11-17T16:20:00+00:00,5259,487.765594482
2013-11-17T16:30:00+00:00,5259,484.519012451
2013-11-17T16:40:00+00:00,5259,376.055664062
2013-11-17T16:50:00+00:00,5259,508.02444458
2013-11-17T17:00:00+00:00,5259,505.410522461
2013-11-17T17:10:00+00:00,5259,366.53729248
2013-11-17T17:20:00+00:00,5259,390.696838379
2013-11-17T17:30:00+00:00,5259,425.590820312
2013-11-17T17:40:00+00:00,5259,407.356628418
2013-11-17T17:50:00+00:00,5259,441.819274902
2013-11-17T18:00:00+00:00,5259,482.669219971
2013-11-17T18:10:00+00:00,5259,328.080718994
2013-11-17T18:20:00+00:00,5259,368.538024902
2013-11-17T18:30:00+00:00,5259,286.934539795
2013-11-17T18:40:00+00:00,5259,299.123474121
2013-11-17T18:50:00+00:00,5259,339.220367432
2013-11-17T19:00:00+00:00,5259,280.08013916
2013-11-17T19:10:00+00:00,5259,239.16065979
2013-11-17T19:20:00+00:00,5259,268.989624023
2013-11-17T19:30:00+00:00,5259,278.160949707
2013-11-17T19:40:00+00:00,5259,282.072723389
2013-11-17T19:50:00+00:00,5259,309.710083008
2013-11-17T20:00:00+00:00,5259,271.624511719
2013-11-17T20:10:00+00:00,5259,251.760910034
2013-11-17T20:20:00+00:00,5259,242.508834839
2013-11-17T20:30:00+00:00,5259,277.517120361
2013-11-17T20:40:00+00:00,5259,228.986328125
2013-11-17T20:50:00+00:00,5259,289.726806641
2013-11-17T21:00:00+00:00,5259,254.01524353
2013-11-17T21:10:00+00:00,5259,230.500823975
2013-11-17T21:20:00+00:00,5259,264.552429199
2013-11-17T21:30:00+00:00,5259,304.070648193
2013-11-17T21:40:00+00:00,5259,303.575592041
2013-11-17T21:50:00+00:00,5259,299.534973145
2013-11-17T22:00:00+00:00,5259,319.457336426
2013-11-17T22:10:00+00:00,5259,268.92364502
2013-11-17T22:20:00+00:00,5259,295.330841064
2013-11-17T22:30:00+00:00,5259,230.639358521
2013-11-17T22:40:00+00:00,5259,204.69519043
2013-11-17T22:50:00+00:00,5259,224.683624268
2013-11-17T23:00:00+00:00,5259,235.411834717
2013-11-17T23:20:00+00:00,5259,185.12689209
2013-11-18T00:10:00+00:00,5259,189.390335083
2013-11-18T04:30:00+00:00,5259,162.119842529
2013-11-18T05:30:00+00:00,5259,187.229034424
2013-11-18T05:40:00+00:00,5259,178.170349121
2013-11-18T06:00:00+00:00,5259,295.514129639
2013-11-18T06:10:00+00:00,5259,340.382965088
2013-11-18T06:20:00+00:00,5259,287.616577148
2013-11-18T06:30:00+00:00,5259,336.157745361
2013-11-18T06:40:00+00:00,5259,377.453765869
2013-11-18T06:50:00+00:00,5259,466.330291748
2013-11-18T07:00:00+00:00,5259,579.036682129
2013-11-18T07:10:00+00:00,5259,694.242370605
2013-11-18T07:20:00+00:00,5259,849.596801758
2013-11-18T07:30:00+00:00,5259,599.470031738
2013-11-18T07:40:00+00:00,5259,639.484191895
2013-11-18T07:50:00+00:00,5259,671.976196289
2013-11-18T08:00:00+00:00,5259,688.144499689
2013-11-18T08:10:00+00:00,5259,694.91595459
2013-11-18T08:20:00+00:00,5259,749.483154297
2013-11-18T08:30:00+00:00,5259,815.84173584
2013-11-18T08:40:00+00:00,5259,747.695373535
2013-11-18T08:50:00+00:00,5259,736.384155273
2013-11-18T09:00:00+00:00,5259,708.042785645
2013-11-18T09:10:00+00:00,5259,772.336486816
2013-11-18T09:20:00+00:00,5259,751.111328125
2013-11-18T09:30:00+00:00,5259,848.205322266
2013-11-18T09:40:00+00:00,5259,789.427062988
2013-11-18T09:50:00+00:00,5259,768.588989258
2013-11-18T10:00:00+00:00,5259,842.928222656
2013-11-18T10:10:00+00:00,5259,853.533752441
2013-11-18T10:20:00+00:00,5259,798.719548106
2013-11-18T10:30:00+00:00,5259,857.725891113
2013-11-18T10:40:00+00:00,5259,854.488769531
2013-11-18T10:50:00+00:00,5259,802.252441406
2013-11-18T11:00:00+00:00,5259,773.38494873
2013-11-18T11:10:00+00:00,5259,835.033996582
2013-11-18T11:20:00+00:00,5259,860.791564941
2013-11-18T11:30:00+00:00,5259,938.453979492
2013-11-18T11:40:00+00:00,5259,866.615234375
2013-11-18T11:50:00+00:00,5259,965.760620117
2013-11-18T12:00:00+00:00,5259,1242.83349609
2013-11-18T12:10:00+00:00,5259,969.64453125
2013-11-18T12:20:00+00:00,5259,963.532958984
2013-11-18T12:30:00+00:00,5259,1038.08630371
2013-11-18T12:40:00+00:00,5259,949.930053711
2013-11-18T12:50:00+00:00,5259,949.714111328
2013-11-18T13:00:00+00:00,5259,1080.04907227
2013-11-18T13:10:00+00:00,5259,1190.13012695
2013-11-18T13:20:00+00:00,5259,999.134557247
2013-11-18T13:30:00+00:00,5259,1005.21856689
2013-11-18T13:40:00+00:00,5259,913.009460449
2013-11-18T13:50:00+00:00,5259,961.74372375
2013-11-18T14:00:00+00:00,5259,902.294006348
2013-11-18T14:10:00+00:00,5259,852.58013916
2013-11-18T14:20:00+00:00,5259,964.067382812
2013-11-18T14:30:00+00:00,5259,852.829589844
2013-11-18T14:40:00+00:00,5259,864.524809748
2013-11-18T14:50:00+00:00,5259,853.274780273
2013-11-18T15:00:00+00:00,5259,1635.57824707
2013-11-18T15:10:00+00:00,5259,1716.79003906
2013-11-18T15:20:00+00:00,5259,2326.34348679
2013-11-18T15:30:00+00:00,5259,2342.99267578
2013-11-18T15:40:00+00:00,5259,2332.72265625
2013-11-18T15:50:00+00:00,5259,2371.06591797
2013-11-18T16:00:00+00:00,5259,2489.53551173
2013-11-18T16:10:00+00:00,5259,2377.27270508
2013-11-18T16:20:00+00:00,5259,2638.86523438
2013-11-18T16:30:00+00:00,5259,2373.67358398
2013-11-18T16:40:00+00:00,5259,2310.25341797
2013-11-18T16:50:00+00:00,5259,2757.02417223
2013-11-18T17:00:00+00:00,5259,2552.85160139
2013-11-18T17:10:00+00:00,5259,2564.07299805
2013-11-18T17:20:00+00:00,5259,2408.203125
2013-11-18T17:30:00+00:00,5259,2344.9387207
2013-11-18T17:40:00+00:00,5259,2496.60571289
2013-11-18T17:50:00+00:00,5259,2311.21777344
2013-11-18T18:00:00+00:00,5259,2388.13061523
2013-11-18T18:10:00+00:00,5259,2418.10848075
2013-11-18T18:20:00+00:00,5259,1912.53894043
2013-11-18T18:30:00+00:00,5259,1607.03625488
2013-11-18T18:40:00+00:00,5259,1468.85717773
2013-11-18T18:50:00+00:00,5259,1336.36608887
2013-11-18T19:00:00+00:00,5259,1442.37878418
2013-11-18T19:10:00+00:00,5259,1465.18005371
2013-11-18T19:20:00+00:00,5259,1243.07421875
2013-11-18T19:30:00+00:00,5259,1082.97090852
2013-11-18T19:40:00+00:00,5259,1009.70947266
2013-11-18T19:50:00+00:00,5259,975.829467773
2013-11-18T20:00:00+00:00,5259,889.995117188
2013-11-18T20:10:00+00:00,5259,1028.89318848
2013-11-18T20:20:00+00:00,5259,898.887329102
2013-11-18T20:30:00+00:00,5259,787.501342773
2013-11-18T20:40:00+00:00,5259,843.377807617
2013-11-18T20:50:00+00:00,5259,691.728271484
2013-11-18T21:00:00+00:00,5259,743.410705566
2013-11-18T21:10:00+00:00,5259,964.188354492
2013-11-18T21:20:00+00:00,5259,880.317932129
2013-11-18T21:30:00+00:00,5259,719.07434082
2013-11-18T21:40:00+00:00,5259,719.878112793
2013-11-18T21:50:00+00:00,5259,641.366455078
2013-11-18T22:00:00+00:00,5259,609.976318359
2013-11-18T22:10:00+00:00,5259,674.339477539
2013-11-18T22:20:00+00:00,5259,562.707946777
2013-11-18T22:30:00+00:00,5259,743.398132324
2013-11-18T22:40:00+00:00,5259,507.315338135
2013-11-18T22:50:00+00:00,5259,534.973754883
2013-11-18T23:00:00+00:00,5259,492.972961426
2013-11-18T23:10:00+00:00,5259,670.466430664
2013-11-18T23:20:00+00:00,5259,420.546539307
2013-11-18T23:30:00+00:00,5259,468.704376221
2013-11-18T23:40:00+00:00,5259,417.693572998
2013-11-18T23:50:00+00:00,5259,413.670166016
2013-11-19T00:10:00+00:00,5259,355.705230713
2013-11-19T00:20:00+00:00,5259,368.919891357
2013-11-19T00:50:00+00:00,5259,361.387542725
2013-11-19T02:00:00+00:00,5259,282.306945801
2013-11-19T04:00:00+00:00,5259,292.574188232
2013-11-19T04:20:00+00:00,5259,293.288818359
2013-11-19T05:00:00+00:00,5259,308.02645874
2013-11-19T05:50:00+00:00,5259,353.081237793
2013-11-19T06:00:00+00:00,5259,422.324432373
2013-11-19T06:10:00+00:00,5259,431.203826904
2013-11-19T06:20:00+00:00,5259,400.349090576
2013-11-19T06:30:00+00:00,5259,426.389831543
2013-11-19T06:40:00+00:00,5259,622.045349121
2013-11-19T06:50:00+00:00,5259,658.571594238
2013-11-19T07:00:00+00:00,5259,610.419433594
2013-11-19T07:10:00+00:00,5259,832.43572998
2013-11-19T07:20:00+00:00,5259,1037.09143066
2013-11-19T07:30:00+00:00,5259,1208.25744629
2013-11-19T07:40:00+00:00,5259,1642.1361084
2013-11-19T07:50:00+00:00,5259,1791.78186035
2013-11-19T08:00:00+00:00,5259,2168.35424805
2013-11-19T08:10:00+00:00,5259,2271.26269531
2013-11-19T08:20:00+00:00,5259,2402.70483398
2013-11-19T08:30:00+00:00,5259,2299.46240234
2013-11-19T08:40:00+00:00,5259,2420.35131836
2013-11-19T08:50:00+00:00,5259,2707.61140006
2013-11-19T09:00:00+00:00,5259,2951.16235352
2013-11-19T09:10:00+00:00,5259,2644.61303711
2013-11-19T09:20:00+00:00,5259,2641.51635973
2013-11-19T09:30:00+00:00,5259,2980.39996362
2013-11-19T09:40:00+00:00,5259,3039.25708008
2013-11-19T09:50:00+00:00,5259,3059.15112305
2013-11-19T10:00:00+00:00,5259,3116.11069679
2013-11-19T10:10:00+00:00,5259,3052.21289253
2013-11-19T10:20:00+00:00,5259,3592.63694191
2013-11-19T10:30:00+00:00,5259,3388.68540597
2013-11-19T10:40:00+00:00,5259,3054.99121094
2013-11-19T10:50:00+00:00,5259,2939.85083008
2013-11-19T11:00:00+00:00,5259,3023.89111328
2013-11-19T11:10:00+00:00,5259,3166.89675641
2013-11-19T11:20:00+00:00,5259,3224.38427734
2013-11-19T11:30:00+00:00,5259,3436.17175508
2013-11-19T11:40:00+00:00,5259,3447.92343426
2013-11-19T11:50:00+00:00,5259,3622.47998047
2013-11-19T12:00:00+00:00,5259,3513.35302734
2013-11-19T12:10:00+00:00,5259,3842.19194221
2013-11-19T12:20:00+00:00,5259,3335.11180115
2013-11-19T12:30:00+00:00,5259,3579.07046604
2013-11-19T12:40:00+00:00,5259,3478.453125
2013-11-19T12:50:00+00:00,5259,3575.88183594
2013-11-19T13:00:00+00:00,5259,3368.11035156
2013-11-19T13:10:00+00:00,5259,3532.64013672
2013-11-19T13:20:00+00:00,5259,3625.41162109
2013-11-19T13:30:00+00:00,5259,3263.89331055
2013-11-19T13:40:00+00:00,5259,3165.95532227
2013-11-19T13:50:00+00:00,5259,3243.41479492
2013-11-19T14:00:00+00:00,5259,3175.25986886
2013-11-19T14:10:00+00:00,5259,3061.87133789
2013-11-19T14:20:00+00:00,5259,3031.70678711
2013-11-19T14:30:00+00:00,5259,3147.73876953
2013-11-19T14:40:00+00:00,5259,3336.52392578
2013-11-19T14:50:00+00:00,5259,3053.69886398
2013-11-19T15:00:00+00:00,5259,3098.52315044
2013-11-19T15:10:00+00:00,5259,3302.03564453
2013-11-19T15:20:00+00:00,5259,3238.46142578
2013-11-19T15:30:00+00:00,5259,3008.08422852
2013-11-19T15:40:00+00:00,5259,3112.27442583
2013-11-19T15:50:00+00:00,5259,2921.17260742
2013-11-19T16:00:00+00:00,5259,3012.3359375
2013-11-19T16:10:00+00:00,5259,2943.57911617
2013-11-19T16:20:00+00:00,5259,3019.68823473
2013-11-19T16:30:00+00:00,5259,2832.02453327
2013-11-19T16:40:00+00:00,5259,3227.265625
2013-11-19T16:50:00+00:00,5259,3134.97827148
2013-11-19T17:00:00+00:00,5259,2772.89697266
2013-11-19T17:10:00+00:00,5259,2826.52371216
2013-11-19T17:20:00+00:00,5259,2601.97216797
2013-11-19T17:30:00+00:00,5259,2295.81298828
2013-11-19T17:40:00+00:00,5259,2170.1262207
2013-11-19T17:50:00+00:00,5259,2503.16455078
2013-11-19T18:00:00+00:00,5259,2157.13191414
2013-11-19T18:10:00+00:00,5259,2151.82519531
2013-11-19T18:20:00+00:00,5259,1973.84753418
2013-11-19T18:30:00+00:00,5259,1959.21704102
2013-11-19T18:40:00+00:00,5259,1750.88080409
2013-11-19T18:50:00+00:00,5259,1475.69018555
2013-11-19T19:00:00+00:00,5259,1551.93066406
2013-11-19T19:10:00+00:00,5259,1836.26336861
2013-11-19T19:20:00+00:00,5259,1405.08239746
2013-11-19T19:30:00+00:00,5259,1169.54467773
2013-11-19T19:40:00+00:00,5259,1241.2286377
2013-11-19T19:50:00+00:00,5259,1254.66271973
2013-11-19T20:00:00+00:00,5259,1215.42358398
2013-11-19T20:10:00+00:00,5259,1088.88061523
2013-11-19T20:20:00+00:00,5259,1177.63598633
2013-11-19T20:30:00+00:00,5259,1017.29241943
2013-11-19T20:40:00+00:00,5259,993.62298584
2013-11-19T20:50:00+00:00,5259,1051.75512695
2013-11-19T21:00:00+00:00,5259,935.302490234
2013-11-19T21:10:00+00:00,5259,1052.25939941
2013-11-19T21:20:00+00:00,5259,940.800537109
2013-11-19T21:30:00+00:00,5259,816.856445312
2013-11-19T21:40:00+00:00,5259,895.841125488
2013-11-19T21:50:00+00:00,5259,831.924499512
2013-11-19T22:00:00+00:00,5259,822.422302246
2013-11-19T22:10:00+00:00,5259,926.466552734
2013-11-19T22:20:00+00:00,5259,849.311889648
2013-11-19T22:30:00+00:00,5259,719.624084473
2013-11-19T22:40:00+00:00,5259,754.050842285
2013-11-19T22:50:00+00:00,5259,602.781188965
2013-11-19T23:00:00+00:00,5259,555.979492188
2013-11-19T23:10:00+00:00,5259,544.905090332
2013-11-19T23:20:00+00:00,5259,547.134094238
2013-11-19T23:30:00+00:00,5259,479.515136719
2013-11-19T23:40:00+00:00,5259,508.2550354
2013-11-19T23:50:00+00:00,5259,467.321136475
2013-11-20T04:40:00+00:00,5259,441.716217041
2013-11-20T05:00:00+00:00,5259,428.760284424
2013-11-20T05:30:00+00:00,5259,368.889648438
2013-11-20T05:40:00+00:00,5259,474.55279541
2013-11-20T05:50:00+00:00,5259,438.962432861
2013-11-20T06:00:00+00:00,5259,478.064788818
2013-11-20T06:10:00+00:00,5259,561.400634766
2013-11-20T06:20:00+00:00,5259,571.727294922
2013-11-20T06:30:00+00:00,5259,510.925384521
2013-11-20T06:40:00+00:00,5259,608.946960449
2013-11-20T06:50:00+00:00,5259,725.531860352
2013-11-20T07:00:00+00:00,5259,893.350952148
2013-11-20T07:10:00+00:00,5259,906.479125977
2013-11-20T07:20:00+00:00,5259,1040.65014648
2013-11-20T07:30:00+00:00,5259,1199.60546875
2013-11-20T07:40:00+00:00,5259,1491.14660645
2013-11-20T07:50:00+00:00,5259,1842.87402344
2013-11-20T08:00:00+00:00,5259,2079.05810547
2013-11-20T08:10:00+00:00,5259,2727.99935865
2013-11-20T08:20:00+00:00,5259,2546.34570312
2013-11-20T08:30:00+00:00,5259,2323.19897461
2013-11-20T08:40:00+00:00,5259,2570.32446289
2013-11-20T08:50:00+00:00,5259,2425.2902832
2013-11-20T09:00:00+00:00,5259,2865.55053711
2013-11-20T09:10:00+00:00,5259,2957.76051834
2013-11-20T09:20:00+00:00,5259,2750.91381836
2013-11-20T09:30:00+00:00,5259,3140.50977564
2013-11-20T09:40:00+00:00,5259,2916.09716797
2013-11-20T09:50:00+00:00,5259,2872.88085938
2013-11-20T10:00:00+00:00,5259,3094.65722656
2013-11-20T10:10:00+00:00,5259,3048.09106445
2013-11-20T10:20:00+00:00,5259,3079.09741211
2013-11-20T10:30:00+00:00,5259,3019.59033203
2013-11-20T10:40:00+00:00,5259,3691.47241211
2013-11-20T10:50:00+00:00,5259,2985.78987885
2013-11-20T11:00:00+00:00,5259,3152.26025391
2013-11-20T11:10:00+00:00,5259,3053.99975586
2013-11-20T11:20:00+00:00,5259,2964.72827148
2013-11-20T11:30:00+00:00,5259,3379.39842916
2013-11-20T11:40:00+00:00,5259,3510.98372674
2013-11-20T11:50:00+00:00,5259,3511.0090332
2013-11-20T12:00:00+00:00,5259,4150.60134044
2013-11-20T12:10:00+00:00,5259,3736.65423775
2013-11-20T12:20:00+00:00,5259,3737.6171875
2013-11-20T12:30:00+00:00,5259,3797.08614349
2013-11-20T12:40:00+00:00,5259,3699.95998001
2013-11-20T12:50:00+00:00,5259,3839.74658203
2013-11-20T13:00:00+00:00,5259,3988.1738348
2013-11-20T13:10:00+00:00,5259,3722.95605469
2013-11-20T13:20:00+00:00,5259,3513.17353153
2013-11-20T13:30:00+00:00,5259,3327.47351265
2013-11-20T13:40:00+00:00,5259,3128.95605469
2013-11-20T13:50:00+00:00,5259,3135.45825195
2013-11-20T14:00:00+00:00,5259,3064.17285156
2013-11-20T14:10:00+00:00,5259,3051.65356445
2013-11-20T14:20:00+00:00,5259,3021.47216797
2013-11-20T14:30:00+00:00,5259,3369.02929688
2013-11-20T14:40:00+00:00,5259,3435.78881836
2013-11-20T14:50:00+00:00,5259,2998.6159668
2013-11-20T15:00:00+00:00,5259,3249.28442383
2013-11-20T15:10:00+00:00,5259,3243.12207031
2013-11-20T15:20:00+00:00,5259,3543.95727539
2013-11-20T15:30:00+00:00,5259,3290.32212162
2013-11-20T15:40:00+00:00,5259,3190.18670714
2013-11-20T15:50:00+00:00,5259,3215.86474609
2013-11-20T16:00:00+00:00,5259,3287.29272461
2013-11-20T16:10:00+00:00,5259,2762.42333984
2013-11-20T16:20:00+00:00,5259,2866.14990234
2013-11-20T16:30:00+00:00,5259,2845.14787173
2013-11-20T16:40:00+00:00,5259,2721.83056641
2013-11-20T16:50:00+00:00,5259,2763.96166992
2013-11-20T17:00:00+00:00,5259,2750.71801758
2013-11-20T17:10:00+00:00,5259,2825.94450551
2013-11-20T17:20:00+00:00,5259,2501.67016602
2013-11-20T17:30:00+00:00,5259,2400.11132812
2013-11-20T17:40:00+00:00,5259,2267.19506836
2013-11-20T17:50:00+00:00,5259,2041.05822754
2013-11-20T18:00:00+00:00,5259,2158.70629883
2013-11-20T18:10:00+00:00,5259,2025.90393066
2013-11-20T18:20:00+00:00,5259,1951.98939276
2013-11-20T18:30:00+00:00,5259,1800.13671875
2013-11-20T18:40:00+00:00,5259,1710.62695312
2013-11-20T18:50:00+00:00,5259,1707.33563697
2013-11-20T19:00:00+00:00,5259,1618.54260254
2013-11-20T19:10:00+00:00,5259,1711.72570801
2013-11-20T19:20:00+00:00,5259,1706.96569824
2013-11-20T19:30:00+00:00,5259,1455.82714844
2013-11-20T19:40:00+00:00,5259,1349.36560059
2013-11-20T19:50:00+00:00,5259,1222.24572754
2013-11-20T20:00:00+00:00,5259,1334.75878906
2013-11-20T20:10:00+00:00,5259,1125.55249023
2013-11-20T20:20:00+00:00,5259,1263.13476562
2013-11-20T20:30:00+00:00,5259,1348.34436035
2013-11-20T20:40:00+00:00,5259,1010.5166626
2013-11-20T20:50:00+00:00,5259,1430.73498535
2013-11-20T21:00:00+00:00,5259,1016.16564941
2013-11-20T21:10:00+00:00,5259,1299.23828125
2013-11-20T21:20:00+00:00,5259,1061.75830078
2013-11-20T21:30:00+00:00,5259,1090.15588379
2013-11-20T21:40:00+00:00,5259,936.286865234
2013-11-20T21:50:00+00:00,5259,808.913330078
2013-11-20T22:00:00+00:00,5259,761.584350586
2013-11-20T22:10:00+00:00,5259,779.558837891
2013-11-20T22:20:00+00:00,5259,728.040893555
2013-11-20T22:30:00+00:00,5259,710.789916992
2013-11-20T22:40:00+00:00,5259,609.291992188
2013-11-20T22:50:00+00:00,5259,556.789794922
2013-11-20T23:00:00+00:00,5259,572.959899902
2013-11-20T23:10:00+00:00,5259,545.503417969
2013-11-20T23:20:00+00:00,5259,495.691894531
2013-11-20T23:40:00+00:00,5259,477.827575684
2013-11-20T23:50:00+00:00,5259,549.207397461
2013-11-21T00:00:00+00:00,5259,586.961120605
2013-11-21T00:10:00+00:00,5259,501.82244873
2013-11-21T00:20:00+00:00,5259,439.066680908
2013-11-21T00:30:00+00:00,5259,467.274932861
2013-11-21T02:10:00+00:00,5259,368.121276855
2013-11-21T04:10:00+00:00,5259,383.7918396
2013-11-21T05:30:00+00:00,5259,348.039337158
2013-11-21T05:40:00+00:00,5259,375.047332764
2013-11-21T05:50:00+00:00,5259,455.512023926
2013-11-21T06:00:00+00:00,5259,502.531829834
2013-11-21T06:10:00+00:00,5259,459.831970215
2013-11-21T06:20:00+00:00,5259,458.686584473
2013-11-21T06:30:00+00:00,5259,515.662231445
2013-11-21T06:40:00+00:00,5259,549.121704102
2013-11-21T06:50:00+00:00,5259,610.105407715
2013-11-21T07:00:00+00:00,5259,763.58392334
2013-11-21T07:10:00+00:00,5259,892.401489258
2013-11-21T07:20:00+00:00,5259,1081.23681641
2013-11-21T07:30:00+00:00,5259,1636.5748291
2013-11-21T07:40:00+00:00,5259,1810.67431641
2013-11-21T07:50:00+00:00,5259,1950.171875
2013-11-21T08:00:00+00:00,5259,2143.59838867
2013-11-21T08:10:00+00:00,5259,2311.66137695
2013-11-21T08:20:00+00:00,5259,2414.10595703
2013-11-21T08:30:00+00:00,5259,2508.86279297
2013-11-21T08:40:00+00:00,5259,2779.32763672
2013-11-21T08:50:00+00:00,5259,2447.50952148
2013-11-21T09:00:00+00:00,5259,2836.37561534
2013-11-21T09:10:00+00:00,5259,2602.25415039
2013-11-21T09:20:00+00:00,5259,2858.23803711
2013-11-21T09:30:00+00:00,5259,3513.72265625
2013-11-21T09:40:00+00:00,5259,3807.44238281
2013-11-21T09:50:00+00:00,5259,3078.11132812
2013-11-21T10:00:00+00:00,5259,3037.77073574
2013-11-21T10:10:00+00:00,5259,2910.75097656
2013-11-21T10:20:00+00:00,5259,2810.40673828
2013-11-21T10:30:00+00:00,5259,3059.16137695
2013-11-21T10:40:00+00:00,5259,3229.07202148
2013-11-21T10:50:00+00:00,5259,3032.69183093
2013-11-21T11:00:00+00:00,5259,3174.79370117
2013-11-21T11:10:00+00:00,5259,3326.10009766
2013-11-21T11:20:00+00:00,5259,3209.44214382
2013-11-21T11:30:00+00:00,5259,3439.6640625
2013-11-21T11:40:00+00:00,5259,3373.75574446
2013-11-21T11:50:00+00:00,5259,3335.97973633
2013-11-21T12:00:00+00:00,5259,3644.33642578
2013-11-21T12:10:00+00:00,5259,3589.21801758
2013-11-21T12:20:00+00:00,5259,3813.74487305
2013-11-21T12:30:00+00:00,5259,3487.40876198
2013-11-21T12:40:00+00:00,5259,3653.93246937
2013-11-21T12:50:00+00:00,5259,3467.31445312
2013-11-21T13:00:00+00:00,5259,3821.9230957
2013-11-21T13:10:00+00:00,5259,3623.64182091
2013-11-21T13:20:00+00:00,5259,3527.65014648
2013-11-21T13:30:00+00:00,5259,3385.81715035
2013-11-21T13:40:00+00:00,5259,3290.51084
2013-11-21T13:50:00+00:00,5259,3198.34472656
2013-11-21T14:00:00+00:00,5259,3574.2878418
2013-11-21T14:10:00+00:00,5259,2951.25859833
2013-11-21T14:20:00+00:00,5259,3034.92417221
2013-11-21T14:30:00+00:00,5259,3020.69873047
2013-11-21T14:40:00+00:00,5259,2972.6410141
2013-11-21T14:50:00+00:00,5259,3068.51635742
2013-11-21T15:00:00+00:00,5259,3286.81982422
2013-11-21T15:10:00+00:00,5259,2895.22045898
2013-11-21T15:20:00+00:00,5259,3155.69140625
2013-11-21T15:30:00+00:00,5259,2997.58349609
2013-11-21T15:40:00+00:00,5259,3118.04882812
2013-11-21T15:50:00+00:00,5259,3075.08423083
2013-11-21T16:00:00+00:00,5259,3438.61089039
2013-11-21T16:10:00+00:00,5259,3198.8371582
2013-11-21T16:20:00+00:00,5259,2742.78320312
2013-11-21T16:30:00+00:00,5259,2779.89697266
2013-11-21T16:40:00+00:00,5259,2695.91918945
2013-11-21T16:50:00+00:00,5259,2972.65216529
2013-11-21T17:00:00+00:00,5259,2912.84606457
2013-11-21T17:10:00+00:00,5259,2459.65118814
2013-11-21T17:20:00+00:00,5259,2379.21875
2013-11-21T17:30:00+00:00,5259,2588.64101195
2013-11-21T17:40:00+00:00,5259,2251.2243073
2013-11-21T17:50:00+00:00,5259,2242.85840321
2013-11-21T18:00:00+00:00,5259,1976.67492676
2013-11-21T18:10:00+00:00,5259,1993.29638672
2013-11-21T18:20:00+00:00,5259,1679.66687012
2013-11-21T18:30:00+00:00,5259,1556.078125
2013-11-21T18:40:00+00:00,5259,1640.53626056
2013-11-21T18:50:00+00:00,5259,1427.10852051
2013-11-21T19:00:00+00:00,5259,1274.17822266
2013-11-21T19:10:00+00:00,5259,1548.94166088
2013-11-21T19:20:00+00:00,5259,1264.63830566
2013-11-21T19:30:00+00:00,5259,1337.41674805
2013-11-21T19:40:00+00:00,5259,1333.83789062
2013-11-21T19:50:00+00:00,5259,1162.35290527
2013-11-21T20:00:00+00:00,5259,1088.31347656
2013-11-21T20:10:00+00:00,5259,1022.04388428
2013-11-21T20:20:00+00:00,5259,1142.07629395
2013-11-21T20:30:00+00:00,5259,1022.55963135
2013-11-21T20:40:00+00:00,5259,1035.19006348
2013-11-21T20:50:00+00:00,5259,1023.9621582
2013-11-21T21:00:00+00:00,5259,1019.64483643
2013-11-21T21:10:00+00:00,5259,1122.33703613
2013-11-21T21:20:00+00:00,5259,1122.11425781
2013-11-21T21:30:00+00:00,5259,983.965759277
2013-11-21T21:40:00+00:00,5259,962.916931152
2013-11-21T21:50:00+00:00,5259,837.391967773
2013-11-21T22:00:00+00:00,5259,794.752441406
2013-11-21T22:10:00+00:00,5259,802.500061035
2013-11-21T22:20:00+00:00,5259,787.408996582
2013-11-21T22:30:00+00:00,5259,747.320739746
2013-11-21T22:40:00+00:00,5259,620.861450195
2013-11-21T22:50:00+00:00,5259,641.323425293
2013-11-21T23:00:00+00:00,5259,855.079040527
2013-11-21T23:10:00+00:00,5259,647.859558105
2013-11-21T23:20:00+00:00,5259,588.496520996
2013-11-21T23:30:00+00:00,5259,580.263793945
2013-11-21T23:40:00+00:00,5259,658.850097656
2013-11-22T00:00:00+00:00,5259,555.857788086
2013-11-22T00:10:00+00:00,5259,492.585388184
2013-11-22T00:20:00+00:00,5259,464.730621338
2013-11-22T00:30:00+00:00,5259,516.333007812
2013-11-22T00:40:00+00:00,5259,436.446960449
2013-11-22T01:10:00+00:00,5259,432.438537598
2013-11-22T01:30:00+00:00,5259,508.707366943
2013-11-22T01:50:00+00:00,5259,466.997650146
2013-11-22T03:20:00+00:00,5259,421.141937256
2013-11-22T03:40:00+00:00,5259,366.715209961
2013-11-22T03:50:00+00:00,5259,388.892974854
2013-11-22T04:20:00+00:00,5259,391.380371094
2013-11-22T04:40:00+00:00,5259,414.766723633
2013-11-22T05:00:00+00:00,5259,467.387298584
2013-11-22T05:10:00+00:00,5259,404.732452393
2013-11-22T05:20:00+00:00,5259,442.749176025
2013-11-22T05:30:00+00:00,5259,437.616668701
2013-11-22T05:40:00+00:00,5259,399.068817139
2013-11-22T06:00:00+00:00,5259,578.109802246
2013-11-22T06:10:00+00:00,5259,540.601867676
2013-11-22T06:20:00+00:00,5259,560.922912598
2013-11-22T06:30:00+00:00,5259,569.739562988
2013-11-22T06:40:00+00:00,5259,2286.58959961
2013-11-22T06:50:00+00:00,5259,1702.50427246
2013-11-22T07:00:00+00:00,5259,1565.8873291
2013-11-22T07:10:00+00:00,5259,1096.05883789
2013-11-22T07:20:00+00:00,5259,1187.05981445
2013-11-22T07:30:00+00:00,5259,1288.70837402
2013-11-22T07:40:00+00:00,5259,1752.88110352
2013-11-22T07:50:00+00:00,5259,1952.0480957
2013-11-22T08:00:00+00:00,5259,2208.50390625
2013-11-22T08:10:00+00:00,5259,2291.25146484
2013-11-22T08:20:00+00:00,5259,2504.47000249
2013-11-22T08:30:00+00:00,5259,2676.86694336
2013-11-22T08:40:00+00:00,5259,2710.33178711
2013-11-22T08:50:00+00:00,5259,2745.82995129
2013-11-22T09:00:00+00:00,5259,2882.57836914
2013-11-22T09:10:00+00:00,5259,2911.86083984
2013-11-22T09:20:00+00:00,5259,3034.22915363
2013-11-22T09:30:00+00:00,5259,3008.21328425
2013-11-22T09:40:00+00:00,5259,3101.62597656
2013-11-22T09:50:00+00:00,5259,2949.39130428
2013-11-22T10:00:00+00:00,5259,3322.77521327
2013-11-22T10:10:00+00:00,5259,2853.68914539
2013-11-22T10:20:00+00:00,5259,3080.97631836
2013-11-22T10:30:00+00:00,5259,3203.95253086
2013-11-22T10:40:00+00:00,5259,3029.78913856
2013-11-22T10:50:00+00:00,5259,3099.76722479
2013-11-22T11:00:00+00:00,5259,3209.52076942
2013-11-22T11:10:00+00:00,5259,2917.42704296
2013-11-22T11:20:00+00:00,5259,3324.9893235
2013-11-22T11:30:00+00:00,5259,3363.69824219
2013-11-22T11:40:00+00:00,5259,3666.13989258
2013-11-22T11:50:00+00:00,5259,3398.98584199
2013-11-22T12:00:00+00:00,5259,3656.26757812
2013-11-22T12:10:00+00:00,5259,3699.35961914
2013-11-22T12:20:00+00:00,5259,3700.32739951
2013-11-22T12:30:00+00:00,5259,3703.86914062
2013-11-22T12:40:00+00:00,5259,3380.40380859
2013-11-22T12:50:00+00:00,5259,3883.12164882
2013-11-22T13:00:00+00:00,5259,3558.33802652
2013-11-22T13:10:00+00:00,5259,3393.91210938
2013-11-22T13:20:00+00:00,5259,3435.13103056
2013-11-22T13:30:00+00:00,5259,3468.96005201
2013-11-22T13:40:00+00:00,5259,3426.91967773
2013-11-22T13:50:00+00:00,5259,3104.85117416
2013-11-22T14:00:00+00:00,5259,3186.74438477
2013-11-22T14:10:00+00:00,5259,3196.82910156
2013-11-22T14:20:00+00:00,5259,3313.22544861
2013-11-22T14:30:00+00:00,5259,2966.86425781
2013-11-22T14:40:00+00:00,5259,3266.31909823
2013-11-22T14:50:00+00:00,5259,2950.23144531
2013-11-22T15:00:00+00:00,5259,3226.37158203
2013-11-22T15:10:00+00:00,5259,3095.07983398
2013-11-22T15:20:00+00:00,5259,3084.58464146
2013-11-22T15:30:00+00:00,5259,3168.15356445
2013-11-22T15:40:00+00:00,5259,3021.53846484
2013-11-22T15:50:00+00:00,5259,3102.76635742
2013-11-22T16:00:00+00:00,5259,2985.2668457
2013-11-22T16:10:00+00:00,5259,2978.14653119
2013-11-22T16:20:00+00:00,5259,2857.7331543
2013-11-22T16:30:00+00:00,5259,2743.16870117
2013-11-22T16:40:00+00:00,5259,2733.68823242
2013-11-22T16:50:00+00:00,5259,2850.67724609
2013-11-22T17:00:00+00:00,5259,2506.59277344
2013-11-22T17:10:00+00:00,5259,2502.45484072
2013-11-22T17:20:00+00:00,5259,2404.53369141
2013-11-22T17:30:00+00:00,5259,2331.03051758
2013-11-22T17:40:00+00:00,5259,2108.53149414
2013-11-22T17:50:00+00:00,5259,1886.85754395
2013-11-22T18:00:00+00:00,5259,2237.70849609
2013-11-22T18:10:00+00:00,5259,2038.69641423
2013-11-22T18:20:00+00:00,5259,1601.16608584
2013-11-22T18:30:00+00:00,5259,1551.12812877
2013-11-22T18:40:00+00:00,5259,1455.71114159
2013-11-22T18:50:00+00:00,5259,1321.15991211
2013-11-22T19:00:00+00:00,5259,1447.37597656
2013-11-22T19:10:00+00:00,5259,1288.72583008
2013-11-22T19:20:00+00:00,5259,1066.3223877
2013-11-22T19:30:00+00:00,5259,1137.33251953
2013-11-22T19:40:00+00:00,5259,1141.05517578
2013-11-22T19:50:00+00:00,5259,1170.74084473
2013-11-22T20:00:00+00:00,5259,1158.30419922
2013-11-22T20:10:00+00:00,5259,993.389099121
2013-11-22T20:20:00+00:00,5259,969.319824219
2013-11-22T20:30:00+00:00,5259,1078.12792969
2013-11-22T20:40:00+00:00,5259,906.720397949
2013-11-22T20:50:00+00:00,5259,1076.35498047
2013-11-22T21:00:00+00:00,5259,1089.80981445
2013-11-22T21:10:00+00:00,5259,856.351806641
2013-11-22T21:20:00+00:00,5259,873.031616211
2013-11-22T21:30:00+00:00,5259,1000.81060791
2013-11-22T21:40:00+00:00,5259,1016.56323242
2013-11-22T21:50:00+00:00,5259,1092.39038086
2013-11-22T22:00:00+00:00,5259,955.413513184
2013-11-22T22:10:00+00:00,5259,864.974365234
2013-11-22T22:20:00+00:00,5259,906.363952637
2013-11-22T22:30:00+00:00,5259,961.788818359
2013-11-22T22:40:00+00:00,5259,861.96081543
2013-11-22T22:50:00+00:00,5259,1005.39874268
2013-11-22T23:00:00+00:00,5259,811.555358887
2013-11-22T23:10:00+00:00,5259,833.709472656
2013-11-22T23:20:00+00:00,5259,1125.29492188
2013-11-22T23:30:00+00:00,5259,1190.74072266
2013-11-22T23:40:00+00:00,5259,1074.58325195
2013-11-22T23:50:00+00:00,5259,1350.68579102
2013-11-23T00:00:00+00:00,5259,1486.35778809
2013-11-23T00:10:00+00:00,5259,1993.2578125
2013-11-23T00:20:00+00:00,5259,1765.16027832
2013-11-23T00:30:00+00:00,5259,1634.18469238
2013-11-23T00:40:00+00:00,5259,1649.61730957
2013-11-23T00:50:00+00:00,5259,1630.31750488
2013-11-23T01:10:00+00:00,5259,1394.8137207
2013-11-23T01:20:00+00:00,5259,1286.15124512
2013-11-23T01:30:00+00:00,5259,1486.31945801
2013-11-23T01:40:00+00:00,5259,1500.75817871
2013-11-23T01:50:00+00:00,5259,1150.1829834
2013-11-23T02:10:00+00:00,5259,1207.83374023
2013-11-23T02:20:00+00:00,5259,1082.76953125
2013-11-23T02:50:00+00:00,5259,814.139892578
2013-11-23T03:00:00+00:00,5259,840.354003906
2013-11-23T03:20:00+00:00,5259,599.572692871
2013-11-23T04:10:00+00:00,5259,321.39730835
2013-11-23T05:40:00+00:00,5259,334.562805176
2013-11-23T05:50:00+00:00,5259,331.589874268
2013-11-23T06:00:00+00:00,5259,373.23336792
2013-11-23T06:10:00+00:00,5259,329.305145264
2013-11-23T06:20:00+00:00,5259,339.654418945
2013-11-23T06:30:00+00:00,5259,393.895874023
2013-11-23T06:40:00+00:00,5259,353.913909912
2013-11-23T06:50:00+00:00,5259,382.997802734
2013-11-23T07:00:00+00:00,5259,393.499237061
2013-11-23T07:10:00+00:00,5259,430.856842041
2013-11-23T07:20:00+00:00,5259,391.439880371
2013-11-23T07:30:00+00:00,5259,456.972961426
2013-11-23T07:40:00+00:00,5259,413.027618408
2013-11-23T07:50:00+00:00,5259,448.237426758
2013-11-23T08:00:00+00:00,5259,543.264831543
2013-11-23T08:10:00+00:00,5259,494.652435303
2013-11-23T08:20:00+00:00,5259,515.785522461
2013-11-23T08:30:00+00:00,5259,520.445861816
2013-11-23T08:40:00+00:00,5259,562.72076416
2013-11-23T08:50:00+00:00,5259,539.333984375
2013-11-23T09:00:00+00:00,5259,591.00793457
2013-11-23T09:10:00+00:00,5259,561.164245605
2013-11-23T09:20:00+00:00,5259,535.984008789
2013-11-23T09:30:00+00:00,5259,630.898376465
2013-11-23T09:40:00+00:00,5259,596.906799316
2013-11-23T09:50:00+00:00,5259,591.430419922
2013-11-23T10:00:00+00:00,5259,569.660461426
2013-11-23T10:10:00+00:00,5259,586.552185059
2013-11-23T10:20:00+00:00,5259,682.872680664
2013-11-23T10:30:00+00:00,5259,797.221557617
2013-11-23T10:40:00+00:00,5259,663.814880371
2013-11-23T10:50:00+00:00,5259,759.833129883
2013-11-23T11:00:00+00:00,5259,756.310241699
2013-11-23T11:10:00+00:00,5259,779.68737793
2013-11-23T11:20:00+00:00,5259,667.317749023
2013-11-23T11:30:00+00:00,5259,743.544067383
2013-11-23T11:40:00+00:00,5259,693.917602539
2013-11-23T11:50:00+00:00,5259,1148.75366211
2013-11-23T12:00:00+00:00,5259,982.568664551
2013-11-23T12:10:00+00:00,5259,846.143493652
2013-11-23T12:20:00+00:00,5259,827.449768066
2013-11-23T12:30:00+00:00,5259,766.451843262
2013-11-23T12:40:00+00:00,5259,870.110046387
2013-11-23T12:50:00+00:00,5259,620.797668457
2013-11-23T13:00:00+00:00,5259,586.073791504
2013-11-23T13:10:00+00:00,5259,655.55267334
2013-11-23T13:20:00+00:00,5259,831.909301758
2013-11-23T13:30:00+00:00,5259,730.793029785
2013-11-23T13:40:00+00:00,5259,683.975341797
2013-11-23T13:50:00+00:00,5259,887.030814409
2013-11-23T14:00:00+00:00,5259,1353.29296875
2013-11-23T14:10:00+00:00,5259,898.998718262
2013-11-23T14:20:00+00:00,5259,667.043395996
2013-11-23T14:30:00+00:00,5259,685.034179688
2013-11-23T14:40:00+00:00,5259,693.269897461
2013-11-23T14:50:00+00:00,5259,655.339599609
2013-11-23T15:00:00+00:00,5259,677.848815918
2013-11-23T15:10:00+00:00,5259,571.754272461
2013-11-23T15:20:00+00:00,5259,570.934936523
2013-11-23T15:30:00+00:00,5259,671.192504883
2013-11-23T15:40:00+00:00,5259,757.910644531
2013-11-23T15:50:00+00:00,5259,619.401916504
2013-11-23T16:00:00+00:00,5259,679.511169434
2013-11-23T16:10:00+00:00,5259,613.521478653
2013-11-23T16:20:00+00:00,5259,588.984313965
2013-11-23T16:30:00+00:00,5259,644.752563477
2013-11-23T16:40:00+00:00,5259,608.384033203
2013-11-23T16:50:00+00:00,5259,612.008178711
2013-11-23T17:00:00+00:00,5259,627.292358398
2013-11-23T17:10:00+00:00,5259,803.809997559
2013-11-23T17:20:00+00:00,5259,559.840332031
2013-11-23T17:30:00+00:00,5259,541.321655273
2013-11-23T17:40:00+00:00,5259,732.712341309
2013-11-23T17:50:00+00:00,5259,505.174499512
2013-11-23T18:00:00+00:00,5259,520.702880859
2013-11-23T18:10:00+00:00,5259,581.213562012
2013-11-23T18:20:00+00:00,5259,526.638427734
2013-11-23T18:30:00+00:00,5259,499.963012695
2013-11-23T18:40:00+00:00,5259,433.220794678
2013-11-23T18:50:00+00:00,5259,498.971374512
2013-11-23T19:00:00+00:00,5259,620.34375
2013-11-23T19:10:00+00:00,5259,678.723205566
2013-11-23T19:20:00+00:00,5259,631.937561035
2013-11-23T19:30:00+00:00,5259,758.069519043
2013-11-23T19:40:00+00:00,5259,780.997192383
2013-11-23T19:50:00+00:00,5259,875.758728027
2013-11-23T20:00:00+00:00,5259,906.700500488
2013-11-23T20:10:00+00:00,5259,876.323303223
2013-11-23T20:20:00+00:00,5259,915.799682617
2013-11-23T20:30:00+00:00,5259,934.673950195
2013-11-23T20:40:00+00:00,5259,986.658752441
2013-11-23T20:50:00+00:00,5259,1010.46124268
2013-11-23T21:00:00+00:00,5259,1114.21850586
2013-11-23T21:10:00+00:00,5259,941.412963867
2013-11-23T21:20:00+00:00,5259,1429.4666748
2013-11-23T21:30:00+00:00,5259,1201.35510254
2013-11-23T21:40:00+00:00,5259,1136.70788574
2013-11-23T21:50:00+00:00,5259,1185.68249512
2013-11-23T22:00:00+00:00,5259,1170.65917969
2013-11-23T22:10:00+00:00,5259,1180.92370605
2013-11-23T22:20:00+00:00,5259,1498.0871582
2013-11-23T22:30:00+00:00,5259,1336.2298584
2013-11-23T22:40:00+00:00,5259,1359.91149902
2013-11-23T22:50:00+00:00,5259,1594.6920166
2013-11-23T23:00:00+00:00,5259,1978.45947266
2013-11-23T23:10:00+00:00,5259,2135.74462891
2013-11-23T23:20:00+00:00,5259,2249.49462891
2013-11-23T23:30:00+00:00,5259,2025.87609863
2013-11-23T23:40:00+00:00,5259,2434.88452148
2013-11-23T23:50:00+00:00,5259,2566.79321289
2013-11-24T00:00:00+00:00,5259,3137.09570312
2013-11-24T00:10:00+00:00,5259,3154.33349609
2013-11-24T00:20:00+00:00,5259,3103.14428711
2013-11-24T00:30:00+00:00,5259,3081.67285156
2013-11-24T00:40:00+00:00,5259,3058.03320312
2013-11-24T00:50:00+00:00,5259,2725.04370117
2013-11-24T01:00:00+00:00,5259,3272.12060547
2013-11-24T01:10:00+00:00,5259,2965.25268555
2013-11-24T01:20:00+00:00,5259,2972.85327148
2013-11-24T01:30:00+00:00,5259,2999.41552734
2013-11-24T01:40:00+00:00,5259,2843.21166992
2013-11-24T01:50:00+00:00,5259,2608.61254883
2013-11-24T02:00:00+00:00,5259,2628.52050781
2013-11-24T02:10:00+00:00,5259,2589.05419922
2013-11-24T02:20:00+00:00,5259,2257.45239258
2013-11-24T02:30:00+00:00,5259,2351.28344727
2013-11-24T02:40:00+00:00,5259,2001.734375
2013-11-24T02:50:00+00:00,5259,2225.30444336
2013-11-24T03:00:00+00:00,5259,2120.45947266
2013-11-24T03:10:00+00:00,5259,2067.10131836
2013-11-24T03:20:00+00:00,5259,1405.54003906
2013-11-24T03:30:00+00:00,5259,1272.63964844
2013-11-24T03:40:00+00:00,5259,1016.43341064
2013-11-24T03:50:00+00:00,5259,745.246582031
2013-11-24T04:00:00+00:00,5259,700.191223145
2013-11-24T04:10:00+00:00,5259,433.631469727
2013-11-24T04:20:00+00:00,5259,327.72265625
2013-11-24T06:30:00+00:00,5259,198.458908081
2013-11-24T06:40:00+00:00,5259,198.77243042
2013-11-24T07:10:00+00:00,5259,262.895202637
2013-11-24T07:30:00+00:00,5259,247.857467651
2013-11-24T07:40:00+00:00,5259,262.525604248
2013-11-24T07:50:00+00:00,5259,253.047943115
2013-11-24T08:00:00+00:00,5259,259.991760254
2013-11-24T08:10:00+00:00,5259,268.726989746
2013-11-24T08:20:00+00:00,5259,287.01272583
2013-11-24T08:30:00+00:00,5259,287.004577637
2013-11-24T08:40:00+00:00,5259,318.762329102
2013-11-24T08:50:00+00:00,5259,351.373077393
2013-11-24T09:00:00+00:00,5259,340.079467773
2013-11-24T09:10:00+00:00,5259,358.634796143
2013-11-24T09:20:00+00:00,5259,351.103759766
2013-11-24T09:30:00+00:00,5259,328.007202148
2013-11-24T09:40:00+00:00,5259,356.003082275
2013-11-24T09:50:00+00:00,5259,375.981079102
2013-11-24T10:00:00+00:00,5259,533.096496582
2013-11-24T10:10:00+00:00,5259,641.358703613
2013-11-24T10:20:00+00:00,5259,491.795715332
2013-11-24T10:30:00+00:00,5259,423.362030029
2013-11-24T10:40:00+00:00,5259,378.398925781
2013-11-24T10:50:00+00:00,5259,385.13482666
2013-11-24T11:00:00+00:00,5259,399.401824951
2013-11-24T11:10:00+00:00,5259,425.594970703
2013-11-24T11:20:00+00:00,5259,417.751403809
2013-11-24T11:30:00+00:00,5259,496.340148926
2013-11-24T11:40:00+00:00,5259,470.273986816
2013-11-24T11:50:00+00:00,5259,410.189758301
2013-11-24T12:00:00+00:00,5259,418.478302002
2013-11-24T12:10:00+00:00,5259,417.667297363
2013-11-24T12:20:00+00:00,5259,342.880462646
2013-11-24T12:30:00+00:00,5259,433.787017822
2013-11-24T12:40:00+00:00,5259,561.065612793
2013-11-24T12:50:00+00:00,5259,512.306884766
2013-11-24T13:00:00+00:00,5259,386.16204834
2013-11-24T13:10:00+00:00,5259,474.186798096
2013-11-24T13:20:00+00:00,5259,443.793548584
2013-11-24T13:30:00+00:00,5259,669.384887695
2013-11-24T13:40:00+00:00,5259,490.128265381
2013-11-24T13:50:00+00:00,5259,387.856506348
2013-11-24T14:00:00+00:00,5259,455.691864014
2013-11-24T14:10:00+00:00,5259,462.266937256
2013-11-24T14:20:00+00:00,5259,482.377227783
2013-11-24T14:30:00+00:00,5259,463.190887451
2013-11-24T14:40:00+00:00,5259,410.339141846
2013-11-24T14:50:00+00:00,5259,444.210998535
2013-11-24T15:00:00+00:00,5259,478.732299805
2013-11-24T15:10:00+00:00,5259,727.942871094
2013-11-24T15:20:00+00:00,5259,461.756256104
2013-11-24T15:30:00+00:00,5259,454.647857666
2013-11-24T15:40:00+00:00,5259,479.801452637
2013-11-24T15:50:00+00:00,5259,694.929931641
2013-11-24T16:00:00+00:00,5259,798.169677734
2013-11-24T16:10:00+00:00,5259,573.930236816
2013-11-24T16:20:00+00:00,5259,458.405609131
2013-11-24T16:30:00+00:00,5259,452.427185059
2013-11-24T16:40:00+00:00,5259,543.03112793
2013-11-24T16:50:00+00:00,5259,445.284118652
2013-11-24T17:00:00+00:00,5259,464.286102295
2013-11-24T17:10:00+00:00,5259,509.280700684
2013-11-24T17:20:00+00:00,5259,483.894470215
2013-11-24T17:30:00+00:00,5259,490.581970215
2013-11-24T17:40:00+00:00,5259,400.155029297
2013-11-24T17:50:00+00:00,5259,378.340118408
2013-11-24T18:00:00+00:00,5259,482.893615723
2013-11-24T18:10:00+00:00,5259,414.934112549
2013-11-24T18:20:00+00:00,5259,478.377380371
2013-11-24T18:30:00+00:00,5259,360.835021973
2013-11-24T18:40:00+00:00,5259,419.681121826
2013-11-24T18:50:00+00:00,5259,489.665161133
2013-11-24T19:00:00+00:00,5259,447.429473877
2013-11-24T19:10:00+00:00,5259,425.709106445
2013-11-24T19:20:00+00:00,5259,356.873687744
2013-11-24T19:30:00+00:00,5259,375.122619629
2013-11-24T19:40:00+00:00,5259,381.87109375
2013-11-24T19:50:00+00:00,5259,423.685424805
2013-11-24T20:00:00+00:00,5259,627.65802002
2013-11-24T20:10:00+00:00,5259,411.29498291
2013-11-24T20:20:00+00:00,5259,397.618804932
2013-11-24T20:30:00+00:00,5259,469.239074707
2013-11-24T20:40:00+00:00,5259,386.547393799
2013-11-24T20:50:00+00:00,5259,328.822540283
2013-11-24T21:00:00+00:00,5259,344.563415527
2013-11-24T21:10:00+00:00,5259,379.091888428
2013-11-24T21:20:00+00:00,5259,359.704284668
2013-11-24T21:30:00+00:00,5259,387.06137085
2013-11-24T21:40:00+00:00,5259,308.244293213
2013-11-24T21:50:00+00:00,5259,313.811096191
2013-11-24T22:00:00+00:00,5259,355.390777588
2013-11-24T22:10:00+00:00,5259,265.736328125
2013-11-24T22:20:00+00:00,5259,217.775192261
2013-11-24T22:30:00+00:00,5259,255.697555542
2013-11-24T22:40:00+00:00,5259,283.526153564
2013-11-24T22:50:00+00:00,5259,227.697723389
2013-11-24T23:00:00+00:00,5259,233.730545044
2013-11-24T23:10:00+00:00,5259,255.900268555
2013-11-24T23:20:00+00:00,5259,216.181167603
2013-11-24T23:30:00+00:00,5259,210.927703857
2013-11-24T23:40:00+00:00,5259,215.214660645
2013-11-25T00:00:00+00:00,5259,239.827163696
2013-11-25T05:00:00+00:00,5259,184.034759521
2013-11-25T05:40:00+00:00,5259,264.586883545
2013-11-25T05:50:00+00:00,5259,303.389251709
2013-11-25T06:00:00+00:00,5259,262.042358398
2013-11-25T06:10:00+00:00,5259,312.002502441
2013-11-25T06:20:00+00:00,5259,314.747192383
2013-11-25T06:30:00+00:00,5259,341.209197998
2013-11-25T06:40:00+00:00,5259,469.276824951
2013-11-25T06:50:00+00:00,5259,546.335021973
2013-11-25T07:00:00+00:00,5259,695.61126709
2013-11-25T07:10:00+00:00,5259,807.860839844
2013-11-25T07:20:00+00:00,5259,910.870361328
2013-11-25T07:30:00+00:00,5259,1200.05737305
2013-11-25T07:40:00+00:00,5259,1386.29248047
2013-11-25T07:50:00+00:00,5259,1733.85791016
2013-11-25T08:00:00+00:00,5259,1844.6607666
2013-11-25T08:10:00+00:00,5259,2139.32867897
2013-11-25T08:20:00+00:00,5259,2547.18530273
2013-11-25T08:30:00+00:00,5259,2488.71386719
2013-11-25T08:40:00+00:00,5259,2538.94262695
2013-11-25T08:50:00+00:00,5259,2534.0176076
2013-11-25T09:00:00+00:00,5259,2647.80696663
2013-11-25T09:10:00+00:00,5259,2759.30957031
2013-11-25T09:20:00+00:00,5259,2786.24560547
2013-11-25T09:30:00+00:00,5259,2832.90478516
2013-11-25T09:40:00+00:00,5259,2879.72998047
2013-11-25T09:50:00+00:00,5259,3213.51025391
2013-11-25T10:00:00+00:00,5259,2973.2722168
2013-11-25T10:10:00+00:00,5259,2864.34228516
2013-11-25T10:20:00+00:00,5259,3255.03710938
2013-11-25T10:30:00+00:00,5259,3236.39075947
2013-11-25T10:40:00+00:00,5259,2807.29638672
2013-11-25T10:50:00+00:00,5259,3070.25269222
2013-11-25T11:00:00+00:00,5259,3142.75488281
2013-11-25T11:10:00+00:00,5259,2996.96118164
2013-11-25T11:20:00+00:00,5259,3490.00718594
2013-11-25T11:30:00+00:00,5259,3238.76860524
2013-11-25T11:40:00+00:00,5259,3431.8565073
2013-11-25T11:50:00+00:00,5259,3537.68865997
2013-11-25T12:00:00+00:00,5259,3240.52424717
2013-11-25T12:10:00+00:00,5259,3581.31458187
2013-11-25T12:20:00+00:00,5259,3733.51953125
2013-11-25T12:30:00+00:00,5259,4080.88964844
2013-11-25T12:40:00+00:00,5259,3552.09033203
2013-11-25T12:50:00+00:00,5259,3440.93505859
2013-11-25T13:00:00+00:00,5259,3661.55425119
2013-11-25T13:10:00+00:00,5259,3483.7277832
2013-11-25T13:20:00+00:00,5259,3591.76238823
2013-11-25T13:30:00+00:00,5259,3227.83806443
2013-11-25T13:40:00+00:00,5259,3337.13574219
2013-11-25T13:50:00+00:00,5259,3119.43676758
2013-11-25T14:00:00+00:00,5259,3019.55053711
2013-11-25T14:10:00+00:00,5259,3062.89208984
2013-11-25T14:20:00+00:00,5259,3298.81564045
2013-11-25T14:30:00+00:00,5259,3046.99975586
2013-11-25T14:40:00+00:00,5259,3037.90585899
2013-11-25T14:50:00+00:00,5259,3123.78344727
2013-11-25T15:00:00+00:00,5259,2985.62548828
2013-11-25T15:10:00+00:00,5259,3052.31079102
2013-11-25T15:20:00+00:00,5259,3538.81959185
2013-11-25T15:30:00+00:00,5259,3216.32299805
2013-11-25T15:40:00+00:00,5259,3007.06274414
2013-11-25T15:50:00+00:00,5259,3121.66239581
2013-11-25T16:00:00+00:00,5259,2969.21386719
2013-11-25T16:10:00+00:00,5259,2752.57910156
2013-11-25T16:20:00+00:00,5259,3000.95329142
2013-11-25T16:30:00+00:00,5259,3010.35123706
2013-11-25T16:40:00+00:00,5259,2642.72290323
2013-11-25T16:50:00+00:00,5259,2715.57861328
2013-11-25T17:00:00+00:00,5259,2676.54223633
2013-11-25T17:10:00+00:00,5259,2302.00585938
2013-11-25T17:20:00+00:00,5259,2438.46979225
2013-11-25T17:30:00+00:00,5259,2675.75199604
2013-11-25T17:40:00+00:00,5259,2079.12646484
2013-11-25T17:50:00+00:00,5259,1880.36755371
2013-11-25T18:00:00+00:00,5259,1727.77099609
2013-11-25T18:10:00+00:00,5259,1667.97189522
2013-11-25T18:20:00+00:00,5259,1709.21191406
2013-11-25T18:30:00+00:00,5259,1591.66302395
2013-11-25T18:40:00+00:00,5259,1440.23010254
2013-11-25T18:50:00+00:00,5259,1396.78369141
2013-11-25T19:00:00+00:00,5259,1527.57678223
2013-11-25T19:10:00+00:00,5259,1170.9708252
2013-11-25T19:20:00+00:00,5259,1192.67260742
2013-11-25T19:30:00+00:00,5259,968.22052002
2013-11-25T19:40:00+00:00,5259,966.937438965
2013-11-25T19:50:00+00:00,5259,964.432128906
2013-11-25T20:00:00+00:00,5259,969.376586914
2013-11-25T20:10:00+00:00,5259,869.35369873
2013-11-25T20:20:00+00:00,5259,801.57598877
2013-11-25T20:30:00+00:00,5259,712.783935547
2013-11-25T20:40:00+00:00,5259,715.089782715
2013-11-25T20:50:00+00:00,5259,774.235290527
2013-11-25T21:00:00+00:00,5259,727.252624512
2013-11-25T21:10:00+00:00,5259,625.895935059
2013-11-25T21:20:00+00:00,5259,663.811828613
2013-11-25T21:30:00+00:00,5259,619.633544922
2013-11-25T21:40:00+00:00,5259,578.966918945
2013-11-25T21:50:00+00:00,5259,726.215332031
2013-11-25T22:00:00+00:00,5259,615.049865723
2013-11-25T22:10:00+00:00,5259,580.562438965
2013-11-25T22:20:00+00:00,5259,572.177734375
2013-11-25T22:30:00+00:00,5259,537.043518066
2013-11-25T22:40:00+00:00,5259,466.05682373
2013-11-25T22:50:00+00:00,5259,540.689086914
2013-11-25T23:00:00+00:00,5259,500.256835938
2013-11-25T23:10:00+00:00,5259,450.968505859
2013-11-25T23:20:00+00:00,5259,518.423095703
2013-11-25T23:30:00+00:00,5259,448.248382568
2013-11-25T23:40:00+00:00,5259,437.301300049
2013-11-26T00:00:00+00:00,5259,445.53338623
2013-11-26T00:10:00+00:00,5259,430.236785889
2013-11-26T05:10:00+00:00,5259,343.535095215
2013-11-26T05:30:00+00:00,5259,396.501647949
2013-11-26T05:50:00+00:00,5259,427.629852295
2013-11-26T06:00:00+00:00,5259,425.41305542
2013-11-26T06:10:00+00:00,5259,465.869689941
2013-11-26T06:20:00+00:00,5259,485.601959229
2013-11-26T06:30:00+00:00,5259,515.719543457
2013-11-26T06:40:00+00:00,5259,658.157409668
2013-11-26T06:50:00+00:00,5259,628.637878418
2013-11-26T07:00:00+00:00,5259,807.919433594
2013-11-26T07:10:00+00:00,5259,833.468688965
2013-11-26T07:20:00+00:00,5259,1005.9163208
2013-11-26T07:30:00+00:00,5259,1227.65148926
2013-11-26T07:40:00+00:00,5259,1455.52404785
2013-11-26T07:50:00+00:00,5259,1603.66564941
2013-11-26T08:00:00+00:00,5259,1776.20227051
2013-11-26T08:10:00+00:00,5259,2166.01463318
2013-11-26T08:20:00+00:00,5259,2527.31673145
2013-11-26T08:30:00+00:00,5259,2450.96191406
2013-11-26T08:40:00+00:00,5259,2671.49804688
2013-11-26T08:50:00+00:00,5259,3277.77519703
2013-11-26T09:00:00+00:00,5259,2810.21484375
2013-11-26T09:10:00+00:00,5259,2753.51099148
2013-11-26T09:20:00+00:00,5259,2719.08520508
2013-11-26T09:30:00+00:00,5259,2970.33688536
2013-11-26T09:40:00+00:00,5259,3189.89233398
2013-11-26T09:50:00+00:00,5259,2971.42438209
2013-11-26T10:00:00+00:00,5259,2875.08105469
2013-11-26T10:10:00+00:00,5259,3099.60839844
2013-11-26T10:20:00+00:00,5259,2880.83544922
2013-11-26T10:30:00+00:00,5259,3276.81323242
2013-11-26T10:40:00+00:00,5259,3177.33569336
2013-11-26T10:50:00+00:00,5259,3030.8996582
2013-11-26T11:00:00+00:00,5259,3257.64038086
2013-11-26T11:10:00+00:00,5259,3142.44667435
2013-11-26T11:20:00+00:00,5259,3283.92409992
2013-11-26T11:30:00+00:00,5259,3166.24975586
2013-11-26T11:40:00+00:00,5259,3481.48950195
2013-11-26T11:50:00+00:00,5259,3289.98331803
2013-11-26T12:00:00+00:00,5259,3459.24475312
2013-11-26T12:10:00+00:00,5259,3416.03224117
2013-11-26T12:20:00+00:00,5259,3437.35546875
2013-11-26T12:30:00+00:00,5259,3480.29638672
2013-11-26T12:40:00+00:00,5259,3630.45571399
2013-11-26T12:50:00+00:00,5259,3321.13321996
2013-11-26T13:00:00+00:00,5259,3204.66894531
2013-11-26T13:10:00+00:00,5259,3388.27587891
2013-11-26T13:20:00+00:00,5259,3594.55004883
2013-11-26T13:30:00+00:00,5259,3478.64720154
2013-11-26T13:40:00+00:00,5259,3325.67206955
2013-11-26T13:50:00+00:00,5259,2592.43191338
2013-11-26T14:00:00+00:00,5259,3443.30761719
2013-11-26T14:10:00+00:00,5259,3068.45825195
2013-11-26T14:20:00+00:00,5259,2849.95261383
2013-11-26T14:30:00+00:00,5259,2950.82226562
2013-11-26T14:40:00+00:00,5259,2990.97802734
2013-11-26T14:50:00+00:00,5259,2735.78607988
2013-11-26T15:00:00+00:00,5259,3267.79125977
2013-11-26T15:10:00+00:00,5259,3047.71972656
2013-11-26T15:20:00+00:00,5259,3089.91357422
2013-11-26T15:30:00+00:00,5259,2708.23095703
2013-11-26T15:40:00+00:00,5259,2801.47729492
2013-11-26T15:50:00+00:00,5259,2782.24487305
2013-11-26T16:00:00+00:00,5259,2814.71704102
2013-11-26T16:10:00+00:00,5259,2570.33090401
2013-11-26T16:20:00+00:00,5259,2784.33984375
2013-11-26T16:30:00+00:00,5259,2616.92016602
2013-11-26T16:40:00+00:00,5259,2650.16748047
2013-11-26T16:50:00+00:00,5259,2416.20776367
2013-11-26T17:00:00+00:00,5259,2599.26926661
2013-11-26T17:10:00+00:00,5259,2421.68728352
2013-11-26T17:20:00+00:00,5259,2418.265625
2013-11-26T17:30:00+00:00,5259,2052.16333008
2013-11-26T17:40:00+00:00,5259,2270.61419421
2013-11-26T17:50:00+00:00,5259,1952.56738281
2013-11-26T18:00:00+00:00,5259,1992.43088245
2013-11-26T18:10:00+00:00,5259,1820.9092958
2013-11-26T18:20:00+00:00,5259,1674.49453631
2013-11-26T18:30:00+00:00,5259,1583.37060547
2013-11-26T18:40:00+00:00,5259,1428.99914551
2013-11-26T18:50:00+00:00,5259,1383.50683594
2013-11-26T19:00:00+00:00,5259,1417.16455078
2013-11-26T19:10:00+00:00,5259,1346.50007439
2013-11-26T19:20:00+00:00,5259,1423.34008789
2013-11-26T19:30:00+00:00,5259,1309.02929688
2013-11-26T19:40:00+00:00,5259,1250.66223145
2013-11-26T19:50:00+00:00,5259,1289.57727051
2013-11-26T20:00:00+00:00,5259,1389.29541016
2013-11-26T20:10:00+00:00,5259,1080.75341797
2013-11-26T20:20:00+00:00,5259,1239.73754883
2013-11-26T20:30:00+00:00,5259,1070.98352051
2013-11-26T20:40:00+00:00,5259,1063.20593262
2013-11-26T20:50:00+00:00,5259,1010.65625
2013-11-26T21:00:00+00:00,5259,844.931640625
2013-11-26T21:10:00+00:00,5259,923.491333008
2013-11-26T21:20:00+00:00,5259,945.143615723
2013-11-26T21:30:00+00:00,5259,909.111999512
2013-11-26T21:40:00+00:00,5259,830.345581055
2013-11-26T21:50:00+00:00,5259,735.439880371
2013-11-26T22:00:00+00:00,5259,784.302978516
2013-11-26T22:10:00+00:00,5259,729.721801758
2013-11-26T22:20:00+00:00,5259,688.662780762
2013-11-26T22:30:00+00:00,5259,750.172363281
2013-11-26T22:40:00+00:00,5259,664.171264648
2013-11-26T22:50:00+00:00,5259,652.288085938
2013-11-26T23:00:00+00:00,5259,628.005493164
2013-11-26T23:10:00+00:00,5259,643.476196289
2013-11-26T23:20:00+00:00,5259,583.328918457
2013-11-26T23:30:00+00:00,5259,579.953308105
2013-11-26T23:40:00+00:00,5259,546.378845215
2013-11-26T23:50:00+00:00,5259,478.974273682
2013-11-27T00:10:00+00:00,5259,498.060943604
2013-11-27T00:20:00+00:00,5259,443.063995361
2013-11-27T01:00:00+00:00,5259,440.739349365
2013-11-27T03:30:00+00:00,5259,384.073242188
2013-11-27T05:10:00+00:00,5259,408.764007568
2013-11-27T05:30:00+00:00,5259,418.422637939
2013-11-27T05:40:00+00:00,5259,422.920196533
2013-11-27T05:50:00+00:00,5259,514.027893066
2013-11-27T06:00:00+00:00,5259,494.452606201
2013-11-27T06:10:00+00:00,5259,498.722167969
2013-11-27T06:20:00+00:00,5259,545.377807617
2013-11-27T06:30:00+00:00,5259,569.239990234
2013-11-27T06:40:00+00:00,5259,616.768920898
2013-11-27T06:50:00+00:00,5259,681.022827148
2013-11-27T07:00:00+00:00,5259,817.985839844
2013-11-27T07:10:00+00:00,5259,1048.0925293
2013-11-27T07:20:00+00:00,5259,1302.76391602
2013-11-27T07:30:00+00:00,5259,1211.60437012
2013-11-27T07:40:00+00:00,5259,1569.37878418
2013-11-27T07:50:00+00:00,5259,1759.15881348
2013-11-27T08:00:00+00:00,5259,1972.79968262
2013-11-27T08:10:00+00:00,5259,2137.00366211
2013-11-27T08:20:00+00:00,5259,2093.16235352
2013-11-27T08:30:00+00:00,5259,2319.9284668
2013-11-27T08:40:00+00:00,5259,2740.06884766
2013-11-27T08:50:00+00:00,5259,2612.06616211
2013-11-27T09:00:00+00:00,5259,2475.11184561
2013-11-27T09:10:00+00:00,5259,2739.98976803
2013-11-27T09:20:00+00:00,5259,2863.1184082
2013-11-27T09:30:00+00:00,5259,2667.08544922
2013-11-27T09:40:00+00:00,5259,2901.08178942
2013-11-27T09:50:00+00:00,5259,2743.1484375
2013-11-27T10:00:00+00:00,5259,2809.73335695
2013-11-27T10:10:00+00:00,5259,3416.47254181
2013-11-27T10:20:00+00:00,5259,2736.61525488
2013-11-27T10:30:00+00:00,5259,3048.06640625
2013-11-27T10:40:00+00:00,5259,3245.88208008
2013-11-27T10:50:00+00:00,5259,3555.45317006
2013-11-27T11:00:00+00:00,5259,3218.81201172
2013-11-27T11:10:00+00:00,5259,3230.71069336
2013-11-27T11:20:00+00:00,5259,3297.76230697
2013-11-27T11:30:00+00:00,5259,3679.43493867
2013-11-27T11:40:00+00:00,5259,4074.93139648
2013-11-27T11:50:00+00:00,5259,3718.49661151
2013-11-27T12:00:00+00:00,5259,3878.29595375
2013-11-27T12:10:00+00:00,5259,4400.65234375
2013-11-27T12:20:00+00:00,5259,3619.44168659
2013-11-27T12:30:00+00:00,5259,3606.30761719
2013-11-27T12:40:00+00:00,5259,3711.69897461
2013-11-27T12:50:00+00:00,5259,3940.35107422
2013-11-27T13:00:00+00:00,5259,3607.6181879
2013-11-27T13:10:00+00:00,5259,3904.29052734
2013-11-27T13:20:00+00:00,5259,3633.37817383
2013-11-27T13:30:00+00:00,5259,3526.94628906
2013-11-27T13:40:00+00:00,5259,3364.41821766
2013-11-27T13:50:00+00:00,5259,3348.59155273
2013-11-27T14:00:00+00:00,5259,3074.62353516
2013-11-27T14:10:00+00:00,5259,3534.39428711
2013-11-27T14:20:00+00:00,5259,3431.55325496
2013-11-27T14:30:00+00:00,5259,3545.92365813
2013-11-27T14:40:00+00:00,5259,3523.72949219
2013-11-27T14:50:00+00:00,5259,3096.82378948
2013-11-27T15:00:00+00:00,5259,3177.25066641
2013-11-27T15:10:00+00:00,5259,3227.24780273
2013-11-27T15:20:00+00:00,5259,3207.46606445
2013-11-27T15:30:00+00:00,5259,2966.69848633
2013-11-27T15:40:00+00:00,5259,3291.3269043
2013-11-27T15:50:00+00:00,5259,3197.61816406
2013-11-27T16:00:00+00:00,5259,3095.65600586
2013-11-27T16:10:00+00:00,5259,3267.21118164
2013-11-27T16:20:00+00:00,5259,2989.14404759
2013-11-27T16:30:00+00:00,5259,2820.15405273
2013-11-27T16:40:00+00:00,5259,2913.85449219
2013-11-27T16:50:00+00:00,5259,2780.43603516
2013-11-27T17:00:00+00:00,5259,2650.02225813
2013-11-27T17:10:00+00:00,5259,2468.45019531
2013-11-27T17:20:00+00:00,5259,2430.40209961
2013-11-27T17:30:00+00:00,5259,2340.30386138
2013-11-27T17:40:00+00:00,5259,2350.70019531
2013-11-27T17:50:00+00:00,5259,2090.12399769
2013-11-27T18:00:00+00:00,5259,1915.21008301
2013-11-27T18:10:00+00:00,5259,2132.32788086
2013-11-27T18:20:00+00:00,5259,1834.12390137
2013-11-27T18:30:00+00:00,5259,1852.89074707
2013-11-27T18:40:00+00:00,5259,1751.04101562
2013-11-27T18:50:00+00:00,5259,1658.11279297
2013-11-27T19:00:00+00:00,5259,1671.15270996
2013-11-27T19:10:00+00:00,5259,1513.14562988
2013-11-27T19:20:00+00:00,5259,1215.80664062
2013-11-27T19:30:00+00:00,5259,1185.49755859
2013-11-27T19:40:00+00:00,5259,1272.68225098
2013-11-27T19:50:00+00:00,5259,1488.16552734
2013-11-27T20:00:00+00:00,5259,1169.52478027
2013-11-27T20:10:00+00:00,5259,1029.53198242
2013-11-27T20:20:00+00:00,5259,895.074951172
2013-11-27T20:30:00+00:00,5259,891.461242676
2013-11-27T20:40:00+00:00,5259,990.553649902
2013-11-27T20:50:00+00:00,5259,809.107910156
2013-11-27T21:00:00+00:00,5259,797.236816406
2013-11-27T21:10:00+00:00,5259,856.496459961
2013-11-27T21:20:00+00:00,5259,786.490539551
2013-11-27T21:30:00+00:00,5259,721.411743164
2013-11-27T21:40:00+00:00,5259,798.539978027
2013-11-27T21:50:00+00:00,5259,624.79107666
2013-11-27T22:00:00+00:00,5259,673.385437012
2013-11-27T22:10:00+00:00,5259,671.583068848
2013-11-27T22:20:00+00:00,5259,595.908203125
2013-11-27T22:30:00+00:00,5259,503.275817871
2013-11-27T22:40:00+00:00,5259,589.056030273
2013-11-27T22:50:00+00:00,5259,571.47668457
2013-11-27T23:00:00+00:00,5259,517.734985352
2013-11-27T23:10:00+00:00,5259,618.427856445
2013-11-27T23:20:00+00:00,5259,658.557739258
2013-11-27T23:40:00+00:00,5259,535.302246094
2013-11-28T00:00:00+00:00,5259,574.730651855
2013-11-28T00:10:00+00:00,5259,629.293762207
2013-11-28T00:20:00+00:00,5259,485.699615479
2013-11-28T01:00:00+00:00,5259,426.739990234
2013-11-28T05:10:00+00:00,5259,462.909637451
2013-11-28T05:20:00+00:00,5259,400.754699707
2013-11-28T05:30:00+00:00,5259,423.178649902
2013-11-28T05:40:00+00:00,5259,478.418457031
2013-11-28T05:50:00+00:00,5259,422.62991333
2013-11-28T06:00:00+00:00,5259,521.651062012
2013-11-28T06:10:00+00:00,5259,553.816101074
2013-11-28T06:20:00+00:00,5259,496.30569458
2013-11-28T06:30:00+00:00,5259,579.252807617
2013-11-28T06:40:00+00:00,5259,710.878723145
2013-11-28T06:50:00+00:00,5259,691.267456055
2013-11-28T07:00:00+00:00,5259,703.900939941
2013-11-28T07:10:00+00:00,5259,883.978088379
2013-11-28T07:20:00+00:00,5259,1156.34350586
2013-11-28T07:30:00+00:00,5259,1246.07275391
2013-11-28T07:40:00+00:00,5259,1538.73193359
2013-11-28T07:50:00+00:00,5259,1812.64355469
2013-11-28T08:00:00+00:00,5259,2136.04711914
2013-11-28T08:10:00+00:00,5259,2196.27807617
2013-11-28T08:20:00+00:00,5259,2157.47070312
2013-11-28T08:30:00+00:00,5259,2427.66699219
2013-11-28T08:40:00+00:00,5259,2765.95299911
2013-11-28T08:50:00+00:00,5259,2594.33108109
2013-11-28T09:00:00+00:00,5259,2647.46867543
2013-11-28T09:10:00+00:00,5259,2701.25976562
2013-11-28T09:20:00+00:00,5259,3178.06640625
2013-11-28T09:30:00+00:00,5259,3153.88244143
2013-11-28T09:40:00+00:00,5259,3158.15209961
2013-11-28T09:50:00+00:00,5259,3516.45654297
2013-11-28T10:00:00+00:00,5259,3124.75952148
2013-11-28T10:10:00+00:00,5259,3661.74389648
2013-11-28T10:20:00+00:00,5259,3209.91407871
2013-11-28T10:30:00+00:00,5259,3234.11865234
2013-11-28T10:40:00+00:00,5259,3571.79785156
2013-11-28T10:50:00+00:00,5259,3531.40315342
2013-11-28T11:00:00+00:00,5259,3458.74169922
2013-11-28T11:10:00+00:00,5259,3428.53169727
2013-11-28T11:20:00+00:00,5259,3352.49707031
2013-11-28T11:30:00+00:00,5259,3386.02315021
2013-11-28T11:40:00+00:00,5259,3889.87434745
2013-11-28T11:50:00+00:00,5259,3798.36547852
2013-11-28T12:00:00+00:00,5259,3693.83300781
2013-11-28T12:10:00+00:00,5259,3720.90675899
2013-11-28T12:20:00+00:00,5259,3564.64477539
2013-11-28T12:30:00+00:00,5259,3434.78833008
2013-11-28T12:40:00+00:00,5259,3721.84856892
2013-11-28T12:50:00+00:00,5259,3406.42981549
2013-11-28T13:00:00+00:00,5259,3611.06738281
2013-11-28T13:10:00+00:00,5259,3394.91967773
2013-11-28T13:20:00+00:00,5259,3243.85453463
2013-11-28T13:30:00+00:00,5259,3195.07714844
2013-11-28T13:40:00+00:00,5259,3348.74853516
2013-11-28T13:50:00+00:00,5259,3223.68041992
2013-11-28T14:00:00+00:00,5259,3251.38549805
2013-11-28T14:10:00+00:00,5259,3309.75420833
2013-11-28T14:20:00+00:00,5259,3088.64675279
2013-11-28T14:30:00+00:00,5259,3259.08203125
2013-11-28T14:40:00+00:00,5259,3477.7510879
2013-11-28T14:50:00+00:00,5259,3234.0246582
2013-11-28T15:00:00+00:00,5259,2907.51171875
2013-11-28T15:10:00+00:00,5259,3384.91614628
2013-11-28T15:20:00+00:00,5259,3142.94801378
2013-11-28T15:30:00+00:00,5259,3130.08510709
2013-11-28T15:40:00+00:00,5259,3107.19658852
2013-11-28T15:50:00+00:00,5259,2970.36816406
2013-11-28T16:00:00+00:00,5259,2996.61923864
2013-11-28T16:10:00+00:00,5259,2967.61986744
2013-11-28T16:20:00+00:00,5259,2900.70874023
2013-11-28T16:30:00+00:00,5259,2859.18772364
2013-11-28T16:40:00+00:00,5259,2900.85302734
2013-11-28T16:50:00+00:00,5259,2608.02514932
2013-11-28T17:00:00+00:00,5259,2739.92437965
2013-11-28T17:10:00+00:00,5259,2527.16870117
2013-11-28T17:20:00+00:00,5259,2195.22485352
2013-11-28T17:30:00+00:00,5259,2190.4740454
2013-11-28T17:40:00+00:00,5259,2373.30712891
2013-11-28T17:50:00+00:00,5259,1992.52730355
2013-11-28T18:00:00+00:00,5259,2089.4624584
2013-11-28T18:10:00+00:00,5259,1797.50219727
2013-11-28T18:20:00+00:00,5259,1712.43652344
2013-11-28T18:30:00+00:00,5259,1555.09033203
2013-11-28T18:40:00+00:00,5259,1515.13647461
2013-11-28T18:50:00+00:00,5259,1450.47607422
2013-11-28T19:00:00+00:00,5259,1472.48327637
2013-11-28T19:10:00+00:00,5259,1427.65185547
2013-11-28T19:20:00+00:00,5259,1211.88452148
2013-11-28T19:30:00+00:00,5259,1341.32470703
2013-11-28T19:40:00+00:00,5259,1241.71411133
2013-11-28T19:50:00+00:00,5259,1194.99255371
2013-11-28T20:00:00+00:00,5259,1159.97329891
2013-11-28T20:10:00+00:00,5259,1138.00061035
2013-11-28T20:20:00+00:00,5259,1182.55737305
2013-11-28T20:30:00+00:00,5259,1237.44543457
2013-11-28T20:40:00+00:00,5259,1168.7322998
2013-11-28T20:50:00+00:00,5259,983.136474609
2013-11-28T21:00:00+00:00,5259,1058.84191895
2013-11-28T21:10:00+00:00,5259,929.118164062
2013-11-28T21:20:00+00:00,5259,813.025024414
2013-11-28T21:30:00+00:00,5259,863.068054199
2013-11-28T21:40:00+00:00,5259,907.329467773
2013-11-28T21:50:00+00:00,5259,792.659973145
2013-11-28T22:00:00+00:00,5259,724.030456543
2013-11-28T22:10:00+00:00,5259,681.540771484
2013-11-28T22:20:00+00:00,5259,659.459838867
2013-11-28T22:30:00+00:00,5259,837.059265137
2013-11-28T22:40:00+00:00,5259,577.30645752
2013-11-28T22:50:00+00:00,5259,562.582336426
2013-11-28T23:00:00+00:00,5259,531.722473145
2013-11-28T23:10:00+00:00,5259,543.872070312
2013-11-28T23:20:00+00:00,5259,505.137756348
2013-11-28T23:30:00+00:00,5259,513.660949707
2013-11-28T23:40:00+00:00,5259,507.424743652
2013-11-28T23:50:00+00:00,5259,460.93157959
2013-11-29T00:00:00+00:00,5259,494.402801514
2013-11-29T00:10:00+00:00,5259,648.886535645
2013-11-29T00:30:00+00:00,5259,456.588684082
2013-11-29T00:40:00+00:00,5259,533.441162109
2013-11-29T01:00:00+00:00,5259,449.127960205
2013-11-29T01:10:00+00:00,5259,470.855743408
2013-11-29T02:00:00+00:00,5259,489.441925049
2013-11-29T03:20:00+00:00,5259,398.347869873
2013-11-29T04:40:00+00:00,5259,455.484710693
2013-11-29T05:10:00+00:00,5259,463.815246582
2013-11-29T05:20:00+00:00,5259,446.633117676
2013-11-29T05:30:00+00:00,5259,434.939239502
2013-11-29T05:40:00+00:00,5259,511.629882812
2013-11-29T05:50:00+00:00,5259,466.310028076
2013-11-29T06:00:00+00:00,5259,556.95526123
2013-11-29T06:10:00+00:00,5259,532.784301758
2013-11-29T06:20:00+00:00,5259,569.356750488
2013-11-29T06:30:00+00:00,5259,585.929199219
2013-11-29T06:40:00+00:00,5259,791.907470703
2013-11-29T06:50:00+00:00,5259,787.090148926
2013-11-29T07:00:00+00:00,5259,824.464050293
2013-11-29T07:10:00+00:00,5259,1159.10766602
2013-11-29T07:20:00+00:00,5259,1040.61633301
2013-11-29T07:30:00+00:00,5259,1365.13378906
2013-11-29T07:40:00+00:00,5259,1502.84143066
2013-11-29T07:50:00+00:00,5259,1694.30834961
2013-11-29T08:00:00+00:00,5259,1788.11584473
2013-11-29T08:10:00+00:00,5259,2063.21020508
2013-11-29T08:20:00+00:00,5259,1986.41101074
2013-11-29T08:30:00+00:00,5259,2448.32714844
2013-11-29T08:40:00+00:00,5259,2590.03613281
2013-11-29T08:50:00+00:00,5259,2388.96679688
2013-11-29T09:00:00+00:00,5259,2460.16137695
2013-11-29T09:10:00+00:00,5259,2724.53393555
2013-11-29T09:20:00+00:00,5259,2744.35302734
2013-11-29T09:30:00+00:00,5259,2785.84814453
2013-11-29T09:40:00+00:00,5259,2800.76157093
2013-11-29T09:50:00+00:00,5259,2692.9551698
2013-11-29T10:00:00+00:00,5259,2812.49806976
2013-11-29T10:10:00+00:00,5259,2902.12988281
2013-11-29T10:20:00+00:00,5259,3098.4309082
2013-11-29T10:30:00+00:00,5259,3077.52270508
2013-11-29T10:40:00+00:00,5259,3160.99658203
2013-11-29T10:50:00+00:00,5259,3046.35681391
2013-11-29T11:00:00+00:00,5259,2904.59851599
2013-11-29T11:10:00+00:00,5259,3006.99122348
2013-11-29T11:20:00+00:00,5259,3683.6564579
2013-11-29T11:30:00+00:00,5259,3088.95270351
2013-11-29T11:40:00+00:00,5259,3282.73395896
2013-11-29T11:50:00+00:00,5259,3551.31103516
2013-11-29T12:00:00+00:00,5259,3760.26611328
2013-11-29T12:10:00+00:00,5259,3509.22973633
2013-11-29T12:20:00+00:00,5259,3491.55322266
2013-11-29T12:30:00+00:00,5259,3600.39477539
2013-11-29T12:40:00+00:00,5259,3739.30297852
2013-11-29T12:50:00+00:00,5259,3334.90087891
2013-11-29T13:00:00+00:00,5259,3637.51928711
2013-11-29T13:10:00+00:00,5259,3430.88551551
2013-11-29T13:20:00+00:00,5259,3248.44928785
2013-11-29T13:30:00+00:00,5259,3426.97241211
2013-11-29T13:40:00+00:00,5259,3324.44433594
2013-11-29T13:50:00+00:00,5259,3114.11376953
2013-11-29T14:00:00+00:00,5259,3088.5300293
2013-11-29T14:10:00+00:00,5259,3316.21145573
2013-11-29T14:20:00+00:00,5259,3142.57104492
2013-11-29T14:30:00+00:00,5259,2970.37627506
2013-11-29T14:40:00+00:00,5259,3099.02807617
2013-11-29T14:50:00+00:00,5259,3202.93579102
2013-11-29T15:00:00+00:00,5259,3385.88550267
2013-11-29T15:10:00+00:00,5259,3261.20556641
2013-11-29T15:20:00+00:00,5259,3440.91186523
2013-11-29T15:30:00+00:00,5259,3112.2915707
2013-11-29T15:40:00+00:00,5259,3350.23047191
2013-11-29T15:50:00+00:00,5259,3241.41601562
2013-11-29T16:00:00+00:00,5259,3149.76538086
2013-11-29T16:10:00+00:00,5259,2803.53076172
2013-11-29T16:20:00+00:00,5259,3009.90332031
2013-11-29T16:30:00+00:00,5259,3170.25097656
2013-11-29T16:40:00+00:00,5259,2889.14648438
2013-11-29T16:50:00+00:00,5259,2561.17089844
2013-11-29T17:00:00+00:00,5259,2470.91455078
2013-11-29T17:10:00+00:00,5259,2557.32446289
2013-11-29T17:20:00+00:00,5259,2098.79589844
2013-11-29T17:30:00+00:00,5259,2029.47790527
2013-11-29T17:40:00+00:00,5259,2126.86572266
2013-11-29T17:50:00+00:00,5259,1884.70666504
2013-11-29T18:00:00+00:00,5259,1815.76733398
2013-11-29T18:10:00+00:00,5259,1530.19665527
2013-11-29T18:20:00+00:00,5259,1434.04626465
2013-11-29T18:30:00+00:00,5259,1436.81945801
2013-11-29T18:40:00+00:00,5259,1219.54858613
2013-11-29T18:50:00+00:00,5259,1142.31506348
2013-11-29T19:00:00+00:00,5259,1416.49145508
2013-11-29T19:10:00+00:00,5259,1373.12182617
2013-11-29T19:20:00+00:00,5259,1484.14733887
2013-11-29T19:30:00+00:00,5259,1050.30615234
2013-11-29T19:40:00+00:00,5259,1060.18200684
2013-11-29T19:50:00+00:00,5259,928.217163086
2013-11-29T20:00:00+00:00,5259,890.035705566
2013-11-29T20:10:00+00:00,5259,904.18157959
2013-11-29T20:20:00+00:00,5259,797.049255371
2013-11-29T20:30:00+00:00,5259,928.438171387
2013-11-29T20:40:00+00:00,5259,867.298156738
2013-11-29T20:50:00+00:00,5259,749.517883301
2013-11-29T21:00:00+00:00,5259,744.641845703
2013-11-29T21:10:00+00:00,5259,726.188476562
2013-11-29T21:20:00+00:00,5259,764.465698242
2013-11-29T21:30:00+00:00,5259,815.348510742
2013-11-29T21:40:00+00:00,5259,842.298156738
2013-11-29T21:50:00+00:00,5259,686.894775391
2013-11-29T22:00:00+00:00,5259,697.70880127
2013-11-29T22:10:00+00:00,5259,748.213500977
2013-11-29T22:20:00+00:00,5259,677.623962402
2013-11-29T22:30:00+00:00,5259,868.50769043
2013-11-29T22:40:00+00:00,5259,1015.76080322
2013-11-29T22:50:00+00:00,5259,1005.21936035
2013-11-29T23:00:00+00:00,5259,1254.0579834
2013-11-29T23:10:00+00:00,5259,1384.45349121
2013-11-29T23:20:00+00:00,5259,1314.92602539
2013-11-29T23:30:00+00:00,5259,1395.74938965
2013-11-29T23:40:00+00:00,5259,1515.10107422
2013-11-29T23:50:00+00:00,5259,1506.43688965
2013-11-30T00:00:00+00:00,5259,1443.14758301
2013-11-30T00:10:00+00:00,5259,1811.73168945
2013-11-30T00:20:00+00:00,5259,1808.90014648
2013-11-30T00:30:00+00:00,5259,1812.88366699
2013-11-30T00:40:00+00:00,5259,1766.3067627
2013-11-30T00:50:00+00:00,5259,1677.17199707
2013-11-30T01:00:00+00:00,5259,1819.60144043
2013-11-30T01:10:00+00:00,5259,1865.93823242
2013-11-30T01:20:00+00:00,5259,1786.35424805
2013-11-30T01:30:00+00:00,5259,1772.52124023
2013-11-30T01:40:00+00:00,5259,1682.78515625
2013-11-30T01:50:00+00:00,5259,1520.61560059
2013-11-30T02:00:00+00:00,5259,1553.34887695
2013-11-30T02:10:00+00:00,5259,1482.21337891
2013-11-30T02:20:00+00:00,5259,1301.92163086
2013-11-30T02:30:00+00:00,5259,1032.76721191
2013-11-30T02:40:00+00:00,5259,1013.27716064
2013-11-30T02:50:00+00:00,5259,907.339294434
2013-11-30T03:10:00+00:00,5259,828.435241699
2013-11-30T03:20:00+00:00,5259,614.68548584
2013-11-30T03:30:00+00:00,5259,792.880065918
2013-11-30T03:40:00+00:00,5259,520.879150391
2013-11-30T05:30:00+00:00,5259,359.984191895
2013-11-30T05:40:00+00:00,5259,341.511474609
2013-11-30T06:00:00+00:00,5259,377.318756104
2013-11-30T06:10:00+00:00,5259,424.832733154
2013-11-30T06:20:00+00:00,5259,380.043518066
2013-11-30T06:30:00+00:00,5259,345.534698486
2013-11-30T06:40:00+00:00,5259,382.227874756
2013-11-30T06:50:00+00:00,5259,348.752105713
2013-11-30T07:00:00+00:00,5259,418.585418701
2013-11-30T07:10:00+00:00,5259,579.848876953
2013-11-30T07:20:00+00:00,5259,392.580749512
2013-11-30T07:30:00+00:00,5259,414.463745117
2013-11-30T07:40:00+00:00,5259,472.943511963
2013-11-30T07:50:00+00:00,5259,430.919647217
2013-11-30T08:00:00+00:00,5259,463.975646973
2013-11-30T08:10:00+00:00,5259,527.322631836
2013-11-30T08:20:00+00:00,5259,536.360107422
2013-11-30T08:30:00+00:00,5259,515.309326172
2013-11-30T08:40:00+00:00,5259,580.508239746
2013-11-30T08:50:00+00:00,5259,618.898254395
2013-11-30T09:00:00+00:00,5259,581.537841797
2013-11-30T09:10:00+00:00,5259,598.649414062
2013-11-30T09:20:00+00:00,5259,618.752075195
2013-11-30T09:30:00+00:00,5259,602.064575195
2013-11-30T09:40:00+00:00,5259,753.873596191
2013-11-30T09:50:00+00:00,5259,604.677368164
2013-11-30T10:00:00+00:00,5259,652.360534668
2013-11-30T10:10:00+00:00,5259,732.385681152
2013-11-30T10:20:00+00:00,5259,898.146057129
2013-11-30T10:30:00+00:00,5259,677.499023438
2013-11-30T10:40:00+00:00,5259,721.599487305
2013-11-30T10:50:00+00:00,5259,783.593261719
2013-11-30T11:00:00+00:00,5259,620.230834961
2013-11-30T11:10:00+00:00,5259,697.39666748
2013-11-30T11:20:00+00:00,5259,628.980041504
2013-11-30T11:30:00+00:00,5259,657.35534668
2013-11-30T11:40:00+00:00,5259,597.476501465
2013-11-30T11:50:00+00:00,5259,607.028015137
2013-11-30T12:00:00+00:00,5259,640.136901855
2013-11-30T12:10:00+00:00,5259,619.700500488
2013-11-30T12:20:00+00:00,5259,924.829040527
2013-11-30T12:30:00+00:00,5259,828.171691895
2013-11-30T12:40:00+00:00,5259,846.133255482
2013-11-30T12:50:00+00:00,5259,798.780273438
2013-11-30T13:00:00+00:00,5259,698.049499512
2013-11-30T13:10:00+00:00,5259,673.401184082
2013-11-30T13:20:00+00:00,5259,681.490478516
2013-11-30T13:30:00+00:00,5259,932.29498291
2013-11-30T13:40:00+00:00,5259,777.925720215
2013-11-30T13:50:00+00:00,5259,768.736816406
2013-11-30T14:00:00+00:00,5259,775.026977539
2013-11-30T14:10:00+00:00,5259,717.332824707
2013-11-30T14:20:00+00:00,5259,847.611877441
2013-11-30T14:30:00+00:00,5259,661.298278809
2013-11-30T14:40:00+00:00,5259,767.171726286
2013-11-30T14:50:00+00:00,5259,788.305908203
2013-11-30T15:00:00+00:00,5259,614.701477051
2013-11-30T15:10:00+00:00,5259,771.192382812
2013-11-30T15:20:00+00:00,5259,732.410217285
2013-11-30T15:30:00+00:00,5259,604.726623535
2013-11-30T15:40:00+00:00,5259,769.553222656
2013-11-30T15:50:00+00:00,5259,727.638671875
2013-11-30T16:00:00+00:00,5259,657.560615063
2013-11-30T16:10:00+00:00,5259,1016.91625977
2013-11-30T16:20:00+00:00,5259,606.807556152
2013-11-30T16:30:00+00:00,5259,655.287597656
2013-11-30T16:40:00+00:00,5259,856.265014648
2013-11-30T16:50:00+00:00,5259,669.288574219
2013-11-30T17:00:00+00:00,5259,621.987548828
2013-11-30T17:10:00+00:00,5259,671.052368164
2013-11-30T17:20:00+00:00,5259,751.943847656
2013-11-30T17:30:00+00:00,5259,573.468811035
2013-11-30T17:40:00+00:00,5259,609.090942383
2013-11-30T17:50:00+00:00,5259,590.008361816
2013-11-30T18:00:00+00:00,5259,623.57279712
2013-11-30T18:10:00+00:00,5259,809.777038574
2013-11-30T18:20:00+00:00,5259,642.371154785
2013-11-30T18:30:00+00:00,5259,576.215698242
2013-11-30T18:40:00+00:00,5259,613.397705078
2013-11-30T18:50:00+00:00,5259,540.473937988
2013-11-30T19:00:00+00:00,5259,528.52923584
2013-11-30T19:10:00+00:00,5259,556.926208496
2013-11-30T19:20:00+00:00,5259,542.857910156
2013-11-30T19:30:00+00:00,5259,494.378814697
2013-11-30T19:40:00+00:00,5259,868.56427002
2013-11-30T19:50:00+00:00,5259,628.698730469
2013-11-30T20:00:00+00:00,5259,579.875549316
2013-11-30T20:10:00+00:00,5259,597.012695312
2013-11-30T20:20:00+00:00,5259,630.578796387
2013-11-30T20:30:00+00:00,5259,626.327819824
2013-11-30T20:40:00+00:00,5259,527.834899902
2013-11-30T20:50:00+00:00,5259,530.496948242
2013-11-30T21:00:00+00:00,5259,495.404205322
2013-11-30T21:10:00+00:00,5259,636.330322266
2013-11-30T21:20:00+00:00,5259,542.58972168
2013-11-30T21:30:00+00:00,5259,543.763977051
2013-11-30T21:40:00+00:00,5259,611.387207031
2013-11-30T21:50:00+00:00,5259,572.56036377
2013-11-30T22:00:00+00:00,5259,510.378448486
2013-11-30T22:10:00+00:00,5259,589.97644043
2013-11-30T22:20:00+00:00,5259,531.809875488
2013-11-30T22:30:00+00:00,5259,568.896606445
2013-11-30T22:40:00+00:00,5259,546.22076416
2013-11-30T22:50:00+00:00,5259,561.241699219
2013-11-30T23:00:00+00:00,5259,710.191833496
2013-11-30T23:10:00+00:00,5259,837.953613281
2013-11-30T23:20:00+00:00,5259,1240.63696289
2013-11-30T23:30:00+00:00,5259,976.500305176
2013-11-30T23:40:00+00:00,5259,1231.50622559
2013-11-30T23:50:00+00:00,5259,1333.79150391
2013-12-01T00:00:00+00:00,5259,1361.61572266
2013-12-01T00:10:00+00:00,5259,1435.54528809
2013-12-01T00:20:00+00:00,5259,1434.20300293
2013-12-01T00:30:00+00:00,5259,1575.56616211
2013-12-01T00:40:00+00:00,5259,1466.82714844
2013-12-01T00:50:00+00:00,5259,1754.32971191
2013-12-01T01:00:00+00:00,5259,1404.55834961
2013-12-01T01:10:00+00:00,5259,1646.7220459
2013-12-01T01:20:00+00:00,5259,1473.42126465
2013-12-01T01:30:00+00:00,5259,1435.47888184
2013-12-01T01:40:00+00:00,5259,1372.32104492
2013-12-01T01:50:00+00:00,5259,1474.08898926
2013-12-01T02:00:00+00:00,5259,1579.6003418
2013-12-01T02:10:00+00:00,5259,1361.48986816
2013-12-01T02:20:00+00:00,5259,1314.81958008
2013-12-01T02:30:00+00:00,5259,1463.82788086
2013-12-01T02:40:00+00:00,5259,1526.60974121
2013-12-01T02:50:00+00:00,5259,1327.50720215
2013-12-01T03:00:00+00:00,5259,1112.68994141
2013-12-01T03:10:00+00:00,5259,1267.28796387
2013-12-01T03:20:00+00:00,5259,1232.55627441
2013-12-01T03:30:00+00:00,5259,811.051086426
2013-12-01T04:10:00+00:00,5259,320.447601318
2013-12-01T04:20:00+00:00,5259,368.929840088
2013-12-01T04:30:00+00:00,5259,354.853363037
2013-12-01T06:00:00+00:00,5259,144.656539917
2013-12-01T06:40:00+00:00,5259,161.342330933
2013-12-01T06:50:00+00:00,5259,200.692199707
2013-12-01T07:00:00+00:00,5259,169.91468811
2013-12-01T07:10:00+00:00,5259,210.359863281
2013-12-01T07:20:00+00:00,5259,164.0652771
2013-12-01T07:30:00+00:00,5259,201.178024292
2013-12-01T07:40:00+00:00,5259,185.004760742
2013-12-01T08:00:00+00:00,5259,200.089050293
2013-12-01T08:10:00+00:00,5259,208.008178711
2013-12-01T08:20:00+00:00,5259,337.695556641
2013-12-01T08:30:00+00:00,5259,225.850891113
2013-12-01T08:40:00+00:00,5259,225.067596436
2013-12-01T08:50:00+00:00,5259,355.300079346
2013-12-01T09:00:00+00:00,5259,277.768371582
2013-12-01T09:10:00+00:00,5259,454.467102051
2013-12-01T09:20:00+00:00,5259,359.026397705
2013-12-01T09:30:00+00:00,5259,317.981536865
2013-12-01T09:40:00+00:00,5259,317.258544922
2013-12-01T09:50:00+00:00,5259,370.556304932
2013-12-01T10:00:00+00:00,5259,330.52947998
2013-12-01T10:10:00+00:00,5259,389.012298584
2013-12-01T10:20:00+00:00,5259,336.626037598
2013-12-01T10:30:00+00:00,5259,365.270172119
2013-12-01T10:40:00+00:00,5259,432.329772949
2013-12-01T10:50:00+00:00,5259,428.887786865
2013-12-01T11:00:00+00:00,5259,414.689300537
2013-12-01T11:10:00+00:00,5259,532.512878418
2013-12-01T11:20:00+00:00,5259,383.320465088
2013-12-01T11:30:00+00:00,5259,347.446960449
2013-12-01T11:40:00+00:00,5259,383.070739746
2013-12-01T11:50:00+00:00,5259,392.868249953
2013-12-01T12:00:00+00:00,5259,376.45803833
2013-12-01T12:10:00+00:00,5259,391.229766846
2013-12-01T12:20:00+00:00,5259,402.476928711
2013-12-01T12:30:00+00:00,5259,414.546569824
2013-12-01T12:40:00+00:00,5259,463.439575195
2013-12-01T12:50:00+00:00,5259,493.175476074
2013-12-01T13:00:00+00:00,5259,471.807769775
2013-12-01T13:10:00+00:00,5259,469.096160889
2013-12-01T13:20:00+00:00,5259,500.083496094
2013-12-01T13:30:00+00:00,5259,508.430725098
2013-12-01T13:40:00+00:00,5259,505.43170166
2013-12-01T13:50:00+00:00,5259,469.712615967
2013-12-01T14:00:00+00:00,5259,485.224914551
2013-12-01T14:10:00+00:00,5259,517.043701172
2013-12-01T14:20:00+00:00,5259,428.313781738
2013-12-01T14:30:00+00:00,5259,374.878814697
2013-12-01T14:40:00+00:00,5259,450.693878174
2013-12-01T14:50:00+00:00,5259,535.671203613
2013-12-01T15:00:00+00:00,5259,451.815368652
2013-12-01T15:10:00+00:00,5259,540.139343262
2013-12-01T15:20:00+00:00,5259,555.134338379
2013-12-01T15:30:00+00:00,5259,515.153076172
2013-12-01T15:40:00+00:00,5259,524.29510498
2013-12-01T15:50:00+00:00,5259,513.886657715
2013-12-01T16:00:00+00:00,5259,477.177429199
2013-12-01T16:10:00+00:00,5259,413.789520264
2013-12-01T16:20:00+00:00,5259,437.883148193
2013-12-01T16:30:00+00:00,5259,432.146728516
2013-12-01T16:40:00+00:00,5259,486.369689941
2013-12-01T16:50:00+00:00,5259,458.9737854
2013-12-01T17:00:00+00:00,5259,456.134857178
2013-12-01T17:10:00+00:00,5259,452.471954346
2013-12-01T17:20:00+00:00,5259,446.676879883
2013-12-01T17:30:00+00:00,5259,562.32043457
2013-12-01T17:40:00+00:00,5259,537.786743164
2013-12-01T17:50:00+00:00,5259,655.763366699
2013-12-01T18:00:00+00:00,5259,520.153076172
2013-12-01T18:10:00+00:00,5259,538.136413574
2013-12-01T18:20:00+00:00,5259,933.295227051
2013-12-01T18:30:00+00:00,5259,550.066711426
2013-12-01T18:40:00+00:00,5259,519.326721191
2013-12-01T18:50:00+00:00,5259,453.741119385
2013-12-01T19:00:00+00:00,5259,326.67098999
2013-12-01T19:10:00+00:00,5259,311.432128906
2013-12-01T19:20:00+00:00,5259,336.318145752
2013-12-01T19:30:00+00:00,5259,341.565826416
2013-12-01T19:40:00+00:00,5259,327.687133789
2013-12-01T19:50:00+00:00,5259,267.796173096
2013-12-01T20:00:00+00:00,5259,316.814971924
2013-12-01T20:10:00+00:00,5259,299.874328613
2013-12-01T20:20:00+00:00,5259,273.102478027
2013-12-01T20:30:00+00:00,5259,329.205963135
2013-12-01T20:40:00+00:00,5259,372.868255615
2013-12-01T20:50:00+00:00,5259,242.812438965
2013-12-01T21:00:00+00:00,5259,251.34211731
2013-12-01T21:10:00+00:00,5259,368.390411377
2013-12-01T21:20:00+00:00,5259,300.948913574
2013-12-01T21:30:00+00:00,5259,321.0284729
2013-12-01T21:40:00+00:00,5259,350.346252441
2013-12-01T21:50:00+00:00,5259,332.489898682
2013-12-01T22:00:00+00:00,5259,303.079467773
2013-12-01T22:10:00+00:00,5259,341.62097168
2013-12-01T22:20:00+00:00,5259,241.410339355
2013-12-01T22:30:00+00:00,5259,228.831253052
2013-12-01T22:40:00+00:00,5259,192.835998535
2013-12-01T22:50:00+00:00,5259,182.637008667
2013-12-01T23:00:00+00:00,5259,218.393707275
2013-12-01T23:10:00+00:00,5259,201.934585571
2013-12-01T23:20:00+00:00,5259,164.331161499
2013-12-01T23:30:00+00:00,5259,166.110183716
2013-12-01T23:40:00+00:00,5259,184.544921875
2013-12-02T01:00:00+00:00,5259,145.90057373
2013-12-02T04:10:00+00:00,5259,141.067810059
2013-12-02T04:40:00+00:00,5259,129.148162842
2013-12-02T04:50:00+00:00,5259,115.386009216
2013-12-02T05:00:00+00:00,5259,140.149658203
2013-12-02T05:10:00+00:00,5259,135.385696411
2013-12-02T05:20:00+00:00,5259,118.204063416
2013-12-02T05:30:00+00:00,5259,152.777648926
2013-12-02T05:40:00+00:00,5259,149.701080322
2013-12-02T05:50:00+00:00,5259,176.692626953
2013-12-02T06:00:00+00:00,5259,251.230895996
2013-12-02T06:10:00+00:00,5259,259.606018066
2013-12-02T06:20:00+00:00,5259,272.47769165
2013-12-02T06:30:00+00:00,5259,292.133056641
2013-12-02T06:40:00+00:00,5259,440.122833252
2013-12-02T06:50:00+00:00,5259,448.009399414
2013-12-02T07:00:00+00:00,5259,643.746032715
2013-12-02T07:10:00+00:00,5259,742.301391602
2013-12-02T07:20:00+00:00,5259,699.882629395
2013-12-02T07:30:00+00:00,5259,1047.67956543
2013-12-02T07:40:00+00:00,5259,1244.5567627
2013-12-02T07:50:00+00:00,5259,1452.38842773
2013-12-02T08:00:00+00:00,5259,1779.31530762
2013-12-02T08:10:00+00:00,5259,2059.80918197
2013-12-02T08:20:00+00:00,5259,1987.67226548
2013-12-02T08:30:00+00:00,5259,2246.87695312
2013-12-02T08:40:00+00:00,5259,2233.26586914
2013-12-02T08:50:00+00:00,5259,2261.95922852
2013-12-02T09:00:00+00:00,5259,2504.36329269
2013-12-02T09:10:00+00:00,5259,2435.22192383
2013-12-02T09:20:00+00:00,5259,2427.49882054
2013-12-02T09:30:00+00:00,5259,2600.13989258
2013-12-02T09:40:00+00:00,5259,2560.95654297
2013-12-02T09:50:00+00:00,5259,2717.08056641
2013-12-02T10:00:00+00:00,5259,2813.76586914
2013-12-02T10:10:00+00:00,5259,2673.3515625
2013-12-02T10:20:00+00:00,5259,2822.12036133
2013-12-02T10:30:00+00:00,5259,2612.35595703
2013-12-02T10:40:00+00:00,5259,2710.99462891
2013-12-02T10:50:00+00:00,5259,2704.97509766
2013-12-02T11:00:00+00:00,5259,2764.23828125
2013-12-02T11:10:00+00:00,5259,2916.52172852
2013-12-02T11:20:00+00:00,5259,2816.77001953
2013-12-02T11:30:00+00:00,5259,2995.10302734
2013-12-02T11:40:00+00:00,5259,3084.55786133
2013-12-02T11:50:00+00:00,5259,3496.92358398
2013-12-02T12:00:00+00:00,5259,3256.86428785
2013-12-02T12:10:00+00:00,5259,3474.15869141
2013-12-02T12:20:00+00:00,5259,3299.74633789
2013-12-02T12:30:00+00:00,5259,3367.70605469
2013-12-02T12:40:00+00:00,5259,3153.05639648
2013-12-02T12:50:00+00:00,5259,1727.83312988
2013-12-02T13:00:00+00:00,5259,1705.37353516
2013-12-02T13:10:00+00:00,5259,1477.84887695
2013-12-02T13:20:00+00:00,5259,1355.82737714
2013-12-02T13:30:00+00:00,5259,1306.17297363
2013-12-02T13:40:00+00:00,5259,1316.05749512
2013-12-02T13:50:00+00:00,5259,1296.75927734
2013-12-02T14:00:00+00:00,5259,2163.76416016
2013-12-02T14:10:00+00:00,5259,2432.06375249
2013-12-02T14:20:00+00:00,5259,2010.18024257
2013-12-02T14:30:00+00:00,5259,2086.01904297
2013-12-02T14:40:00+00:00,5259,2266.8828125
2013-12-02T14:50:00+00:00,5259,2352.16186523
2013-12-02T15:00:00+00:00,5259,2270.53833008
2013-12-02T15:10:00+00:00,5259,2670.64065266
2013-12-02T15:20:00+00:00,5259,2581.85424805
2013-12-02T15:30:00+00:00,5259,2686.08349609
2013-12-02T15:40:00+00:00,5259,2494.57519531
2013-12-02T15:50:00+00:00,5259,2620.08496094
2013-12-02T16:00:00+00:00,5259,2458.37625018
2013-12-02T16:10:00+00:00,5259,2473.87353516
2013-12-02T16:20:00+00:00,5259,2382.21289062
2013-12-02T16:30:00+00:00,5259,2597.33060884
2013-12-02T16:40:00+00:00,5259,2374.40283203
2013-12-02T16:50:00+00:00,5259,2194.26489258
2013-12-02T17:00:00+00:00,5259,2383.83056641
2013-12-02T17:10:00+00:00,5259,2448.65112305
2013-12-02T17:20:00+00:00,5259,2065.33984375
2013-12-02T17:30:00+00:00,5259,2109.09863281
2013-12-02T17:40:00+00:00,5259,2395.36279297
2013-12-02T17:50:00+00:00,5259,2238.3293457
2013-12-02T18:00:00+00:00,5259,1811.87475586
2013-12-02T18:10:00+00:00,5259,1736.13183594
2013-12-02T18:20:00+00:00,5259,1756.31811523
2013-12-02T18:30:00+00:00,5259,1615.67578125
2013-12-02T18:40:00+00:00,5259,1586.62837011
2013-12-02T18:50:00+00:00,5259,1389.30578613
2013-12-02T19:00:00+00:00,5259,1316.62634277
2013-12-02T19:10:00+00:00,5259,1253.02905273
2013-12-02T19:20:00+00:00,5259,1094.41809082
2013-12-02T19:30:00+00:00,5259,1207.12780762
2013-12-02T19:40:00+00:00,5259,1085.0189209
2013-12-02T19:50:00+00:00,5259,816.308166504
2013-12-02T20:00:00+00:00,5259,844.612548828
2013-12-02T20:10:00+00:00,5259,877.651062012
2013-12-02T20:20:00+00:00,5259,897.74230957
2013-12-02T20:30:00+00:00,5259,778.230834961
2013-12-02T20:40:00+00:00,5259,719.309265137
2013-12-02T20:50:00+00:00,5259,693.472167969
2013-12-02T21:00:00+00:00,5259,726.97265625
2013-12-02T21:10:00+00:00,5259,647.470031738
2013-12-02T21:20:00+00:00,5259,600.328796387
2013-12-02T21:30:00+00:00,5259,582.469970703
2013-12-02T21:40:00+00:00,5259,528.593261719
2013-12-02T21:50:00+00:00,5259,585.591552734
2013-12-02T22:00:00+00:00,5259,547.330932617
2013-12-02T22:10:00+00:00,5259,486.678253174
2013-12-02T22:20:00+00:00,5259,516.144042969
2013-12-02T22:30:00+00:00,5259,469.391479492
2013-12-02T22:40:00+00:00,5259,423.00579834
2013-12-02T22:50:00+00:00,5259,442.539764404
2013-12-02T23:00:00+00:00,5259,428.801086426
2013-12-02T23:10:00+00:00,5259,669.858154297
2013-12-02T23:20:00+00:00,5259,413.064453125
2013-12-02T23:30:00+00:00,5259,491.850219727
2013-12-02T23:50:00+00:00,5259,345.353912354
2013-12-03T00:00:00+00:00,5259,439.302032471
2013-12-03T01:20:00+00:00,5259,326.897857666
2013-12-03T03:40:00+00:00,5259,261.130249023
2013-12-03T04:50:00+00:00,5259,308.876556396
2013-12-03T05:10:00+00:00,5259,288.411682129
2013-12-03T05:20:00+00:00,5259,306.005218506
2013-12-03T05:30:00+00:00,5259,339.539031982
2013-12-03T05:40:00+00:00,5259,300.122589111
2013-12-03T05:50:00+00:00,5259,446.522857666
2013-12-03T06:00:00+00:00,5259,450.74987793
2013-12-03T06:10:00+00:00,5259,398.729827881
2013-12-03T06:20:00+00:00,5259,525.119506836
2013-12-03T06:30:00+00:00,5259,486.180023193
2013-12-03T06:40:00+00:00,5259,493.628479004
2013-12-03T06:50:00+00:00,5259,841.098449707
2013-12-03T07:00:00+00:00,5259,893.298339844
2013-12-03T07:10:00+00:00,5259,798.41986084
2013-12-03T07:20:00+00:00,5259,1066.37976074
2013-12-03T07:30:00+00:00,5259,1465.52636719
2013-12-03T07:40:00+00:00,5259,1543.61083984
2013-12-03T07:50:00+00:00,5259,1653.65356445
2013-12-03T08:00:00+00:00,5259,2100.54174805
2013-12-03T08:10:00+00:00,5259,2128.64355469
2013-12-03T08:20:00+00:00,5259,2287.86450195
2013-12-03T08:30:00+00:00,5259,2532.44213867
2013-12-03T08:40:00+00:00,5259,2519.93776868
2013-12-03T08:50:00+00:00,5259,2527.6562646
2013-12-03T09:00:00+00:00,5259,2657.95507812
2013-12-03T09:10:00+00:00,5259,2742.96238899
2013-12-03T09:20:00+00:00,5259,2695.17948699
2013-12-03T09:30:00+00:00,5259,2923.58076239
2013-12-03T09:40:00+00:00,5259,2923.61230469
2013-12-03T09:50:00+00:00,5259,2752.765625
2013-12-03T10:00:00+00:00,5259,3052.57343319
2013-12-03T10:10:00+00:00,5259,2953.33556366
2013-12-03T10:20:00+00:00,5259,2926.18798828
2013-12-03T10:30:00+00:00,5259,3068.80053711
2013-12-03T10:40:00+00:00,5259,3155.05064201
2013-12-03T10:50:00+00:00,5259,2948.97053432
2013-12-03T11:00:00+00:00,5259,3119.00373495
2013-12-03T11:10:00+00:00,5259,3088.17017169
2013-12-03T11:20:00+00:00,5259,3592.3125
2013-12-03T11:30:00+00:00,5259,3294.46868688
2013-12-03T11:40:00+00:00,5259,3308.27709961
2013-12-03T11:50:00+00:00,5259,3602.05419922
2013-12-03T12:00:00+00:00,5259,3556.75024414
2013-12-03T12:10:00+00:00,5259,3487.18652344
2013-12-03T12:20:00+00:00,5259,3512.09472656
2013-12-03T12:30:00+00:00,5259,3812.74658203
2013-12-03T12:40:00+00:00,5259,3731.25574207
2013-12-03T12:50:00+00:00,5259,3469.22680664
2013-12-03T13:00:00+00:00,5259,3506.44067383
2013-12-03T13:10:00+00:00,5259,3566.42052031
2013-12-03T13:20:00+00:00,5259,3218.99617136
2013-12-03T13:30:00+00:00,5259,3403.35205078
2013-12-03T13:40:00+00:00,5259,3201.2175293
2013-12-03T13:50:00+00:00,5259,3265.35560751
2013-12-03T14:00:00+00:00,5259,3234.09937719
2013-12-03T14:10:00+00:00,5259,3071.63230133
2013-12-03T14:20:00+00:00,5259,3338.90551758
2013-12-03T14:30:00+00:00,5259,3024.77026367
2013-12-03T14:40:00+00:00,5259,3129.9027108
2013-12-03T14:50:00+00:00,5259,3081.4309082
2013-12-03T15:00:00+00:00,5259,2999.66040039
2013-12-03T15:10:00+00:00,5259,3047.41210938
2013-12-03T15:20:00+00:00,5259,3015.3744936
2013-12-03T15:30:00+00:00,5259,2992.92236328
2013-12-03T15:40:00+00:00,5259,3169.06372583
2013-12-03T15:50:00+00:00,5259,3086.38131785
2013-12-03T16:00:00+00:00,5259,2926.58369461
2013-12-03T16:10:00+00:00,5259,2860.92456055
2013-12-03T16:20:00+00:00,5259,3099.97094727
2013-12-03T16:30:00+00:00,5259,2820.02887538
2013-12-03T16:40:00+00:00,5259,2729.13085938
2013-12-03T16:50:00+00:00,5259,2789.18701172
2013-12-03T17:00:00+00:00,5259,2740.36791992
2013-12-03T17:10:00+00:00,5259,2813.79882812
2013-12-03T17:20:00+00:00,5259,2609.1890645
2013-12-03T17:30:00+00:00,5259,2208.91064453
2013-12-03T17:40:00+00:00,5259,2210.07299805
2013-12-03T17:50:00+00:00,5259,2040.48583984
2013-12-03T18:00:00+00:00,5259,1923.61340332
2013-12-03T18:10:00+00:00,5259,1826.7130127
2013-12-03T18:20:00+00:00,5259,1781.51367569
2013-12-03T18:30:00+00:00,5259,1601.12953544
2013-12-03T18:40:00+00:00,5259,1492.74072266
2013-12-03T18:50:00+00:00,5259,1514.4510498
2013-12-03T19:00:00+00:00,5259,1326.43273926
2013-12-03T19:10:00+00:00,5259,1279.13830566
2013-12-03T19:20:00+00:00,5259,1272.04150391
2013-12-03T19:30:00+00:00,5259,1231.0045166
2013-12-03T19:40:00+00:00,5259,1103.93530273
2013-12-03T19:50:00+00:00,5259,1127.76074219
2013-12-03T20:00:00+00:00,5259,1038.23657227
2013-12-03T20:10:00+00:00,5259,914.493347168
2013-12-03T20:20:00+00:00,5259,1021.71173096
2013-12-03T20:30:00+00:00,5259,981.645812988
2013-12-03T20:40:00+00:00,5259,1054.95153809
2013-12-03T20:50:00+00:00,5259,910.358764648
2013-12-03T21:00:00+00:00,5259,954.039367676
2013-12-03T21:10:00+00:00,5259,816.753051758
2013-12-03T21:20:00+00:00,5259,799.734680176
2013-12-03T21:30:00+00:00,5259,777.623474121
2013-12-03T21:40:00+00:00,5259,731.997192383
2013-12-03T21:50:00+00:00,5259,842.811035156
2013-12-03T22:00:00+00:00,5259,727.111450195
2013-12-03T22:10:00+00:00,5259,669.922973633
2013-12-03T22:20:00+00:00,5259,661.187133789
2013-12-03T22:30:00+00:00,5259,693.222045898
2013-12-03T22:40:00+00:00,5259,685.125610352
2013-12-03T22:50:00+00:00,5259,712.602294922
2013-12-03T23:00:00+00:00,5259,654.678527832
2013-12-03T23:10:00+00:00,5259,552.393737793
2013-12-03T23:20:00+00:00,5259,596.342834473
2013-12-03T23:30:00+00:00,5259,552.132629395
2013-12-03T23:40:00+00:00,5259,445.7081604
2013-12-03T23:50:00+00:00,5259,515.17578125
2013-12-04T01:10:00+00:00,5259,467.268951416
2013-12-04T01:30:00+00:00,5259,341.491912842
2013-12-04T03:40:00+00:00,5259,321.949798584
2013-12-04T04:30:00+00:00,5259,323.201538086
2013-12-04T05:00:00+00:00,5259,354.183074951
2013-12-04T05:30:00+00:00,5259,322.52154541
2013-12-04T05:40:00+00:00,5259,349.754180908
2013-12-04T05:50:00+00:00,5259,374.627471924
2013-12-04T06:00:00+00:00,5259,331.792144775
2013-12-04T06:10:00+00:00,5259,438.609313965
2013-12-04T06:20:00+00:00,5259,438.820770264
2013-12-04T06:30:00+00:00,5259,455.526062012
2013-12-04T06:40:00+00:00,5259,531.571411133
2013-12-04T06:50:00+00:00,5259,611.606689453
2013-12-04T07:00:00+00:00,5259,720.289916992
2013-12-04T07:10:00+00:00,5259,815.517944336
2013-12-04T07:20:00+00:00,5259,1077.27734375
2013-12-04T07:30:00+00:00,5259,1167.23742676
2013-12-04T07:40:00+00:00,5259,1512.86816406
2013-12-04T07:50:00+00:00,5259,1863.2557373
2013-12-04T08:00:00+00:00,5259,1897.57226562
2013-12-04T08:10:00+00:00,5259,1914.9810791
2013-12-04T08:20:00+00:00,5259,2216.16821289
2013-12-04T08:30:00+00:00,5259,2289.93286133
2013-12-04T08:40:00+00:00,5259,2216.75854492
2013-12-04T08:50:00+00:00,5259,2482.39990234
2013-12-04T09:00:00+00:00,5259,2436.91162109
2013-12-04T09:10:00+00:00,5259,2456.78027344
2013-12-04T09:20:00+00:00,5259,2493.84781981
2013-12-04T09:30:00+00:00,5259,2614.64428711
2013-12-04T09:40:00+00:00,5259,2854.62207031
2013-12-04T09:50:00+00:00,5259,2885.88989258
2013-12-04T10:00:00+00:00,5259,2760.41236529
2013-12-04T10:10:00+00:00,5259,2804.00062358
2013-12-04T10:20:00+00:00,5259,3000.32958984
2013-12-04T10:30:00+00:00,5259,2809.31420898
2013-12-04T10:40:00+00:00,5259,2752.56420898
2013-12-04T10:50:00+00:00,5259,2693.51953125
2013-12-04T11:00:00+00:00,5259,2938.62688923
2013-12-04T11:10:00+00:00,5259,2975.02011947
2013-12-04T11:20:00+00:00,5259,3020.90869141
2013-12-04T11:30:00+00:00,5259,2951.43041992
2013-12-04T11:40:00+00:00,5259,3122.18603516
2013-12-04T11:50:00+00:00,5259,3091.78222656
2013-12-04T12:00:00+00:00,5259,3216.06518555
2013-12-04T12:10:00+00:00,5259,3258.66088867
2013-12-04T12:20:00+00:00,5259,3331.83021259
2013-12-04T12:30:00+00:00,5259,3410.99424696
2013-12-04T12:40:00+00:00,5259,3537.5690918
2013-12-04T12:50:00+00:00,5259,3341.39395523
2013-12-04T13:00:00+00:00,5259,3331.91699219
2013-12-04T13:10:00+00:00,5259,3291.4128418
2013-12-04T13:20:00+00:00,5259,3191.85449219
2013-12-04T13:30:00+00:00,5259,3121.7265625
2013-12-04T13:40:00+00:00,5259,3371.07177734
2013-12-04T13:50:00+00:00,5259,2896.08862305
2013-12-04T14:00:00+00:00,5259,3050.30126953
2013-12-04T14:10:00+00:00,5259,2797.25927734
2013-12-04T14:20:00+00:00,5259,2825.56030273
2013-12-04T14:30:00+00:00,5259,2836.92407227
2013-12-04T14:40:00+00:00,5259,2996.81689453
2013-12-04T14:50:00+00:00,5259,3157.55786133
2013-12-04T15:00:00+00:00,5259,2774.52392578
2013-12-04T15:10:00+00:00,5259,2954.63305664
2013-12-04T15:20:00+00:00,5259,3092.79199219
2013-12-04T15:30:00+00:00,5259,3021.81347656
2013-12-04T15:40:00+00:00,5259,2859.12451172
2013-12-04T15:50:00+00:00,5259,2981.4519043
2013-12-04T16:00:00+00:00,5259,2811.70703125
2013-12-04T16:10:00+00:00,5259,2846.83235955
2013-12-04T16:20:00+00:00,5259,2859.72973633
2013-12-04T16:30:00+00:00,5259,2922.56665039
2013-12-04T16:40:00+00:00,5259,2707.90887195
2013-12-04T16:50:00+00:00,5259,2859.84619141
2013-12-04T17:00:00+00:00,5259,2627.10595703
2013-12-04T17:10:00+00:00,5259,2849.65489984
2013-12-04T17:20:00+00:00,5259,2291.89229524
2013-12-04T17:30:00+00:00,5259,2291.2583518
2013-12-04T17:40:00+00:00,5259,2232.07460928
2013-12-04T17:50:00+00:00,5259,2183.45605469
2013-12-04T18:00:00+00:00,5259,2134.58081055
2013-12-04T18:10:00+00:00,5259,2254.90966797
2013-12-04T18:20:00+00:00,5259,1864.29846191
2013-12-04T18:30:00+00:00,5259,1800.74353027
2013-12-04T18:40:00+00:00,5259,1622.19262695
2013-12-04T18:50:00+00:00,5259,1692.10424805
2013-12-04T19:00:00+00:00,5259,1505.55126953
2013-12-04T19:10:00+00:00,5259,1519.76953125
2013-12-04T19:20:00+00:00,5259,1428.88977051
2013-12-04T19:30:00+00:00,5259,1260.67077637
2013-12-04T19:40:00+00:00,5259,1264.72119141
2013-12-04T19:50:00+00:00,5259,1170.57019043
2013-12-04T20:00:00+00:00,5259,1174.19287109
2013-12-04T20:10:00+00:00,5259,1139.5880127
2013-12-04T20:20:00+00:00,5259,1086.61254883
2013-12-04T20:30:00+00:00,5259,1093.11352539
2013-12-04T20:40:00+00:00,5259,1104.00463867
2013-12-04T20:50:00+00:00,5259,973.365539551
2013-12-04T21:00:00+00:00,5259,1058.85400391
2013-12-04T21:10:00+00:00,5259,995.782470703
2013-12-04T21:20:00+00:00,5259,909.285949707
2013-12-04T21:30:00+00:00,5259,910.509460449
2013-12-04T21:40:00+00:00,5259,898.03326416
2013-12-04T21:50:00+00:00,5259,810.374816895
2013-12-04T22:00:00+00:00,5259,876.065979004
2013-12-04T22:10:00+00:00,5259,714.942932129
2013-12-04T22:20:00+00:00,5259,742.280578613
2013-12-04T22:30:00+00:00,5259,768.718322754
2013-12-04T22:40:00+00:00,5259,639.885192871
2013-12-04T22:50:00+00:00,5259,669.890686035
2013-12-04T23:00:00+00:00,5259,650.204711914
2013-12-04T23:10:00+00:00,5259,583.912719727
2013-12-04T23:20:00+00:00,5259,599.839660645
2013-12-04T23:30:00+00:00,5259,549.463562012
2013-12-04T23:40:00+00:00,5259,540.025695801
2013-12-04T23:50:00+00:00,5259,547.977661133
2013-12-05T00:00:00+00:00,5259,544.155639648
2013-12-05T00:30:00+00:00,5259,543.792785645
2013-12-05T00:40:00+00:00,5259,473.680358887
2013-12-05T01:00:00+00:00,5259,458.571777344
2013-12-05T01:10:00+00:00,5259,402.773101807
2013-12-05T01:50:00+00:00,5259,378.351257324
2013-12-05T02:00:00+00:00,5259,393.579620361
2013-12-05T02:20:00+00:00,5259,368.233032227
2013-12-05T04:40:00+00:00,5259,486.688446045
2013-12-05T04:50:00+00:00,5259,481.038818359
2013-12-05T05:00:00+00:00,5259,451.570587158
2013-12-05T05:10:00+00:00,5259,381.65045166
2013-12-05T05:20:00+00:00,5259,383.321655273
2013-12-05T05:30:00+00:00,5259,425.135131836
2013-12-05T05:40:00+00:00,5259,389.895629883
2013-12-05T05:50:00+00:00,5259,407.958251953
2013-12-05T06:00:00+00:00,5259,511.385864258
2013-12-05T06:10:00+00:00,5259,523.234130859
2013-12-05T06:20:00+00:00,5259,489.854309082
2013-12-05T06:30:00+00:00,5259,608.608032227
2013-12-05T06:40:00+00:00,5259,604.451293945
2013-12-05T06:50:00+00:00,5259,781.564575195
2013-12-05T07:00:00+00:00,5259,929.582458496
2013-12-05T07:10:00+00:00,5259,869.317749023
2013-12-05T07:20:00+00:00,5259,1177.37646484
2013-12-05T07:30:00+00:00,5259,1313.54492188
2013-12-05T07:40:00+00:00,5259,1442.82312012
2013-12-05T07:50:00+00:00,5259,1757.09863281
2013-12-05T08:00:00+00:00,5259,1979.02246094
2013-12-05T08:10:00+00:00,5259,2266.44042969
2013-12-05T08:20:00+00:00,5259,2330.21166992
2013-12-05T08:30:00+00:00,5259,2656.12084961
2013-12-05T08:40:00+00:00,5259,2624.80541992
2013-12-05T08:50:00+00:00,5259,2477.18359375
2013-12-05T09:00:00+00:00,5259,2904.70166016
2013-12-05T09:10:00+00:00,5259,2888.72401977
2013-12-05T09:20:00+00:00,5259,2421.51440714
2013-12-05T09:30:00+00:00,5259,2912.15820312
2013-12-05T09:40:00+00:00,5259,2927.45410156
2013-12-05T09:50:00+00:00,5259,2926.45884037
2013-12-05T10:00:00+00:00,5259,3097.64890385
2013-12-05T10:10:00+00:00,5259,2875.97485352
2013-12-05T10:20:00+00:00,5259,3065.3549099
2013-12-05T10:30:00+00:00,5259,2861.00415039
2013-12-05T10:40:00+00:00,5259,2863.86328125
2013-12-05T10:50:00+00:00,5259,2799.80300337
2013-12-05T11:00:00+00:00,5259,3087.19443703
2013-12-05T11:10:00+00:00,5259,2770.83911133
2013-12-05T11:20:00+00:00,5259,2768.96728516
2013-12-05T11:30:00+00:00,5259,3065.14656541
2013-12-05T11:40:00+00:00,5259,3285.63134766
2013-12-05T11:50:00+00:00,5259,3310.31274414
2013-12-05T12:00:00+00:00,5259,3482.61616707
2013-12-05T12:10:00+00:00,5259,3380.71337891
2013-12-05T12:20:00+00:00,5259,3535.91699219
2013-12-05T12:30:00+00:00,5259,3412.80930614
2013-12-05T12:40:00+00:00,5259,3405.73461914
2013-12-05T12:50:00+00:00,5259,3391.34863281
2013-12-05T13:00:00+00:00,5259,3332.43286133
2013-12-05T13:10:00+00:00,5259,3404.21630859
2013-12-05T13:20:00+00:00,5259,3506.96945572
2013-12-05T13:30:00+00:00,5259,3381.20703125
2013-12-05T13:40:00+00:00,5259,3250.15600586
2013-12-05T13:50:00+00:00,5259,3230.17114258
2013-12-05T14:00:00+00:00,5259,3241.51000977
2013-12-05T14:10:00+00:00,5259,3558.63916016
2013-12-05T14:20:00+00:00,5259,3477.10447836
2013-12-05T14:30:00+00:00,5259,3175.81703347
2013-12-05T14:40:00+00:00,5259,3385.69308281
2013-12-05T14:50:00+00:00,5259,3128.26293945
2013-12-05T15:00:00+00:00,5259,3166.94482422
2013-12-05T15:10:00+00:00,5259,3244.80688477
2013-12-05T15:20:00+00:00,5259,3352.6984911
2013-12-05T15:30:00+00:00,5259,3048.68969727
2013-12-05T15:40:00+00:00,5259,3094.07061291
2013-12-05T15:50:00+00:00,5259,2910.96948242
2013-12-05T16:00:00+00:00,5259,2849.0847168
2013-12-05T16:10:00+00:00,5259,2860.80151367
2013-12-05T16:20:00+00:00,5259,2735.66945124
2013-12-05T16:30:00+00:00,5259,2748.98535156
2013-12-05T16:40:00+00:00,5259,3277.98779297
2013-12-05T16:50:00+00:00,5259,2888.29150391
2013-12-05T17:00:00+00:00,5259,2348.31958008
2013-12-05T17:10:00+00:00,5259,2608.31714151
2013-12-05T17:20:00+00:00,5259,2294.60498047
2013-12-05T17:30:00+00:00,5259,2195.89916992
2013-12-05T17:40:00+00:00,5259,2188.61254883
2013-12-05T17:50:00+00:00,5259,1952.16467285
2013-12-05T18:00:00+00:00,5259,1944.53515625
2013-12-05T18:10:00+00:00,5259,1809.91113281
2013-12-05T18:20:00+00:00,5259,1650.52697754
2013-12-05T18:30:00+00:00,5259,1496.27587891
2013-12-05T18:40:00+00:00,5259,1600.44604492
2013-12-05T18:50:00+00:00,5259,1367.36450195
2013-12-05T19:00:00+00:00,5259,1365.96020508
2013-12-05T19:10:00+00:00,5259,1295.15588379
2013-12-05T19:20:00+00:00,5259,1236.58654785
2013-12-05T19:30:00+00:00,5259,1120.05419922
2013-12-05T19:40:00+00:00,5259,1159.50537109
2013-12-05T19:50:00+00:00,5259,1103.43347168
2013-12-05T20:00:00+00:00,5259,1145.3416748
2013-12-05T20:10:00+00:00,5259,1175.50073242
2013-12-05T20:20:00+00:00,5259,957.449279785
2013-12-05T20:30:00+00:00,5259,1000.00128174
2013-12-05T20:40:00+00:00,5259,1464.81396484
2013-12-05T20:50:00+00:00,5259,882.649414062
2013-12-05T21:00:00+00:00,5259,864.109741211
2013-12-05T21:10:00+00:00,5259,884.411315918
2013-12-05T21:20:00+00:00,5259,935.813537598
2013-12-05T21:30:00+00:00,5259,758.734313965
2013-12-05T21:40:00+00:00,5259,780.014465332
2013-12-05T21:50:00+00:00,5259,721.708862305
2013-12-05T22:00:00+00:00,5259,674.517089844
2013-12-05T22:10:00+00:00,5259,682.874267578
2013-12-05T22:20:00+00:00,5259,611.829284668
2013-12-05T22:30:00+00:00,5259,606.873901367
2013-12-05T22:40:00+00:00,5259,583.082580566
2013-12-05T22:50:00+00:00,5259,583.582702637
2013-12-05T23:00:00+00:00,5259,535.076477051
2013-12-05T23:10:00+00:00,5259,530.21282959
2013-12-05T23:20:00+00:00,5259,533.79119873
2013-12-05T23:30:00+00:00,5259,629.853759766
2013-12-05T23:40:00+00:00,5259,809.713500977
2013-12-06T00:00:00+00:00,5259,473.347991943
2013-12-06T00:10:00+00:00,5259,497.542114258
2013-12-06T00:20:00+00:00,5259,460.753845215
2013-12-06T00:30:00+00:00,5259,499.063171387
2013-12-06T00:40:00+00:00,5259,470.502502441
2013-12-06T01:10:00+00:00,5259,496.292022705
2013-12-06T01:40:00+00:00,5259,471.002471924
2013-12-06T02:30:00+00:00,5259,416.228546143
2013-12-06T04:20:00+00:00,5259,360.156829834
2013-12-06T04:30:00+00:00,5259,380.459747314
2013-12-06T05:00:00+00:00,5259,407.812316895
2013-12-06T05:10:00+00:00,5259,441.170379639
2013-12-06T05:20:00+00:00,5259,437.449890137
2013-12-06T05:30:00+00:00,5259,408.436645508
2013-12-06T05:40:00+00:00,5259,444.588348389
2013-12-06T05:50:00+00:00,5259,462.10824585
2013-12-06T06:00:00+00:00,5259,517.742980957
2013-12-06T06:10:00+00:00,5259,622.277404785
2013-12-06T06:20:00+00:00,5259,635.377929688
2013-12-06T06:30:00+00:00,5259,624.276000977
2013-12-06T06:40:00+00:00,5259,775.231018066
2013-12-06T06:50:00+00:00,5259,799.625061035
2013-12-06T07:00:00+00:00,5259,1008.6918335
2013-12-06T07:10:00+00:00,5259,1080.40039062
2013-12-06T07:20:00+00:00,5259,1038.41015625
2013-12-06T07:30:00+00:00,5259,1162.33532715
2013-12-06T07:40:00+00:00,5259,1483.0057373
2013-12-06T07:50:00+00:00,5259,1877.93811035
2013-12-06T08:00:00+00:00,5259,2077.58764648
2013-12-06T08:10:00+00:00,5259,2104.18774414
2013-12-06T08:20:00+00:00,5259,2325.54505432
2013-12-06T08:30:00+00:00,5259,2326.82397461
2013-12-06T08:40:00+00:00,5259,2411.64404297
2013-12-06T08:50:00+00:00,5259,2400.67431641
2013-12-06T09:00:00+00:00,5259,2768.09985352
2013-12-06T09:10:00+00:00,5259,2731.3515625
2013-12-06T09:20:00+00:00,5259,2513.0690918
2013-12-06T09:30:00+00:00,5259,2817.28955078
2013-12-06T09:40:00+00:00,5259,2915.54394531
2013-12-06T09:50:00+00:00,5259,2903.09179688
2013-12-06T10:00:00+00:00,5259,2779.90283203
2013-12-06T10:10:00+00:00,5259,2921.04279029
2013-12-06T10:20:00+00:00,5259,2693.57055664
2013-12-06T10:30:00+00:00,5259,2892.39013672
2013-12-06T10:40:00+00:00,5259,2903.71850586
2013-12-06T10:50:00+00:00,5259,2965.25659323
2013-12-06T11:00:00+00:00,5259,3130.67094421
2013-12-06T11:10:00+00:00,5259,3072.46362305
2013-12-06T11:20:00+00:00,5259,3115.36450195
2013-12-06T11:30:00+00:00,5259,3161.31860352
2013-12-06T11:40:00+00:00,5259,3327.90299726
2013-12-06T11:50:00+00:00,5259,3597.22680616
2013-12-06T12:00:00+00:00,5259,3253.99175334
2013-12-06T12:10:00+00:00,5259,3458.453125
2013-12-06T12:20:00+00:00,5259,3356.7097168
2013-12-06T12:30:00+00:00,5259,3236.62597656
2013-12-06T12:40:00+00:00,5259,4009.71411133
2013-12-06T12:50:00+00:00,5259,3751.33740234
2013-12-06T13:00:00+00:00,5259,3625.58935547
2013-12-06T13:10:00+00:00,5259,3393.05737305
2013-12-06T13:20:00+00:00,5259,4199.4296875
2013-12-06T13:30:00+00:00,5259,3382.22500587
2013-12-06T13:40:00+00:00,5259,3455.21630859
2013-12-06T13:50:00+00:00,5259,3746.25054073
2013-12-06T14:00:00+00:00,5259,3124.8503418
2013-12-06T14:10:00+00:00,5259,3238.9519043
2013-12-06T14:20:00+00:00,5259,2993.01879883
2013-12-06T14:30:00+00:00,5259,2885.8190918
2013-12-06T14:40:00+00:00,5259,3213.96736372
2013-12-06T14:50:00+00:00,5259,3162.39923859
2013-12-06T15:00:00+00:00,5259,2832.86939937
2013-12-06T15:10:00+00:00,5259,2876.37060547
2013-12-06T15:20:00+00:00,5259,3121.5097959
2013-12-06T15:30:00+00:00,5259,2795.21630859
2013-12-06T15:40:00+00:00,5259,2978.96508789
2013-12-06T15:50:00+00:00,5259,3295.3359375
2013-12-06T16:00:00+00:00,5259,2832.15347958
2013-12-06T16:10:00+00:00,5259,3051.0859375
2013-12-06T16:20:00+00:00,5259,2769.95168579
2013-12-06T16:30:00+00:00,5259,2639.22802734
2013-12-06T16:40:00+00:00,5259,2760.25586221
2013-12-06T16:50:00+00:00,5259,2238.59814453
2013-12-06T17:00:00+00:00,5259,2284.75
2013-12-06T17:10:00+00:00,5259,2155.60668945
2013-12-06T17:20:00+00:00,5259,2184.65966797
2013-12-06T17:30:00+00:00,5259,2002.74829102
2013-12-06T17:40:00+00:00,5259,1863.46679688
2013-12-06T17:50:00+00:00,5259,1841.60327148
2013-12-06T18:00:00+00:00,5259,1687.31054688
2013-12-06T18:10:00+00:00,5259,1801.25
2013-12-06T18:20:00+00:00,5259,1537.52722168
2013-12-06T18:30:00+00:00,5259,1297.38964844
2013-12-06T18:40:00+00:00,5259,1310.49987793
2013-12-06T18:50:00+00:00,5259,1228.92199707
2013-12-06T19:00:00+00:00,5259,1205.46508789
2013-12-06T19:10:00+00:00,5259,1159.86950684
2013-12-06T19:20:00+00:00,5259,1054.69970703
2013-12-06T19:30:00+00:00,5259,895.916646808
2013-12-06T19:40:00+00:00,5259,896.618286133
2013-12-06T19:50:00+00:00,5259,1258.64929199
2013-12-06T20:00:00+00:00,5259,698.894897461
2013-12-06T20:10:00+00:00,5259,754.148193359
2013-12-06T20:20:00+00:00,5259,693.28527832
2013-12-06T20:30:00+00:00,5259,654.897399902
2013-12-06T20:40:00+00:00,5259,734.81036377
2013-12-06T20:50:00+00:00,5259,649.294372559
2013-12-06T21:00:00+00:00,5259,553.950378418
2013-12-06T21:10:00+00:00,5259,694.805603027
2013-12-06T21:20:00+00:00,5259,653.879638672
2013-12-06T21:30:00+00:00,5259,588.962646484
2013-12-06T21:40:00+00:00,5259,1124.55712891
2013-12-06T21:50:00+00:00,5259,588.527038574
2013-12-06T22:00:00+00:00,5259,604.779602051
2013-12-06T22:10:00+00:00,5259,568.1171875
2013-12-06T22:20:00+00:00,5259,610.840942383
2013-12-06T22:30:00+00:00,5259,547.778503418
2013-12-06T22:40:00+00:00,5259,621.456970215
2013-12-06T22:50:00+00:00,5259,592.575927734
2013-12-06T23:00:00+00:00,5259,616.840820312
2013-12-06T23:10:00+00:00,5259,717.422058105
2013-12-06T23:20:00+00:00,5259,784.235595703
2013-12-06T23:30:00+00:00,5259,726.599853516
2013-12-06T23:40:00+00:00,5259,960.785705566
2013-12-06T23:50:00+00:00,5259,934.852844238
2013-12-07T00:00:00+00:00,5259,999.307250977
2013-12-07T00:10:00+00:00,5259,1109.33703613
2013-12-07T00:20:00+00:00,5259,1038.00769043
2013-12-07T00:30:00+00:00,5259,1100.47363281
2013-12-07T00:40:00+00:00,5259,1351.87011719
2013-12-07T00:50:00+00:00,5259,1356.15356445
2013-12-07T01:00:00+00:00,5259,1139.05053711
2013-12-07T01:10:00+00:00,5259,1332.05395508
2013-12-07T01:20:00+00:00,5259,1165.53295898
2013-12-07T01:30:00+00:00,5259,1125.76721191
2013-12-07T01:40:00+00:00,5259,1241.15966797
2013-12-07T01:50:00+00:00,5259,1191.25183105
2013-12-07T02:00:00+00:00,5259,964.413452148
2013-12-07T02:10:00+00:00,5259,940.699401855
2013-12-07T02:20:00+00:00,5259,924.187927246
2013-12-07T02:30:00+00:00,5259,841.46484375
2013-12-07T02:40:00+00:00,5259,821.80480957
2013-12-07T02:50:00+00:00,5259,724.442871094
2013-12-07T03:00:00+00:00,5259,677.801940918
2013-12-07T03:20:00+00:00,5259,426.90524292
2013-12-07T04:10:00+00:00,5259,315.969207764
2013-12-07T05:40:00+00:00,5259,333.141082764
2013-12-07T05:50:00+00:00,5259,277.162017822
2013-12-07T06:00:00+00:00,5259,281.491668701
2013-12-07T06:10:00+00:00,5259,302.36920166
2013-12-07T06:20:00+00:00,5259,292.166168213
2013-12-07T06:30:00+00:00,5259,294.115875244
2013-12-07T06:40:00+00:00,5259,344.199768066
2013-12-07T06:50:00+00:00,5259,335.310119629
2013-12-07T07:00:00+00:00,5259,308.898834229
2013-12-07T07:10:00+00:00,5259,365.016448975
2013-12-07T07:20:00+00:00,5259,393.201660156
2013-12-07T07:30:00+00:00,5259,312.864135742
2013-12-07T07:40:00+00:00,5259,406.093688965
2013-12-07T07:50:00+00:00,5259,372.735351562
2013-12-07T08:00:00+00:00,5259,377.513458252
2013-12-07T08:10:00+00:00,5259,420.404876709
2013-12-07T08:20:00+00:00,5259,362.34866333
2013-12-07T08:30:00+00:00,5259,422.099060059
2013-12-07T08:40:00+00:00,5259,513.116455078
2013-12-07T08:50:00+00:00,5259,555.093383789
2013-12-07T09:00:00+00:00,5259,493.527374268
2013-12-07T09:10:00+00:00,5259,527.052307129
2013-12-07T09:20:00+00:00,5259,554.614074707
2013-12-07T09:30:00+00:00,5259,493.29095459
2013-12-07T09:40:00+00:00,5259,623.507080078
2013-12-07T09:50:00+00:00,5259,670.414550781
2013-12-07T10:00:00+00:00,5259,686.905761719
2013-12-07T10:10:00+00:00,5259,675.698303223
2013-12-07T10:20:00+00:00,5259,688.166992188
2013-12-07T10:30:00+00:00,5259,639.86126709
2013-12-07T10:40:00+00:00,5259,697.786743164
2013-12-07T10:50:00+00:00,5259,637.251281738
2013-12-07T11:00:00+00:00,5259,670.760742188
2013-12-07T11:10:00+00:00,5259,707.10559082
2013-12-07T11:20:00+00:00,5259,656.846557617
2013-12-07T11:30:00+00:00,5259,666.78918457
2013-12-07T11:40:00+00:00,5259,693.68560791
2013-12-07T11:50:00+00:00,5259,753.884338379
2013-12-07T12:00:00+00:00,5259,795.468933105
2013-12-07T12:10:00+00:00,5259,879.502929688
2013-12-07T12:20:00+00:00,5259,926.400024414
2013-12-07T12:30:00+00:00,5259,837.452514648
2013-12-07T12:40:00+00:00,5259,922.356750488
2013-12-07T12:50:00+00:00,5259,952.539001465
2013-12-07T13:00:00+00:00,5259,958.615966797
2013-12-07T13:10:00+00:00,5259,982.993469238
2013-12-07T13:20:00+00:00,5259,1248.99304199
2013-12-07T13:30:00+00:00,5259,977.024536133
2013-12-07T13:40:00+00:00,5259,1022.88024902
2013-12-07T13:50:00+00:00,5259,1018.98754883
2013-12-07T14:00:00+00:00,5259,1099.15454102
2013-12-07T14:10:00+00:00,5259,1046.97521973
2013-12-07T14:20:00+00:00,5259,924.447875977
2013-12-07T14:30:00+00:00,5259,1003.95251465
2013-12-07T14:40:00+00:00,5259,1163.79907227
2013-12-07T14:50:00+00:00,5259,1200.8051205
2013-12-07T15:00:00+00:00,5259,1211.85205078
2013-12-07T15:10:00+00:00,5259,1406.56933594
2013-12-07T15:20:00+00:00,5259,1125.98901367
2013-12-07T15:30:00+00:00,5259,1356.3984375
2013-12-07T15:40:00+00:00,5259,1150.11120605
2013-12-07T15:50:00+00:00,5259,1182.70703125
2013-12-07T16:00:00+00:00,5259,1124.79309082
2013-12-07T16:10:00+00:00,5259,1120.5032959
2013-12-07T16:20:00+00:00,5259,1093.81860352
2013-12-07T16:30:00+00:00,5259,1205.14074707
2013-12-07T16:40:00+00:00,5259,1180.25244141
2013-12-07T16:50:00+00:00,5259,960.270690918
2013-12-07T17:00:00+00:00,5259,961.945556641
2013-12-07T17:10:00+00:00,5259,956.058410645
2013-12-07T17:20:00+00:00,5259,943.287597656
2013-12-07T17:30:00+00:00,5259,1016.81921387
2013-12-07T17:40:00+00:00,5259,928.440979004
2013-12-07T17:50:00+00:00,5259,887.672607422
2013-12-07T18:00:00+00:00,5259,956.355407715
2013-12-07T18:10:00+00:00,5259,918.694030762
2013-12-07T18:20:00+00:00,5259,779.669616699
2013-12-07T18:30:00+00:00,5259,923.019287109
2013-12-07T18:40:00+00:00,5259,889.534362793
2013-12-07T18:50:00+00:00,5259,805.624511719
2013-12-07T19:00:00+00:00,5259,842.809387207
2013-12-07T19:10:00+00:00,5259,888.471557617
2013-12-07T19:20:00+00:00,5259,793.346801758
2013-12-07T19:30:00+00:00,5259,831.319396973
2013-12-07T19:40:00+00:00,5259,810.634770777
2013-12-07T19:50:00+00:00,5259,966.650817871
2013-12-07T20:00:00+00:00,5259,1106.23303223
2013-12-07T20:10:00+00:00,5259,890.982177734
2013-12-07T20:20:00+00:00,5259,846.737548828
2013-12-07T20:30:00+00:00,5259,813.901733398
2013-12-07T20:40:00+00:00,5259,973.725463867
2013-12-07T20:50:00+00:00,5259,981.739257812
2013-12-07T21:00:00+00:00,5259,954.9375
2013-12-07T21:10:00+00:00,5259,928.458435059
2013-12-07T21:20:00+00:00,5259,862.158874512
2013-12-07T21:30:00+00:00,5259,846.567993164
2013-12-07T21:40:00+00:00,5259,878.419250488
2013-12-07T21:50:00+00:00,5259,878.231811523
2013-12-07T22:00:00+00:00,5259,791.287658691
2013-12-07T22:10:00+00:00,5259,843.627929688
2013-12-07T22:20:00+00:00,5259,658.101745605
2013-12-07T22:30:00+00:00,5259,1048.07702637
2013-12-07T22:40:00+00:00,5259,686.893310547
2013-12-07T22:50:00+00:00,5259,727.820373535
2013-12-07T23:00:00+00:00,5259,907.992553711
2013-12-07T23:10:00+00:00,5259,849.88659668
2013-12-07T23:20:00+00:00,5259,1033.97412109
2013-12-07T23:30:00+00:00,5259,1378.27490234
2013-12-07T23:40:00+00:00,5259,1681.29211426
2013-12-07T23:50:00+00:00,5259,1744.83898926
2013-12-08T00:00:00+00:00,5259,1819.61767578
2013-12-08T00:10:00+00:00,5259,1865.12988281
2013-12-08T00:20:00+00:00,5259,1773.06030273
2013-12-08T00:30:00+00:00,5259,2080.23266602
2013-12-08T00:40:00+00:00,5259,1856.98950195
2013-12-08T00:50:00+00:00,5259,1904.75646973
2013-12-08T01:00:00+00:00,5259,1934.3425293
2013-12-08T01:10:00+00:00,5259,1883.64294434
2013-12-08T01:20:00+00:00,5259,1876.79650879
2013-12-08T01:30:00+00:00,5259,1894.80761719
2013-12-08T01:40:00+00:00,5259,1781.20422363
2013-12-08T01:50:00+00:00,5259,1785.84277344
2013-12-08T02:00:00+00:00,5259,1563.51367188
2013-12-08T02:20:00+00:00,5259,1537.92932129
2013-12-08T02:30:00+00:00,5259,1535.34094238
2013-12-08T02:40:00+00:00,5259,1614.94140625
2013-12-08T02:50:00+00:00,5259,1312.50341797
2013-12-08T03:10:00+00:00,5259,1119.34606934
2013-12-08T03:30:00+00:00,5259,1049.10705566
2013-12-08T03:50:00+00:00,5259,819.606323242
2013-12-08T04:00:00+00:00,5259,540.614746094
2013-12-08T04:10:00+00:00,5259,382.38671875
2013-12-08T04:20:00+00:00,5259,227.475662231
2013-12-08T04:30:00+00:00,5259,244.671417236
2013-12-08T04:50:00+00:00,5259,220.634384155
2013-12-08T05:50:00+00:00,5259,208.081970215
2013-12-08T06:10:00+00:00,5259,200.635726929
2013-12-08T06:20:00+00:00,5259,213.331970215
2013-12-08T06:50:00+00:00,5259,226.238265991
2013-12-08T07:00:00+00:00,5259,249.337799072
2013-12-08T07:10:00+00:00,5259,216.284515381
2013-12-08T07:20:00+00:00,5259,219.24697876
2013-12-08T07:30:00+00:00,5259,230.634887695
2013-12-08T07:40:00+00:00,5259,213.098632812
2013-12-08T07:50:00+00:00,5259,231.4090271
2013-12-08T08:00:00+00:00,5259,262.632385254
2013-12-08T08:10:00+00:00,5259,279.532745361
2013-12-08T08:20:00+00:00,5259,341.415618896
2013-12-08T08:30:00+00:00,5259,282.081512451
2013-12-08T08:40:00+00:00,5259,312.039428711
2013-12-08T08:50:00+00:00,5259,306.644073486
2013-12-08T09:00:00+00:00,5259,345.780181885
2013-12-08T09:10:00+00:00,5259,337.787902832
2013-12-08T09:20:00+00:00,5259,351.268256962
2013-12-08T09:30:00+00:00,5259,359.880645752
2013-12-08T09:40:00+00:00,5259,352.734161377
2013-12-08T09:50:00+00:00,5259,397.86529541
2013-12-08T10:00:00+00:00,5259,428.5987854
2013-12-08T10:10:00+00:00,5259,446.045227051
2013-12-08T10:20:00+00:00,5259,624.867980957
2013-12-08T10:30:00+00:00,5259,468.321868896
2013-12-08T10:40:00+00:00,5259,490.282073975
2013-12-08T10:50:00+00:00,5259,470.141418457
2013-12-08T11:00:00+00:00,5259,561.091186523
2013-12-08T11:10:00+00:00,5259,498.238769531
2013-12-08T11:20:00+00:00,5259,547.965270996
2013-12-08T11:30:00+00:00,5259,679.469299316
2013-12-08T11:40:00+00:00,5259,592.630371094
2013-12-08T11:50:00+00:00,5259,572.822814941
2013-12-08T12:00:00+00:00,5259,566.817443848
2013-12-08T12:10:00+00:00,5259,672.442138672
2013-12-08T12:20:00+00:00,5259,553.850769043
2013-12-08T12:30:00+00:00,5259,646.764770508
2013-12-08T12:40:00+00:00,5259,589.252563477
2013-12-08T12:50:00+00:00,5259,702.482910156
2013-12-08T13:00:00+00:00,5259,742.396118164
2013-12-08T13:10:00+00:00,5259,809.369812012
2013-12-08T13:20:00+00:00,5259,748.80480957
2013-12-08T13:30:00+00:00,5259,648.710693359
2013-12-08T13:40:00+00:00,5259,695.888671875
2013-12-08T13:50:00+00:00,5259,766.816345215
2013-12-08T14:00:00+00:00,5259,729.22088623
2013-12-08T14:10:00+00:00,5259,770.930603027
2013-12-08T14:20:00+00:00,5259,712.284423828
2013-12-08T14:30:00+00:00,5259,740.97442627
2013-12-08T14:40:00+00:00,5259,761.76348877
2013-12-08T14:50:00+00:00,5259,915.834289551
2013-12-08T15:00:00+00:00,5259,712.062683105
2013-12-08T15:10:00+00:00,5259,808.426513672
2013-12-08T15:20:00+00:00,5259,738.896484375
2013-12-08T15:30:00+00:00,5259,743.120727539
2013-12-08T15:40:00+00:00,5259,701.315246582
2013-12-08T15:50:00+00:00,5259,655.030700684
2013-12-08T16:00:00+00:00,5259,693.579650879
2013-12-08T16:10:00+00:00,5259,931.251647949
2013-12-08T16:20:00+00:00,5259,642.82824707
2013-12-08T16:30:00+00:00,5259,726.839355469
2013-12-08T16:40:00+00:00,5259,702.592041016
2013-12-08T16:50:00+00:00,5259,587.358398438
2013-12-08T17:00:00+00:00,5259,658.143432617
2013-12-08T17:10:00+00:00,5259,569.303100586
2013-12-08T17:20:00+00:00,5259,550.206237793
2013-12-08T17:30:00+00:00,5259,575.424987793
2013-12-08T17:40:00+00:00,5259,598.965026855
2013-12-08T17:50:00+00:00,5259,566.018615723
2013-12-08T18:00:00+00:00,5259,630.898254395
2013-12-08T18:10:00+00:00,5259,791.824645996
2013-12-08T18:20:00+00:00,5259,769.831665039
2013-12-08T18:30:00+00:00,5259,613.889221191
2013-12-08T18:40:00+00:00,5259,481.687255859
2013-12-08T18:50:00+00:00,5259,406.016601562
2013-12-08T19:00:00+00:00,5259,539.692077637
2013-12-08T19:10:00+00:00,5259,419.832519531
2013-12-08T19:20:00+00:00,5259,369.124267578
2013-12-08T19:30:00+00:00,5259,370.305145264
2013-12-08T19:40:00+00:00,5259,373.271636963
2013-12-08T19:50:00+00:00,5259,329.086456299
2013-12-08T20:00:00+00:00,5259,356.224395752
2013-12-08T20:10:00+00:00,5259,362.276824951
2013-12-08T20:20:00+00:00,5259,347.216339111
2013-12-08T20:30:00+00:00,5259,352.864959717
2013-12-08T20:40:00+00:00,5259,392.472717285
2013-12-08T20:50:00+00:00,5259,373.198181152
2013-12-08T21:00:00+00:00,5259,422.050262451
2013-12-08T21:10:00+00:00,5259,412.345733643
2013-12-08T21:20:00+00:00,5259,406.447753906
2013-12-08T21:30:00+00:00,5259,485.708679199
2013-12-08T21:40:00+00:00,5259,458.927368164
2013-12-08T21:50:00+00:00,5259,388.738128662
2013-12-08T22:00:00+00:00,5259,410.283630371
2013-12-08T22:10:00+00:00,5259,380.569732666
2013-12-08T22:20:00+00:00,5259,301.71887207
2013-12-08T22:30:00+00:00,5259,334.414764404
2013-12-08T22:40:00+00:00,5259,375.547851562
2013-12-08T22:50:00+00:00,5259,240.558120728
2013-12-08T23:00:00+00:00,5259,275.74798584
2013-12-08T23:10:00+00:00,5259,244.490432739
2013-12-08T23:20:00+00:00,5259,225.83706665
2013-12-08T23:30:00+00:00,5259,229.727874756
2013-12-08T23:40:00+00:00,5259,235.171554565
2013-12-08T23:50:00+00:00,5259,171.578582764
2013-12-09T00:00:00+00:00,5259,213.441711426
2013-12-09T00:10:00+00:00,5259,205.869827271
2013-12-09T00:20:00+00:00,5259,341.930206299
2013-12-09T00:50:00+00:00,5259,171.996887207
2013-12-09T01:00:00+00:00,5259,219.674591064
2013-12-09T04:30:00+00:00,5259,182.303207397
2013-12-09T04:50:00+00:00,5259,189.950836182
2013-12-09T05:00:00+00:00,5259,200.402252197
2013-12-09T05:20:00+00:00,5259,205.005203247
2013-12-09T05:30:00+00:00,5259,243.02532959
2013-12-09T05:40:00+00:00,5259,274.130249023
2013-12-09T05:50:00+00:00,5259,240.74446106
2013-12-09T06:00:00+00:00,5259,287.592437744
2013-12-09T06:10:00+00:00,5259,344.029785156
2013-12-09T06:20:00+00:00,5259,378.067596436
2013-12-09T06:30:00+00:00,5259,489.345977783
2013-12-09T06:40:00+00:00,5259,523.183532715
2013-12-09T06:50:00+00:00,5259,586.657287598
2013-12-09T07:00:00+00:00,5259,731.973571777
2013-12-09T07:10:00+00:00,5259,872.173217773
2013-12-09T07:20:00+00:00,5259,981.895568848
2013-12-09T07:30:00+00:00,5259,1156.44287109
2013-12-09T07:40:00+00:00,5259,1368.6685791
2013-12-09T07:50:00+00:00,5259,1766.65930176
2013-12-09T08:00:00+00:00,5259,1980.87536621
2013-12-09T08:10:00+00:00,5259,2235.52783203
2013-12-09T08:20:00+00:00,5259,2425.1105957
2013-12-09T08:30:00+00:00,5259,2440.82226562
2013-12-09T08:40:00+00:00,5259,2771.84887695
2013-12-09T08:50:00+00:00,5259,2662.93027496
2013-12-09T09:00:00+00:00,5259,2643.0502944
2013-12-09T09:10:00+00:00,5259,2797.67871094
2013-12-09T09:20:00+00:00,5259,2838.35136691
2013-12-09T09:30:00+00:00,5259,2950.22509766
2013-12-09T09:40:00+00:00,5259,2912.58178711
2013-12-09T09:50:00+00:00,5259,2993.62817667
2013-12-09T10:00:00+00:00,5259,3129.41545105
2013-12-09T10:10:00+00:00,5259,3181.59179688
2013-12-09T10:20:00+00:00,5259,3109.03222656
2013-12-09T10:30:00+00:00,5259,3115.51977539
2013-12-09T10:40:00+00:00,5259,2998.93337727
2013-12-09T10:50:00+00:00,5259,3180.99438477
2013-12-09T11:00:00+00:00,5259,3145.45166016
2013-12-09T11:10:00+00:00,5259,3328.36674023
2013-12-09T11:20:00+00:00,5259,3315.154109
2013-12-09T11:30:00+00:00,5259,3387.22680664
2013-12-09T11:40:00+00:00,5259,3760.78466797
2013-12-09T11:50:00+00:00,5259,3694.96386719
2013-12-09T12:00:00+00:00,5259,3713.99556541
2013-12-09T12:10:00+00:00,5259,3845.15771484
2013-12-09T12:20:00+00:00,5259,3622.67651367
2013-12-09T12:30:00+00:00,5259,3831.98779297
2013-12-09T12:40:00+00:00,5259,3854.18530273
2013-12-09T12:50:00+00:00,5259,3481.58339906
2013-12-09T13:00:00+00:00,5259,3490.38989258
2013-12-09T13:10:00+00:00,5259,3592.92260742
2013-12-09T13:20:00+00:00,5259,3386.30012286
2013-12-09T13:30:00+00:00,5259,3242.9206543
2013-12-09T13:40:00+00:00,5259,3072.13580883
2013-12-09T13:50:00+00:00,5259,3043.16479492
2013-12-09T14:00:00+00:00,5259,3168.79418945
2013-12-09T14:10:00+00:00,5259,3016.75439453
2013-12-09T14:20:00+00:00,5259,3124.81088161
2013-12-09T14:30:00+00:00,5259,3153.28759766
2013-12-09T14:40:00+00:00,5259,3107.00756836
2013-12-09T14:50:00+00:00,5259,3028.87670898
2013-12-09T15:00:00+00:00,5259,3031.09130859
2013-12-09T15:10:00+00:00,5259,3084.57421875
2013-12-09T15:20:00+00:00,5259,3017.49571896
2013-12-09T15:30:00+00:00,5259,3151.47241211
2013-12-09T15:40:00+00:00,5259,2990.77172852
2013-12-09T15:50:00+00:00,5259,3236.35021555
2013-12-09T16:00:00+00:00,5259,2995.22192383
2013-12-09T16:10:00+00:00,5259,2872.19360352
2013-12-09T16:20:00+00:00,5259,2742.28955078
2013-12-09T16:30:00+00:00,5259,2738.82079339
2013-12-09T16:40:00+00:00,5259,2859.93872354
2013-12-09T16:50:00+00:00,5259,2922.73046875
2013-12-09T17:00:00+00:00,5259,2979.79077148
2013-12-09T17:10:00+00:00,5259,2639.68823242
2013-12-09T17:20:00+00:00,5259,2773.70776367
2013-12-09T17:30:00+00:00,5259,2483.07763672
2013-12-09T17:40:00+00:00,5259,2083.70336914
2013-12-09T17:50:00+00:00,5259,2018.20484576
2013-12-09T18:00:00+00:00,5259,2020.60949707
2013-12-09T18:10:00+00:00,5259,1811.6269649
2013-12-09T18:20:00+00:00,5259,1691.88513184
2013-12-09T18:30:00+00:00,5259,1519.5802002
2013-12-09T18:40:00+00:00,5259,1478.38354492
2013-12-09T18:50:00+00:00,5259,1478.05254871
2013-12-09T19:00:00+00:00,5259,1216.34448242
2013-12-09T19:10:00+00:00,5259,1323.96452105
2013-12-09T19:20:00+00:00,5259,1257.07385254
2013-12-09T19:30:00+00:00,5259,1192.69104004
2013-12-09T19:40:00+00:00,5259,1144.04553223
2013-12-09T19:50:00+00:00,5259,1148.62512207
2013-12-09T20:00:00+00:00,5259,1035.51696777
2013-12-09T20:10:00+00:00,5259,887.031433105
2013-12-09T20:20:00+00:00,5259,869.034973145
2013-12-09T20:30:00+00:00,5259,918.294250488
2013-12-09T20:40:00+00:00,5259,890.320678711
2013-12-09T20:50:00+00:00,5259,815.882385254
2013-12-09T21:00:00+00:00,5259,792.76550293
2013-12-09T21:10:00+00:00,5259,832.751159668
2013-12-09T21:20:00+00:00,5259,795.196228027
2013-12-09T21:30:00+00:00,5259,713.405578613
2013-12-09T21:40:00+00:00,5259,765.486450195
2013-12-09T21:50:00+00:00,5259,696.813903809
2013-12-09T22:00:00+00:00,5259,661.070068359
2013-12-09T22:10:00+00:00,5259,708.828918457
2013-12-09T22:20:00+00:00,5259,651.588989258
2013-12-09T22:30:00+00:00,5259,719.176696777
2013-12-09T22:40:00+00:00,5259,849.348693848
2013-12-09T22:50:00+00:00,5259,596.321533203
2013-12-09T23:00:00+00:00,5259,613.166809082
2013-12-09T23:10:00+00:00,5259,639.625366211
2013-12-09T23:20:00+00:00,5259,576.868469238
2013-12-09T23:30:00+00:00,5259,528.345703125
2013-12-09T23:40:00+00:00,5259,586.530944824
2013-12-09T23:50:00+00:00,5259,529.269958496
2013-12-10T00:00:00+00:00,5259,533.985839844
2013-12-10T00:10:00+00:00,5259,534.862548828
2013-12-10T01:20:00+00:00,5259,398.246795654
2013-12-10T01:30:00+00:00,5259,421.811187744
2013-12-10T03:40:00+00:00,5259,409.105499268
2013-12-10T04:20:00+00:00,5259,371.55871582
2013-12-10T05:10:00+00:00,5259,462.227905273
2013-12-10T05:40:00+00:00,5259,553.617614746
2013-12-10T05:50:00+00:00,5259,422.634429932
2013-12-10T06:00:00+00:00,5259,521.595153809
2013-12-10T06:10:00+00:00,5259,609.221618652
2013-12-10T06:20:00+00:00,5259,605.765075684
2013-12-10T06:30:00+00:00,5259,707.713745117
2013-12-10T06:40:00+00:00,5259,720.350830078
2013-12-10T06:50:00+00:00,5259,789.615600586
2013-12-10T07:00:00+00:00,5259,841.25592041
2013-12-10T07:10:00+00:00,5259,949.79864502
2013-12-10T07:20:00+00:00,5259,1204.94421387
2013-12-10T07:30:00+00:00,5259,1379.61364746
2013-12-10T07:40:00+00:00,5259,1696.79455566
2013-12-10T07:50:00+00:00,5259,1903.77111816
2013-12-10T08:00:00+00:00,5259,2241.46166992
2013-12-10T08:10:00+00:00,5259,2390.32641602
2013-12-10T08:20:00+00:00,5259,2529.64355469
2013-12-10T08:30:00+00:00,5259,2759.71142578
2013-12-10T08:40:00+00:00,5259,3001.66455078
2013-12-10T08:50:00+00:00,5259,2812.81350604
2013-12-10T09:00:00+00:00,5259,3051.03320312
2013-12-10T09:10:00+00:00,5259,3094.85656643
2013-12-10T09:20:00+00:00,5259,2907.94140625
2013-12-10T09:30:00+00:00,5259,3052.51220703
2013-12-10T09:40:00+00:00,5259,3234.23022461
2013-12-10T09:50:00+00:00,5259,3086.00634766
2013-12-10T10:00:00+00:00,5259,3423.39868164
2013-12-10T10:10:00+00:00,5259,3292.28491211
2013-12-10T10:20:00+00:00,5259,3078.11694336
2013-12-10T10:30:00+00:00,5259,3256.6097123
2013-12-10T10:40:00+00:00,5259,3409.38795376
2013-12-10T10:50:00+00:00,5259,3286.79516602
2013-12-10T11:00:00+00:00,5259,3268.39160156
2013-12-10T11:10:00+00:00,5259,3746.47827148
2013-12-10T11:20:00+00:00,5259,3553.13745117
2013-12-10T11:30:00+00:00,5259,3856.80048466
2013-12-10T11:40:00+00:00,5259,3618.42849541
2013-12-10T11:50:00+00:00,5259,3774.859375
2013-12-10T12:00:00+00:00,5259,4065.53344727
2013-12-10T12:10:00+00:00,5259,3821.61425781
2013-12-10T12:20:00+00:00,5259,3940.11124837
2013-12-10T12:30:00+00:00,5259,3632.90991211
2013-12-10T12:40:00+00:00,5259,3765.57519531
2013-12-10T12:50:00+00:00,5259,3859.69750977
2013-12-10T13:00:00+00:00,5259,3784.81989264
2013-12-10T13:10:00+00:00,5259,3583.73974609
2013-12-10T13:20:00+00:00,5259,3658.43139648
2013-12-10T13:30:00+00:00,5259,3345.73811412
2013-12-10T13:40:00+00:00,5259,3449.65673828
2013-12-10T13:50:00+00:00,5259,3321.19970703
2013-12-10T14:00:00+00:00,5259,3333.07910387
2013-12-10T14:10:00+00:00,5259,3372.53051758
2013-12-10T14:20:00+00:00,5259,3387.69949245
2013-12-10T14:30:00+00:00,5259,3184.80493164
2013-12-10T14:40:00+00:00,5259,3194.26806641
2013-12-10T14:50:00+00:00,5259,3231.4863399
2013-12-10T15:00:00+00:00,5259,3222.01464844
2013-12-10T15:10:00+00:00,5259,3300.32348633
2013-12-10T15:20:00+00:00,5259,3014.11547852
2013-12-10T15:30:00+00:00,5259,3005.37207031
2013-12-10T15:40:00+00:00,5259,3177.65258789
2013-12-10T15:50:00+00:00,5259,3005.23828125
2013-12-10T16:00:00+00:00,5259,3156.54760742
2013-12-10T16:10:00+00:00,5259,2966.18579102
2013-12-10T16:20:00+00:00,5259,3186.8168577
2013-12-10T16:30:00+00:00,5259,2785.18652344
2013-12-10T16:40:00+00:00,5259,3128.30517578
2013-12-10T16:50:00+00:00,5259,2802.26389885
2013-12-10T17:00:00+00:00,5259,2638.04008138
2013-12-10T17:10:00+00:00,5259,2792.27172852
2013-12-10T17:20:00+00:00,5259,2453.5611434
2013-12-10T17:30:00+00:00,5259,2344.97412109
2013-12-10T17:40:00+00:00,5259,2346.87988281
2013-12-10T17:50:00+00:00,5259,2040.10644531
2013-12-10T18:00:00+00:00,5259,1966.70544434
2013-12-10T18:10:00+00:00,5259,1999.8840332
2013-12-10T18:20:00+00:00,5259,1917.41650391
2013-12-10T18:30:00+00:00,5259,1717.99488765
2013-12-10T18:40:00+00:00,5259,1748.04535488
2013-12-10T18:50:00+00:00,5259,1522.94616699
2013-12-10T19:00:00+00:00,5259,1492.05615234
2013-12-10T19:10:00+00:00,5259,1479.40783691
2013-12-10T19:20:00+00:00,5259,1357.83227539
2013-12-10T19:30:00+00:00,5259,1186.99743652
2013-12-10T19:40:00+00:00,5259,1282.22912598
2013-12-10T19:50:00+00:00,5259,1226.21838379
2013-12-10T20:00:00+00:00,5259,1089.62927246
2013-12-10T20:10:00+00:00,5259,1120.30517578
2013-12-10T20:20:00+00:00,5259,1048.3046875
2013-12-10T20:30:00+00:00,5259,928.129943848
2013-12-10T20:40:00+00:00,5259,1046.54040527
2013-12-10T20:50:00+00:00,5259,908.409606934
2013-12-10T21:00:00+00:00,5259,974.95324707
2013-12-10T21:10:00+00:00,5259,1009.38543701
2013-12-10T21:20:00+00:00,5259,984.911376953
2013-12-10T21:30:00+00:00,5259,931.440185547
2013-12-10T21:40:00+00:00,5259,864.132446289
2013-12-10T21:50:00+00:00,5259,773.905944824
2013-12-10T22:00:00+00:00,5259,692.381958008
2013-12-10T22:10:00+00:00,5259,727.165466309
2013-12-10T22:20:00+00:00,5259,762.364685059
2013-12-10T22:30:00+00:00,5259,659.854248047
2013-12-10T22:40:00+00:00,5259,662.204956055
2013-12-10T22:50:00+00:00,5259,687.302612305
2013-12-11T23:00:00+00:00,5259,607.636108398
2013-12-11T23:10:00+00:00,5259,611.152404785
2013-12-11T23:20:00+00:00,5259,598.683410645
2013-12-11T23:30:00+00:00,5259,572.632751465
2013-12-11T23:40:00+00:00,5259,589.443664551
2013-12-11T23:50:00+00:00,5259,503.575561523
2013-12-12T00:00:00+00:00,5259,454.495483398
2013-12-12T00:10:00+00:00,5259,541.382446289
2013-12-12T00:30:00+00:00,5259,422.032592773
2013-12-12T02:00:00+00:00,5259,386.072265625
2013-12-12T03:50:00+00:00,5259,347.386993408
2013-12-12T04:30:00+00:00,5259,347.424957275
2013-12-12T04:40:00+00:00,5259,388.787597656
2013-12-12T05:00:00+00:00,5259,364.849456787
2013-12-12T05:20:00+00:00,5259,362.828399658
2013-12-12T05:30:00+00:00,5259,363.82824707
2013-12-12T05:40:00+00:00,5259,427.114654541
2013-12-12T05:50:00+00:00,5259,401.223693848
2013-12-12T06:00:00+00:00,5259,459.170196533
2013-12-12T06:10:00+00:00,5259,624.96105957
2013-12-12T06:20:00+00:00,5259,473.262023926
2013-12-12T06:30:00+00:00,5259,552.60760498
2013-12-12T06:40:00+00:00,5259,689.092590332
2013-12-12T06:50:00+00:00,5259,722.150146484
2013-12-12T07:00:00+00:00,5259,788.827758789
2013-12-12T07:10:00+00:00,5259,962.65612793
2013-12-12T07:20:00+00:00,5259,1139.17028809
2013-12-12T07:30:00+00:00,5259,1340.75134277
2013-12-12T07:40:00+00:00,5259,1693.64477539
2013-12-12T07:50:00+00:00,5259,2033.99743652
2013-12-12T08:00:00+00:00,5259,2239.68530273
2013-12-12T08:10:00+00:00,5259,2377.23632812
2013-12-12T08:20:00+00:00,5259,2241.43066406
2013-12-12T08:30:00+00:00,5259,2683.79321289
2013-12-12T08:40:00+00:00,5259,2882.29931641
2013-12-12T08:50:00+00:00,5259,2652.88232422
2013-12-12T09:00:00+00:00,5259,3029.11767578
2013-12-12T09:10:00+00:00,5259,2864.76928711
2013-12-12T09:20:00+00:00,5259,2835.17163086
2013-12-12T09:30:00+00:00,5259,3049.9206543
2013-12-12T09:40:00+00:00,5259,3239.75097656
2013-12-12T09:50:00+00:00,5259,3202.97412109
2013-12-12T10:00:00+00:00,5259,3163.96484375
2013-12-12T10:10:00+00:00,5259,3678.86181641
2013-12-12T10:20:00+00:00,5259,3139.82844242
2013-12-12T10:30:00+00:00,5259,3317.65234375
2013-12-12T10:40:00+00:00,5259,3351.39746094
2013-12-12T10:50:00+00:00,5259,3100.08349609
2013-12-12T11:00:00+00:00,5259,3150.51690692
2013-12-12T11:10:00+00:00,5259,3259.75512695
2013-12-12T11:20:00+00:00,5259,3185.45325744
2013-12-12T11:30:00+00:00,5259,3699.19287109
2013-12-12T11:40:00+00:00,5259,3273.45751953
2013-12-12T11:50:00+00:00,5259,3157.45586479
2013-12-12T12:00:00+00:00,5259,3690.51342773
2013-12-12T12:10:00+00:00,5259,3735.7720232
2013-12-12T12:20:00+00:00,5259,3631.76526093
2013-12-12T12:30:00+00:00,5259,3558.74953175
2013-12-12T12:40:00+00:00,5259,3575.26245117
2013-12-12T12:50:00+00:00,5259,3641.02612305
2013-12-12T13:00:00+00:00,5259,3715.74152187
2013-12-12T13:10:00+00:00,5259,3486.83007812
2013-12-12T13:20:00+00:00,5259,3578.54079808
2013-12-12T13:30:00+00:00,5259,3520.50537109
2013-12-12T13:40:00+00:00,5259,3591.02939034
2013-12-12T13:50:00+00:00,5259,3306.3659668
2013-12-12T14:00:00+00:00,5259,3342.32527542
2013-12-12T14:10:00+00:00,5259,3387.63720703
2013-12-12T14:20:00+00:00,5259,3193.90161648
2013-12-12T14:30:00+00:00,5259,3078.65722656
2013-12-12T14:40:00+00:00,5259,3337.31225586
2013-12-12T14:50:00+00:00,5259,3384.11547852
2013-12-12T15:00:00+00:00,5259,3324.46020508
2013-12-12T15:10:00+00:00,5259,3267.78292537
2013-12-12T15:20:00+00:00,5259,3619.22733903
2013-12-12T15:30:00+00:00,5259,3492.12158203
2013-12-12T15:40:00+00:00,5259,3164.43823242
2013-12-12T15:50:00+00:00,5259,3202.70288086
2013-12-12T16:00:00+00:00,5259,3368.34155273
2013-12-12T16:10:00+00:00,5259,3198.79760742
2013-12-12T16:20:00+00:00,5259,3216.04858398
2013-12-12T16:30:00+00:00,5259,3195.49511719
2013-12-12T16:40:00+00:00,5259,3117.20849609
2013-12-12T16:50:00+00:00,5259,2925.50463867
2013-12-12T17:00:00+00:00,5259,2753.03491211
2013-12-12T17:10:00+00:00,5259,2597.10620117
2013-12-12T17:20:00+00:00,5259,2417.15087891
2013-12-12T17:30:00+00:00,5259,2551.75565052
2013-12-12T17:40:00+00:00,5259,2370.78588867
2013-12-12T17:50:00+00:00,5259,2187.84375
2013-12-12T18:00:00+00:00,5259,2155.43603516
2013-12-12T18:10:00+00:00,5259,2055.40399456
2013-12-12T18:20:00+00:00,5259,1883.69885254
2013-12-12T18:30:00+00:00,5259,1749.10070801
2013-12-12T18:40:00+00:00,5259,1930.83288574
2013-12-12T18:50:00+00:00,5259,2216.72167969
2013-12-12T19:00:00+00:00,5259,1799.47399902
2013-12-12T19:10:00+00:00,5259,1646.98291016
2013-12-12T19:20:00+00:00,5259,1717.07873535
2013-12-12T19:30:00+00:00,5259,1687.26074219
2013-12-12T19:40:00+00:00,5259,1680.35449219
2013-12-12T19:50:00+00:00,5259,1743.71948242
2013-12-12T20:00:00+00:00,5259,1599.41943359
2013-12-12T20:10:00+00:00,5259,1534.39624023
2013-12-12T20:20:00+00:00,5259,1546.37304688
2013-12-12T20:30:00+00:00,5259,1439.56237793
2013-12-12T20:40:00+00:00,5259,1462.59875488
2013-12-12T20:50:00+00:00,5259,1379.65673828
2013-12-12T21:00:00+00:00,5259,1156.94689941
2013-12-12T21:10:00+00:00,5259,1271.33837891
2013-12-12T21:20:00+00:00,5259,1167.12573242
2013-12-12T21:30:00+00:00,5259,1311.15856934
2013-12-12T21:40:00+00:00,5259,1244.31530762
2013-12-12T21:50:00+00:00,5259,1058.39296919
2013-12-12T22:00:00+00:00,5259,1163.5411377
2013-12-12T22:10:00+00:00,5259,1043.55517578
2013-12-12T22:20:00+00:00,5259,1076.32800293
2013-12-12T22:30:00+00:00,5259,1030.4564209
2013-12-12T22:40:00+00:00,5259,872.212524414
2013-12-12T22:50:00+00:00,5259,855.597412109
2013-12-12T23:00:00+00:00,5259,796.905822754
2013-12-12T23:10:00+00:00,5259,678.876464844
2013-12-12T23:20:00+00:00,5259,708.456665039
2013-12-12T23:30:00+00:00,5259,803.327331543
2013-12-12T23:40:00+00:00,5259,761.367248535
2013-12-12T23:50:00+00:00,5259,621.073852539
2013-12-13T00:00:00+00:00,5259,564.653442383
2013-12-13T00:10:00+00:00,5259,567.43371582
2013-12-13T00:30:00+00:00,5259,509.386169434
2013-12-13T00:50:00+00:00,5259,757.480957031
2013-12-13T01:10:00+00:00,5259,535.514648438
2013-12-13T01:20:00+00:00,5259,492.981719971
2013-12-13T01:50:00+00:00,5259,442.419586182
2013-12-13T04:30:00+00:00,5259,396.771820068
2013-12-13T04:50:00+00:00,5259,396.243255615
2013-12-13T05:00:00+00:00,5259,410.031799316
2013-12-13T05:10:00+00:00,5259,398.586608887
2013-12-13T05:20:00+00:00,5259,397.598327637
2013-12-13T05:30:00+00:00,5259,416.484588623
2013-12-13T05:40:00+00:00,5259,431.040252686
2013-12-13T05:50:00+00:00,5259,466.975128174
2013-12-13T06:00:00+00:00,5259,535.109008789
2013-12-13T06:10:00+00:00,5259,524.052734375
2013-12-13T06:20:00+00:00,5259,565.307495117
2013-12-13T06:30:00+00:00,5259,583.743225098
2013-12-13T06:40:00+00:00,5259,738.504699707
2013-12-13T06:50:00+00:00,5259,735.519165039
2013-12-13T07:00:00+00:00,5259,769.085632324
2013-12-13T07:10:00+00:00,5259,938.663208008
2013-12-13T07:20:00+00:00,5259,1178.97631836
2013-12-13T07:30:00+00:00,5259,1346.85424805
2013-12-13T07:40:00+00:00,5259,1636.39880371
2013-12-13T07:50:00+00:00,5259,1890.77709961
2013-12-13T08:00:00+00:00,5259,2089.9309082
2013-12-13T08:10:00+00:00,5259,2414.27734375
2013-12-13T08:20:00+00:00,5259,2554.67089844
2013-12-13T08:30:00+00:00,5259,2651.74291992
2013-12-13T08:40:00+00:00,5259,3130.18747199
2013-12-13T08:50:00+00:00,5259,3247.37963867
2013-12-13T09:00:00+00:00,5259,3349.04785156
2013-12-13T09:10:00+00:00,5259,3014.14404297
2013-12-13T09:20:00+00:00,5259,3069.59350586
2013-12-13T09:30:00+00:00,5259,3042.76660156
2013-12-13T09:40:00+00:00,5259,2904.22211003
2013-12-13T09:50:00+00:00,5259,3010.93020344
2013-12-13T10:00:00+00:00,5259,3227.72485352
2013-12-13T10:10:00+00:00,5259,3164.66674805
2013-12-13T10:20:00+00:00,5259,3032.44076377
2013-12-13T10:30:00+00:00,5259,3110.27294922
2013-12-13T10:40:00+00:00,5259,3094.36938477
2013-12-13T10:50:00+00:00,5259,3015.71899414
2013-12-13T11:00:00+00:00,5259,3124.35595703
2013-12-13T11:10:00+00:00,5259,3088.15429688
2013-12-13T11:20:00+00:00,5259,3155.33276367
2013-12-13T11:30:00+00:00,5259,3169.71435547
2013-12-13T11:40:00+00:00,5259,3391.20410156
2013-12-13T11:50:00+00:00,5259,3363.85001135
2013-12-13T12:00:00+00:00,5259,3372.31850386
2013-12-13T12:10:00+00:00,5259,3523.16479492
2013-12-13T12:20:00+00:00,5259,3471.8869338
2013-12-13T12:30:00+00:00,5259,3258.36328125
2013-12-13T12:40:00+00:00,5259,3497.49291992
2013-12-13T12:50:00+00:00,5259,3168.67822266
2013-12-13T13:00:00+00:00,5259,3539.98583984
2013-12-13T13:10:00+00:00,5259,3305.74584961
2013-12-13T13:20:00+00:00,5259,3114.68139648
2013-12-13T13:30:00+00:00,5259,3010.49351072
2013-12-13T13:40:00+00:00,5259,3049.60742188
2013-12-13T13:50:00+00:00,5259,2791.92089844
2013-12-13T14:00:00+00:00,5259,3062.59887695
2013-12-13T14:10:00+00:00,5259,2874.30688477
2013-12-13T14:20:00+00:00,5259,2966.5625
2013-12-13T14:30:00+00:00,5259,2892.6640625
2013-12-13T14:40:00+00:00,5259,3028.53955078
2013-12-13T14:50:00+00:00,5259,2986.35302734
2013-12-13T15:00:00+00:00,5259,3011.05322266
2013-12-13T15:10:00+00:00,5259,2933.56445312
2013-12-13T15:20:00+00:00,5259,2994.7540549
2013-12-13T15:30:00+00:00,5259,2790.55529499
2013-12-13T15:40:00+00:00,5259,2845.79394531
2013-12-13T15:50:00+00:00,5259,2922.41699219
2013-12-13T16:00:00+00:00,5259,2820.40515351
2013-12-13T16:10:00+00:00,5259,2776.73803711
2013-12-13T16:20:00+00:00,5259,2706.65747354
2013-12-13T16:30:00+00:00,5259,2556.7203474
2013-12-13T16:40:00+00:00,5259,2461.55908203
2013-12-13T16:50:00+00:00,5259,2508.53662109
2013-12-13T17:00:00+00:00,5259,2410.62811148
2013-12-13T17:10:00+00:00,5259,2361.67504883
2013-12-13T17:20:00+00:00,5259,2230.5769062
2013-12-13T17:30:00+00:00,5259,2131.19830751
2013-12-13T17:40:00+00:00,5259,2076.02368164
2013-12-13T17:50:00+00:00,5259,2107.42919922
2013-12-13T18:00:00+00:00,5259,1752.58227539
2013-12-13T18:10:00+00:00,5259,1632.55737305
2013-12-13T18:20:00+00:00,5259,1597.04760742
2013-12-13T18:30:00+00:00,5259,1601.90698242
2013-12-13T18:40:00+00:00,5259,1456.73168945
2013-12-13T18:50:00+00:00,5259,1211.15515137
2013-12-13T19:00:00+00:00,5259,1210.10192871
2013-12-13T19:10:00+00:00,5259,1159.31787109
2013-12-13T19:20:00+00:00,5259,1132.50305176
2013-12-13T19:30:00+00:00,5259,975.765136719
2013-12-13T19:40:00+00:00,5259,978.44128418
2013-12-13T19:50:00+00:00,5259,858.759033203
2013-12-13T20:00:00+00:00,5259,888.057373047
2013-12-13T20:10:00+00:00,5259,950.392944336
2013-12-13T20:20:00+00:00,5259,957.251037598
2013-12-13T20:30:00+00:00,5259,938.619018555
2013-12-13T20:40:00+00:00,5259,858.914611816
2013-12-13T20:50:00+00:00,5259,895.502807617
2013-12-13T21:00:00+00:00,5259,955.338012695
2013-12-13T21:10:00+00:00,5259,1021.3583374
2013-12-13T21:20:00+00:00,5259,1006.45147705
2013-12-13T21:30:00+00:00,5259,870.058166504
2013-12-13T21:40:00+00:00,5259,896.807739258
2013-12-13T21:50:00+00:00,5259,851.313171387
2013-12-13T22:00:00+00:00,5259,950.641601562
2013-12-13T22:10:00+00:00,5259,830.817199707
2013-12-13T22:20:00+00:00,5259,1034.39526367
2013-12-13T22:30:00+00:00,5259,893.469848633
2013-12-13T22:40:00+00:00,5259,855.33416748
2013-12-13T22:50:00+00:00,5259,788.010009766
2013-12-13T23:00:00+00:00,5259,789.981079102
2013-12-13T23:10:00+00:00,5259,802.561523438
2013-12-13T23:20:00+00:00,5259,969.269042969
2013-12-13T23:30:00+00:00,5259,1084.04638672
2013-12-13T23:50:00+00:00,5259,1165.91601562
2013-12-14T00:00:00+00:00,5259,1199.80419922
2013-12-14T00:10:00+00:00,5259,1227.83215332
2013-12-14T00:20:00+00:00,5259,1264.94360352
2013-12-14T00:30:00+00:00,5259,1243.09484863
2013-12-14T00:40:00+00:00,5259,1213.31030273
2013-12-14T00:50:00+00:00,5259,1388.68115234
2013-12-14T01:00:00+00:00,5259,1401.18884277
2013-12-14T01:10:00+00:00,5259,1375.61523438
2013-12-14T01:20:00+00:00,5259,1476.28222656
2013-12-14T01:30:00+00:00,5259,1261.58666992
2013-12-14T01:40:00+00:00,5259,1307.69543457
2013-12-14T02:00:00+00:00,5259,1071.37744141
2013-12-14T02:10:00+00:00,5259,950.458251953
2013-12-14T02:20:00+00:00,5259,819.4921875
2013-12-14T02:40:00+00:00,5259,800.903076172
2013-12-14T02:50:00+00:00,5259,761.34777832
2013-12-14T03:00:00+00:00,5259,747.998596191
2013-12-14T03:10:00+00:00,5259,551.521850586
2013-12-14T03:30:00+00:00,5259,414.49621582
2013-12-14T03:40:00+00:00,5259,363.916046143
2013-12-14T04:00:00+00:00,5259,357.975006104
2013-12-14T05:00:00+00:00,5259,311.813140869
2013-12-14T05:20:00+00:00,5259,316.287261963
2013-12-14T05:50:00+00:00,5259,350.057037354
2013-12-14T06:00:00+00:00,5259,344.090606689
2013-12-14T06:20:00+00:00,5259,347.22479248
2013-12-14T06:30:00+00:00,5259,393.668762207
2013-12-14T06:40:00+00:00,5259,439.447784424
2013-12-14T06:50:00+00:00,5259,388.458251953
2013-12-14T07:00:00+00:00,5259,382.07144165
2013-12-14T07:10:00+00:00,5259,398.80960083
2013-12-14T07:20:00+00:00,5259,398.920318604
2013-12-14T07:30:00+00:00,5259,400.709106445
2013-12-14T07:40:00+00:00,5259,435.840515137
2013-12-14T07:50:00+00:00,5259,488.206268311
2013-12-14T08:00:00+00:00,5259,442.445739746
2013-12-14T08:10:00+00:00,5259,484.349060059
2013-12-14T08:20:00+00:00,5259,514.46105957
2013-12-14T08:30:00+00:00,5259,469.310241699
2013-12-14T08:40:00+00:00,5259,759.325439453
2013-12-14T08:50:00+00:00,5259,746.499023438
2013-12-14T09:00:00+00:00,5259,638.768249512
2013-12-14T09:10:00+00:00,5259,587.655334473
2013-12-14T09:20:00+00:00,5259,615.550292969
2013-12-14T09:30:00+00:00,5259,592.981750488
2013-12-14T09:40:00+00:00,5259,692.911499023
2013-12-14T09:50:00+00:00,5259,703.30065918
2013-12-14T10:00:00+00:00,5259,676.199768066
2013-12-14T10:10:00+00:00,5259,696.29083252
2013-12-14T10:20:00+00:00,5259,656.085693359
2013-12-14T10:30:00+00:00,5259,668.848083496
2013-12-14T10:40:00+00:00,5259,734.316223145
2013-12-14T10:50:00+00:00,5259,673.464050293
2013-12-14T11:00:00+00:00,5259,821.029296875
2013-12-14T11:10:00+00:00,5259,740.443481445
2013-12-14T11:20:00+00:00,5259,741.231628418
2013-12-14T11:30:00+00:00,5259,825.843933105
2013-12-14T11:40:00+00:00,5259,767.742980957
2013-12-14T11:50:00+00:00,5259,761.206359863
2013-12-14T12:00:00+00:00,5259,808.096862793
2013-12-14T12:10:00+00:00,5259,835.687988281
2013-12-14T12:20:00+00:00,5259,887.495910645
2013-12-14T12:30:00+00:00,5259,770.85723877
2013-12-14T12:40:00+00:00,5259,899.240478516
2013-12-14T12:50:00+00:00,5259,813.966064453
2013-12-14T13:00:00+00:00,5259,765.942504883
2013-12-14T13:10:00+00:00,5259,781.91229248
2013-12-14T13:20:00+00:00,5259,831.363891602
2013-12-14T13:30:00+00:00,5259,843.901794434
2013-12-14T13:40:00+00:00,5259,811.209411621
2013-12-14T13:50:00+00:00,5259,875.948303223
2013-12-14T14:00:00+00:00,5259,863.192504883
2013-12-14T14:10:00+00:00,5259,793.313842773
2013-12-14T14:20:00+00:00,5259,906.102416992
2013-12-14T14:30:00+00:00,5259,792.848510742
2013-12-14T14:40:00+00:00,5259,771.54699707
2013-12-14T14:50:00+00:00,5259,794.959472656
2013-12-14T15:00:00+00:00,5259,827.103820801
2013-12-14T15:10:00+00:00,5259,799.143554688
2013-12-14T15:20:00+00:00,5259,758.140014648
2013-12-14T15:30:00+00:00,5259,755.687988281
2013-12-14T15:40:00+00:00,5259,902.660766602
2013-12-14T15:50:00+00:00,5259,975.446472168
2013-12-14T16:00:00+00:00,5259,902.290405273
2013-12-14T16:10:00+00:00,5259,949.383483887
2013-12-14T16:20:00+00:00,5259,909.56048584
2013-12-14T16:30:00+00:00,5259,918.20715332
2013-12-14T16:40:00+00:00,5259,1026.28173828
2013-12-14T16:50:00+00:00,5259,914.607363679
2013-12-14T17:00:00+00:00,5259,851.251708984
2013-12-14T17:10:00+00:00,5259,837.485656738
2013-12-14T17:20:00+00:00,5259,788.716003418
2013-12-14T17:30:00+00:00,5259,797.47668457
2013-12-14T17:40:00+00:00,5259,736.877563477
2013-12-14T17:50:00+00:00,5259,739.19934082
2013-12-14T18:00:00+00:00,5259,725.088806152
2013-12-14T18:10:00+00:00,5259,673.645263672
2013-12-14T18:20:00+00:00,5259,657.81817627
2013-12-14T18:30:00+00:00,5259,682.146179199
2013-12-14T18:40:00+00:00,5259,694.634765625
2013-12-14T18:50:00+00:00,5259,697.058776855
2013-12-14T19:00:00+00:00,5259,604.510742188
2013-12-14T19:10:00+00:00,5259,556.310058594
2013-12-14T19:20:00+00:00,5259,569.129699707
2013-12-14T19:30:00+00:00,5259,583.019470215
2013-12-14T19:40:00+00:00,5259,749.202941895
2013-12-14T19:50:00+00:00,5259,827.253723145
2013-12-14T20:00:00+00:00,5259,806.798034668
2013-12-14T20:10:00+00:00,5259,853.198913574
2013-12-14T20:20:00+00:00,5259,896.258605957
2013-12-14T20:30:00+00:00,5259,941.397521973
2013-12-14T20:40:00+00:00,5259,1052.45214844
2013-12-14T20:50:00+00:00,5259,1059.28991699
2013-12-14T21:00:00+00:00,5259,1067.05773926
2013-12-14T21:10:00+00:00,5259,1035.39599609
2013-12-14T21:20:00+00:00,5259,988.256774902
2013-12-14T21:30:00+00:00,5259,961.956359863
2013-12-14T21:40:00+00:00,5259,1011.37463379
2013-12-14T21:50:00+00:00,5259,1008.41210938
2013-12-14T22:00:00+00:00,5259,1090.8170166
2013-12-14T22:10:00+00:00,5259,948.731872559
2013-12-14T22:20:00+00:00,5259,877.977844238
2013-12-14T22:30:00+00:00,5259,856.735717773
2013-12-14T22:40:00+00:00,5259,934.223327637
2013-12-14T22:50:00+00:00,5259,855.520812988
2013-12-14T23:00:00+00:00,5259,957.014404297
2013-12-14T23:10:00+00:00,5259,1133.82189941
2013-12-14T23:20:00+00:00,5259,1129.36413574
2013-12-14T23:30:00+00:00,5259,1247.89355469
2013-12-14T23:40:00+00:00,5259,1277.80187988
2013-12-14T23:50:00+00:00,5259,1362.73413086
2013-12-15T00:00:00+00:00,5259,1626.76013184
2013-12-15T00:10:00+00:00,5259,1452.27160645
2013-12-15T00:20:00+00:00,5259,1501.97460938
2013-12-15T00:30:00+00:00,5259,1743.12365723
2013-12-15T00:40:00+00:00,5259,1839.11560059
2013-12-15T00:50:00+00:00,5259,1702.51757812
2013-12-15T01:00:00+00:00,5259,1740.64050293
2013-12-15T01:10:00+00:00,5259,1646.85253906
2013-12-15T01:20:00+00:00,5259,1612.85571289
2013-12-15T01:30:00+00:00,5259,1635.96374512
2013-12-15T01:40:00+00:00,5259,1669.60339355
2013-12-15T02:20:00+00:00,5259,1255.39538574
2013-12-15T02:40:00+00:00,5259,1205.56762695
2013-12-15T02:50:00+00:00,5259,1057.97424316
2013-12-15T03:00:00+00:00,5259,935.190673828
2013-12-15T03:10:00+00:00,5259,910.507202148
2013-12-15T03:20:00+00:00,5259,852.264282227
2013-12-15T03:30:00+00:00,5259,811.335083008
2013-12-15T03:40:00+00:00,5259,714.881652832
2013-12-15T03:50:00+00:00,5259,591.961303711
2013-12-15T04:10:00+00:00,5259,390.821563721
2013-12-15T04:30:00+00:00,5259,243.254653931
2013-12-15T05:20:00+00:00,5259,220.389846802
2013-12-15T06:00:00+00:00,5259,294.501098633
2013-12-15T06:30:00+00:00,5259,233.734298706
2013-12-15T06:50:00+00:00,5259,219.995239258
2013-12-15T07:00:00+00:00,5259,224.92616272
2013-12-15T07:10:00+00:00,5259,240.315124512
2013-12-15T07:20:00+00:00,5259,252.549240112
2013-12-15T07:30:00+00:00,5259,259.099273682
2013-12-15T07:40:00+00:00,5259,270.585205078
2013-12-15T07:50:00+00:00,5259,251.09034729
2013-12-15T08:00:00+00:00,5259,309.995910645
2013-12-15T08:10:00+00:00,5259,266.618408203
2013-12-15T08:20:00+00:00,5259,274.058288574
2013-12-15T08:30:00+00:00,5259,281.263885498
2013-12-15T08:40:00+00:00,5259,301.338195801
2013-12-15T08:50:00+00:00,5259,373.649871826
2013-12-15T09:00:00+00:00,5259,370.097290039
2013-12-15T09:10:00+00:00,5259,397.236450195
2013-12-15T09:20:00+00:00,5259,322.662353516
2013-12-15T09:30:00+00:00,5259,370.521728516
2013-12-15T09:40:00+00:00,5259,420.079864502
2013-12-15T09:50:00+00:00,5259,399.546905518
2013-12-15T10:00:00+00:00,5259,391.49420166
2013-12-15T10:10:00+00:00,5259,383.145599365
2013-12-15T10:20:00+00:00,5259,382.686157227
2013-12-15T10:30:00+00:00,5259,436.710968018
2013-12-15T10:40:00+00:00,5259,462.37109375
2013-12-15T10:50:00+00:00,5259,455.794799805
2013-12-15T11:00:00+00:00,5259,453.268951416
2013-12-15T11:10:00+00:00,5259,445.871459961
2013-12-15T11:20:00+00:00,5259,516.804199219
2013-12-15T11:30:00+00:00,5259,454.404052734
2013-12-15T11:40:00+00:00,5259,505.834899902
2013-12-15T11:50:00+00:00,5259,513.671508789
2013-12-15T12:00:00+00:00,5259,557.499023438
2013-12-15T12:10:00+00:00,5259,541.555664062
2013-12-15T12:20:00+00:00,5259,513.658447266
2013-12-15T12:30:00+00:00,5259,581.615600586
2013-12-15T12:40:00+00:00,5259,538.26739502
2013-12-15T12:50:00+00:00,5259,561.017272949
2013-12-15T13:00:00+00:00,5259,599.52746582
2013-12-15T13:10:00+00:00,5259,565.908874512
2013-12-15T13:20:00+00:00,5259,583.496337891
2013-12-15T13:30:00+00:00,5259,542.760681152
2013-12-15T13:40:00+00:00,5259,570.635986328
2013-12-15T13:50:00+00:00,5259,572.99420166
2013-12-15T14:00:00+00:00,5259,609.33013916
2013-12-15T14:10:00+00:00,5259,651.961669922
2013-12-15T14:20:00+00:00,5259,626.563171387
2013-12-15T14:30:00+00:00,5259,682.54699707
2013-12-15T14:40:00+00:00,5259,662.377380371
2013-12-15T14:50:00+00:00,5259,752.813232422
2013-12-15T15:00:00+00:00,5259,647.569946289
2013-12-15T15:10:00+00:00,5259,681.375976562
2013-12-15T15:20:00+00:00,5259,640.415283203
2013-12-15T15:30:00+00:00,5259,777.086242676
2013-12-15T15:40:00+00:00,5259,732.174072266
2013-12-15T15:50:00+00:00,5259,657.747009277
2013-12-15T16:00:00+00:00,5259,698.296569824
2013-12-15T16:10:00+00:00,5259,791.081542969
2013-12-15T16:20:00+00:00,5259,648.887695312
2013-12-15T16:30:00+00:00,5259,691.468017578
2013-12-15T16:40:00+00:00,5259,626.496948242
2013-12-15T16:50:00+00:00,5259,814.552246094
2013-12-15T17:00:00+00:00,5259,632.632080078
2013-12-15T17:10:00+00:00,5259,679.486328125
2013-12-15T17:20:00+00:00,5259,631.647705078
2013-12-15T17:30:00+00:00,5259,643.10546875
2013-12-15T17:40:00+00:00,5259,646.159057617
2013-12-15T17:50:00+00:00,5259,607.755737305
2013-12-15T18:00:00+00:00,5259,636.182983398
2013-12-15T18:10:00+00:00,5259,658.476806641
2013-12-15T18:20:00+00:00,5259,559.507385254
2013-12-15T18:30:00+00:00,5259,524.664123535
2013-12-15T18:40:00+00:00,5259,545.263122559
2013-12-15T18:50:00+00:00,5259,464.017822266
2013-12-15T19:00:00+00:00,5259,432.495605469
2013-12-15T19:10:00+00:00,5259,450.065856934
2013-12-15T19:20:00+00:00,5259,438.213165283
2013-12-15T19:30:00+00:00,5259,381.135955811
2013-12-15T19:40:00+00:00,5259,409.481506348
2013-12-15T19:50:00+00:00,5259,380.958007812
2013-12-15T20:00:00+00:00,5259,384.263702393
2013-12-15T20:10:00+00:00,5259,398.221435547
2013-12-15T20:20:00+00:00,5259,359.507781982
2013-12-15T20:30:00+00:00,5259,379.226928711
2013-12-15T20:40:00+00:00,5259,383.757904053
2013-12-15T20:50:00+00:00,5259,395.741363525
2013-12-15T21:00:00+00:00,5259,395.784698486
2013-12-15T21:10:00+00:00,5259,365.604522705
2013-12-15T21:20:00+00:00,5259,326.930633545
2013-12-15T21:30:00+00:00,5259,337.82611084
2013-12-15T21:40:00+00:00,5259,357.211334229
2013-12-15T21:50:00+00:00,5259,402.551513672
2013-12-15T22:00:00+00:00,5259,325.104400635
2013-12-15T22:10:00+00:00,5259,342.663665771
2013-12-15T22:20:00+00:00,5259,323.034667969
2013-12-15T22:30:00+00:00,5259,295.151824951
2013-12-15T22:40:00+00:00,5259,271.187255859
2013-12-15T22:50:00+00:00,5259,250.765792847
