timestamp,square_id,internet_traffic
2013-10-31T23:00:00+00:00,4556,1129.83227539
2013-10-31T23:10:00+00:00,4556,981.020324707
2013-10-31T23:20:00+00:00,4556,998.110717773
2013-10-31T23:30:00+00:00,4556,960.983581543
2013-10-31T23:40:00+00:00,4556,934.794006348
2013-10-31T23:50:00+00:00,4556,982.659606934
2013-11-01T00:00:00+00:00,4556,1100.19152832
2013-11-01T00:10:00+00:00,4556,833.38092041
2013-11-01T00:20:00+00:00,4556,886.567077637
2013-11-01T00:30:00+00:00,4556,871.006286621
2013-11-01T00:40:00+00:00,4556,823.789001465
2013-11-01T00:50:00+00:00,4556,678.194641113
2013-11-01T01:00:00+00:00,4556,656.03125
2013-11-01T01:10:00+00:00,4556,610.270935059
2013-11-01T01:20:00+00:00,4556,559.666381836
2013-11-01T01:30:00+00:00,4556,482.232177734
2013-11-01T01:40:00+00:00,4556,471.771759033
2013-11-01T01:50:00+00:00,4556,498.20413208
2013-11-01T02:00:00+00:00,4556,431.740509033
2013-11-01T02:10:00+00:00,4556,385.021972656
2013-11-01T02:20:00+00:00,4556,363.434661865
2013-11-01T02:30:00+00:00,4556,366.989501953
2013-11-01T02:40:00+00:00,4556,335.152893066
2013-11-01T02:50:00+00:00,4556,369.977020264
2013-11-01T03:00:00+00:00,4556,386.624084473
2013-11-01T03:10:00+00:00,4556,471.393127441
2013-11-01T03:20:00+00:00,4556,527.85949707
2013-11-01T03:30:00+00:00,4556,341.868743896
2013-11-01T03:40:00+00:00,4556,313.734069824
2013-11-01T03:50:00+00:00,4556,322.867462158
2013-11-01T04:00:00+00:00,4556,267.072540283
2013-11-01T04:10:00+00:00,4556,289.000762939
2013-11-01T04:20:00+00:00,4556,272.841033936
2013-11-01T04:30:00+00:00,4556,258.152801514
2013-11-01T04:40:00+00:00,4556,266.341033936
2013-11-01T05:00:00+00:00,4556,276.967559814
2013-11-01T05:20:00+00:00,4556,271.551147461
2013-11-01T06:00:00+00:00,4556,237.126846313
2013-11-01T06:10:00+00:00,4556,257.887756348
2013-11-01T06:20:00+00:00,4556,239.268966675
2013-11-01T06:30:00+00:00,4556,262.305145264
2013-11-01T06:40:00+00:00,4556,256.328979492
2013-11-01T06:50:00+00:00,4556,236.950531006
2013-11-01T07:00:00+00:00,4556,236.350646973
2013-11-01T07:10:00+00:00,4556,253.999908447
2013-11-01T07:20:00+00:00,4556,256.044677734
2013-11-01T07:30:00+00:00,4556,277.434539795
2013-11-01T07:40:00+00:00,4556,310.197967529
2013-11-01T07:50:00+00:00,4556,321.218353271
2013-11-01T08:00:00+00:00,4556,308.429962158
2013-11-01T08:10:00+00:00,4556,327.547393799
2013-11-01T08:20:00+00:00,4556,351.42364502
2013-11-01T08:30:00+00:00,4556,312.785858154
2013-11-01T08:40:00+00:00,4556,363.091308594
2013-11-01T08:50:00+00:00,4556,410.042236328
2013-11-01T09:00:00+00:00,4556,458.851257324
2013-11-01T09:10:00+00:00,4556,577.669250488
2013-11-01T09:20:00+00:00,4556,536.707275391
2013-11-01T09:30:00+00:00,4556,507.966949463
2013-11-01T09:40:00+00:00,4556,547.72265625
2013-11-01T09:50:00+00:00,4556,506.792602539
2013-11-01T10:00:00+00:00,4556,459.200469971
2013-11-01T10:10:00+00:00,4556,476.963745117
2013-11-01T10:20:00+00:00,4556,364.488616943
2013-11-01T10:30:00+00:00,4556,417.483642578
2013-11-01T10:40:00+00:00,4556,418.461273193
2013-11-01T10:50:00+00:00,4556,508.697174072
2013-11-01T11:00:00+00:00,4556,544.117736816
2013-11-01T11:10:00+00:00,4556,534.86505127
2013-11-01T11:20:00+00:00,4556,539.516357422
2013-11-01T11:30:00+00:00,4556,509.585784912
2013-11-01T11:40:00+00:00,4556,636.181396484
2013-11-01T11:50:00+00:00,4556,582.881896973
2013-11-01T12:00:00+00:00,4556,505.411651611
2013-11-01T12:10:00+00:00,4556,643.356628418
2013-11-01T12:20:00+00:00,4556,613.331604004
2013-11-01T12:30:00+00:00,4556,554.422058105
2013-11-01T12:40:00+00:00,4556,566.289916992
2013-11-01T12:50:00+00:00,4556,585.289733887
2013-11-01T13:00:00+00:00,4556,601.961364746
2013-11-01T13:10:00+00:00,4556,623.538085938
2013-11-01T13:20:00+00:00,4556,590.153686523
2013-11-01T13:30:00+00:00,4556,563.423156738
2013-11-01T13:40:00+00:00,4556,612.554748535
2013-11-01T13:50:00+00:00,4556,572.055053711
2013-11-01T14:00:00+00:00,4556,577.485351562
2013-11-01T14:10:00+00:00,4556,673.158874512
2013-11-01T14:20:00+00:00,4556,560.223083496
2013-11-01T14:30:00+00:00,4556,498.595123291
2013-11-01T14:40:00+00:00,4556,488.150177002
2013-11-01T14:50:00+00:00,4556,513.922180176
2013-11-01T15:00:00+00:00,4556,500.793762207
2013-11-01T15:10:00+00:00,4556,572.190124512
2013-11-01T15:20:00+00:00,4556,571.128051758
2013-11-01T15:30:00+00:00,4556,489.743804932
2013-11-01T15:40:00+00:00,4556,460.085632324
2013-11-01T15:50:00+00:00,4556,633.827758789
2013-11-01T16:00:00+00:00,4556,594.890808105
2013-11-01T16:10:00+00:00,4556,586.040344238
2013-11-01T16:20:00+00:00,4556,644.281677246
2013-11-01T16:30:00+00:00,4556,538.225585938
2013-11-01T16:40:00+00:00,4556,554.119018555
2013-11-01T16:50:00+00:00,4556,677.139648438
2013-11-01T17:00:00+00:00,4556,581.500671387
2013-11-01T17:10:00+00:00,4556,576.588867188
2013-11-01T17:20:00+00:00,4556,579.081542969
2013-11-01T17:30:00+00:00,4556,590.706176758
2013-11-01T17:40:00+00:00,4556,631.777770996
2013-11-01T17:50:00+00:00,4556,692.823913574
2013-11-01T18:00:00+00:00,4556,657.091308594
2013-11-01T18:10:00+00:00,4556,1032.16113281
2013-11-01T18:20:00+00:00,4556,850.331237793
2013-11-01T18:30:00+00:00,4556,852.432067871
2013-11-01T18:40:00+00:00,4556,866.441833496
2013-11-01T18:50:00+00:00,4556,882.515380859
2013-11-01T19:00:00+00:00,4556,1196.93737793
2013-11-01T19:10:00+00:00,4556,908.427429199
2013-11-01T19:20:00+00:00,4556,890.740661621
2013-11-01T19:30:00+00:00,4556,898.894958496
2013-11-01T19:40:00+00:00,4556,821.667358398
2013-11-01T19:50:00+00:00,4556,809.725830078
2013-11-01T20:00:00+00:00,4556,933.69909668
2013-11-01T20:10:00+00:00,4556,994.189147949
2013-11-01T20:20:00+00:00,4556,906.161437988
2013-11-01T20:30:00+00:00,4556,1022.69140625
2013-11-01T20:40:00+00:00,4556,1036.89929199
2013-11-01T20:50:00+00:00,4556,919.018005371
2013-11-01T21:00:00+00:00,4556,876.276428223
2013-11-01T21:10:00+00:00,4556,1027.25354004
2013-11-01T21:20:00+00:00,4556,938.852844238
2013-11-01T21:30:00+00:00,4556,936.143127441
2013-11-01T21:40:00+00:00,4556,1006.85284424
2013-11-01T21:50:00+00:00,4556,831.481750488
2013-11-01T22:00:00+00:00,4556,863.809875488
2013-11-01T22:10:00+00:00,4556,920.190673828
2013-11-01T22:20:00+00:00,4556,991.494750977
2013-11-01T22:30:00+00:00,4556,990.632568359
2013-11-01T22:40:00+00:00,4556,803.331054688
2013-11-01T22:50:00+00:00,4556,878.187866211
2013-11-01T23:00:00+00:00,4556,804.569580078
2013-11-01T23:10:00+00:00,4556,748.344177246
2013-11-01T23:20:00+00:00,4556,748.87298584
2013-11-01T23:30:00+00:00,4556,884.682922363
2013-11-01T23:40:00+00:00,4556,679.423278809
2013-11-01T23:50:00+00:00,4556,850.245544434
2013-11-02T00:00:00+00:00,4556,1018.61083984
2013-11-02T00:10:00+00:00,4556,750.375
2013-11-02T00:20:00+00:00,4556,628.233459473
2013-11-02T00:30:00+00:00,4556,552.149841309
2013-11-02T00:40:00+00:00,4556,649.150390625
2013-11-02T00:50:00+00:00,4556,428.445343018
2013-11-02T01:00:00+00:00,4556,628.893920898
2013-11-02T01:10:00+00:00,4556,394.191925049
2013-11-02T01:20:00+00:00,4556,391.007995605
2013-11-02T01:30:00+00:00,4556,424.156005859
2013-11-02T01:40:00+00:00,4556,516.172241211
2013-11-02T01:50:00+00:00,4556,404.557098389
2013-11-02T02:10:00+00:00,4556,292.719207764
2013-11-02T02:50:00+00:00,4556,205.920318604
2013-11-02T03:20:00+00:00,4556,220.85395813
2013-11-02T04:00:00+00:00,4556,207.35786438
2013-11-02T05:50:00+00:00,4556,337.407226562
2013-11-02T06:00:00+00:00,4556,196.311447144
2013-11-02T06:10:00+00:00,4556,311.258239746
2013-11-02T06:20:00+00:00,4556,203.341094971
2013-11-02T06:30:00+00:00,4556,195.310745239
2013-11-02T06:50:00+00:00,4556,229.43536377
2013-11-02T07:00:00+00:00,4556,222.322967529
2013-11-02T07:10:00+00:00,4556,224.96913147
2013-11-02T07:20:00+00:00,4556,332.520782471
2013-11-02T07:30:00+00:00,4556,307.614807129
2013-11-02T07:40:00+00:00,4556,238.960510254
2013-11-02T07:50:00+00:00,4556,275.271026611
2013-11-02T08:00:00+00:00,4556,317.30859375
2013-11-02T08:10:00+00:00,4556,344.486022949
2013-11-02T08:20:00+00:00,4556,491.771331787
2013-11-02T08:30:00+00:00,4556,402.036499023
2013-11-02T08:40:00+00:00,4556,367.055297852
2013-11-02T08:50:00+00:00,4556,428.3777771
2013-11-02T09:00:00+00:00,4556,448.255432129
2013-11-02T09:10:00+00:00,4556,388.019073486
2013-11-02T09:20:00+00:00,4556,427.555419922
2013-11-02T09:30:00+00:00,4556,379.593658447
2013-11-02T09:40:00+00:00,4556,457.684661865
2013-11-02T09:50:00+00:00,4556,477.197784424
2013-11-02T10:00:00+00:00,4556,451.632080078
2013-11-02T10:10:00+00:00,4556,683.268005371
2013-11-02T10:20:00+00:00,4556,563.778259277
2013-11-02T10:30:00+00:00,4556,576.28314209
2013-11-02T10:40:00+00:00,4556,698.666625977
2013-11-02T10:50:00+00:00,4556,540.317810059
2013-11-02T11:00:00+00:00,4556,638.304870605
2013-11-02T11:10:00+00:00,4556,545.671691895
2013-11-02T11:20:00+00:00,4556,633.87298584
2013-11-02T11:30:00+00:00,4556,624.979553223
2013-11-02T11:40:00+00:00,4556,625.649719238
2013-11-02T11:50:00+00:00,4556,495.618865967
2013-11-02T12:00:00+00:00,4556,526.160522461
2013-11-02T12:10:00+00:00,4556,659.539611816
2013-11-02T12:20:00+00:00,4556,632.091003418
2013-11-02T12:30:00+00:00,4556,536.91003418
2013-11-02T12:40:00+00:00,4556,525.211425781
2013-11-02T12:50:00+00:00,4556,613.806640625
2013-11-02T13:00:00+00:00,4556,596.028076172
2013-11-02T13:10:00+00:00,4556,595.87677002
2013-11-02T13:20:00+00:00,4556,666.788024902
2013-11-02T13:30:00+00:00,4556,677.903320312
2013-11-02T13:40:00+00:00,4556,760.100524902
2013-11-02T13:50:00+00:00,4556,695.689025879
2013-11-02T14:00:00+00:00,4556,690.772827148
2013-11-02T14:10:00+00:00,4556,671.885437012
2013-11-02T14:20:00+00:00,4556,808.530334473
2013-11-02T14:30:00+00:00,4556,703.572937012
2013-11-02T14:40:00+00:00,4556,671.038757324
2013-11-02T14:50:00+00:00,4556,660.515319824
2013-11-02T15:00:00+00:00,4556,855.410949707
2013-11-02T15:10:00+00:00,4556,695.368041992
2013-11-02T15:20:00+00:00,4556,604.892883301
2013-11-02T15:30:00+00:00,4556,580.962768555
2013-11-02T15:40:00+00:00,4556,613.243896484
2013-11-02T15:50:00+00:00,4556,671.586853027
2013-11-02T16:00:00+00:00,4556,584.978820801
2013-11-02T16:10:00+00:00,4556,507.009613037
2013-11-02T16:20:00+00:00,4556,582.318969727
2013-11-02T16:30:00+00:00,4556,606.851501465
2013-11-02T16:40:00+00:00,4556,594.915161133
2013-11-02T16:50:00+00:00,4556,645.988586426
2013-11-02T17:00:00+00:00,4556,719.792297363
2013-11-02T17:10:00+00:00,4556,889.003479004
2013-11-02T17:20:00+00:00,4556,666.262023926
2013-11-02T17:30:00+00:00,4556,820.802011669
2013-11-02T17:40:00+00:00,4556,741.682617188
2013-11-02T17:50:00+00:00,4556,823.003967285
2013-11-02T18:00:00+00:00,4556,807.367736816
2013-11-02T18:10:00+00:00,4556,842.594970703
2013-11-02T18:20:00+00:00,4556,802.607177734
2013-11-02T18:30:00+00:00,4556,869.498962402
2013-11-02T18:40:00+00:00,4556,735.099609375
2013-11-02T18:50:00+00:00,4556,990.802307129
2013-11-02T19:00:00+00:00,4556,900.077697754
2013-11-02T19:10:00+00:00,4556,816.142456055
2013-11-02T19:20:00+00:00,4556,860.556945801
2013-11-02T19:30:00+00:00,4556,902.938476562
2013-11-02T19:40:00+00:00,4556,921.023864746
2013-11-02T19:50:00+00:00,4556,992.219726562
2013-11-02T20:00:00+00:00,4556,992.462646484
2013-11-02T20:10:00+00:00,4556,963.493408203
2013-11-02T20:20:00+00:00,4556,969.493896484
2013-11-02T20:30:00+00:00,4556,1081.07543945
2013-11-02T20:40:00+00:00,4556,1017.8626709
2013-11-02T20:50:00+00:00,4556,1018.56182861
2013-11-02T21:00:00+00:00,4556,1141.57543945
2013-11-02T21:10:00+00:00,4556,1211.71801758
2013-11-02T21:20:00+00:00,4556,1183.89343262
2013-11-02T21:30:00+00:00,4556,1165.2512207
2013-11-02T21:40:00+00:00,4556,1300.29211426
2013-11-02T21:50:00+00:00,4556,1000.58074951
2013-11-02T22:00:00+00:00,4556,1124.65808105
2013-11-02T22:10:00+00:00,4556,1108.01159668
2013-11-02T22:20:00+00:00,4556,1124.28759766
2013-11-02T22:30:00+00:00,4556,1370.63317871
2013-11-02T22:40:00+00:00,4556,1273.54333496
2013-11-02T22:50:00+00:00,4556,1114.96032715
2013-11-02T23:00:00+00:00,4556,1020.44580078
2013-11-02T23:10:00+00:00,4556,1058.11499023
2013-11-02T23:20:00+00:00,4556,1125.72949219
2013-11-02T23:30:00+00:00,4556,921.37286377
2013-11-02T23:40:00+00:00,4556,1013.76818848
2013-11-02T23:50:00+00:00,4556,863.919067383
2013-11-03T00:00:00+00:00,4556,924.439086914
2013-11-03T00:10:00+00:00,4556,826.682373047
2013-11-03T00:20:00+00:00,4556,640.096984863
2013-11-03T00:30:00+00:00,4556,665.186035156
2013-11-03T00:40:00+00:00,4556,658.405090332
2013-11-03T00:50:00+00:00,4556,514.049621582
2013-11-03T01:00:00+00:00,4556,561.599731445
2013-11-03T01:10:00+00:00,4556,527.030029297
2013-11-03T01:20:00+00:00,4556,481.70199585
2013-11-03T01:30:00+00:00,4556,402.128479004
2013-11-03T01:40:00+00:00,4556,397.386779785
2013-11-03T02:00:00+00:00,4556,331.176086426
2013-11-03T02:10:00+00:00,4556,403.086029053
2013-11-03T02:20:00+00:00,4556,328.529449463
2013-11-03T02:30:00+00:00,4556,285.17276001
2013-11-03T02:40:00+00:00,4556,313.600372314
2013-11-03T03:20:00+00:00,4556,250.976211548
2013-11-03T04:10:00+00:00,4556,220.592147827
2013-11-03T04:20:00+00:00,4556,206.333999634
2013-11-03T06:20:00+00:00,4556,181.804595947
2013-11-03T06:30:00+00:00,4556,177.694671631
2013-11-03T06:40:00+00:00,4556,208.970794678
2013-11-03T06:50:00+00:00,4556,171.605316162
2013-11-03T07:00:00+00:00,4556,205.091110229
2013-11-03T07:10:00+00:00,4556,214.891265869
2013-11-03T07:20:00+00:00,4556,220.586334229
2013-11-03T07:30:00+00:00,4556,221.940689087
2013-11-03T07:40:00+00:00,4556,240.967330933
2013-11-03T07:50:00+00:00,4556,225.711517334
2013-11-03T08:00:00+00:00,4556,361.260894775
2013-11-03T08:10:00+00:00,4556,339.038543701
2013-11-03T08:20:00+00:00,4556,267.157867432
2013-11-03T08:30:00+00:00,4556,319.902954102
2013-11-03T08:40:00+00:00,4556,348.375091553
2013-11-03T08:50:00+00:00,4556,322.131530762
2013-11-03T09:00:00+00:00,4556,325.027862549
2013-11-03T09:10:00+00:00,4556,324.844238281
2013-11-03T09:20:00+00:00,4556,288.660369873
2013-11-03T09:30:00+00:00,4556,446.671539307
2013-11-03T09:40:00+00:00,4556,416.275939941
2013-11-03T09:50:00+00:00,4556,481.822601318
2013-11-03T10:00:00+00:00,4556,495.84564209
2013-11-03T10:10:00+00:00,4556,443.932189941
2013-11-03T10:20:00+00:00,4556,632.029968262
2013-11-03T10:30:00+00:00,4556,782.617126465
2013-11-03T10:40:00+00:00,4556,603.741760254
2013-11-03T10:50:00+00:00,4556,503.55682373
2013-11-03T11:00:00+00:00,4556,452.52911377
2013-11-03T11:10:00+00:00,4556,485.103546143
2013-11-03T11:20:00+00:00,4556,484.359039307
2013-11-03T11:30:00+00:00,4556,556.787414551
2013-11-03T11:40:00+00:00,4556,408.640197754
2013-11-03T11:50:00+00:00,4556,460.605010986
2013-11-03T12:00:00+00:00,4556,473.653747559
2013-11-03T12:10:00+00:00,4556,488.76763916
2013-11-03T12:20:00+00:00,4556,590.994567871
2013-11-03T12:30:00+00:00,4556,455.957672119
2013-11-03T12:40:00+00:00,4556,571.854919434
2013-11-03T12:50:00+00:00,4556,593.665771484
2013-11-03T13:00:00+00:00,4556,586.128540039
2013-11-03T13:10:00+00:00,4556,788.034912109
2013-11-03T13:20:00+00:00,4556,605.126342773
2013-11-03T13:30:00+00:00,4556,538.529541016
2013-11-03T13:40:00+00:00,4556,607.39831543
2013-11-03T13:50:00+00:00,4556,652.122131348
2013-11-03T14:00:00+00:00,4556,752.06463623
2013-11-03T14:10:00+00:00,4556,854.354309082
2013-11-03T14:20:00+00:00,4556,673.608825684
2013-11-03T14:30:00+00:00,4556,667.4375
2013-11-03T14:40:00+00:00,4556,642.921569824
2013-11-03T14:50:00+00:00,4556,744.914245605
2013-11-03T15:00:00+00:00,4556,649.496582031
2013-11-03T15:10:00+00:00,4556,591.00994873
2013-11-03T15:20:00+00:00,4556,503.734893799
2013-11-03T15:30:00+00:00,4556,598.712524414
2013-11-03T15:40:00+00:00,4556,555.763305664
2013-11-03T15:50:00+00:00,4556,530.024047852
2013-11-03T16:00:00+00:00,4556,581.32232666
2013-11-03T16:10:00+00:00,4556,592.406616211
2013-11-03T16:20:00+00:00,4556,558.591796875
2013-11-03T16:30:00+00:00,4556,609.466674805
2013-11-03T16:40:00+00:00,4556,656.794189453
2013-11-03T16:50:00+00:00,4556,835.892883301
2013-11-03T17:00:00+00:00,4556,521.160888672
2013-11-03T17:10:00+00:00,4556,606.809692383
2013-11-03T17:20:00+00:00,4556,703.762451172
2013-11-03T17:30:00+00:00,4556,716.750610352
2013-11-03T17:40:00+00:00,4556,908.813110352
2013-11-03T17:50:00+00:00,4556,653.837890625
2013-11-03T18:00:00+00:00,4556,827.646240234
2013-11-03T18:10:00+00:00,4556,716.04095459
2013-11-03T18:20:00+00:00,4556,790.182434082
2013-11-03T18:30:00+00:00,4556,648.051208496
2013-11-03T18:40:00+00:00,4556,700.26953125
2013-11-03T18:50:00+00:00,4556,857.11138916
2013-11-03T19:00:00+00:00,4556,828.419189453
2013-11-03T19:10:00+00:00,4556,685.606628418
2013-11-03T19:20:00+00:00,4556,890.79675293
2013-11-03T19:30:00+00:00,4556,852.324707031
2013-11-03T19:40:00+00:00,4556,820.653869629
2013-11-03T19:50:00+00:00,4556,899.391052246
2013-11-03T20:00:00+00:00,4556,898.858764648
2013-11-03T20:10:00+00:00,4556,918.417724609
2013-11-03T20:20:00+00:00,4556,967.558288574
2013-11-03T20:30:00+00:00,4556,989.262023926
2013-11-03T20:40:00+00:00,4556,971.109619141
2013-11-03T20:50:00+00:00,4556,1081.48083496
2013-11-03T21:00:00+00:00,4556,1155.71899414
2013-11-03T21:10:00+00:00,4556,817.21484375
2013-11-03T21:20:00+00:00,4556,1010.54870605
2013-11-03T21:30:00+00:00,4556,1149.67260742
2013-11-03T21:40:00+00:00,4556,784.46496582
2013-11-03T21:50:00+00:00,4556,685.659606934
2013-11-03T22:00:00+00:00,4556,726.543151855
2013-11-03T22:10:00+00:00,4556,697.927429199
2013-11-03T22:20:00+00:00,4556,593.150878906
2013-11-03T22:30:00+00:00,4556,595.26965332
2013-11-03T22:40:00+00:00,4556,684.59375
2013-11-03T22:50:00+00:00,4556,538.703308105
2013-11-03T23:00:00+00:00,4556,568.021484375
2013-11-03T23:10:00+00:00,4556,537.114196777
2013-11-03T23:20:00+00:00,4556,522.12286377
2013-11-03T23:30:00+00:00,4556,472.547576904
2013-11-03T23:40:00+00:00,4556,495.273986816
2013-11-03T23:50:00+00:00,4556,492.003540039
2013-11-04T00:00:00+00:00,4556,481.23236084
2013-11-04T00:10:00+00:00,4556,404.858978271
2013-11-04T00:20:00+00:00,4556,436.631408691
2013-11-04T00:30:00+00:00,4556,397.865966797
2013-11-04T00:40:00+00:00,4556,448.191314697
2013-11-04T01:00:00+00:00,4556,350.566741943
2013-11-04T01:10:00+00:00,4556,350.227325439
2013-11-04T01:30:00+00:00,4556,345.803253174
2013-11-04T02:00:00+00:00,4556,286.837890625
2013-11-04T04:50:00+00:00,4556,224.444198608
2013-11-04T05:30:00+00:00,4556,250.882339478
2013-11-04T05:50:00+00:00,4556,260.779571533
2013-11-04T06:00:00+00:00,4556,258.703369141
2013-11-04T06:10:00+00:00,4556,300.309814453
2013-11-04T06:20:00+00:00,4556,316.641723633
2013-11-04T06:30:00+00:00,4556,344.459747314
2013-11-04T06:40:00+00:00,4556,394.965515137
2013-11-04T06:50:00+00:00,4556,427.483428955
2013-11-04T07:00:00+00:00,4556,375.483306885
2013-11-04T07:10:00+00:00,4556,442.680603027
2013-11-04T07:20:00+00:00,4556,459.488128662
2013-11-04T07:30:00+00:00,4556,513.355834961
2013-11-04T07:40:00+00:00,4556,545.465881348
2013-11-04T07:50:00+00:00,4556,536.075561523
2013-11-04T08:00:00+00:00,4556,432.047729492
2013-11-04T08:10:00+00:00,4556,434.378570557
2013-11-04T08:20:00+00:00,4556,560.409484863
2013-11-04T08:30:00+00:00,4556,535.887451172
2013-11-04T08:40:00+00:00,4556,550.067993164
2013-11-04T08:50:00+00:00,4556,660.372680664
2013-11-04T09:00:00+00:00,4556,517.551818848
2013-11-04T09:10:00+00:00,4556,514.36907959
2013-11-04T09:20:00+00:00,4556,467.412811279
2013-11-04T09:30:00+00:00,4556,507.264282227
2013-11-04T09:40:00+00:00,4556,570.907958984
2013-11-04T09:50:00+00:00,4556,501.150024414
2013-11-04T10:00:00+00:00,4556,693.787841797
2013-11-04T10:10:00+00:00,4556,651.750976562
2013-11-04T10:20:00+00:00,4556,472.360168457
2013-11-04T10:30:00+00:00,4556,397.9871521
2013-11-04T10:40:00+00:00,4556,460.693939209
2013-11-04T10:50:00+00:00,4556,532.520935059
2013-11-04T11:00:00+00:00,4556,429.213684082
2013-11-04T11:10:00+00:00,4556,460.795379639
2013-11-04T11:20:00+00:00,4556,523.954467773
2013-11-04T11:30:00+00:00,4556,421.361999512
2013-11-04T11:40:00+00:00,4556,451.007598877
2013-11-04T11:50:00+00:00,4556,465.542205811
2013-11-04T12:00:00+00:00,4556,515.365661621
2013-11-04T12:10:00+00:00,4556,571.563781738
2013-11-04T12:20:00+00:00,4556,491.975036621
2013-11-04T12:30:00+00:00,4556,515.673583984
2013-11-04T12:40:00+00:00,4556,563.113708496
2013-11-04T12:50:00+00:00,4556,504.28338623
2013-11-04T13:00:00+00:00,4556,571.127319336
2013-11-04T13:10:00+00:00,4556,535.018310547
2013-11-04T13:20:00+00:00,4556,539.252441406
2013-11-04T13:30:00+00:00,4556,544.916503906
2013-11-04T13:40:00+00:00,4556,487.449951172
2013-11-04T13:50:00+00:00,4556,528.336364746
2013-11-04T14:00:00+00:00,4556,534.063842773
2013-11-04T14:10:00+00:00,4556,493.965606689
2013-11-04T14:20:00+00:00,4556,470.339111328
2013-11-04T14:30:00+00:00,4556,510.065979004
2013-11-04T14:40:00+00:00,4556,530.217956543
2013-11-04T14:50:00+00:00,4556,560.853881836
2013-11-04T15:00:00+00:00,4556,492.380096436
2013-11-04T15:10:00+00:00,4556,559.74407959
2013-11-04T15:20:00+00:00,4556,630.683959961
2013-11-04T15:30:00+00:00,4556,552.009216309
2013-11-04T15:40:00+00:00,4556,543.352722168
2013-11-04T15:50:00+00:00,4556,631.177368164
2013-11-04T16:00:00+00:00,4556,540.003112793
2013-11-04T16:10:00+00:00,4556,542.037963867
2013-11-04T16:20:00+00:00,4556,566.963928223
2013-11-04T16:30:00+00:00,4556,547.38885498
2013-11-04T16:40:00+00:00,4556,604.446105957
2013-11-04T16:50:00+00:00,4556,615.101745605
2013-11-04T17:00:00+00:00,4556,751.687255859
2013-11-04T17:10:00+00:00,4556,584.219177246
2013-11-04T17:20:00+00:00,4556,746.295898438
2013-11-04T17:30:00+00:00,4556,931.082214355
2013-11-04T17:40:00+00:00,4556,665.131958008
2013-11-04T17:50:00+00:00,4556,849.809814453
2013-11-04T18:00:00+00:00,4556,719.753723145
2013-11-04T18:10:00+00:00,4556,573.063537598
2013-11-04T18:20:00+00:00,4556,604.699157715
2013-11-04T18:30:00+00:00,4556,794.484191895
2013-11-04T18:40:00+00:00,4556,772.712402344
2013-11-04T18:50:00+00:00,4556,799.378051758
2013-11-04T19:00:00+00:00,4556,836.761535645
2013-11-04T19:10:00+00:00,4556,704.268310547
2013-11-04T19:20:00+00:00,4556,717.587524414
2013-11-04T19:30:00+00:00,4556,791.075805664
2013-11-04T19:40:00+00:00,4556,775.758117676
2013-11-04T19:50:00+00:00,4556,737.904296875
2013-11-04T20:00:00+00:00,4556,863.015258789
2013-11-04T20:10:00+00:00,4556,780.272521973
2013-11-04T20:20:00+00:00,4556,898.330932617
2013-11-04T20:30:00+00:00,4556,752.406860352
2013-11-04T20:40:00+00:00,4556,973.516113281
2013-11-04T20:50:00+00:00,4556,956.320861816
2013-11-04T21:00:00+00:00,4556,855.903320312
2013-11-04T21:10:00+00:00,4556,731.716064453
2013-11-04T21:20:00+00:00,4556,864.43762207
2013-11-04T21:30:00+00:00,4556,839.997558594
2013-11-04T21:40:00+00:00,4556,828.053161621
2013-11-04T21:50:00+00:00,4556,678.230163574
2013-11-04T22:00:00+00:00,4556,579.974182129
2013-11-04T22:10:00+00:00,4556,635.599121094
2013-11-04T22:20:00+00:00,4556,546.896850586
2013-11-04T22:30:00+00:00,4556,578.735229492
2013-11-04T22:40:00+00:00,4556,559.571105957
2013-11-04T22:50:00+00:00,4556,535.155334473
2013-11-04T23:00:00+00:00,4556,496.7762146
2013-11-04T23:10:00+00:00,4556,507.763153076
2013-11-04T23:20:00+00:00,4556,478.061126709
2013-11-04T23:30:00+00:00,4556,520.654541016
2013-11-04T23:40:00+00:00,4556,430.961334229
2013-11-04T23:50:00+00:00,4556,472.620941162
2013-11-05T00:00:00+00:00,4556,465.265625
2013-11-05T00:10:00+00:00,4556,448.486938477
2013-11-05T00:20:00+00:00,4556,521.415527344
2013-11-05T00:30:00+00:00,4556,602.129089355
2013-11-05T00:40:00+00:00,4556,339.362457275
2013-11-05T00:50:00+00:00,4556,345.545928955
2013-11-05T01:10:00+00:00,4556,296.183319092
2013-11-05T05:00:00+00:00,4556,219.032424927
2013-11-05T05:20:00+00:00,4556,226.547393799
2013-11-05T05:30:00+00:00,4556,228.402740479
2013-11-05T05:40:00+00:00,4556,278.627532959
2013-11-05T05:50:00+00:00,4556,253.829940796
2013-11-05T06:00:00+00:00,4556,325.104919434
2013-11-05T06:10:00+00:00,4556,341.124359131
2013-11-05T06:20:00+00:00,4556,313.819396973
2013-11-05T06:30:00+00:00,4556,352.952636719
2013-11-05T06:40:00+00:00,4556,475.795776367
2013-11-05T06:50:00+00:00,4556,444.425231934
2013-11-05T07:00:00+00:00,4556,498.903930664
2013-11-05T07:10:00+00:00,4556,521.288696289
2013-11-05T07:20:00+00:00,4556,493.733795166
2013-11-05T07:30:00+00:00,4556,475.660247803
2013-11-05T07:40:00+00:00,4556,474.140563965
2013-11-05T07:50:00+00:00,4556,513.319641113
2013-11-05T08:00:00+00:00,4556,487.028259277
2013-11-05T08:10:00+00:00,4556,647.264160156
2013-11-05T08:20:00+00:00,4556,467.514801025
2013-11-05T08:30:00+00:00,4556,572.47668457
2013-11-05T08:40:00+00:00,4556,526.846069336
2013-11-05T08:50:00+00:00,4556,916.097839355
2013-11-05T09:00:00+00:00,4556,661.964355469
2013-11-05T09:10:00+00:00,4556,463.151184082
2013-11-05T09:20:00+00:00,4556,495.230072021
2013-11-05T09:30:00+00:00,4556,505.400726318
2013-11-05T09:40:00+00:00,4556,498.554595947
2013-11-05T09:50:00+00:00,4556,444.137817383
2013-11-05T10:00:00+00:00,4556,579.473999023
2013-11-05T10:10:00+00:00,4556,608.658569336
2013-11-05T10:20:00+00:00,4556,503.399871826
2013-11-05T10:30:00+00:00,4556,559.452941895
2013-11-05T10:40:00+00:00,4556,511.794311523
2013-11-05T10:50:00+00:00,4556,480.130706787
2013-11-05T11:00:00+00:00,4556,514.383850098
2013-11-05T11:10:00+00:00,4556,473.807006836
2013-11-05T11:20:00+00:00,4556,515.932556152
2013-11-05T11:30:00+00:00,4556,520.784790039
2013-11-05T11:40:00+00:00,4556,588.72076416
2013-11-05T11:50:00+00:00,4556,555.464233398
2013-11-05T12:00:00+00:00,4556,665.861938477
2013-11-05T12:10:00+00:00,4556,579.629882812
2013-11-05T12:20:00+00:00,4556,665.672790527
2013-11-05T12:30:00+00:00,4556,559.103637695
2013-11-05T12:40:00+00:00,4556,558.715881348
2013-11-05T12:50:00+00:00,4556,709.032714844
2013-11-05T13:00:00+00:00,4556,586.084594727
2013-11-05T13:10:00+00:00,4556,648.36151123
2013-11-05T13:20:00+00:00,4556,639.000732422
2013-11-05T13:30:00+00:00,4556,578.67376709
2013-11-05T13:40:00+00:00,4556,595.822143555
2013-11-05T13:50:00+00:00,4556,606.336730957
2013-11-05T14:00:00+00:00,4556,790.436035156
2013-11-05T14:10:00+00:00,4556,754.35144043
2013-11-05T14:20:00+00:00,4556,529.902954102
2013-11-05T14:30:00+00:00,4556,551.353027344
2013-11-05T14:40:00+00:00,4556,529.168884277
2013-11-05T14:50:00+00:00,4556,533.664672852
2013-11-05T15:00:00+00:00,4556,580.366516113
2013-11-05T15:10:00+00:00,4556,610.32824707
2013-11-05T15:20:00+00:00,4556,557.279846191
2013-11-05T15:30:00+00:00,4556,512.57434082
2013-11-05T15:40:00+00:00,4556,598.299072266
2013-11-05T15:50:00+00:00,4556,547.819702148
2013-11-05T16:00:00+00:00,4556,593.370300293
2013-11-05T16:10:00+00:00,4556,591.10736084
2013-11-05T16:20:00+00:00,4556,511.571472168
2013-11-05T16:30:00+00:00,4556,751.804382324
2013-11-05T16:40:00+00:00,4556,665.34375
2013-11-05T16:50:00+00:00,4556,686.349182129
2013-11-05T17:00:00+00:00,4556,729.348937988
2013-11-05T17:10:00+00:00,4556,719.196044922
2013-11-05T17:20:00+00:00,4556,690.01953125
2013-11-05T17:30:00+00:00,4556,779.627502441
2013-11-05T17:40:00+00:00,4556,724.113891602
2013-11-05T17:50:00+00:00,4556,742.149658203
2013-11-05T18:00:00+00:00,4556,654.058349609
2013-11-05T18:10:00+00:00,4556,777.122131348
2013-11-05T18:20:00+00:00,4556,607.714660645
2013-11-05T18:30:00+00:00,4556,648.523681641
2013-11-05T18:40:00+00:00,4556,780.142578125
2013-11-05T18:50:00+00:00,4556,590.841430664
2013-11-05T19:00:00+00:00,4556,960.710754395
2013-11-05T19:10:00+00:00,4556,698.014587402
2013-11-05T19:20:00+00:00,4556,763.356506348
2013-11-05T19:30:00+00:00,4556,938.052368164
2013-11-05T19:40:00+00:00,4556,958.631408691
2013-11-05T19:50:00+00:00,4556,873.606262207
2013-11-05T20:00:00+00:00,4556,1018.79229736
2013-11-05T20:10:00+00:00,4556,798.123657227
2013-11-05T20:20:00+00:00,4556,984.328430176
2013-11-05T20:30:00+00:00,4556,1061.70715332
2013-11-05T20:40:00+00:00,4556,1165.6583252
2013-11-05T20:50:00+00:00,4556,930.368774414
2013-11-05T21:00:00+00:00,4556,1147.03027344
2013-11-05T21:10:00+00:00,4556,1076.49829102
2013-11-05T21:20:00+00:00,4556,1176.72839355
2013-11-05T21:30:00+00:00,4556,1222.57385254
2013-11-05T21:40:00+00:00,4556,946.260620117
2013-11-05T21:50:00+00:00,4556,806.540527344
2013-11-05T22:00:00+00:00,4556,822.73626709
2013-11-05T22:10:00+00:00,4556,835.191223145
2013-11-05T22:20:00+00:00,4556,777.976013184
2013-11-05T22:30:00+00:00,4556,765.01171875
2013-11-05T22:40:00+00:00,4556,860.249755859
2013-11-05T22:50:00+00:00,4556,628.180908203
2013-11-05T23:00:00+00:00,4556,631.761352539
2013-11-05T23:10:00+00:00,4556,764.780761719
2013-11-05T23:20:00+00:00,4556,597.142028809
2013-11-05T23:30:00+00:00,4556,611.499938965
2013-11-05T23:40:00+00:00,4556,528.325073242
2013-11-05T23:50:00+00:00,4556,433.506439209
2013-11-06T00:00:00+00:00,4556,471.459411621
2013-11-06T00:10:00+00:00,4556,433.842163086
2013-11-06T00:20:00+00:00,4556,461.292419434
2013-11-06T00:30:00+00:00,4556,364.557952881
2013-11-06T00:40:00+00:00,4556,411.454345703
2013-11-06T00:50:00+00:00,4556,374.155487061
2013-11-06T01:00:00+00:00,4556,356.462890625
2013-11-06T01:20:00+00:00,4556,327.060028076
2013-11-06T01:50:00+00:00,4556,290.241516113
2013-11-06T02:00:00+00:00,4556,284.47756958
2013-11-06T02:10:00+00:00,4556,276.918914795
2013-11-06T02:40:00+00:00,4556,269.350952148
2013-11-06T02:50:00+00:00,4556,227.895477295
2013-11-06T04:30:00+00:00,4556,266.818603516
2013-11-06T04:50:00+00:00,4556,249.607437134
2013-11-06T05:00:00+00:00,4556,268.695129395
2013-11-06T05:20:00+00:00,4556,300.78302002
2013-11-06T05:30:00+00:00,4556,270.692047119
2013-11-06T05:40:00+00:00,4556,275.368469238
2013-11-06T05:50:00+00:00,4556,290.912963867
2013-11-06T06:00:00+00:00,4556,279.702362061
2013-11-06T06:10:00+00:00,4556,306.588897705
2013-11-06T06:20:00+00:00,4556,381.816223145
2013-11-06T06:30:00+00:00,4556,546.287231445
2013-11-06T06:40:00+00:00,4556,601.679260254
2013-11-06T06:50:00+00:00,4556,439.774780273
2013-11-06T07:00:00+00:00,4556,517.962768555
2013-11-06T07:10:00+00:00,4556,599.815734863
2013-11-06T07:20:00+00:00,4556,566.001525879
2013-11-06T07:30:00+00:00,4556,625.03704834
2013-11-06T07:40:00+00:00,4556,544.587219238
2013-11-06T07:50:00+00:00,4556,505.676605225
2013-11-06T08:00:00+00:00,4556,574.606445312
2013-11-06T08:10:00+00:00,4556,714.023498535
2013-11-06T08:20:00+00:00,4556,478.376525879
2013-11-06T08:30:00+00:00,4556,495.968475342
2013-11-06T08:40:00+00:00,4556,706.947265625
2013-11-06T08:50:00+00:00,4556,504.008789062
2013-11-06T09:00:00+00:00,4556,500.817474365
2013-11-06T09:10:00+00:00,4556,610.408325195
2013-11-06T09:20:00+00:00,4556,539.649780273
2013-11-06T09:30:00+00:00,4556,442.281829834
2013-11-06T09:40:00+00:00,4556,489.078033447
2013-11-06T09:50:00+00:00,4556,481.569488525
2013-11-06T10:00:00+00:00,4556,592.429138184
2013-11-06T10:10:00+00:00,4556,557.786621094
2013-11-06T10:20:00+00:00,4556,479.224273682
2013-11-06T10:30:00+00:00,4556,503.507781982
2013-11-06T10:40:00+00:00,4556,501.320495605
2013-11-06T10:50:00+00:00,4556,606.683227539
2013-11-06T11:00:00+00:00,4556,460.44732666
2013-11-06T11:10:00+00:00,4556,516.194152832
2013-11-06T11:20:00+00:00,4556,525.057312012
2013-11-06T11:30:00+00:00,4556,567.259033203
2013-11-06T11:40:00+00:00,4556,568.883361816
2013-11-06T11:50:00+00:00,4556,538.646362305
2013-11-06T12:00:00+00:00,4556,575.029174805
2013-11-06T12:10:00+00:00,4556,512.495483398
2013-11-06T12:20:00+00:00,4556,712.485656738
2013-11-06T12:30:00+00:00,4556,703.508605957
2013-11-06T12:40:00+00:00,4556,595.843200684
2013-11-06T12:50:00+00:00,4556,618.834899902
2013-11-06T13:00:00+00:00,4556,662.913574219
2013-11-06T13:10:00+00:00,4556,790.082580566
2013-11-06T13:20:00+00:00,4556,653.965820312
2013-11-06T13:30:00+00:00,4556,600.49230957
2013-11-06T13:40:00+00:00,4556,598.098876953
2013-11-06T13:50:00+00:00,4556,647.516418457
2013-11-06T14:00:00+00:00,4556,711.872192383
2013-11-06T14:10:00+00:00,4556,653.225402832
2013-11-06T14:20:00+00:00,4556,592.045043945
2013-11-06T14:30:00+00:00,4556,638.880004883
2013-11-06T14:40:00+00:00,4556,641.777099609
2013-11-06T14:50:00+00:00,4556,614.511291504
2013-11-06T15:00:00+00:00,4556,625.188293457
2013-11-06T15:10:00+00:00,4556,615.736999512
2013-11-06T15:20:00+00:00,4556,599.505004883
2013-11-06T15:30:00+00:00,4556,585.838317871
2013-11-06T15:40:00+00:00,4556,622.962524414
2013-11-06T15:50:00+00:00,4556,572.964172363
2013-11-06T16:00:00+00:00,4556,559.016845703
2013-11-06T16:10:00+00:00,4556,578.105163574
2013-11-06T16:20:00+00:00,4556,579.804138184
2013-11-06T16:30:00+00:00,4556,591.800292969
2013-11-06T16:40:00+00:00,4556,609.12310791
2013-11-06T16:50:00+00:00,4556,637.846313477
2013-11-06T17:00:00+00:00,4556,612.895690918
2013-11-06T17:10:00+00:00,4556,683.974243164
2013-11-06T17:20:00+00:00,4556,710.003051758
2013-11-06T17:30:00+00:00,4556,833.71673584
2013-11-06T17:40:00+00:00,4556,974.607299805
2013-11-06T17:50:00+00:00,4556,647.972167969
2013-11-06T18:00:00+00:00,4556,712.336181641
2013-11-06T18:10:00+00:00,4556,766.676391602
2013-11-06T18:20:00+00:00,4556,817.514526367
2013-11-06T18:30:00+00:00,4556,753.401550293
2013-11-06T18:40:00+00:00,4556,812.617431641
2013-11-06T18:50:00+00:00,4556,875.827819824
2013-11-06T19:00:00+00:00,4556,839.15423584
2013-11-06T19:10:00+00:00,4556,772.97442627
2013-11-06T19:20:00+00:00,4556,870.929748535
2013-11-06T19:30:00+00:00,4556,963.541442871
2013-11-06T19:40:00+00:00,4556,1152.16955566
2013-11-06T19:50:00+00:00,4556,1028.95495605
2013-11-06T20:00:00+00:00,4556,1000.05395508
2013-11-06T20:10:00+00:00,4556,1065.49450684
2013-11-06T20:20:00+00:00,4556,932.826782227
2013-11-06T20:30:00+00:00,4556,1028.16040039
2013-11-06T20:40:00+00:00,4556,960.192626953
2013-11-06T20:50:00+00:00,4556,930.772827148
2013-11-06T21:00:00+00:00,4556,953.973266602
2013-11-06T21:10:00+00:00,4556,1117.20654297
2013-11-06T21:20:00+00:00,4556,998.119445801
2013-11-06T21:30:00+00:00,4556,1092.80163574
2013-11-06T21:40:00+00:00,4556,1120.24865723
2013-11-06T21:50:00+00:00,4556,966.034301758
2013-11-06T22:00:00+00:00,4556,931.302734375
2013-11-06T22:10:00+00:00,4556,886.35723877
2013-11-06T22:20:00+00:00,4556,751.63861084
2013-11-06T22:30:00+00:00,4556,924.381286621
2013-11-06T22:40:00+00:00,4556,682.820678711
2013-11-06T22:50:00+00:00,4556,818.148376465
2013-11-06T23:00:00+00:00,4556,671.976928711
2013-11-06T23:10:00+00:00,4556,598.989929199
2013-11-06T23:20:00+00:00,4556,699.856445312
2013-11-06T23:30:00+00:00,4556,599.112060547
2013-11-06T23:40:00+00:00,4556,570.693725586
2013-11-06T23:50:00+00:00,4556,569.370788574
2013-11-07T00:00:00+00:00,4556,498.280822754
2013-11-07T00:10:00+00:00,4556,466.605377197
2013-11-07T00:20:00+00:00,4556,446.461425781
2013-11-07T00:30:00+00:00,4556,485.643432617
2013-11-07T00:40:00+00:00,4556,401.695953369
2013-11-07T00:50:00+00:00,4556,376.574890137
2013-11-07T01:10:00+00:00,4556,354.996429443
2013-11-07T01:20:00+00:00,4556,349.895385742
2013-11-07T01:30:00+00:00,4556,372.287109375
2013-11-07T02:00:00+00:00,4556,350.150848389
2013-11-07T02:20:00+00:00,4556,300.92779541
2013-11-07T03:30:00+00:00,4556,256.88192749
2013-11-07T04:40:00+00:00,4556,259.068634033
2013-11-07T05:00:00+00:00,4556,279.421356201
2013-11-07T05:40:00+00:00,4556,315.08581543
2013-11-07T06:00:00+00:00,4556,316.950317383
2013-11-07T06:10:00+00:00,4556,311.434539795
2013-11-07T06:20:00+00:00,4556,361.59362793
2013-11-07T06:30:00+00:00,4556,467.462036133
2013-11-07T06:40:00+00:00,4556,439.106384277
2013-11-07T06:50:00+00:00,4556,452.05090332
2013-11-07T07:00:00+00:00,4556,541.676025391
2013-11-07T07:10:00+00:00,4556,836.057861328
2013-11-07T07:20:00+00:00,4556,603.065612793
2013-11-07T07:30:00+00:00,4556,595.528442383
2013-11-07T07:40:00+00:00,4556,696.672546387
2013-11-07T07:50:00+00:00,4556,519.487731934
2013-11-07T08:00:00+00:00,4556,610.268188477
2013-11-07T08:10:00+00:00,4556,531.772094727
2013-11-07T08:20:00+00:00,4556,458.216796875
2013-11-07T08:30:00+00:00,4556,513.024291992
2013-11-07T08:40:00+00:00,4556,470.138214111
2013-11-07T08:50:00+00:00,4556,662.616882324
2013-11-07T09:00:00+00:00,4556,523.282897949
2013-11-07T09:10:00+00:00,4556,503.739349365
2013-11-07T09:20:00+00:00,4556,497.082763672
2013-11-07T09:30:00+00:00,4556,466.925933838
2013-11-07T09:40:00+00:00,4556,591.434082031
2013-11-07T09:50:00+00:00,4556,534.74597168
2013-11-07T10:00:00+00:00,4556,491.925384521
2013-11-07T10:10:00+00:00,4556,455.853149414
2013-11-07T10:20:00+00:00,4556,633.901306152
2013-11-07T10:30:00+00:00,4556,497.889648438
2013-11-07T10:40:00+00:00,4556,670.677124023
2013-11-07T10:50:00+00:00,4556,605.863525391
2013-11-07T11:00:00+00:00,4556,653.91796875
2013-11-07T11:10:00+00:00,4556,762.347961426
2013-11-07T11:20:00+00:00,4556,592.376953125
2013-11-07T11:30:00+00:00,4556,581.410583496
2013-11-07T11:40:00+00:00,4556,610.412780762
2013-11-07T11:50:00+00:00,4556,588.901611328
2013-11-07T12:00:00+00:00,4556,610.136779785
2013-11-07T12:10:00+00:00,4556,648.569580078
2013-11-07T12:20:00+00:00,4556,804.303222656
2013-11-07T12:30:00+00:00,4556,795.310913086
2013-11-07T12:40:00+00:00,4556,700.071166992
2013-11-07T12:50:00+00:00,4556,791.588439941
2013-11-07T13:00:00+00:00,4556,744.930419922
2013-11-07T13:10:00+00:00,4556,690.183227539
2013-11-07T13:20:00+00:00,4556,680.97052002
2013-11-07T13:30:00+00:00,4556,705.573547363
2013-11-07T13:40:00+00:00,4556,591.239868164
2013-11-07T13:50:00+00:00,4556,618.317199707
2013-11-07T14:00:00+00:00,4556,540.585327148
2013-11-07T14:10:00+00:00,4556,563.43762207
2013-11-07T14:20:00+00:00,4556,582.072875977
2013-11-07T14:30:00+00:00,4556,585.669189453
2013-11-07T14:40:00+00:00,4556,525.717468262
2013-11-07T14:50:00+00:00,4556,578.596557617
2013-11-07T15:00:00+00:00,4556,534.379333496
2013-11-07T15:10:00+00:00,4556,539.070617676
2013-11-07T15:20:00+00:00,4556,577.484313965
2013-11-07T15:30:00+00:00,4556,552.464355469
2013-11-07T15:40:00+00:00,4556,567.095825195
2013-11-07T15:50:00+00:00,4556,604.59161377
2013-11-07T16:00:00+00:00,4556,544.795959473
2013-11-07T16:10:00+00:00,4556,532.282958984
2013-11-07T16:20:00+00:00,4556,519.799072266
2013-11-07T16:30:00+00:00,4556,576.865234375
2013-11-07T16:40:00+00:00,4556,648.049865723
2013-11-07T16:50:00+00:00,4556,615.152587891
2013-11-07T17:00:00+00:00,4556,621.003479004
2013-11-07T17:10:00+00:00,4556,583.856872559
2013-11-07T17:20:00+00:00,4556,624.041381836
2013-11-07T17:30:00+00:00,4556,647.034667969
2013-11-07T17:40:00+00:00,4556,660.340637207
2013-11-07T17:50:00+00:00,4556,654.700561523
2013-11-07T18:00:00+00:00,4556,830.98638916
2013-11-07T18:10:00+00:00,4556,948.344482422
2013-11-07T18:20:00+00:00,4556,785.491088867
2013-11-07T18:30:00+00:00,4556,868.978210449
2013-11-07T18:40:00+00:00,4556,881.335205078
2013-11-07T18:50:00+00:00,4556,728.701599121
2013-11-07T19:00:00+00:00,4556,828.715637207
2013-11-07T19:10:00+00:00,4556,775.230895996
2013-11-07T19:20:00+00:00,4556,804.884338379
2013-11-07T19:30:00+00:00,4556,912.193725586
2013-11-07T19:40:00+00:00,4556,863.701477051
2013-11-07T19:50:00+00:00,4556,871.992370605
2013-11-07T20:00:00+00:00,4556,876.944091797
2013-11-07T20:10:00+00:00,4556,950.36328125
2013-11-07T20:20:00+00:00,4556,855.072509766
2013-11-07T20:30:00+00:00,4556,1059.97180176
2013-11-07T20:40:00+00:00,4556,860.473449707
2013-11-07T20:50:00+00:00,4556,945.575805664
2013-11-07T21:00:00+00:00,4556,1032.75097656
2013-11-07T21:10:00+00:00,4556,1024.67749023
2013-11-07T21:20:00+00:00,4556,1046.17602539
2013-11-07T21:30:00+00:00,4556,1019.2600708
2013-11-07T21:40:00+00:00,4556,1018.29486084
2013-11-07T21:50:00+00:00,4556,1065.79138184
2013-11-07T22:00:00+00:00,4556,864.770935059
2013-11-07T22:10:00+00:00,4556,862.155212402
2013-11-07T22:20:00+00:00,4556,1082.21435547
2013-11-07T22:30:00+00:00,4556,835.907531738
2013-11-07T22:40:00+00:00,4556,801.46472168
2013-11-07T22:50:00+00:00,4556,878.03515625
2013-11-07T23:00:00+00:00,4556,747.221130371
2013-11-07T23:10:00+00:00,4556,805.835693359
2013-11-07T23:20:00+00:00,4556,802.132995605
2013-11-07T23:30:00+00:00,4556,762.133911133
2013-11-07T23:40:00+00:00,4556,762.644836426
2013-11-07T23:50:00+00:00,4556,584.561401367
2013-11-08T00:00:00+00:00,4556,535.976745605
2013-11-08T00:10:00+00:00,4556,473.242584229
2013-11-08T00:20:00+00:00,4556,469.692321777
2013-11-08T00:30:00+00:00,4556,472.220245361
2013-11-08T00:40:00+00:00,4556,484.466522217
2013-11-08T00:50:00+00:00,4556,597.376403809
2013-11-08T01:00:00+00:00,4556,374.768280029
2013-11-08T01:10:00+00:00,4556,381.42678833
2013-11-08T01:20:00+00:00,4556,370.585418701
2013-11-08T01:40:00+00:00,4556,337.423736572
2013-11-08T01:50:00+00:00,4556,358.390716553
2013-11-08T04:20:00+00:00,4556,273.958953857
2013-11-08T04:50:00+00:00,4556,258.007751465
2013-11-08T05:20:00+00:00,4556,302.902557373
2013-11-08T05:30:00+00:00,4556,344.329528809
2013-11-08T05:50:00+00:00,4556,283.073760986
2013-11-08T06:00:00+00:00,4556,339.71685791
2013-11-08T06:10:00+00:00,4556,295.945678711
2013-11-08T06:20:00+00:00,4556,375.162078857
2013-11-08T06:30:00+00:00,4556,426.451873779
2013-11-08T06:40:00+00:00,4556,418.273529053
2013-11-08T06:50:00+00:00,4556,595.169128418
2013-11-08T07:00:00+00:00,4556,545.619750977
2013-11-08T07:10:00+00:00,4556,538.370544434
2013-11-08T07:20:00+00:00,4556,710.121276855
2013-11-08T07:30:00+00:00,4556,623.464416504
2013-11-08T07:40:00+00:00,4556,666.861083984
2013-11-08T07:50:00+00:00,4556,564.426025391
2013-11-08T08:00:00+00:00,4556,537.846923828
2013-11-08T08:10:00+00:00,4556,631.857910156
2013-11-08T08:20:00+00:00,4556,617.445373535
2013-11-08T08:30:00+00:00,4556,552.129089355
2013-11-08T08:40:00+00:00,4556,541.149963379
2013-11-08T08:50:00+00:00,4556,666.829956055
2013-11-08T09:00:00+00:00,4556,596.047363281
2013-11-08T09:10:00+00:00,4556,574.926025391
2013-11-08T09:20:00+00:00,4556,520.529846191
2013-11-08T09:30:00+00:00,4556,603.52520752
2013-11-08T09:40:00+00:00,4556,447.641235352
2013-11-08T09:50:00+00:00,4556,657.799987793
2013-11-08T10:00:00+00:00,4556,649.462036133
2013-11-08T10:10:00+00:00,4556,613.631835938
2013-11-08T10:20:00+00:00,4556,600.401733398
2013-11-08T10:30:00+00:00,4556,555.278747559
2013-11-08T10:40:00+00:00,4556,527.888305664
2013-11-08T10:50:00+00:00,4556,561.051818848
2013-11-08T11:00:00+00:00,4556,561.724243164
2013-11-08T11:10:00+00:00,4556,604.597473145
2013-11-08T11:20:00+00:00,4556,597.983276367
2013-11-08T11:30:00+00:00,4556,598.541137695
2013-11-08T11:40:00+00:00,4556,597.741638184
2013-11-08T11:50:00+00:00,4556,753.324951172
2013-11-08T12:00:00+00:00,4556,650.504516602
2013-11-08T12:10:00+00:00,4556,576.093078613
2013-11-08T12:20:00+00:00,4556,637.541137695
2013-11-08T12:30:00+00:00,4556,632.670898438
2013-11-08T12:40:00+00:00,4556,637.660949707
2013-11-08T12:50:00+00:00,4556,627.62109375
2013-11-08T13:00:00+00:00,4556,599.611572266
2013-11-08T13:10:00+00:00,4556,662.37689209
2013-11-08T13:20:00+00:00,4556,573.391967773
2013-11-08T13:30:00+00:00,4556,675.157958984
2013-11-08T13:40:00+00:00,4556,719.475524902
2013-11-08T13:50:00+00:00,4556,661.762939453
2013-11-08T14:00:00+00:00,4556,636.22076416
2013-11-08T14:10:00+00:00,4556,814.932373047
2013-11-08T14:20:00+00:00,4556,631.211853027
2013-11-08T14:30:00+00:00,4556,634.862365723
2013-11-08T14:40:00+00:00,4556,614.421813965
2013-11-08T14:50:00+00:00,4556,577.091308594
2013-11-08T15:00:00+00:00,4556,560.530090332
2013-11-08T15:10:00+00:00,4556,595.085754395
2013-11-08T15:20:00+00:00,4556,567.422607422
2013-11-08T15:30:00+00:00,4556,566.776306152
2013-11-08T15:40:00+00:00,4556,585.908203125
2013-11-08T15:50:00+00:00,4556,600.654785156
2013-11-08T16:00:00+00:00,4556,610.141174316
2013-11-08T16:10:00+00:00,4556,591.07244873
2013-11-08T16:20:00+00:00,4556,586.632202148
2013-11-08T16:30:00+00:00,4556,638.985290527
2013-11-08T16:40:00+00:00,4556,699.756652832
2013-11-08T16:50:00+00:00,4556,829.225769043
2013-11-08T17:00:00+00:00,4556,751.672180176
2013-11-08T17:10:00+00:00,4556,707.723632812
2013-11-08T17:20:00+00:00,4556,772.829956055
2013-11-08T17:30:00+00:00,4556,817.737731934
2013-11-08T17:40:00+00:00,4556,739.448242188
2013-11-08T17:50:00+00:00,4556,604.465942383
2013-11-08T18:00:00+00:00,4556,627.59765625
2013-11-08T18:10:00+00:00,4556,636.403869629
2013-11-08T18:20:00+00:00,4556,848.829223633
2013-11-08T18:30:00+00:00,4556,837.73046875
2013-11-08T18:40:00+00:00,4556,683.147460938
2013-11-08T18:50:00+00:00,4556,814.715026855
2013-11-08T19:00:00+00:00,4556,931.632507324
2013-11-08T19:10:00+00:00,4556,760.717956543
2013-11-08T19:20:00+00:00,4556,915.044921875
2013-11-08T19:30:00+00:00,4556,931.239379883
2013-11-08T19:40:00+00:00,4556,886.718261719
2013-11-08T19:50:00+00:00,4556,1087.11962891
2013-11-08T20:00:00+00:00,4556,1026.20141602
2013-11-08T20:10:00+00:00,4556,1114.69799805
2013-11-08T20:20:00+00:00,4556,1078.56018066
2013-11-08T20:30:00+00:00,4556,1129.90612793
2013-11-08T20:40:00+00:00,4556,1230.97521973
2013-11-08T20:50:00+00:00,4556,1286.84204102
2013-11-08T21:00:00+00:00,4556,977.374145508
2013-11-08T21:10:00+00:00,4556,1138.22827148
2013-11-08T21:20:00+00:00,4556,1137.39404297
2013-11-08T21:30:00+00:00,4556,1107.4621582
2013-11-08T21:40:00+00:00,4556,1088.47583008
2013-11-08T21:50:00+00:00,4556,1214.68774414
2013-11-08T22:00:00+00:00,4556,1150.90722656
2013-11-08T22:10:00+00:00,4556,1266.35083008
2013-11-08T22:20:00+00:00,4556,1182.00805664
2013-11-08T22:30:00+00:00,4556,1271.10449219
2013-11-08T22:40:00+00:00,4556,1090.40112305
2013-11-08T22:50:00+00:00,4556,1115.93786621
2013-11-08T23:00:00+00:00,4556,1177.83972168
2013-11-08T23:10:00+00:00,4556,1159.8614502
2013-11-08T23:20:00+00:00,4556,1197.48535156
2013-11-08T23:30:00+00:00,4556,1057.8338623
2013-11-08T23:40:00+00:00,4556,930.341369629
2013-11-08T23:50:00+00:00,4556,1009.18658447
2013-11-09T00:00:00+00:00,4556,750.649597168
2013-11-09T00:10:00+00:00,4556,723.269348145
2013-11-09T00:20:00+00:00,4556,723.812988281
2013-11-09T00:30:00+00:00,4556,607.672729492
2013-11-09T00:40:00+00:00,4556,620.414489746
2013-11-09T00:50:00+00:00,4556,578.018920898
2013-11-09T01:00:00+00:00,4556,587.200622559
2013-11-09T01:10:00+00:00,4556,619.041381836
2013-11-09T01:20:00+00:00,4556,654.393859863
2013-11-09T01:30:00+00:00,4556,595.167053223
2013-11-09T01:40:00+00:00,4556,442.601654053
2013-11-09T01:50:00+00:00,4556,445.062591553
2013-11-09T02:00:00+00:00,4556,456.157897949
2013-11-09T02:10:00+00:00,4556,397.953948975
2013-11-09T02:20:00+00:00,4556,429.06552124
2013-11-09T02:40:00+00:00,4556,408.17074585
2013-11-09T02:50:00+00:00,4556,389.902618408
2013-11-09T03:10:00+00:00,4556,309.34942627
2013-11-09T03:30:00+00:00,4556,284.728546143
2013-11-09T03:40:00+00:00,4556,305.732940674
2013-11-09T04:10:00+00:00,4556,265.196563721
2013-11-09T04:20:00+00:00,4556,259.000183105
2013-11-09T04:50:00+00:00,4556,247.572616577
2013-11-09T05:00:00+00:00,4556,259.756408691
2013-11-09T05:20:00+00:00,4556,252.922241211
2013-11-09T05:30:00+00:00,4556,349.560272217
2013-11-09T05:40:00+00:00,4556,273.618225098
2013-11-09T05:50:00+00:00,4556,265.650390625
2013-11-09T06:00:00+00:00,4556,251.306365967
2013-11-09T06:20:00+00:00,4556,279.343444824
2013-11-09T06:30:00+00:00,4556,260.803894043
2013-11-09T06:40:00+00:00,4556,317.406341553
2013-11-09T06:50:00+00:00,4556,288.233459473
2013-11-09T07:00:00+00:00,4556,354.734588623
2013-11-09T07:10:00+00:00,4556,359.567443848
2013-11-09T07:20:00+00:00,4556,354.100341797
2013-11-09T07:30:00+00:00,4556,327.380004883
2013-11-09T07:40:00+00:00,4556,414.179016113
2013-11-09T07:50:00+00:00,4556,486.825592041
2013-11-09T08:00:00+00:00,4556,432.094024658
2013-11-09T08:10:00+00:00,4556,454.017333984
2013-11-09T08:20:00+00:00,4556,514.02911377
2013-11-09T08:30:00+00:00,4556,549.526916504
2013-11-09T08:40:00+00:00,4556,715.373291016
2013-11-09T08:50:00+00:00,4556,788.545898438
2013-11-09T09:00:00+00:00,4556,625.03527832
2013-11-09T09:10:00+00:00,4556,501.236175537
2013-11-09T09:20:00+00:00,4556,580.05267334
2013-11-09T09:30:00+00:00,4556,635.333862305
2013-11-09T09:40:00+00:00,4556,546.095825195
2013-11-09T09:50:00+00:00,4556,552.187744141
2013-11-09T10:00:00+00:00,4556,595.709838867
2013-11-09T10:10:00+00:00,4556,555.875976562
2013-11-09T10:20:00+00:00,4556,659.046325684
2013-11-09T10:30:00+00:00,4556,623.217834473
2013-11-09T10:40:00+00:00,4556,569.605651855
2013-11-09T10:50:00+00:00,4556,573.172607422
2013-11-09T11:00:00+00:00,4556,581.155395508
2013-11-09T11:10:00+00:00,4556,626.910095215
2013-11-09T11:20:00+00:00,4556,581.467224121
2013-11-09T11:30:00+00:00,4556,610.462097168
2013-11-09T11:40:00+00:00,4556,632.56048584
2013-11-09T11:50:00+00:00,4556,626.207092285
2013-11-09T12:00:00+00:00,4556,643.886169434
2013-11-09T12:10:00+00:00,4556,676.148193359
2013-11-09T12:20:00+00:00,4556,683.985900879
2013-11-09T12:30:00+00:00,4556,791.649963379
2013-11-09T12:40:00+00:00,4556,802.158447266
2013-11-09T12:50:00+00:00,4556,703.914733887
2013-11-09T13:00:00+00:00,4556,700.651418269
2013-11-09T13:10:00+00:00,4556,716.264770508
2013-11-09T13:20:00+00:00,4556,735.476806641
2013-11-09T13:30:00+00:00,4556,817.110717773
2013-11-09T13:40:00+00:00,4556,922.318908691
2013-11-09T13:50:00+00:00,4556,776.713378906
2013-11-09T14:00:00+00:00,4556,901.891845703
2013-11-09T14:10:00+00:00,4556,741.816345215
2013-11-09T14:20:00+00:00,4556,907.484802246
2013-11-09T14:30:00+00:00,4556,873.202148438
2013-11-09T14:40:00+00:00,4556,925.054016113
2013-11-09T14:50:00+00:00,4556,936.200561523
2013-11-09T15:00:00+00:00,4556,842.17590332
2013-11-09T15:10:00+00:00,4556,903.985595703
2013-11-09T15:20:00+00:00,4556,912.016662598
2013-11-09T15:30:00+00:00,4556,755.81060791
2013-11-09T15:40:00+00:00,4556,950.766540527
2013-11-09T15:50:00+00:00,4556,969.130126953
2013-11-09T16:00:00+00:00,4556,758.877380371
2013-11-09T16:10:00+00:00,4556,735.167419434
2013-11-09T16:20:00+00:00,4556,930.073425293
2013-11-09T16:30:00+00:00,4556,915.367919922
2013-11-09T16:40:00+00:00,4556,880.121520996
2013-11-09T16:50:00+00:00,4556,774.614196777
2013-11-09T17:00:00+00:00,4556,845.273681641
2013-11-09T17:10:00+00:00,4556,821.002319336
2013-11-09T17:20:00+00:00,4556,709.157775879
2013-11-09T17:30:00+00:00,4556,739.124206543
2013-11-09T17:40:00+00:00,4556,918.775024414
2013-11-09T17:50:00+00:00,4556,675.935668945
2013-11-09T18:00:00+00:00,4556,683.659423828
2013-11-09T18:10:00+00:00,4556,867.002380371
2013-11-09T18:20:00+00:00,4556,864.911621094
2013-11-09T18:30:00+00:00,4556,904.910461426
2013-11-09T18:40:00+00:00,4556,1015.24621582
2013-11-09T18:50:00+00:00,4556,1042.05883789
2013-11-09T19:00:00+00:00,4556,877.026489258
2013-11-09T19:10:00+00:00,4556,1195.45593262
2013-11-09T19:20:00+00:00,4556,1006.79217529
2013-11-09T19:30:00+00:00,4556,1212.06298828
2013-11-09T19:40:00+00:00,4556,1146.73669434
2013-11-09T19:50:00+00:00,4556,1316.36779785
2013-11-09T20:00:00+00:00,4556,1238.9934082
2013-11-09T20:10:00+00:00,4556,1407.67932129
2013-11-09T20:20:00+00:00,4556,1217.12597602
2013-11-09T20:30:00+00:00,4556,1414.24060059
2013-11-09T20:40:00+00:00,4556,1426.45361328
2013-11-09T20:50:00+00:00,4556,1408.60620117
2013-11-09T21:00:00+00:00,4556,1436.1048584
2013-11-09T21:10:00+00:00,4556,1859.24035645
2013-11-09T21:20:00+00:00,4556,1696.32141113
2013-11-09T21:30:00+00:00,4556,1449.78735352
2013-11-09T21:40:00+00:00,4556,1473.52880859
2013-11-09T21:50:00+00:00,4556,1405.94775391
2013-11-09T22:00:00+00:00,4556,1574.99536133
2013-11-09T22:10:00+00:00,4556,1557.16491699
2013-11-09T22:20:00+00:00,4556,1488.37207031
2013-11-09T22:30:00+00:00,4556,1429.20495605
2013-11-09T22:40:00+00:00,4556,1530.1517334
2013-11-09T22:50:00+00:00,4556,1414.55322266
2013-11-09T23:00:00+00:00,4556,1463.06921387
2013-11-09T23:10:00+00:00,4556,1372.56018066
2013-11-09T23:20:00+00:00,4556,1305.0871582
2013-11-09T23:30:00+00:00,4556,1185.07885742
2013-11-09T23:40:00+00:00,4556,1239.98962402
2013-11-09T23:50:00+00:00,4556,1451.90466309
2013-11-10T00:00:00+00:00,4556,1234.3984375
2013-11-10T00:10:00+00:00,4556,1142.71520996
2013-11-10T00:20:00+00:00,4556,1117.07592773
2013-11-10T00:30:00+00:00,4556,1057.56433105
2013-11-10T00:40:00+00:00,4556,1146.52954102
2013-11-10T00:50:00+00:00,4556,834.329589844
2013-11-10T01:00:00+00:00,4556,764.795166016
2013-11-10T01:10:00+00:00,4556,734.192871094
2013-11-10T01:20:00+00:00,4556,651.025024414
2013-11-10T01:30:00+00:00,4556,598.080566406
2013-11-10T01:40:00+00:00,4556,644.45880127
2013-11-10T01:50:00+00:00,4556,570.653625488
2013-11-10T02:00:00+00:00,4556,503.732788086
2013-11-10T02:10:00+00:00,4556,434.134552002
2013-11-10T02:20:00+00:00,4556,343.289916992
2013-11-10T02:30:00+00:00,4556,327.447021484
2013-11-10T02:40:00+00:00,4556,344.032470703
2013-11-10T02:50:00+00:00,4556,280.409759521
2013-11-10T03:10:00+00:00,4556,301.598175049
2013-11-10T03:20:00+00:00,4556,250.900466919
2013-11-10T03:50:00+00:00,4556,240.692810059
2013-11-10T04:10:00+00:00,4556,307.39276123
2013-11-10T04:20:00+00:00,4556,238.854721069
2013-11-10T04:30:00+00:00,4556,268.192077637
2013-11-10T05:20:00+00:00,4556,245.891265869
2013-11-10T06:20:00+00:00,4556,305.103759766
2013-11-10T06:50:00+00:00,4556,275.160736084
2013-11-10T07:00:00+00:00,4556,309.733459473
2013-11-10T07:10:00+00:00,4556,341.073883057
2013-11-10T07:20:00+00:00,4556,272.540100098
2013-11-10T07:30:00+00:00,4556,312.275177002
2013-11-10T07:40:00+00:00,4556,341.305633545
2013-11-10T07:50:00+00:00,4556,324.62197876
2013-11-10T08:00:00+00:00,4556,385.174377441
2013-11-10T08:10:00+00:00,4556,342.972015381
2013-11-10T08:20:00+00:00,4556,331.404876709
2013-11-10T08:30:00+00:00,4556,420.715637207
2013-11-10T08:40:00+00:00,4556,366.579498291
2013-11-10T08:50:00+00:00,4556,397.716247559
2013-11-10T09:00:00+00:00,4556,585.931945801
2013-11-10T09:10:00+00:00,4556,516.575195312
2013-11-10T09:20:00+00:00,4556,438.501586914
2013-11-10T09:30:00+00:00,4556,398.82925415
2013-11-10T09:40:00+00:00,4556,408.422119141
2013-11-10T09:50:00+00:00,4556,451.29196167
2013-11-10T10:00:00+00:00,4556,448.256774902
2013-11-10T10:10:00+00:00,4556,437.314910889
2013-11-10T10:20:00+00:00,4556,538.75579834
2013-11-10T10:30:00+00:00,4556,561.086669922
2013-11-10T10:40:00+00:00,4556,477.46206665
2013-11-10T10:50:00+00:00,4556,594.801635742
2013-11-10T11:00:00+00:00,4556,503.012908936
2013-11-10T11:10:00+00:00,4556,580.988220215
2013-11-10T11:20:00+00:00,4556,568.340393066
2013-11-10T11:30:00+00:00,4556,608.383178711
2013-11-10T11:40:00+00:00,4556,525.526000977
2013-11-10T11:50:00+00:00,4556,577.323303223
2013-11-10T12:00:00+00:00,4556,565.905456543
2013-11-10T12:10:00+00:00,4556,558.790344238
2013-11-10T12:20:00+00:00,4556,619.478881836
2013-11-10T12:30:00+00:00,4556,822.692077637
2013-11-10T12:40:00+00:00,4556,781.850341797
2013-11-10T12:50:00+00:00,4556,632.402099609
2013-11-10T13:00:00+00:00,4556,688.999145508
2013-11-10T13:10:00+00:00,4556,927.085998535
2013-11-10T13:20:00+00:00,4556,829.569580078
2013-11-10T13:30:00+00:00,4556,847.132751465
2013-11-10T13:40:00+00:00,4556,794.262512207
2013-11-10T13:50:00+00:00,4556,797.793273926
2013-11-10T14:00:00+00:00,4556,696.894104004
2013-11-10T14:10:00+00:00,4556,745.772399902
2013-11-10T14:20:00+00:00,4556,826.674499512
2013-11-10T14:30:00+00:00,4556,682.405761719
2013-11-10T14:40:00+00:00,4556,613.338928223
2013-11-10T14:50:00+00:00,4556,656.862854004
2013-11-10T15:00:00+00:00,4556,704.978271484
2013-11-10T15:10:00+00:00,4556,653.176086426
2013-11-10T15:20:00+00:00,4556,690.93963623
2013-11-10T15:30:00+00:00,4556,713.980041504
2013-11-10T15:40:00+00:00,4556,758.004150391
2013-11-10T15:50:00+00:00,4556,670.85357666
2013-11-10T16:00:00+00:00,4556,678.053344727
2013-11-10T16:10:00+00:00,4556,665.941833496
2013-11-10T16:20:00+00:00,4556,609.965454102
2013-11-10T16:30:00+00:00,4556,687.051940918
2013-11-10T16:40:00+00:00,4556,732.995544434
2013-11-10T16:50:00+00:00,4556,871.521850586
2013-11-10T17:00:00+00:00,4556,686.313720703
2013-11-10T17:10:00+00:00,4556,611.494140625
2013-11-10T17:20:00+00:00,4556,664.686584473
2013-11-10T17:30:00+00:00,4556,614.920043945
2013-11-10T17:40:00+00:00,4556,684.538208008
2013-11-10T17:50:00+00:00,4556,651.701599121
2013-11-10T18:00:00+00:00,4556,679.791687012
2013-11-10T18:10:00+00:00,4556,763.368469238
2013-11-10T18:20:00+00:00,4556,746.122802734
2013-11-10T18:30:00+00:00,4556,739.816162109
2013-11-10T18:40:00+00:00,4556,755.928039551
2013-11-10T18:50:00+00:00,4556,750.717407227
2013-11-10T19:00:00+00:00,4556,807.375488281
2013-11-10T19:10:00+00:00,4556,817.93347168
2013-11-10T19:20:00+00:00,4556,783.710083008
2013-11-10T19:30:00+00:00,4556,807.836486816
2013-11-10T19:40:00+00:00,4556,885.22668457
2013-11-10T19:50:00+00:00,4556,805.029174805
2013-11-10T20:00:00+00:00,4556,791.730957031
2013-11-10T20:10:00+00:00,4556,873.412414551
2013-11-10T20:20:00+00:00,4556,1037.6697998
2013-11-10T20:30:00+00:00,4556,897.808898926
2013-11-10T20:40:00+00:00,4556,955.986999512
2013-11-10T20:50:00+00:00,4556,922.589904785
2013-11-10T21:00:00+00:00,4556,960.045532227
2013-11-10T21:10:00+00:00,4556,1176.42150879
2013-11-10T21:20:00+00:00,4556,1078.37133789
2013-11-10T21:30:00+00:00,4556,841.054931641
2013-11-10T21:40:00+00:00,4556,837.437805176
2013-11-10T21:50:00+00:00,4556,769.856567383
2013-11-10T22:00:00+00:00,4556,879.450927734
2013-11-10T22:10:00+00:00,4556,719.476074219
2013-11-10T22:20:00+00:00,4556,623.058776855
2013-11-10T22:30:00+00:00,4556,729.981079102
2013-11-10T22:40:00+00:00,4556,674.048217773
2013-11-10T22:50:00+00:00,4556,558.248046875
2013-11-10T23:00:00+00:00,4556,577.230957031
2013-11-10T23:10:00+00:00,4556,554.203979492
2013-11-10T23:20:00+00:00,4556,464.747314453
2013-11-10T23:30:00+00:00,4556,524.633361816
2013-11-10T23:40:00+00:00,4556,468.02923584
2013-11-10T23:50:00+00:00,4556,400.268432617
2013-11-11T00:00:00+00:00,4556,403.352813721
2013-11-11T00:10:00+00:00,4556,379.687133789
2013-11-11T00:30:00+00:00,4556,348.330780029
2013-11-11T00:40:00+00:00,4556,362.992034912
2013-11-11T01:00:00+00:00,4556,343.789733887
2013-11-11T01:10:00+00:00,4556,331.668273926
2013-11-11T05:10:00+00:00,4556,242.231002808
2013-11-11T05:30:00+00:00,4556,250.536483765
2013-11-11T05:50:00+00:00,4556,249.620483398
2013-11-11T06:00:00+00:00,4556,303.949676514
2013-11-11T06:10:00+00:00,4556,309.157318115
2013-11-11T06:20:00+00:00,4556,343.265045166
2013-11-11T06:30:00+00:00,4556,417.923095703
2013-11-11T06:40:00+00:00,4556,427.292938232
2013-11-11T06:50:00+00:00,4556,426.871124268
2013-11-11T07:00:00+00:00,4556,439.717559814
2013-11-11T07:10:00+00:00,4556,544.476318359
2013-11-11T07:20:00+00:00,4556,597.54095459
2013-11-11T07:30:00+00:00,4556,510.723114014
2013-11-11T07:40:00+00:00,4556,537.055908203
2013-11-11T07:50:00+00:00,4556,567.167053223
2013-11-11T08:00:00+00:00,4556,552.707946777
2013-11-11T08:10:00+00:00,4556,554.336853027
2013-11-11T08:20:00+00:00,4556,654.547058105
2013-11-11T08:30:00+00:00,4556,616.612609863
2013-11-11T08:40:00+00:00,4556,547.627380371
2013-11-11T08:50:00+00:00,4556,563.159790039
2013-11-11T09:00:00+00:00,4556,656.612426758
2013-11-11T09:10:00+00:00,4556,538.098327637
2013-11-11T09:20:00+00:00,4556,553.99029541
2013-11-11T09:30:00+00:00,4556,623.20098877
2013-11-11T09:40:00+00:00,4556,545.20904541
2013-11-11T09:50:00+00:00,4556,514.239440918
2013-11-11T10:00:00+00:00,4556,509.550872803
2013-11-11T10:10:00+00:00,4556,491.457794189
2013-11-11T10:20:00+00:00,4556,546.177185059
2013-11-11T10:30:00+00:00,4556,501.886901855
2013-11-11T10:40:00+00:00,4556,517.69128418
2013-11-11T10:50:00+00:00,4556,446.165527344
2013-11-11T11:00:00+00:00,4556,502.493591309
2013-11-11T11:10:00+00:00,4556,554.710510254
2013-11-11T11:20:00+00:00,4556,513.632385254
2013-11-11T11:30:00+00:00,4556,540.947753906
2013-11-11T11:40:00+00:00,4556,665.753356934
2013-11-11T11:50:00+00:00,4556,664.424316406
2013-11-11T12:00:00+00:00,4556,566.676757812
2013-11-11T12:10:00+00:00,4556,598.819030762
2013-11-11T12:20:00+00:00,4556,591.570983887
2013-11-11T12:30:00+00:00,4556,734.446899414
2013-11-11T12:40:00+00:00,4556,727.973022461
2013-11-11T12:50:00+00:00,4556,632.263366699
2013-11-11T13:00:00+00:00,4556,674.316101074
2013-11-11T13:10:00+00:00,4556,766.965576172
2013-11-11T13:20:00+00:00,4556,704.178771973
2013-11-11T13:30:00+00:00,4556,627.711914062
2013-11-11T13:40:00+00:00,4556,676.609436035
2013-11-11T13:50:00+00:00,4556,571.578918457
2013-11-11T14:00:00+00:00,4556,564.965942383
2013-11-11T14:10:00+00:00,4556,765.554382324
2013-11-11T14:20:00+00:00,4556,579.253845215
2013-11-11T14:30:00+00:00,4556,764.758666992
2013-11-11T14:40:00+00:00,4556,679.479492188
2013-11-11T14:50:00+00:00,4556,693.470397949
2013-11-11T15:00:00+00:00,4556,573.343200684
2013-11-11T15:10:00+00:00,4556,618.532104492
2013-11-11T15:20:00+00:00,4556,652.080627441
2013-11-11T15:30:00+00:00,4556,787.978820801
2013-11-11T15:40:00+00:00,4556,561.702636719
2013-11-11T15:50:00+00:00,4556,658.414123535
2013-11-11T16:00:00+00:00,4556,600.051086426
2013-11-11T16:10:00+00:00,4556,631.841491699
2013-11-11T16:20:00+00:00,4556,627.809509277
2013-11-11T16:30:00+00:00,4556,624.397949219
2013-11-11T16:40:00+00:00,4556,600.88494873
2013-11-11T16:50:00+00:00,4556,645.360656738
2013-11-11T17:00:00+00:00,4556,665.808959961
2013-11-11T17:10:00+00:00,4556,612.195007324
2013-11-11T17:20:00+00:00,4556,653.714233398
2013-11-11T17:30:00+00:00,4556,622.444396973
2013-11-11T17:40:00+00:00,4556,739.828735352
2013-11-11T17:50:00+00:00,4556,659.414550781
2013-11-11T18:00:00+00:00,4556,698.378295898
2013-11-11T18:10:00+00:00,4556,629.801391602
2013-11-11T18:20:00+00:00,4556,682.46862793
2013-11-11T18:30:00+00:00,4556,692.187316895
2013-11-11T18:40:00+00:00,4556,708.183654785
2013-11-11T18:50:00+00:00,4556,765.149108887
2013-11-11T19:00:00+00:00,4556,699.266235352
2013-11-11T19:10:00+00:00,4556,809.072631836
2013-11-11T19:20:00+00:00,4556,671.877380371
2013-11-11T19:30:00+00:00,4556,660.714538574
2013-11-11T19:40:00+00:00,4556,742.327209473
2013-11-11T19:50:00+00:00,4556,742.765075684
2013-11-11T20:00:00+00:00,4556,732.402648926
2013-11-11T20:10:00+00:00,4556,810.869506836
2013-11-11T20:20:00+00:00,4556,737.624267578
2013-11-11T20:30:00+00:00,4556,686.905517578
2013-11-11T20:40:00+00:00,4556,817.738037109
2013-11-11T20:50:00+00:00,4556,688.244873047
2013-11-11T21:00:00+00:00,4556,721.299743652
2013-11-11T21:10:00+00:00,4556,891.078186035
2013-11-11T21:20:00+00:00,4556,802.966247559
2013-11-11T21:30:00+00:00,4556,776.988464355
2013-11-11T21:40:00+00:00,4556,686.129089355
2013-11-11T21:50:00+00:00,4556,899.295166016
2013-11-11T22:00:00+00:00,4556,708.774963379
2013-11-11T22:10:00+00:00,4556,721.581054688
2013-11-11T22:20:00+00:00,4556,787.509460449
2013-11-11T22:30:00+00:00,4556,717.225158691
2013-11-11T22:40:00+00:00,4556,663.425842285
2013-11-11T22:50:00+00:00,4556,776.08795166
2013-11-11T23:00:00+00:00,4556,520.512939453
2013-11-11T23:10:00+00:00,4556,515.65246582
2013-11-11T23:20:00+00:00,4556,491.295471191
2013-11-11T23:30:00+00:00,4556,474.851165771
2013-11-11T23:40:00+00:00,4556,425.660614014
2013-11-11T23:50:00+00:00,4556,397.983856201
2013-11-12T00:00:00+00:00,4556,417.04901123
2013-11-12T00:10:00+00:00,4556,391.095794678
2013-11-12T04:00:00+00:00,4556,252.089263916
2013-11-12T05:00:00+00:00,4556,353.178649902
2013-11-12T05:10:00+00:00,4556,258.86315918
2013-11-12T05:20:00+00:00,4556,274.977722168
2013-11-12T05:40:00+00:00,4556,325.859313965
2013-11-12T06:00:00+00:00,4556,329.673858643
2013-11-12T06:10:00+00:00,4556,312.628967285
2013-11-12T06:20:00+00:00,4556,394.987579346
2013-11-12T06:30:00+00:00,4556,464.356750488
2013-11-12T06:40:00+00:00,4556,468.45401001
2013-11-12T06:50:00+00:00,4556,450.723968506
2013-11-12T07:00:00+00:00,4556,510.939666748
2013-11-12T07:10:00+00:00,4556,529.359619141
2013-11-12T07:20:00+00:00,4556,523.658508301
2013-11-12T07:30:00+00:00,4556,523.323730469
2013-11-12T07:40:00+00:00,4556,590.56237793
2013-11-12T07:50:00+00:00,4556,601.858581543
2013-11-12T08:00:00+00:00,4556,636.158203125
2013-11-12T08:10:00+00:00,4556,556.221496582
2013-11-12T08:20:00+00:00,4556,560.17565918
2013-11-12T08:30:00+00:00,4556,604.397460938
2013-11-12T08:40:00+00:00,4556,533.562683105
2013-11-12T08:50:00+00:00,4556,599.712768555
2013-11-12T09:00:00+00:00,4556,608.25390625
2013-11-12T09:10:00+00:00,4556,538.654968262
2013-11-12T09:20:00+00:00,4556,531.400939941
2013-11-12T09:30:00+00:00,4556,508.872650146
2013-11-12T09:40:00+00:00,4556,497.600921631
2013-11-12T09:50:00+00:00,4556,570.761047363
2013-11-12T10:00:00+00:00,4556,476.464202881
2013-11-12T10:10:00+00:00,4556,491.5887146
2013-11-12T10:20:00+00:00,4556,529.274047852
2013-11-12T10:30:00+00:00,4556,429.969940186
2013-11-12T10:40:00+00:00,4556,612.277099609
2013-11-12T10:50:00+00:00,4556,552.953674316
2013-11-12T11:00:00+00:00,4556,669.574829102
2013-11-12T11:10:00+00:00,4556,716.374328613
2013-11-12T11:20:00+00:00,4556,704.393005371
2013-11-12T11:30:00+00:00,4556,578.668029785
2013-11-12T11:40:00+00:00,4556,774.059570312
2013-11-12T11:50:00+00:00,4556,518.063720703
2013-11-12T12:00:00+00:00,4556,657.955749512
2013-11-12T12:10:00+00:00,4556,719.129272461
2013-11-12T12:20:00+00:00,4556,685.538024902
2013-11-12T12:30:00+00:00,4556,614.600219727
2013-11-12T12:40:00+00:00,4556,774.618103027
2013-11-12T12:50:00+00:00,4556,625.561645508
2013-11-12T13:00:00+00:00,4556,819.546020508
2013-11-12T13:10:00+00:00,4556,664.172363281
2013-11-12T13:20:00+00:00,4556,535.520812988
2013-11-12T13:30:00+00:00,4556,644.278015137
2013-11-12T13:40:00+00:00,4556,629.641845703
2013-11-12T13:50:00+00:00,4556,643.622009277
2013-11-12T14:00:00+00:00,4556,657.300231934
2013-11-12T14:10:00+00:00,4556,603.783630371
2013-11-12T14:20:00+00:00,4556,568.588500977
2013-11-12T14:30:00+00:00,4556,615.42010498
2013-11-12T14:40:00+00:00,4556,642.37109375
2013-11-12T14:50:00+00:00,4556,638.957824707
2013-11-12T15:00:00+00:00,4556,555.16973877
2013-11-12T15:10:00+00:00,4556,599.714477539
2013-11-12T15:20:00+00:00,4556,616.547485352
2013-11-12T15:30:00+00:00,4556,533.096557617
2013-11-12T15:40:00+00:00,4556,580.158203125
2013-11-12T15:50:00+00:00,4556,608.258361816
2013-11-12T16:00:00+00:00,4556,848.988098145
2013-11-12T16:10:00+00:00,4556,714.906677246
2013-11-12T16:20:00+00:00,4556,624.50390625
2013-11-12T16:30:00+00:00,4556,569.300537109
2013-11-12T16:40:00+00:00,4556,744.87322998
2013-11-12T16:50:00+00:00,4556,579.442687988
2013-11-12T17:00:00+00:00,4556,584.584533691
2013-11-12T17:10:00+00:00,4556,712.77532959
2013-11-12T17:20:00+00:00,4556,672.274353027
2013-11-12T17:30:00+00:00,4556,751.037231445
2013-11-12T17:40:00+00:00,4556,725.146911621
2013-11-12T17:50:00+00:00,4556,843.292724609
2013-11-12T18:00:00+00:00,4556,706.923217773
2013-11-12T18:10:00+00:00,4556,601.131835938
2013-11-12T18:20:00+00:00,4556,597.555419922
2013-11-12T18:30:00+00:00,4556,658.644226074
2013-11-12T18:40:00+00:00,4556,665.051940918
2013-11-12T18:50:00+00:00,4556,706.753540039
2013-11-12T19:00:00+00:00,4556,869.219970703
2013-11-12T19:10:00+00:00,4556,757.734436035
2013-11-12T19:20:00+00:00,4556,954.410217285
2013-11-12T19:30:00+00:00,4556,980.529663086
2013-11-12T19:40:00+00:00,4556,1330.79980469
2013-11-12T19:50:00+00:00,4556,949.684997559
2013-11-12T20:00:00+00:00,4556,792.225708008
2013-11-12T20:10:00+00:00,4556,879.070861816
2013-11-12T20:20:00+00:00,4556,803.157775879
2013-11-12T20:30:00+00:00,4556,776.242736816
2013-11-12T20:40:00+00:00,4556,797.926391602
2013-11-12T20:50:00+00:00,4556,818.903503418
2013-11-12T21:00:00+00:00,4556,926.042114258
2013-11-12T21:10:00+00:00,4556,803.546569824
2013-11-12T21:20:00+00:00,4556,855.075195312
2013-11-12T21:30:00+00:00,4556,918.493041992
2013-11-12T21:40:00+00:00,4556,833.06439209
2013-11-12T21:50:00+00:00,4556,822.962158203
2013-11-12T22:00:00+00:00,4556,842.848510742
2013-11-12T22:10:00+00:00,4556,902.343811035
2013-11-12T22:20:00+00:00,4556,824.37286377
2013-11-12T22:30:00+00:00,4556,687.336853027
2013-11-12T22:40:00+00:00,4556,1002.99841309
2013-11-12T22:50:00+00:00,4556,767.129638672
2013-11-12T23:00:00+00:00,4556,632.019714355
2013-11-12T23:10:00+00:00,4556,594.859436035
2013-11-12T23:20:00+00:00,4556,595.504638672
2013-11-12T23:30:00+00:00,4556,505.573455811
2013-11-12T23:40:00+00:00,4556,541.631408691
2013-11-12T23:50:00+00:00,4556,478.729888916
2013-11-13T00:00:00+00:00,4556,415.493774414
2013-11-13T00:10:00+00:00,4556,466.213684082
2013-11-13T00:30:00+00:00,4556,355.047119141
2013-11-13T00:40:00+00:00,4556,388.425415039
2013-11-13T00:50:00+00:00,4556,383.889434814
2013-11-13T02:30:00+00:00,4556,255.243438721
2013-11-13T04:40:00+00:00,4556,256.133209229
2013-11-13T05:30:00+00:00,4556,236.701034546
2013-11-13T05:50:00+00:00,4556,288.684509277
2013-11-13T06:00:00+00:00,4556,267.45135498
2013-11-13T06:10:00+00:00,4556,333.069244385
2013-11-13T06:20:00+00:00,4556,329.510070801
2013-11-13T06:30:00+00:00,4556,324.645843506
2013-11-13T06:40:00+00:00,4556,493.46194458
2013-11-13T06:50:00+00:00,4556,436.944610596
2013-11-13T07:00:00+00:00,4556,484.341094971
2013-11-13T07:10:00+00:00,4556,536.405029297
2013-11-13T07:20:00+00:00,4556,568.883728027
2013-11-13T07:30:00+00:00,4556,617.450134277
2013-11-13T07:40:00+00:00,4556,728.215698242
2013-11-13T07:50:00+00:00,4556,703.198425293
2013-11-13T08:00:00+00:00,4556,529.822814941
2013-11-13T08:10:00+00:00,4556,579.806030273
2013-11-13T08:20:00+00:00,4556,626.753234863
2013-11-13T08:30:00+00:00,4556,565.629150391
2013-11-13T08:40:00+00:00,4556,567.397277832
2013-11-13T08:50:00+00:00,4556,627.657531738
2013-11-13T09:00:00+00:00,4556,473.537475586
2013-11-13T09:10:00+00:00,4556,580.824401855
2013-11-13T09:20:00+00:00,4556,603.793640137
2013-11-13T09:30:00+00:00,4556,430.249725342
2013-11-13T09:40:00+00:00,4556,518.77911377
2013-11-13T09:50:00+00:00,4556,533.539550781
2013-11-13T10:00:00+00:00,4556,466.313903809
2013-11-13T10:10:00+00:00,4556,587.22668457
2013-11-13T10:20:00+00:00,4556,525.283508301
2013-11-13T10:30:00+00:00,4556,510.865234375
2013-11-13T10:40:00+00:00,4556,545.389587402
2013-11-13T10:50:00+00:00,4556,511.305877686
2013-11-13T11:00:00+00:00,4556,492.653778076
2013-11-13T11:10:00+00:00,4556,567.274597168
2013-11-13T11:20:00+00:00,4556,570.201965332
2013-11-13T11:30:00+00:00,4556,632.132568359
2013-11-13T11:40:00+00:00,4556,537.490600586
2013-11-13T11:50:00+00:00,4556,598.735412598
2013-11-13T12:00:00+00:00,4556,559.05267334
2013-11-13T12:10:00+00:00,4556,582.684997559
2013-11-13T12:20:00+00:00,4556,603.019958496
2013-11-13T12:30:00+00:00,4556,634.76763916
2013-11-13T12:40:00+00:00,4556,760.155944824
2013-11-13T12:50:00+00:00,4556,636.811157227
2013-11-13T13:00:00+00:00,4556,562.578613281
2013-11-13T13:10:00+00:00,4556,792.431213379
2013-11-13T13:20:00+00:00,4556,616.926147461
2013-11-13T13:30:00+00:00,4556,580.680358887
2013-11-13T13:40:00+00:00,4556,587.812683105
2013-11-13T13:50:00+00:00,4556,746.068237305
2013-11-13T14:00:00+00:00,4556,663.625061035
2013-11-13T14:10:00+00:00,4556,672.507873535
2013-11-13T14:20:00+00:00,4556,557.477050781
2013-11-13T14:30:00+00:00,4556,586.821044922
2013-11-13T14:40:00+00:00,4556,771.258789062
2013-11-13T14:50:00+00:00,4556,597.131896973
2013-11-13T15:00:00+00:00,4556,616.100585938
2013-11-13T15:10:00+00:00,4556,660.506958008
2013-11-13T15:20:00+00:00,4556,693.576477051
2013-11-13T15:30:00+00:00,4556,677.937072754
2013-11-13T15:40:00+00:00,4556,583.432678223
2013-11-13T15:50:00+00:00,4556,579.227416992
2013-11-13T16:00:00+00:00,4556,655.211914062
2013-11-13T16:10:00+00:00,4556,693.081726074
2013-11-13T16:20:00+00:00,4556,601.879089355
2013-11-13T16:30:00+00:00,4556,599.62487793
2013-11-13T16:40:00+00:00,4556,740.902282715
2013-11-13T16:50:00+00:00,4556,760.710632324
2013-11-13T17:00:00+00:00,4556,736.526855469
2013-11-13T17:10:00+00:00,4556,757.676574707
2013-11-13T17:20:00+00:00,4556,710.060241699
2013-11-13T17:30:00+00:00,4556,888.893676758
2013-11-13T17:40:00+00:00,4556,779.711914062
2013-11-13T17:50:00+00:00,4556,719.742736816
2013-11-13T18:00:00+00:00,4556,670.87286377
2013-11-13T18:10:00+00:00,4556,730.265319824
2013-11-13T18:20:00+00:00,4556,798.445495605
2013-11-13T18:30:00+00:00,4556,798.349060059
2013-11-13T18:40:00+00:00,4556,878.90423584
2013-11-13T18:50:00+00:00,4556,738.218017578
2013-11-13T19:00:00+00:00,4556,814.338684082
2013-11-13T19:10:00+00:00,4556,739.087768555
2013-11-13T19:20:00+00:00,4556,778.300292969
2013-11-13T19:30:00+00:00,4556,982.567382812
2013-11-13T19:40:00+00:00,4556,850.863952637
2013-11-13T19:50:00+00:00,4556,837.403747559
2013-11-13T20:00:00+00:00,4556,962.722290039
2013-11-13T20:10:00+00:00,4556,968.635375977
2013-11-13T20:20:00+00:00,4556,976.651184082
2013-11-13T20:30:00+00:00,4556,994.007568359
2013-11-13T20:40:00+00:00,4556,1016.72827148
2013-11-13T20:50:00+00:00,4556,1046.1940918
2013-11-13T21:00:00+00:00,4556,936.547790527
2013-11-13T21:10:00+00:00,4556,991.04675293
2013-11-13T21:20:00+00:00,4556,958.362792969
2013-11-13T21:30:00+00:00,4556,910.254211426
2013-11-13T21:40:00+00:00,4556,1063.45117188
2013-11-13T21:50:00+00:00,4556,985.496582031
2013-11-13T22:00:00+00:00,4556,912.255371094
2013-11-13T22:10:00+00:00,4556,1030.26025391
2013-11-13T22:20:00+00:00,4556,993.6328125
2013-11-13T22:30:00+00:00,4556,948.806762695
2013-11-13T22:40:00+00:00,4556,1083.88818359
2013-11-13T22:50:00+00:00,4556,838.250549316
2013-11-13T23:00:00+00:00,4556,747.880249023
2013-11-13T23:10:00+00:00,4556,916.74432373
2013-11-13T23:20:00+00:00,4556,806.198730469
2013-11-13T23:30:00+00:00,4556,706.808532715
2013-11-13T23:40:00+00:00,4556,764.922424316
2013-11-13T23:50:00+00:00,4556,701.733337402
2013-11-14T00:00:00+00:00,4556,698.83215332
2013-11-14T00:10:00+00:00,4556,608.747497559
2013-11-14T00:20:00+00:00,4556,477.280822754
2013-11-14T00:30:00+00:00,4556,478.024932861
2013-11-14T00:50:00+00:00,4556,428.521087646
2013-11-14T01:00:00+00:00,4556,397.262237549
2013-11-14T01:30:00+00:00,4556,334.046478271
2013-11-14T02:20:00+00:00,4556,307.854614258
2013-11-14T02:30:00+00:00,4556,290.350280762
2013-11-14T03:00:00+00:00,4556,282.399200439
2013-11-14T05:00:00+00:00,4556,292.607940674
2013-11-14T05:20:00+00:00,4556,319.309661865
2013-11-14T05:40:00+00:00,4556,289.336364746
2013-11-14T05:50:00+00:00,4556,319.223388672
2013-11-14T06:00:00+00:00,4556,322.753295898
2013-11-14T06:10:00+00:00,4556,361.333190918
2013-11-14T06:20:00+00:00,4556,407.781921387
2013-11-14T06:30:00+00:00,4556,430.274047852
2013-11-14T06:40:00+00:00,4556,485.179077148
2013-11-14T06:50:00+00:00,4556,407.694549561
2013-11-14T07:00:00+00:00,4556,556.19934082
2013-11-14T07:10:00+00:00,4556,622.949157715
2013-11-14T07:20:00+00:00,4556,599.707214355
2013-11-14T07:30:00+00:00,4556,622.415588379
2013-11-14T07:40:00+00:00,4556,627.069824219
2013-11-14T07:50:00+00:00,4556,593.580627441
2013-11-14T08:00:00+00:00,4556,528.417602539
2013-11-14T08:10:00+00:00,4556,476.194702148
2013-11-14T08:20:00+00:00,4556,504.384460449
2013-11-14T08:30:00+00:00,4556,517.756408691
2013-11-14T08:40:00+00:00,4556,587.296691895
2013-11-14T08:50:00+00:00,4556,706.468933105
2013-11-14T09:00:00+00:00,4556,556.522277832
2013-11-14T09:10:00+00:00,4556,505.765441895
2013-11-14T09:20:00+00:00,4556,478.212097168
2013-11-14T09:30:00+00:00,4556,548.844726562
2013-11-14T09:40:00+00:00,4556,533.630004883
2013-11-14T09:50:00+00:00,4556,535.89263916
2013-11-14T10:00:00+00:00,4556,487.335174561
2013-11-14T10:10:00+00:00,4556,453.193878174
2013-11-14T10:20:00+00:00,4556,623.478942871
2013-11-14T10:30:00+00:00,4556,494.193817139
2013-11-14T10:40:00+00:00,4556,554.870483398
2013-11-14T10:50:00+00:00,4556,481.028930664
2013-11-14T11:00:00+00:00,4556,612.688964844
2013-11-14T11:10:00+00:00,4556,705.707092285
2013-11-14T11:20:00+00:00,4556,629.327758789
2013-11-14T11:30:00+00:00,4556,664.853820801
2013-11-14T11:40:00+00:00,4556,683.094604492
2013-11-14T11:50:00+00:00,4556,512.337341309
2013-11-14T12:00:00+00:00,4556,597.929260254
2013-11-14T12:10:00+00:00,4556,656.249755859
2013-11-14T12:20:00+00:00,4556,651.975036621
2013-11-14T12:30:00+00:00,4556,724.802490234
2013-11-14T12:40:00+00:00,4556,626.600402832
2013-11-14T12:50:00+00:00,4556,784.879699707
2013-11-14T13:00:00+00:00,4556,800.55645752
2013-11-14T13:10:00+00:00,4556,705.412231445
2013-11-14T13:20:00+00:00,4556,667.004272461
2013-11-14T13:30:00+00:00,4556,672.377868652
2013-11-14T13:40:00+00:00,4556,590.257385254
2013-11-14T13:50:00+00:00,4556,585.500915527
2013-11-14T14:00:00+00:00,4556,635.567077637
2013-11-14T14:10:00+00:00,4556,608.059020996
2013-11-14T14:20:00+00:00,4556,565.84576416
2013-11-14T14:30:00+00:00,4556,621.401245117
2013-11-14T14:40:00+00:00,4556,580.76348877
2013-11-14T14:50:00+00:00,4556,476.972137451
2013-11-14T15:00:00+00:00,4556,500.493591309
2013-11-14T15:10:00+00:00,4556,511.631500244
2013-11-14T15:20:00+00:00,4556,564.772766113
2013-11-14T15:30:00+00:00,4556,550.95526123
2013-11-14T15:40:00+00:00,4556,550.596069336
2013-11-14T15:50:00+00:00,4556,558.381530762
2013-11-14T16:00:00+00:00,4556,597.157104492
2013-11-14T16:10:00+00:00,4556,577.257202148
2013-11-14T16:20:00+00:00,4556,645.471435547
2013-11-14T16:30:00+00:00,4556,561.917297363
2013-11-14T16:40:00+00:00,4556,510.12310791
2013-11-14T16:50:00+00:00,4556,642.892333984
2013-11-14T17:00:00+00:00,4556,593.496765137
2013-11-14T17:10:00+00:00,4556,654.631835938
2013-11-14T17:20:00+00:00,4556,662.28692627
2013-11-14T17:30:00+00:00,4556,656.978149414
2013-11-14T17:40:00+00:00,4556,626.902526855
2013-11-14T17:50:00+00:00,4556,778.669189453
2013-11-14T18:00:00+00:00,4556,1167.81018066
2013-11-14T18:10:00+00:00,4556,942.271789551
2013-11-14T18:20:00+00:00,4556,748.612670898
2013-11-14T18:30:00+00:00,4556,802.238464355
2013-11-14T18:40:00+00:00,4556,752.947692871
2013-11-14T18:50:00+00:00,4556,742.771972656
2013-11-14T19:00:00+00:00,4556,765.151733398
2013-11-14T19:10:00+00:00,4556,771.641479492
2013-11-14T19:20:00+00:00,4556,788.838562012
2013-11-14T19:30:00+00:00,4556,806.807922363
2013-11-14T19:40:00+00:00,4556,774.27722168
2013-11-14T19:50:00+00:00,4556,857.685302734
2013-11-14T20:00:00+00:00,4556,858.28729248
2013-11-14T20:10:00+00:00,4556,845.557983398
2013-11-14T20:20:00+00:00,4556,991.316894531
2013-11-14T20:30:00+00:00,4556,868.802978516
2013-11-14T20:40:00+00:00,4556,913.313781738
2013-11-14T20:50:00+00:00,4556,980.020690918
2013-11-14T21:00:00+00:00,4556,873.389343262
2013-11-14T21:10:00+00:00,4556,1026.22680664
2013-11-14T21:20:00+00:00,4556,871.300354004
2013-11-14T21:30:00+00:00,4556,855.578613281
2013-11-14T21:40:00+00:00,4556,853.390258789
2013-11-14T21:50:00+00:00,4556,753.346130371
2013-11-14T22:00:00+00:00,4556,829.570373535
2013-11-14T22:10:00+00:00,4556,819.942260742
2013-11-14T22:20:00+00:00,4556,771.942138672
2013-11-14T22:30:00+00:00,4556,780.002868652
2013-11-14T22:40:00+00:00,4556,815.678955078
2013-11-14T22:50:00+00:00,4556,804.068847656
2013-11-14T23:00:00+00:00,4556,692.750427246
2013-11-14T23:10:00+00:00,4556,642.470336914
2013-11-14T23:20:00+00:00,4556,756.438964844
2013-11-14T23:30:00+00:00,4556,629.119934082
2013-11-14T23:40:00+00:00,4556,591.200195312
2013-11-14T23:50:00+00:00,4556,551.035949707
2013-11-15T00:00:00+00:00,4556,481.956604004
2013-11-15T00:20:00+00:00,4556,399.975494385
2013-11-15T00:30:00+00:00,4556,383.853179932
2013-11-15T00:50:00+00:00,4556,366.169250488
2013-11-15T01:10:00+00:00,4556,338.432434082
2013-11-15T05:40:00+00:00,4556,326.311279297
2013-11-15T05:50:00+00:00,4556,375.881164551
2013-11-15T06:00:00+00:00,4556,348.222442627
2013-11-15T06:10:00+00:00,4556,380.715087891
2013-11-15T06:20:00+00:00,4556,437.888580322
2013-11-15T06:30:00+00:00,4556,417.422149658
2013-11-15T06:40:00+00:00,4556,476.184844971
2013-11-15T06:50:00+00:00,4556,459.115539551
2013-11-15T07:00:00+00:00,4556,423.465667725
2013-11-15T07:10:00+00:00,4556,526.104797363
2013-11-15T07:20:00+00:00,4556,566.984008789
2013-11-15T07:30:00+00:00,4556,652.986633301
2013-11-15T07:40:00+00:00,4556,541.149597168
2013-11-15T07:50:00+00:00,4556,627.412353516
2013-11-15T08:00:00+00:00,4556,573.241210938
2013-11-15T08:10:00+00:00,4556,541.46673584
2013-11-15T08:20:00+00:00,4556,608.436889648
2013-11-15T08:30:00+00:00,4556,671.997802734
2013-11-15T08:40:00+00:00,4556,679.578613281
2013-11-15T08:50:00+00:00,4556,577.004638672
2013-11-15T09:00:00+00:00,4556,635.455871582
2013-11-15T09:10:00+00:00,4556,613.455566406
2013-11-15T09:20:00+00:00,4556,550.35559082
2013-11-15T09:30:00+00:00,4556,490.958129883
2013-11-15T09:40:00+00:00,4556,577.385131836
2013-11-15T09:50:00+00:00,4556,543.203979492
2013-11-15T10:00:00+00:00,4556,674.834289551
2013-11-15T10:10:00+00:00,4556,646.31640625
2013-11-15T10:20:00+00:00,4556,563.383666992
2013-11-15T10:30:00+00:00,4556,511.640075684
2013-11-15T10:40:00+00:00,4556,587.766357422
2013-11-15T10:50:00+00:00,4556,704.619873047
2013-11-15T11:00:00+00:00,4556,660.555175781
2013-11-15T11:10:00+00:00,4556,592.136169434
2013-11-15T11:20:00+00:00,4556,613.189208984
2013-11-15T11:30:00+00:00,4556,557.344299316
2013-11-15T11:40:00+00:00,4556,605.34173584
2013-11-15T11:50:00+00:00,4556,590.502868652
2013-11-15T12:00:00+00:00,4556,494.501312256
2013-11-15T12:10:00+00:00,4556,591.557861328
2013-11-15T12:20:00+00:00,4556,651.14642334
2013-11-15T12:30:00+00:00,4556,719.243469238
2013-11-15T12:40:00+00:00,4556,555.737548828
2013-11-15T12:50:00+00:00,4556,681.002197266
2013-11-15T13:00:00+00:00,4556,770.605102539
2013-11-15T13:10:00+00:00,4556,752.674926758
2013-11-15T13:20:00+00:00,4556,773.6015625
2013-11-15T13:30:00+00:00,4556,674.726867676
2013-11-15T13:40:00+00:00,4556,695.618896484
2013-11-15T13:50:00+00:00,4556,702.921386719
2013-11-15T14:00:00+00:00,4556,617.89263916
2013-11-15T14:10:00+00:00,4556,619.476501465
2013-11-15T14:20:00+00:00,4556,596.162780762
2013-11-15T14:30:00+00:00,4556,707.837097168
2013-11-15T14:40:00+00:00,4556,628.22064209
2013-11-15T14:50:00+00:00,4556,614.136779785
2013-11-15T15:00:00+00:00,4556,695.217346191
2013-11-15T15:10:00+00:00,4556,678.992370605
2013-11-15T15:20:00+00:00,4556,638.977111816
2013-11-15T15:30:00+00:00,4556,562.531311035
2013-11-15T15:40:00+00:00,4556,598.865356445
2013-11-15T15:50:00+00:00,4556,598.624389648
2013-11-15T16:00:00+00:00,4556,632.889892578
2013-11-15T16:10:00+00:00,4556,607.942199707
2013-11-15T16:20:00+00:00,4556,567.604858398
2013-11-15T16:30:00+00:00,4556,578.085266113
2013-11-15T16:40:00+00:00,4556,936.032470703
2013-11-15T16:50:00+00:00,4556,753.103759766
2013-11-15T17:00:00+00:00,4556,673.619873047
2013-11-15T17:10:00+00:00,4556,721.632324219
2013-11-15T17:20:00+00:00,4556,677.225769043
2013-11-15T17:30:00+00:00,4556,682.388305664
2013-11-15T17:40:00+00:00,4556,754.633544922
2013-11-15T17:50:00+00:00,4556,860.597717285
2013-11-15T18:00:00+00:00,4556,941.794006348
2013-11-15T18:10:00+00:00,4556,767.268920898
2013-11-15T18:20:00+00:00,4556,741.789916992
2013-11-15T18:30:00+00:00,4556,685.632263184
2013-11-15T18:40:00+00:00,4556,821.404174805
2013-11-15T18:50:00+00:00,4556,862.636169434
2013-11-15T19:00:00+00:00,4556,754.313293457
2013-11-15T19:10:00+00:00,4556,722.134216309
2013-11-15T19:20:00+00:00,4556,782.302734375
2013-11-15T19:30:00+00:00,4556,837.956542969
2013-11-15T19:40:00+00:00,4556,855.604187012
2013-11-15T19:50:00+00:00,4556,763.706848145
2013-11-15T20:00:00+00:00,4556,967.266601562
2013-11-15T20:10:00+00:00,4556,944.116210938
2013-11-15T20:20:00+00:00,4556,880.870117188
2013-11-15T20:30:00+00:00,4556,983.228637695
2013-11-15T20:40:00+00:00,4556,1020.16577148
2013-11-15T20:50:00+00:00,4556,942.424865723
2013-11-15T21:00:00+00:00,4556,989.396179199
2013-11-15T21:10:00+00:00,4556,859.182067871
2013-11-15T21:20:00+00:00,4556,975.65838623
2013-11-15T21:30:00+00:00,4556,1074.33813477
2013-11-15T21:40:00+00:00,4556,933.721740723
2013-11-15T21:50:00+00:00,4556,1006.72369385
2013-11-15T22:00:00+00:00,4556,1029.8729248
2013-11-15T22:10:00+00:00,4556,1272.34423828
2013-11-15T22:20:00+00:00,4556,1103.03991699
2013-11-15T22:30:00+00:00,4556,1117.68676758
2013-11-15T22:40:00+00:00,4556,1137.14807129
2013-11-15T22:50:00+00:00,4556,1112.82287598
2013-11-15T23:00:00+00:00,4556,1015.79229736
2013-11-15T23:10:00+00:00,4556,846.618286133
2013-11-15T23:20:00+00:00,4556,816.22454834
2013-11-15T23:30:00+00:00,4556,916.994750977
2013-11-15T23:40:00+00:00,4556,770.553527832
2013-11-15T23:50:00+00:00,4556,865.008911133
2013-11-16T00:00:00+00:00,4556,710.417480469
2013-11-16T00:10:00+00:00,4556,763.426635742
2013-11-16T00:20:00+00:00,4556,758.236572266
2013-11-16T00:30:00+00:00,4556,953.453613281
2013-11-16T00:40:00+00:00,4556,652.948608398
2013-11-16T00:50:00+00:00,4556,731.18927002
2013-11-16T01:00:00+00:00,4556,657.94909668
2013-11-16T01:10:00+00:00,4556,532.752868652
2013-11-16T01:20:00+00:00,4556,502.271087646
2013-11-16T01:30:00+00:00,4556,497.030792236
2013-11-16T01:40:00+00:00,4556,424.14163208
2013-11-16T01:50:00+00:00,4556,422.082519531
2013-11-16T02:00:00+00:00,4556,418.132476807
2013-11-16T02:10:00+00:00,4556,389.95223999
2013-11-16T02:20:00+00:00,4556,350.332855225
2013-11-16T02:30:00+00:00,4556,303.857177734
2013-11-16T02:40:00+00:00,4556,352.358856201
2013-11-16T03:00:00+00:00,4556,287.782531738
2013-11-16T03:10:00+00:00,4556,296.360351562
2013-11-16T03:20:00+00:00,4556,274.656768799
2013-11-16T04:30:00+00:00,4556,245.351211548
2013-11-16T04:40:00+00:00,4556,251.861663818
2013-11-16T05:00:00+00:00,4556,278.668701172
2013-11-16T05:40:00+00:00,4556,244.026779175
2013-11-16T06:00:00+00:00,4556,240.150115967
2013-11-16T06:10:00+00:00,4556,279.97555542
2013-11-16T06:20:00+00:00,4556,288.25894165
2013-11-16T06:30:00+00:00,4556,321.052856445
2013-11-16T06:40:00+00:00,4556,321.141387939
2013-11-16T06:50:00+00:00,4556,311.870544434
2013-11-16T07:00:00+00:00,4556,307.154327393
2013-11-16T07:10:00+00:00,4556,413.385528564
2013-11-16T07:20:00+00:00,4556,366.660461426
2013-11-16T07:30:00+00:00,4556,325.202697754
2013-11-16T07:40:00+00:00,4556,378.994842529
2013-11-16T07:50:00+00:00,4556,368.783721924
2013-11-16T08:00:00+00:00,4556,500.854003906
2013-11-16T08:10:00+00:00,4556,389.579620361
2013-11-16T08:20:00+00:00,4556,466.03692627
2013-11-16T08:30:00+00:00,4556,519.688476562
2013-11-16T08:40:00+00:00,4556,438.800598145
2013-11-16T08:50:00+00:00,4556,424.784881592
2013-11-16T09:00:00+00:00,4556,424.704345703
2013-11-16T09:10:00+00:00,4556,494.722290039
2013-11-16T09:20:00+00:00,4556,460.091949463
2013-11-16T09:30:00+00:00,4556,529.367492676
2013-11-16T09:40:00+00:00,4556,616.33404541
2013-11-16T09:50:00+00:00,4556,591.48626709
2013-11-16T10:00:00+00:00,4556,677.99407959
2013-11-16T10:10:00+00:00,4556,667.615600586
2013-11-16T10:20:00+00:00,4556,602.228088379
2013-11-16T10:30:00+00:00,4556,522.875427246
2013-11-16T10:40:00+00:00,4556,592.706542969
2013-11-16T10:50:00+00:00,4556,665.394287109
2013-11-16T11:00:00+00:00,4556,660.354675293
2013-11-16T11:10:00+00:00,4556,584.503112793
2013-11-16T11:20:00+00:00,4556,699.950500488
2013-11-16T11:30:00+00:00,4556,675.391967773
2013-11-16T11:40:00+00:00,4556,779.02142334
2013-11-16T11:50:00+00:00,4556,820.675537109
2013-11-16T12:00:00+00:00,4556,857.829223633
2013-11-16T12:10:00+00:00,4556,807.076599121
2013-11-16T12:20:00+00:00,4556,884.990722656
2013-11-16T12:30:00+00:00,4556,783.30456543
2013-11-16T12:40:00+00:00,4556,753.453063965
2013-11-16T12:50:00+00:00,4556,806.902099609
2013-11-16T13:00:00+00:00,4556,931.29309082
2013-11-16T13:10:00+00:00,4556,951.475402832
2013-11-16T13:20:00+00:00,4556,866.707458496
2013-11-16T13:30:00+00:00,4556,850.831481934
2013-11-16T13:40:00+00:00,4556,874.022216797
2013-11-16T13:50:00+00:00,4556,819.87689209
2013-11-16T14:00:00+00:00,4556,917.20111084
2013-11-16T14:10:00+00:00,4556,815.407714844
2013-11-16T14:20:00+00:00,4556,838.830749512
2013-11-16T14:30:00+00:00,4556,872.003173828
2013-11-16T14:40:00+00:00,4556,875.024780273
2013-11-16T14:50:00+00:00,4556,773.444091797
2013-11-16T15:00:00+00:00,4556,829.840332031
2013-11-16T15:10:00+00:00,4556,735.758117676
2013-11-16T15:20:00+00:00,4556,729.135742188
2013-11-16T15:30:00+00:00,4556,783.562438965
2013-11-16T15:40:00+00:00,4556,781.971740723
2013-11-16T15:50:00+00:00,4556,743.091003418
2013-11-16T16:00:00+00:00,4556,758.090332031
2013-11-16T16:10:00+00:00,4556,707.089538574
2013-11-16T16:20:00+00:00,4556,772.033996582
2013-11-16T16:30:00+00:00,4556,955.545837402
2013-11-16T16:40:00+00:00,4556,889.317077637
2013-11-16T16:50:00+00:00,4556,859.611938477
2013-11-16T17:00:00+00:00,4556,833.579345703
2013-11-16T17:10:00+00:00,4556,735.692626953
2013-11-16T17:20:00+00:00,4556,923.721679688
2013-11-16T17:30:00+00:00,4556,720.214477539
2013-11-16T17:40:00+00:00,4556,729.968383789
2013-11-16T17:50:00+00:00,4556,743.515380859
2013-11-16T18:00:00+00:00,4556,940.711730957
2013-11-16T18:10:00+00:00,4556,799.005126953
2013-11-16T18:20:00+00:00,4556,951.784790039
2013-11-16T18:30:00+00:00,4556,838.933410645
2013-11-16T18:40:00+00:00,4556,811.439819336
2013-11-16T18:50:00+00:00,4556,961.89239502
2013-11-16T19:00:00+00:00,4556,983.461547852
2013-11-16T19:10:00+00:00,4556,925.29864502
2013-11-16T19:20:00+00:00,4556,1087.28955078
2013-11-16T19:30:00+00:00,4556,1075.8671875
2013-11-16T19:40:00+00:00,4556,930.65032959
2013-11-16T19:50:00+00:00,4556,1054.12695312
2013-11-16T20:00:00+00:00,4556,1214.55505371
2013-11-16T20:10:00+00:00,4556,1173.85595703
2013-11-16T20:20:00+00:00,4556,1273.92028809
2013-11-16T20:30:00+00:00,4556,1207.69213867
2013-11-16T20:40:00+00:00,4556,1201.90844727
2013-11-16T20:50:00+00:00,4556,1327.28527832
2013-11-16T21:00:00+00:00,4556,1568.10620117
2013-11-16T21:10:00+00:00,4556,1545.33605957
2013-11-16T21:20:00+00:00,4556,1479.5480957
2013-11-16T21:30:00+00:00,4556,1346.45544434
2013-11-16T21:40:00+00:00,4556,1293.9083252
2013-11-16T21:50:00+00:00,4556,1542.65100098
2013-11-16T22:00:00+00:00,4556,1551.4987793
2013-11-16T22:10:00+00:00,4556,1388.23022461
2013-11-16T22:20:00+00:00,4556,1770.74572754
2013-11-16T22:30:00+00:00,4556,1374.92883301
2013-11-16T22:40:00+00:00,4556,1621.67919922
2013-11-16T22:50:00+00:00,4556,1350.99755859
2013-11-16T23:00:00+00:00,4556,1288.59667969
2013-11-16T23:10:00+00:00,4556,1315.19177246
2013-11-16T23:20:00+00:00,4556,1491.77453613
2013-11-16T23:30:00+00:00,4556,1202.90148926
2013-11-16T23:40:00+00:00,4556,1103.19104004
2013-11-16T23:50:00+00:00,4556,1151.29772949
2013-11-17T00:00:00+00:00,4556,1188.55322266
2013-11-17T00:10:00+00:00,4556,1115.6739502
2013-11-17T00:20:00+00:00,4556,892.332580566
2013-11-17T00:30:00+00:00,4556,904.616821289
2013-11-17T00:40:00+00:00,4556,972.02130127
2013-11-17T00:50:00+00:00,4556,950.67010498
2013-11-17T01:00:00+00:00,4556,801.012634277
2013-11-17T01:10:00+00:00,4556,723.350158691
2013-11-17T01:20:00+00:00,4556,682.603759766
2013-11-17T01:30:00+00:00,4556,505.897460938
2013-11-17T01:40:00+00:00,4556,532.924133301
2013-11-17T01:50:00+00:00,4556,494.427459717
2013-11-17T02:00:00+00:00,4556,443.908203125
2013-11-17T02:10:00+00:00,4556,449.893432617
2013-11-17T02:20:00+00:00,4556,453.975250244
2013-11-17T02:30:00+00:00,4556,383.395690918
2013-11-17T02:40:00+00:00,4556,321.515838623
2013-11-17T02:50:00+00:00,4556,339.858093262
2013-11-17T03:00:00+00:00,4556,309.638000488
2013-11-17T03:10:00+00:00,4556,315.517211914
2013-11-17T03:20:00+00:00,4556,297.620697021
2013-11-17T03:30:00+00:00,4556,284.619873047
2013-11-17T03:40:00+00:00,4556,279.561096191
2013-11-17T03:50:00+00:00,4556,296.156585693
2013-11-17T04:10:00+00:00,4556,250.221847534
2013-11-17T06:30:00+00:00,4556,216.049255371
2013-11-17T06:50:00+00:00,4556,240.370651245
2013-11-17T07:00:00+00:00,4556,253.462173462
2013-11-17T07:10:00+00:00,4556,257.46270752
2013-11-17T07:20:00+00:00,4556,251.062408447
2013-11-17T07:30:00+00:00,4556,237.626342773
2013-11-17T07:40:00+00:00,4556,286.939727783
2013-11-17T07:50:00+00:00,4556,287.714294434
2013-11-17T08:00:00+00:00,4556,273.57232666
2013-11-17T08:10:00+00:00,4556,301.128143311
2013-11-17T08:20:00+00:00,4556,326.994750977
2013-11-17T08:30:00+00:00,4556,324.035858154
2013-11-17T08:40:00+00:00,4556,372.740386963
2013-11-17T08:50:00+00:00,4556,387.719451904
2013-11-17T09:00:00+00:00,4556,334.74017334
2013-11-17T09:10:00+00:00,4556,425.472686768
2013-11-17T09:20:00+00:00,4556,441.279510498
2013-11-17T09:30:00+00:00,4556,528.041442871
2013-11-17T09:40:00+00:00,4556,604.031433105
2013-11-17T09:50:00+00:00,4556,539.428527832
2013-11-17T10:00:00+00:00,4556,507.942077637
2013-11-17T10:10:00+00:00,4556,483.025909424
2013-11-17T10:20:00+00:00,4556,502.741485596
2013-11-17T10:30:00+00:00,4556,537.398132324
2013-11-17T10:40:00+00:00,4556,564.477661133
2013-11-17T10:50:00+00:00,4556,603.622558594
2013-11-17T11:00:00+00:00,4556,607.035217285
2013-11-17T11:10:00+00:00,4556,673.381530762
2013-11-17T11:20:00+00:00,4556,690.524291992
2013-11-17T11:30:00+00:00,4556,639.444274902
2013-11-17T11:40:00+00:00,4556,655.500915527
2013-11-17T11:50:00+00:00,4556,747.099731445
2013-11-17T12:00:00+00:00,4556,842.978759766
2013-11-17T12:10:00+00:00,4556,600.759643555
2013-11-17T12:20:00+00:00,4556,800.072753906
2013-11-17T12:30:00+00:00,4556,825.029846191
2013-11-17T12:40:00+00:00,4556,800.441955566
2013-11-17T12:50:00+00:00,4556,799.618591309
2013-11-17T13:00:00+00:00,4556,841.859863281
2013-11-17T13:10:00+00:00,4556,850.575439453
2013-11-17T13:20:00+00:00,4556,994.428649902
2013-11-17T13:30:00+00:00,4556,989.812255859
2013-11-17T13:40:00+00:00,4556,889.293701172
2013-11-17T13:50:00+00:00,4556,745.362304688
2013-11-17T14:00:00+00:00,4556,771.666564941
2013-11-17T14:10:00+00:00,4556,793.83807373
2013-11-17T14:20:00+00:00,4556,948.418395996
2013-11-17T14:30:00+00:00,4556,732.079345703
2013-11-17T14:40:00+00:00,4556,753.28704834
2013-11-17T14:50:00+00:00,4556,891.604797363
2013-11-17T15:00:00+00:00,4556,708.38458252
2013-11-17T15:10:00+00:00,4556,750.319824219
2013-11-17T15:20:00+00:00,4556,846.92767334
2013-11-17T15:30:00+00:00,4556,732.638305664
2013-11-17T15:40:00+00:00,4556,759.428649902
2013-11-17T15:50:00+00:00,4556,660.707946777
2013-11-17T16:00:00+00:00,4556,706.166137695
2013-11-17T16:10:00+00:00,4556,680.342041016
2013-11-17T16:20:00+00:00,4556,611.425048828
2013-11-17T16:30:00+00:00,4556,742.574462891
2013-11-17T16:40:00+00:00,4556,739.607971191
2013-11-17T16:50:00+00:00,4556,603.859680176
2013-11-17T17:00:00+00:00,4556,624.229919434
2013-11-17T17:10:00+00:00,4556,639.504089355
2013-11-17T17:20:00+00:00,4556,656.873352051
2013-11-17T17:30:00+00:00,4556,679.020874023
2013-11-17T17:40:00+00:00,4556,747.65826416
2013-11-17T17:50:00+00:00,4556,787.771179199
2013-11-17T18:00:00+00:00,4556,715.769470215
2013-11-17T18:10:00+00:00,4556,752.72833252
2013-11-17T18:20:00+00:00,4556,718.792541504
2013-11-17T18:30:00+00:00,4556,741.839294434
2013-11-17T18:40:00+00:00,4556,806.290466309
2013-11-17T18:50:00+00:00,4556,783.719604492
2013-11-17T19:00:00+00:00,4556,658.468688965
2013-11-17T19:10:00+00:00,4556,793.772216797
2013-11-17T19:20:00+00:00,4556,876.295471191
2013-11-17T19:30:00+00:00,4556,1094.83813477
2013-11-17T19:40:00+00:00,4556,867.634155273
2013-11-17T19:50:00+00:00,4556,842.327758789
2013-11-17T20:00:00+00:00,4556,784.085632324
2013-11-17T20:10:00+00:00,4556,920.12878418
2013-11-17T20:20:00+00:00,4556,982.307739258
2013-11-17T20:30:00+00:00,4556,853.105102539
2013-11-17T20:40:00+00:00,4556,935.451599121
2013-11-17T20:50:00+00:00,4556,883.262634277
2013-11-17T21:00:00+00:00,4556,757.258789062
2013-11-17T21:10:00+00:00,4556,851.104858398
2013-11-17T21:20:00+00:00,4556,959.551452637
2013-11-17T21:30:00+00:00,4556,843.739074707
2013-11-17T21:40:00+00:00,4556,721.309082031
2013-11-17T21:50:00+00:00,4556,727.109863281
2013-11-17T22:00:00+00:00,4556,737.576416016
2013-11-17T22:10:00+00:00,4556,657.335754395
2013-11-17T22:20:00+00:00,4556,637.374755859
2013-11-17T22:30:00+00:00,4556,639.482177734
2013-11-17T22:40:00+00:00,4556,574.315307617
2013-11-17T22:50:00+00:00,4556,603.395935059
2013-11-17T23:00:00+00:00,4556,526.1484375
2013-11-17T23:10:00+00:00,4556,491.896240234
2013-11-17T23:20:00+00:00,4556,430.738555908
2013-11-17T23:30:00+00:00,4556,521.003173828
2013-11-17T23:40:00+00:00,4556,430.189849854
2013-11-17T23:50:00+00:00,4556,367.55355835
2013-11-18T00:40:00+00:00,4556,312.317077637
2013-11-18T00:50:00+00:00,4556,345.005523682
2013-11-18T01:20:00+00:00,4556,282.792327881
2013-11-18T01:40:00+00:00,4556,278.023223877
2013-11-18T02:30:00+00:00,4556,261.249969482
2013-11-18T05:30:00+00:00,4556,230.679412842
2013-11-18T05:40:00+00:00,4556,252.836334229
2013-11-18T05:50:00+00:00,4556,278.941650391
2013-11-18T06:00:00+00:00,4556,336.99710083
2013-11-18T06:10:00+00:00,4556,311.06918335
2013-11-18T06:20:00+00:00,4556,325.449981689
2013-11-18T06:30:00+00:00,4556,467.247711182
2013-11-18T06:40:00+00:00,4556,394.695220947
2013-11-18T06:50:00+00:00,4556,452.180755615
2013-11-18T07:00:00+00:00,4556,542.0546875
2013-11-18T07:10:00+00:00,4556,471.879394531
2013-11-18T07:20:00+00:00,4556,512.483337402
2013-11-18T07:30:00+00:00,4556,542.897521973
2013-11-18T07:40:00+00:00,4556,531.495605469
2013-11-18T07:50:00+00:00,4556,407.979644775
2013-11-18T08:00:00+00:00,4556,422.368835449
2013-11-18T08:10:00+00:00,4556,445.669830322
2013-11-18T08:20:00+00:00,4556,403.88092041
2013-11-18T08:30:00+00:00,4556,476.512664795
2013-11-18T08:40:00+00:00,4556,445.328094482
2013-11-18T08:50:00+00:00,4556,415.235900879
2013-11-18T09:00:00+00:00,4556,390.269470215
2013-11-18T09:10:00+00:00,4556,415.900024414
2013-11-18T09:20:00+00:00,4556,425.688934326
2013-11-18T09:30:00+00:00,4556,452.468902588
2013-11-18T09:40:00+00:00,4556,379.290924072
2013-11-18T09:50:00+00:00,4556,416.154632568
2013-11-18T10:00:00+00:00,4556,417.38192749
2013-11-18T10:10:00+00:00,4556,438.373809814
2013-11-18T10:20:00+00:00,4556,443.01663208
2013-11-18T10:30:00+00:00,4556,461.692687988
2013-11-18T10:40:00+00:00,4556,498.220581055
2013-11-18T10:50:00+00:00,4556,446.006317139
2013-11-18T11:00:00+00:00,4556,430.051147461
2013-11-18T11:10:00+00:00,4556,493.376220703
2013-11-18T11:20:00+00:00,4556,544.986328125
2013-11-18T11:30:00+00:00,4556,407.985290527
2013-11-18T11:40:00+00:00,4556,560.486022949
2013-11-18T11:50:00+00:00,4556,473.113922119
2013-11-18T12:00:00+00:00,4556,556.915283203
2013-11-18T12:10:00+00:00,4556,561.523010254
2013-11-18T12:20:00+00:00,4556,542.152954102
2013-11-18T12:30:00+00:00,4556,479.135894775
2013-11-18T12:40:00+00:00,4556,538.119750977
2013-11-18T12:50:00+00:00,4556,644.374633789
2013-11-18T13:00:00+00:00,4556,596.203979492
2013-11-18T13:10:00+00:00,4556,575.236816406
2013-11-18T13:20:00+00:00,4556,545.911193848
2013-11-18T13:30:00+00:00,4556,531.307983398
2013-11-18T13:40:00+00:00,4556,511.942687988
2013-11-18T13:50:00+00:00,4556,537.422851562
2013-11-18T14:00:00+00:00,4556,571.070556641
2013-11-18T14:10:00+00:00,4556,478.961090088
2013-11-18T14:20:00+00:00,4556,539.077636719
2013-11-18T14:30:00+00:00,4556,587.255737305
2013-11-18T14:40:00+00:00,4556,495.562927246
2013-11-18T14:50:00+00:00,4556,567.248168945
2013-11-18T15:00:00+00:00,4556,527.254211426
2013-11-18T15:10:00+00:00,4556,572.269165039
2013-11-18T15:20:00+00:00,4556,550.963989258
2013-11-18T15:30:00+00:00,4556,530.11151123
2013-11-18T15:40:00+00:00,4556,597.03125
2013-11-18T15:50:00+00:00,4556,484.397705078
2013-11-18T16:00:00+00:00,4556,464.445953369
2013-11-18T16:10:00+00:00,4556,476.040161133
2013-11-18T16:20:00+00:00,4556,484.997375488
2013-11-18T16:30:00+00:00,4556,588.760620117
2013-11-18T16:40:00+00:00,4556,572.256591797
2013-11-18T16:50:00+00:00,4556,581.124816895
2013-11-18T17:00:00+00:00,4556,601.538024902
2013-11-18T17:10:00+00:00,4556,634.469238281
2013-11-18T17:20:00+00:00,4556,629.806884766
2013-11-18T17:30:00+00:00,4556,573.39050293
2013-11-18T17:40:00+00:00,4556,668.878417969
2013-11-18T17:50:00+00:00,4556,713.066650391
2013-11-18T18:00:00+00:00,4556,682.252502441
2013-11-18T18:10:00+00:00,4556,702.097351074
2013-11-18T18:20:00+00:00,4556,644.775817871
2013-11-18T18:30:00+00:00,4556,694.628051758
2013-11-18T18:40:00+00:00,4556,664.162231445
2013-11-18T18:50:00+00:00,4556,704.276489258
2013-11-18T19:00:00+00:00,4556,715.73828125
2013-11-18T19:10:00+00:00,4556,813.834960938
2013-11-18T19:20:00+00:00,4556,810.763427734
2013-11-18T19:30:00+00:00,4556,842.559692383
2013-11-18T19:40:00+00:00,4556,784.022033691
2013-11-18T19:50:00+00:00,4556,768.146850586
2013-11-18T20:00:00+00:00,4556,800.030334473
2013-11-18T20:10:00+00:00,4556,858.52166748
2013-11-18T20:20:00+00:00,4556,767.374633789
2013-11-18T20:30:00+00:00,4556,791.881469727
2013-11-18T20:40:00+00:00,4556,749.827819824
2013-11-18T20:50:00+00:00,4556,707.095703125
2013-11-18T21:00:00+00:00,4556,773.854553223
2013-11-18T21:10:00+00:00,4556,735.157470703
2013-11-18T21:20:00+00:00,4556,769.096374512
2013-11-18T21:30:00+00:00,4556,706.493896484
2013-11-18T21:40:00+00:00,4556,690.736694336
2013-11-18T21:50:00+00:00,4556,725.186828613
2013-11-18T22:00:00+00:00,4556,615.239074707
2013-11-18T22:10:00+00:00,4556,754.158447266
2013-11-18T22:20:00+00:00,4556,690.027099609
2013-11-18T22:30:00+00:00,4556,580.112304688
2013-11-18T22:40:00+00:00,4556,627.682922363
2013-11-18T22:50:00+00:00,4556,634.42779541
2013-11-18T23:00:00+00:00,4556,673.720336914
2013-11-18T23:10:00+00:00,4556,542.202148438
2013-11-18T23:20:00+00:00,4556,488.122497559
2013-11-18T23:30:00+00:00,4556,580.650756836
2013-11-18T23:40:00+00:00,4556,626.884643555
2013-11-18T23:50:00+00:00,4556,866.461303711
2013-11-19T00:00:00+00:00,4556,575.347595215
2013-11-19T00:10:00+00:00,4556,381.688262939
2013-11-19T00:20:00+00:00,4556,375.716094971
2013-11-19T00:30:00+00:00,4556,357.841186523
2013-11-19T00:40:00+00:00,4556,369.17376709
2013-11-19T00:50:00+00:00,4556,359.558654785
2013-11-19T01:00:00+00:00,4556,323.440948486
2013-11-19T01:10:00+00:00,4556,352.543395996
2013-11-19T01:40:00+00:00,4556,352.426116943
2013-11-19T02:10:00+00:00,4556,274.329162598
2013-11-19T03:00:00+00:00,4556,208.502243042
2013-11-19T04:10:00+00:00,4556,233.784317017
2013-11-19T05:20:00+00:00,4556,261.310699463
2013-11-19T05:40:00+00:00,4556,243.750900269
2013-11-19T05:50:00+00:00,4556,257.236694336
2013-11-19T06:00:00+00:00,4556,232.924621582
2013-11-19T06:10:00+00:00,4556,265.581207275
2013-11-19T06:20:00+00:00,4556,290.447143555
2013-11-19T06:30:00+00:00,4556,366.995574951
2013-11-19T06:40:00+00:00,4556,365.09274292
2013-11-19T06:50:00+00:00,4556,390.166870117
2013-11-19T07:00:00+00:00,4556,429.970214844
2013-11-19T07:10:00+00:00,4556,447.96472168
2013-11-19T07:20:00+00:00,4556,562.100036621
2013-11-19T07:30:00+00:00,4556,453.545837402
2013-11-19T07:40:00+00:00,4556,597.93548584
2013-11-19T07:50:00+00:00,4556,558.031860352
2013-11-19T08:00:00+00:00,4556,467.752105713
2013-11-19T08:10:00+00:00,4556,492.150085449
2013-11-19T08:20:00+00:00,4556,526.096008301
2013-11-19T08:30:00+00:00,4556,485.639801025
2013-11-19T08:40:00+00:00,4556,491.675750732
2013-11-19T08:50:00+00:00,4556,600.571594238
2013-11-19T09:00:00+00:00,4556,591.283996582
2013-11-19T09:10:00+00:00,4556,523.590270996
2013-11-19T09:20:00+00:00,4556,514.653930664
2013-11-19T09:30:00+00:00,4556,476.865142822
2013-11-19T09:40:00+00:00,4556,543.382141113
2013-11-19T09:50:00+00:00,4556,444.86340332
2013-11-19T10:00:00+00:00,4556,475.334838867
2013-11-19T10:10:00+00:00,4556,544.480285645
2013-11-19T10:20:00+00:00,4556,593.229125977
2013-11-19T10:30:00+00:00,4556,579.765808105
2013-11-19T10:40:00+00:00,4556,536.504577637
2013-11-19T10:50:00+00:00,4556,466.005218506
2013-11-19T11:00:00+00:00,4556,658.45904541
2013-11-19T11:10:00+00:00,4556,491.566650391
2013-11-19T11:20:00+00:00,4556,626.220275879
2013-11-19T11:30:00+00:00,4556,577.637634277
2013-11-19T11:40:00+00:00,4556,564.462463379
2013-11-19T11:50:00+00:00,4556,684.764587402
2013-11-19T12:00:00+00:00,4556,742.325805664
2013-11-19T12:10:00+00:00,4556,763.152160645
2013-11-19T12:20:00+00:00,4556,674.27545166
2013-11-19T12:30:00+00:00,4556,774.704284668
2013-11-19T12:40:00+00:00,4556,713.628967285
2013-11-19T12:50:00+00:00,4556,617.430969238
2013-11-19T13:00:00+00:00,4556,532.171813965
2013-11-19T13:10:00+00:00,4556,606.312866211
2013-11-19T13:20:00+00:00,4556,529.739440918
2013-11-19T13:30:00+00:00,4556,483.687042236
2013-11-19T13:40:00+00:00,4556,613.789489746
2013-11-19T13:50:00+00:00,4556,579.343078613
2013-11-19T14:00:00+00:00,4556,584.571777344
2013-11-19T14:10:00+00:00,4556,581.167419434
2013-11-19T14:20:00+00:00,4556,663.403076172
2013-11-19T14:30:00+00:00,4556,626.586303711
2013-11-19T14:40:00+00:00,4556,599.390380859
2013-11-19T14:50:00+00:00,4556,582.477844238
2013-11-19T15:00:00+00:00,4556,548.471557617
2013-11-19T15:10:00+00:00,4556,610.684936523
2013-11-19T15:20:00+00:00,4556,658.147460938
2013-11-19T15:30:00+00:00,4556,682.706115723
2013-11-19T15:40:00+00:00,4556,598.869812012
2013-11-19T15:50:00+00:00,4556,594.993469238
2013-11-19T16:00:00+00:00,4556,553.725097656
2013-11-19T16:10:00+00:00,4556,586.237670898
2013-11-19T16:20:00+00:00,4556,533.87512207
2013-11-19T16:30:00+00:00,4556,485.247619629
2013-11-19T16:40:00+00:00,4556,557.729858398
2013-11-19T16:50:00+00:00,4556,567.179016113
2013-11-19T17:00:00+00:00,4556,577.85723877
2013-11-19T17:10:00+00:00,4556,699.301452637
2013-11-19T17:20:00+00:00,4556,741.780395508
2013-11-19T17:30:00+00:00,4556,677.700378418
2013-11-19T17:40:00+00:00,4556,681.27911377
2013-11-19T17:50:00+00:00,4556,692.48223877
2013-11-19T18:00:00+00:00,4556,753.424804688
2013-11-19T18:10:00+00:00,4556,628.005615234
2013-11-19T18:20:00+00:00,4556,651.193908691
2013-11-19T18:30:00+00:00,4556,702.101501465
2013-11-19T18:40:00+00:00,4556,720.229248047
2013-11-19T18:50:00+00:00,4556,888.731262207
2013-11-19T19:00:00+00:00,4556,958.640014648
2013-11-19T19:10:00+00:00,4556,868.666137695
2013-11-19T19:20:00+00:00,4556,770.43560791
2013-11-19T19:30:00+00:00,4556,732.999633789
2013-11-19T19:40:00+00:00,4556,878.36920166
2013-11-19T19:50:00+00:00,4556,763.709716797
2013-11-19T20:00:00+00:00,4556,839.934631348
2013-11-19T20:10:00+00:00,4556,745.87878418
2013-11-19T20:20:00+00:00,4556,692.626953125
2013-11-19T20:30:00+00:00,4556,804.166442871
2013-11-19T20:40:00+00:00,4556,713.447021484
2013-11-19T20:50:00+00:00,4556,1037.76672363
2013-11-19T21:00:00+00:00,4556,836.515014648
2013-11-19T21:10:00+00:00,4556,865.108215332
2013-11-19T21:20:00+00:00,4556,849.513366699
2013-11-19T21:30:00+00:00,4556,859.651184082
2013-11-19T21:40:00+00:00,4556,917.460693359
2013-11-19T21:50:00+00:00,4556,719.271789551
2013-11-19T22:00:00+00:00,4556,953.925964355
2013-11-19T22:10:00+00:00,4556,857.460021973
2013-11-19T22:20:00+00:00,4556,775.471923828
2013-11-19T22:30:00+00:00,4556,775.657897949
2013-11-19T22:40:00+00:00,4556,703.665405273
2013-11-19T22:50:00+00:00,4556,631.09387207
2013-11-19T23:00:00+00:00,4556,799.737854004
2013-11-19T23:10:00+00:00,4556,659.973571777
2013-11-19T23:20:00+00:00,4556,782.494628906
2013-11-19T23:30:00+00:00,4556,753.645080566
2013-11-19T23:40:00+00:00,4556,694.166809082
2013-11-19T23:50:00+00:00,4556,505.654907227
2013-11-20T00:00:00+00:00,4556,676.34161377
2013-11-20T00:10:00+00:00,4556,607.72253418
2013-11-20T00:20:00+00:00,4556,427.39364624
2013-11-20T00:30:00+00:00,4556,400.854797363
2013-11-20T00:40:00+00:00,4556,351.444702148
2013-11-20T01:00:00+00:00,4556,382.705627441
2013-11-20T01:40:00+00:00,4556,281.054504395
2013-11-20T02:00:00+00:00,4556,266.485443115
2013-11-20T03:40:00+00:00,4556,228.974868774
2013-11-20T04:40:00+00:00,4556,240.461914062
2013-11-20T05:00:00+00:00,4556,247.172302246
2013-11-20T05:40:00+00:00,4556,291.154968262
2013-11-20T05:50:00+00:00,4556,280.442443848
2013-11-20T06:00:00+00:00,4556,311.499084473
2013-11-20T06:10:00+00:00,4556,291.385375977
2013-11-20T06:20:00+00:00,4556,480.102844238
2013-11-20T06:30:00+00:00,4556,403.599090576
2013-11-20T06:40:00+00:00,4556,385.018432617
2013-11-20T06:50:00+00:00,4556,413.808563232
2013-11-20T07:00:00+00:00,4556,500.961761475
2013-11-20T07:10:00+00:00,4556,499.113006592
2013-11-20T07:20:00+00:00,4556,554.02734375
2013-11-20T07:30:00+00:00,4556,529.476501465
2013-11-20T07:40:00+00:00,4556,567.383422852
2013-11-20T07:50:00+00:00,4556,701.372741699
2013-11-20T08:00:00+00:00,4556,533.936279297
2013-11-20T08:10:00+00:00,4556,538.401000977
2013-11-20T08:20:00+00:00,4556,714.937744141
2013-11-20T08:30:00+00:00,4556,638.775268555
2013-11-20T08:40:00+00:00,4556,584.352966309
2013-11-20T08:50:00+00:00,4556,653.45703125
2013-11-20T09:00:00+00:00,4556,593.091796875
2013-11-20T09:10:00+00:00,4556,545.323669434
2013-11-20T09:20:00+00:00,4556,502.942199707
2013-11-20T09:30:00+00:00,4556,535.021850586
2013-11-20T09:40:00+00:00,4556,645.268249512
2013-11-20T09:50:00+00:00,4556,555.466430664
2013-11-20T10:00:00+00:00,4556,672.732116699
2013-11-20T10:10:00+00:00,4556,689.656799316
2013-11-20T10:20:00+00:00,4556,594.742248535
2013-11-20T10:30:00+00:00,4556,631.266235352
2013-11-20T10:40:00+00:00,4556,714.066772461
2013-11-20T10:50:00+00:00,4556,659.713500977
2013-11-20T11:00:00+00:00,4556,580.282470703
2013-11-20T11:10:00+00:00,4556,598.255187988
2013-11-20T11:20:00+00:00,4556,662.94152832
2013-11-20T11:30:00+00:00,4556,598.815368652
2013-11-20T11:40:00+00:00,4556,535.452880859
2013-11-20T11:50:00+00:00,4556,646.146362305
2013-11-20T12:00:00+00:00,4556,607.386779785
2013-11-20T12:10:00+00:00,4556,583.115112305
2013-11-20T12:20:00+00:00,4556,590.406005859
2013-11-20T12:30:00+00:00,4556,614.593139648
2013-11-20T12:40:00+00:00,4556,672.986083984
2013-11-20T12:50:00+00:00,4556,654.280944824
2013-11-20T13:00:00+00:00,4556,699.468139648
2013-11-20T13:10:00+00:00,4556,644.07623291
2013-11-20T13:20:00+00:00,4556,804.640075684
2013-11-20T13:30:00+00:00,4556,550.455200195
2013-11-20T13:40:00+00:00,4556,526.153198242
2013-11-20T13:50:00+00:00,4556,537.255004883
2013-11-20T14:00:00+00:00,4556,534.978881836
2013-11-20T14:10:00+00:00,4556,463.796875
2013-11-20T14:20:00+00:00,4556,537.777099609
2013-11-20T14:30:00+00:00,4556,541.883178711
2013-11-20T14:40:00+00:00,4556,665.41595459
2013-11-20T14:50:00+00:00,4556,526.129333496
2013-11-20T15:00:00+00:00,4556,491.370758057
2013-11-20T15:10:00+00:00,4556,573.221801758
2013-11-20T15:20:00+00:00,4556,480.366149902
2013-11-20T15:30:00+00:00,4556,581.264831543
2013-11-20T15:40:00+00:00,4556,555.683776855
2013-11-20T15:50:00+00:00,4556,497.041351318
2013-11-20T16:00:00+00:00,4556,540.342834473
2013-11-20T16:10:00+00:00,4556,535.978820801
2013-11-20T16:20:00+00:00,4556,565.669677734
2013-11-20T16:30:00+00:00,4556,573.571105957
2013-11-20T16:40:00+00:00,4556,646.051696777
2013-11-20T16:50:00+00:00,4556,646.999267578
2013-11-20T17:00:00+00:00,4556,610.940612793
2013-11-20T17:10:00+00:00,4556,645.230773926
2013-11-20T17:20:00+00:00,4556,804.741455078
2013-11-20T17:30:00+00:00,4556,750.043273926
2013-11-20T17:40:00+00:00,4556,699.653076172
2013-11-20T17:50:00+00:00,4556,751.457946777
2013-11-20T18:00:00+00:00,4556,662.969726562
2013-11-20T18:10:00+00:00,4556,756.13848877
2013-11-20T18:20:00+00:00,4556,820.512145996
2013-11-20T18:30:00+00:00,4556,684.853515625
2013-11-20T18:40:00+00:00,4556,733.452392578
2013-11-20T18:50:00+00:00,4556,763.647521973
2013-11-20T19:00:00+00:00,4556,749.872131348
2013-11-20T19:10:00+00:00,4556,865.675048828
2013-11-20T19:20:00+00:00,4556,926.593200684
2013-11-20T19:30:00+00:00,4556,855.640075684
2013-11-20T19:40:00+00:00,4556,805.821289062
2013-11-20T19:50:00+00:00,4556,891.51184082
2013-11-20T20:00:00+00:00,4556,858.029052734
2013-11-20T20:10:00+00:00,4556,857.763671875
2013-11-20T20:20:00+00:00,4556,975.049072266
2013-11-20T20:30:00+00:00,4556,1156.75720215
2013-11-20T20:40:00+00:00,4556,954.420837402
2013-11-20T20:50:00+00:00,4556,960.293947697
2013-11-20T21:00:00+00:00,4556,901.867675781
2013-11-20T21:10:00+00:00,4556,1044.98339844
2013-11-20T21:20:00+00:00,4556,934.444335938
2013-11-20T21:30:00+00:00,4556,845.102600098
2013-11-20T21:40:00+00:00,4556,887.403991699
2013-11-20T21:50:00+00:00,4556,817.456542969
2013-11-20T22:00:00+00:00,4556,893.93548584
2013-11-20T22:10:00+00:00,4556,925.230957031
2013-11-20T22:20:00+00:00,4556,814.165283203
2013-11-20T22:30:00+00:00,4556,802.013366699
2013-11-20T22:40:00+00:00,4556,910.448425293
2013-11-20T22:50:00+00:00,4556,1137.61340332
2013-11-20T23:00:00+00:00,4556,809.55682373
2013-11-20T23:10:00+00:00,4556,721.094543457
2013-11-20T23:20:00+00:00,4556,680.270935059
2013-11-20T23:30:00+00:00,4556,709.812133789
2013-11-20T23:40:00+00:00,4556,642.449768066
2013-11-20T23:50:00+00:00,4556,521.945739746
2013-11-21T00:00:00+00:00,4556,495.692871094
2013-11-21T00:10:00+00:00,4556,482.622192383
2013-11-21T00:20:00+00:00,4556,386.799041748
2013-11-21T00:40:00+00:00,4556,454.209991455
2013-11-21T00:50:00+00:00,4556,396.272857666
2013-11-21T01:20:00+00:00,4556,333.333404541
2013-11-21T01:50:00+00:00,4556,301.275726318
2013-11-21T02:10:00+00:00,4556,278.616546631
2013-11-21T02:20:00+00:00,4556,258.225799561
2013-11-21T03:40:00+00:00,4556,233.411376953
2013-11-21T05:10:00+00:00,4556,220.887054443
2013-11-21T05:30:00+00:00,4556,219.304748535
2013-11-21T05:40:00+00:00,4556,217.712417603
2013-11-21T05:50:00+00:00,4556,303.335266113
2013-11-21T06:00:00+00:00,4556,252.052322388
2013-11-21T06:20:00+00:00,4556,278.232513428
2013-11-21T06:30:00+00:00,4556,397.862426758
2013-11-21T06:40:00+00:00,4556,376.182647705
2013-11-21T06:50:00+00:00,4556,410.386871338
2013-11-21T07:00:00+00:00,4556,438.675628662
2013-11-21T07:10:00+00:00,4556,535.700622559
2013-11-21T07:20:00+00:00,4556,469.314575195
2013-11-21T07:30:00+00:00,4556,508.263793945
2013-11-21T07:40:00+00:00,4556,506.942565918
2013-11-21T07:50:00+00:00,4556,633.371398926
2013-11-21T08:00:00+00:00,4556,577.674377441
2013-11-21T08:10:00+00:00,4556,522.62890625
2013-11-21T08:20:00+00:00,4556,518.408508301
2013-11-21T08:30:00+00:00,4556,560.041381836
2013-11-21T08:40:00+00:00,4556,583.609008789
2013-11-21T08:50:00+00:00,4556,519.298034668
2013-11-21T09:00:00+00:00,4556,582.511230469
2013-11-21T09:10:00+00:00,4556,529.93939209
2013-11-21T09:20:00+00:00,4556,620.142700195
2013-11-21T09:30:00+00:00,4556,526.324035645
2013-11-21T09:40:00+00:00,4556,602.710632324
2013-11-21T09:50:00+00:00,4556,616.362854004
2013-11-21T10:00:00+00:00,4556,653.674743652
2013-11-21T10:10:00+00:00,4556,494.028289795
2013-11-21T10:20:00+00:00,4556,542.12487793
2013-11-21T10:30:00+00:00,4556,575.965759277
2013-11-21T10:40:00+00:00,4556,646.998901367
2013-11-21T10:50:00+00:00,4556,572.87322998
2013-11-21T11:00:00+00:00,4556,760.03515625
2013-11-21T11:10:00+00:00,4556,582.212585449
2013-11-21T11:20:00+00:00,4556,565.444641113
2013-11-21T11:30:00+00:00,4556,681.142944336
2013-11-21T11:40:00+00:00,4556,741.357727051
2013-11-21T11:50:00+00:00,4556,606.472229004
2013-11-21T12:00:00+00:00,4556,595.156005859
2013-11-21T12:10:00+00:00,4556,712.063476562
2013-11-21T12:20:00+00:00,4556,594.620483398
2013-11-21T12:30:00+00:00,4556,722.910949707
2013-11-21T12:40:00+00:00,4556,607.750976562
2013-11-21T12:50:00+00:00,4556,624.365783691
2013-11-21T13:00:00+00:00,4556,598.624755859
2013-11-21T13:10:00+00:00,4556,607.59552002
2013-11-21T13:20:00+00:00,4556,526.624450684
2013-11-21T13:30:00+00:00,4556,621.772888184
2013-11-21T13:40:00+00:00,4556,523.018920898
2013-11-21T13:50:00+00:00,4556,551.891723633
2013-11-21T14:00:00+00:00,4556,626.850524902
2013-11-21T14:10:00+00:00,4556,551.376159668
2013-11-21T14:20:00+00:00,4556,572.929077148
2013-11-21T14:30:00+00:00,4556,526.065124512
2013-11-21T14:40:00+00:00,4556,623.081481934
2013-11-21T14:50:00+00:00,4556,636.860717773
2013-11-21T15:00:00+00:00,4556,554.111206055
2013-11-21T15:10:00+00:00,4556,602.382385254
2013-11-21T15:20:00+00:00,4556,490.54876709
2013-11-21T15:30:00+00:00,4556,519.002624512
2013-11-21T15:40:00+00:00,4556,730.167236328
2013-11-21T15:50:00+00:00,4556,599.12890625
2013-11-21T16:00:00+00:00,4556,521.985839844
2013-11-21T16:10:00+00:00,4556,629.271606445
2013-11-21T16:20:00+00:00,4556,571.807800293
2013-11-21T16:30:00+00:00,4556,550.473144531
2013-11-21T16:40:00+00:00,4556,677.525146484
2013-11-21T16:50:00+00:00,4556,731.556091309
2013-11-21T17:00:00+00:00,4556,701.174682617
2013-11-21T17:10:00+00:00,4556,610.253601074
2013-11-21T17:20:00+00:00,4556,582.884033203
2013-11-21T17:30:00+00:00,4556,776.584228516
2013-11-21T17:40:00+00:00,4556,740.219299316
2013-11-21T17:50:00+00:00,4556,677.518066406
2013-11-21T18:00:00+00:00,4556,700.353820801
2013-11-21T18:10:00+00:00,4556,683.736328125
2013-11-21T18:20:00+00:00,4556,798.47668457
2013-11-21T18:30:00+00:00,4556,755.996459961
2013-11-21T18:40:00+00:00,4556,853.43762207
2013-11-21T18:50:00+00:00,4556,801.768188477
2013-11-21T19:00:00+00:00,4556,716.988891602
2013-11-21T19:10:00+00:00,4556,823.795410156
2013-11-21T19:20:00+00:00,4556,798.926208496
2013-11-21T19:30:00+00:00,4556,867.993652344
2013-11-21T19:40:00+00:00,4556,716.073242188
2013-11-21T19:50:00+00:00,4556,802.312561035
2013-11-21T20:00:00+00:00,4556,885.430725098
2013-11-21T20:10:00+00:00,4556,800.622253418
2013-11-21T20:20:00+00:00,4556,810.94342041
2013-11-21T20:30:00+00:00,4556,825.343261719
2013-11-21T20:40:00+00:00,4556,877.602966309
2013-11-21T20:50:00+00:00,4556,877.20690918
2013-11-21T21:00:00+00:00,4556,998.533752441
2013-11-21T21:10:00+00:00,4556,881.432250977
2013-11-21T21:20:00+00:00,4556,848.429260254
2013-11-21T21:30:00+00:00,4556,869.265563965
2013-11-21T21:40:00+00:00,4556,858.967285156
2013-11-21T21:50:00+00:00,4556,847.872436523
2013-11-21T22:00:00+00:00,4556,994.217468262
2013-11-21T22:10:00+00:00,4556,1006.06958008
2013-11-21T22:20:00+00:00,4556,904.085266113
2013-11-21T22:30:00+00:00,4556,796.69720459
2013-11-21T22:40:00+00:00,4556,842.491027832
2013-11-21T22:50:00+00:00,4556,764.191833496
2013-11-21T23:00:00+00:00,4556,746.154846191
2013-11-21T23:10:00+00:00,4556,733.593078613
2013-11-21T23:20:00+00:00,4556,716.238220215
2013-11-21T23:30:00+00:00,4556,718.800048828
2013-11-21T23:40:00+00:00,4556,676.877746582
2013-11-21T23:50:00+00:00,4556,650.485656738
2013-11-22T00:00:00+00:00,4556,518.648925781
2013-11-22T00:10:00+00:00,4556,531.588989258
2013-11-22T00:20:00+00:00,4556,539.232543945
2013-11-22T00:30:00+00:00,4556,510.232147217
2013-11-22T00:40:00+00:00,4556,447.378601074
2013-11-22T00:50:00+00:00,4556,444.121246338
2013-11-22T01:00:00+00:00,4556,455.059417725
2013-11-22T01:10:00+00:00,4556,424.427062988
2013-11-22T01:30:00+00:00,4556,433.305511475
2013-11-22T01:50:00+00:00,4556,372.928100586
2013-11-22T05:20:00+00:00,4556,246.205688477
2013-11-22T05:30:00+00:00,4556,259.600769043
2013-11-22T06:00:00+00:00,4556,291.345733643
2013-11-22T06:10:00+00:00,4556,332.417419434
2013-11-22T06:20:00+00:00,4556,316.794158936
2013-11-22T06:30:00+00:00,4556,376.593994141
2013-11-22T06:40:00+00:00,4556,393.359313965
2013-11-22T06:50:00+00:00,4556,507.89151001
2013-11-22T07:00:00+00:00,4556,464.250427246
2013-11-22T07:10:00+00:00,4556,555.379577637
2013-11-22T07:20:00+00:00,4556,473.644226074
2013-11-22T07:30:00+00:00,4556,597.499755859
2013-11-22T07:40:00+00:00,4556,560.310302734
2013-11-22T07:50:00+00:00,4556,565.047790527
2013-11-22T08:00:00+00:00,4556,585.994262695
2013-11-22T08:10:00+00:00,4556,519.251525879
2013-11-22T08:20:00+00:00,4556,656.593261719
2013-11-22T08:30:00+00:00,4556,628.806030273
2013-11-22T08:40:00+00:00,4556,525.002258301
2013-11-22T08:50:00+00:00,4556,488.219482422
2013-11-22T09:00:00+00:00,4556,446.485321045
2013-11-22T09:10:00+00:00,4556,848.11328125
2013-11-22T09:20:00+00:00,4556,532.887695312
2013-11-22T09:30:00+00:00,4556,443.489868164
2013-11-22T09:40:00+00:00,4556,489.319915771
2013-11-22T09:50:00+00:00,4556,468.660125732
2013-11-22T10:00:00+00:00,4556,440.281158447
2013-11-22T10:10:00+00:00,4556,629.762023926
2013-11-22T10:20:00+00:00,4556,505.788574219
2013-11-22T10:30:00+00:00,4556,471.525238037
2013-11-22T10:40:00+00:00,4556,553.147277832
2013-11-22T10:50:00+00:00,4556,507.592163086
2013-11-22T11:00:00+00:00,4556,497.219848633
2013-11-22T11:10:00+00:00,4556,507.217529297
2013-11-22T11:20:00+00:00,4556,578.169433594
2013-11-22T11:30:00+00:00,4556,480.078369141
2013-11-22T11:40:00+00:00,4556,556.835876465
2013-11-22T11:50:00+00:00,4556,509.690612793
2013-11-22T12:00:00+00:00,4556,676.190429688
2013-11-22T12:10:00+00:00,4556,621.72644043
2013-11-22T12:20:00+00:00,4556,635.853820801
2013-11-22T12:30:00+00:00,4556,595.027160645
2013-11-22T12:40:00+00:00,4556,638.728088379
2013-11-22T12:50:00+00:00,4556,746.80078125
2013-11-22T13:00:00+00:00,4556,610.514892578
2013-11-22T13:10:00+00:00,4556,816.689880371
2013-11-22T13:20:00+00:00,4556,643.012084961
2013-11-22T13:30:00+00:00,4556,637.250244141
2013-11-22T13:40:00+00:00,4556,604.963134766
2013-11-22T13:50:00+00:00,4556,664.019104004
2013-11-22T14:00:00+00:00,4556,666.913635254
2013-11-22T14:10:00+00:00,4556,654.575195312
2013-11-22T14:20:00+00:00,4556,584.41394043
2013-11-22T14:30:00+00:00,4556,601.460327148
2013-11-22T14:40:00+00:00,4556,607.609558105
2013-11-22T14:50:00+00:00,4556,596.809448242
2013-11-22T15:00:00+00:00,4556,819.364685059
2013-11-22T15:10:00+00:00,4556,611.810119629
2013-11-22T15:20:00+00:00,4556,632.520446777
2013-11-22T15:30:00+00:00,4556,649.963500977
2013-11-22T15:40:00+00:00,4556,619.008972168
2013-11-22T15:50:00+00:00,4556,618.10369873
2013-11-22T16:00:00+00:00,4556,575.186401367
2013-11-22T16:10:00+00:00,4556,675.85723877
2013-11-22T16:20:00+00:00,4556,674.04119873
2013-11-22T16:30:00+00:00,4556,615.787902832
2013-11-22T16:40:00+00:00,4556,678.173156738
2013-11-22T16:50:00+00:00,4556,682.60369873
2013-11-22T17:00:00+00:00,4556,733.087097168
2013-11-22T17:10:00+00:00,4556,699.434997559
2013-11-22T17:20:00+00:00,4556,700.846557617
2013-11-22T17:30:00+00:00,4556,823.994873047
2013-11-22T17:40:00+00:00,4556,737.491943359
2013-11-22T17:50:00+00:00,4556,839.971069336
2013-11-22T18:00:00+00:00,4556,869.486083984
2013-11-22T18:10:00+00:00,4556,795.681213379
2013-11-22T18:20:00+00:00,4556,799.233947754
2013-11-22T18:30:00+00:00,4556,872.318603516
2013-11-22T18:40:00+00:00,4556,921.791625977
2013-11-22T18:50:00+00:00,4556,851.556518555
2013-11-22T19:00:00+00:00,4556,904.37689209
2013-11-22T19:10:00+00:00,4556,817.156362116
2013-11-22T19:20:00+00:00,4556,820.955505371
2013-11-22T19:30:00+00:00,4556,838.358947754
2013-11-22T19:40:00+00:00,4556,867.639648438
2013-11-22T19:50:00+00:00,4556,949.848999023
2013-11-22T20:00:00+00:00,4556,1033.55664062
2013-11-22T20:10:00+00:00,4556,1043.57983398
2013-11-22T20:20:00+00:00,4556,1034.22631836
2013-11-22T20:30:00+00:00,4556,1050.23608398
2013-11-22T20:40:00+00:00,4556,1372.88793945
2013-11-22T20:50:00+00:00,4556,1123.66784668
2013-11-22T21:00:00+00:00,4556,1185.90686035
2013-11-22T21:10:00+00:00,4556,1110.36962891
2013-11-22T21:20:00+00:00,4556,1193.63830566
2013-11-22T21:30:00+00:00,4556,1369.08166504
2013-11-22T21:40:00+00:00,4556,1387.51586914
2013-11-22T21:50:00+00:00,4556,1220.14172363
2013-11-22T22:00:00+00:00,4556,1406.74182129
2013-11-22T22:10:00+00:00,4556,1258.61523438
2013-11-22T22:20:00+00:00,4556,1072.21960449
2013-11-22T22:30:00+00:00,4556,1254.86730957
2013-11-22T22:40:00+00:00,4556,1220.59973145
2013-11-22T22:50:00+00:00,4556,1118.64294434
2013-11-22T23:00:00+00:00,4556,1186.59240723
2013-11-22T23:10:00+00:00,4556,1177.61633301
2013-11-22T23:20:00+00:00,4556,874.777282715
2013-11-22T23:30:00+00:00,4556,958.022766113
2013-11-22T23:40:00+00:00,4556,915.919006348
2013-11-22T23:50:00+00:00,4556,961.563171387
2013-11-23T00:00:00+00:00,4556,1188.12341309
2013-11-23T00:10:00+00:00,4556,876.410217285
2013-11-23T00:20:00+00:00,4556,876.887329102
2013-11-23T00:30:00+00:00,4556,707.006408691
2013-11-23T00:40:00+00:00,4556,669.986999512
2013-11-23T00:50:00+00:00,4556,677.385253906
2013-11-23T01:00:00+00:00,4556,668.971496582
2013-11-23T01:10:00+00:00,4556,620.287780762
2013-11-23T01:20:00+00:00,4556,463.289550781
2013-11-23T01:30:00+00:00,4556,487.335327148
2013-11-23T01:40:00+00:00,4556,525.527709961
2013-11-23T01:50:00+00:00,4556,451.842559814
2013-11-23T02:00:00+00:00,4556,387.998718262
2013-11-23T02:10:00+00:00,4556,460.239868164
2013-11-23T02:20:00+00:00,4556,422.425567627
2013-11-23T02:40:00+00:00,4556,459.152069092
2013-11-23T02:50:00+00:00,4556,313.454040527
2013-11-23T03:30:00+00:00,4556,279.161773682
2013-11-23T05:10:00+00:00,4556,287.785949707
2013-11-23T05:20:00+00:00,4556,272.165802002
2013-11-23T05:40:00+00:00,4556,273.992553711
2013-11-23T05:50:00+00:00,4556,250.498458862
2013-11-23T06:00:00+00:00,4556,232.691482544
2013-11-23T06:20:00+00:00,4556,243.70866394
2013-11-23T06:30:00+00:00,4556,278.907623291
2013-11-23T06:40:00+00:00,4556,303.347167969
2013-11-23T06:50:00+00:00,4556,276.302490234
2013-11-23T07:00:00+00:00,4556,333.885253906
2013-11-23T07:10:00+00:00,4556,359.035797119
2013-11-23T07:20:00+00:00,4556,329.520355225
2013-11-23T07:30:00+00:00,4556,331.514282227
2013-11-23T07:40:00+00:00,4556,477.99822998
2013-11-23T07:50:00+00:00,4556,474.219543457
2013-11-23T08:00:00+00:00,4556,383.006774902
2013-11-23T08:10:00+00:00,4556,443.300323486
2013-11-23T08:20:00+00:00,4556,408.099578857
2013-11-23T08:30:00+00:00,4556,489.648925781
2013-11-23T08:40:00+00:00,4556,563.31829834
2013-11-23T08:50:00+00:00,4556,501.048522949
2013-11-23T09:00:00+00:00,4556,495.311584473
2013-11-23T09:10:00+00:00,4556,476.698425293
2013-11-23T09:20:00+00:00,4556,612.798217773
2013-11-23T09:30:00+00:00,4556,543.991821289
2013-11-23T09:40:00+00:00,4556,595.740112305
2013-11-23T09:50:00+00:00,4556,536.381103516
2013-11-23T10:00:00+00:00,4556,568.406494141
2013-11-23T10:10:00+00:00,4556,636.575683594
2013-11-23T10:20:00+00:00,4556,602.534118652
2013-11-23T10:30:00+00:00,4556,685.535583496
2013-11-23T10:40:00+00:00,4556,708.057128906
2013-11-23T10:50:00+00:00,4556,657.393981934
2013-11-23T11:00:00+00:00,4556,623.231628418
2013-11-23T11:10:00+00:00,4556,699.720703125
2013-11-23T11:20:00+00:00,4556,615.376708984
2013-11-23T11:30:00+00:00,4556,629.335510254
2013-11-23T11:40:00+00:00,4556,727.861022949
2013-11-23T11:50:00+00:00,4556,922.881164551
2013-11-23T12:00:00+00:00,4556,714.234985352
2013-11-23T12:10:00+00:00,4556,648.777893066
2013-11-23T12:20:00+00:00,4556,685.128234863
2013-11-23T12:30:00+00:00,4556,879.815490723
2013-11-23T12:40:00+00:00,4556,822.88885498
2013-11-23T12:50:00+00:00,4556,1008.31652832
2013-11-23T13:00:00+00:00,4556,824.270324707
2013-11-23T13:10:00+00:00,4556,1014.11572266
2013-11-23T13:20:00+00:00,4556,999.067504883
2013-11-23T13:30:00+00:00,4556,832.674743652
2013-11-23T13:40:00+00:00,4556,838.409301758
2013-11-23T13:50:00+00:00,4556,871.374145508
2013-11-23T14:00:00+00:00,4556,896.511230469
2013-11-23T14:10:00+00:00,4556,869.108337402
2013-11-23T14:20:00+00:00,4556,849.547058105
2013-11-23T14:30:00+00:00,4556,825.138793945
2013-11-23T14:40:00+00:00,4556,934.416503906
2013-11-23T14:50:00+00:00,4556,979.60925293
2013-11-23T15:00:00+00:00,4556,1130.82202148
2013-11-23T15:10:00+00:00,4556,939.365112305
2013-11-23T15:20:00+00:00,4556,924.128173828
2013-11-23T15:30:00+00:00,4556,814.189086914
2013-11-23T15:40:00+00:00,4556,792.126647949
2013-11-23T15:50:00+00:00,4556,868.260314941
2013-11-23T16:00:00+00:00,4556,746.794311523
2013-11-23T16:10:00+00:00,4556,718.359130859
2013-11-23T16:20:00+00:00,4556,857.750427246
2013-11-23T16:30:00+00:00,4556,817.893798828
2013-11-23T16:40:00+00:00,4556,802.084960938
2013-11-23T16:50:00+00:00,4556,815.891540527
2013-11-23T17:00:00+00:00,4556,646.156921387
2013-11-23T17:10:00+00:00,4556,756.113220215
2013-11-23T17:20:00+00:00,4556,732.714355469
2013-11-23T17:30:00+00:00,4556,812.299804688
2013-11-23T17:40:00+00:00,4556,847.682556152
2013-11-23T17:50:00+00:00,4556,914.249206543
2013-11-23T18:00:00+00:00,4556,892.064697266
2013-11-23T18:10:00+00:00,4556,1036.36193848
2013-11-23T18:20:00+00:00,4556,822.286743164
2013-11-23T18:30:00+00:00,4556,829.057373047
2013-11-23T18:40:00+00:00,4556,895.628234863
2013-11-23T18:50:00+00:00,4556,859.940917969
2013-11-23T19:00:00+00:00,4556,1009.06408691
2013-11-23T19:10:00+00:00,4556,926.301147461
2013-11-23T19:20:00+00:00,4556,1164.9173584
2013-11-23T19:30:00+00:00,4556,1028.30725098
2013-11-23T19:40:00+00:00,4556,1244.23547363
2013-11-23T19:50:00+00:00,4556,1084.6472168
2013-11-23T20:00:00+00:00,4556,1186.44604492
2013-11-23T20:10:00+00:00,4556,1450.59838867
2013-11-23T20:20:00+00:00,4556,1154.19372559
2013-11-23T20:30:00+00:00,4556,1271.90368652
2013-11-23T20:40:00+00:00,4556,1248.20446777
2013-11-23T20:50:00+00:00,4556,1515.4362793
2013-11-23T21:00:00+00:00,4556,1518.51049805
2013-11-23T21:10:00+00:00,4556,1333.85546875
2013-11-23T21:20:00+00:00,4556,1373.55041504
2013-11-23T21:30:00+00:00,4556,1582.41674805
2013-11-23T21:40:00+00:00,4556,1595.22973633
2013-11-23T21:50:00+00:00,4556,1728.55688477
2013-11-23T22:00:00+00:00,4556,1363.65783691
2013-11-23T22:10:00+00:00,4556,1224.91723633
2013-11-23T22:20:00+00:00,4556,1196.50134277
2013-11-23T22:30:00+00:00,4556,1217.50683594
2013-11-23T22:40:00+00:00,4556,1153.24865723
2013-11-23T22:50:00+00:00,4556,1232.01879883
2013-11-23T23:00:00+00:00,4556,1081.58447266
2013-11-23T23:10:00+00:00,4556,1050.29992676
2013-11-23T23:20:00+00:00,4556,1084.35083008
2013-11-23T23:30:00+00:00,4556,1274.02770996
2013-11-23T23:40:00+00:00,4556,885.402770996
2013-11-23T23:50:00+00:00,4556,888.070861816
2013-11-24T00:00:00+00:00,4556,891.268981934
2013-11-24T00:10:00+00:00,4556,970.756774902
2013-11-24T00:20:00+00:00,4556,944.703125
2013-11-24T00:30:00+00:00,4556,789.49786377
2013-11-24T00:40:00+00:00,4556,707.020141602
2013-11-24T00:50:00+00:00,4556,676.882263184
2013-11-24T01:00:00+00:00,4556,651.477966309
2013-11-24T01:10:00+00:00,4556,532.708618164
2013-11-24T01:20:00+00:00,4556,554.367126465
2013-11-24T01:30:00+00:00,4556,467.289093018
2013-11-24T01:40:00+00:00,4556,585.792114258
2013-11-24T01:50:00+00:00,4556,418.066162109
2013-11-24T02:00:00+00:00,4556,400.399963379
2013-11-24T02:10:00+00:00,4556,384.244293213
2013-11-24T02:20:00+00:00,4556,351.022460938
2013-11-24T02:30:00+00:00,4556,331.925170898
2013-11-24T02:50:00+00:00,4556,298.008575439
2013-11-24T04:00:00+00:00,4556,236.11882019
2013-11-24T04:10:00+00:00,4556,285.875976562
2013-11-24T04:20:00+00:00,4556,272.48223877
2013-11-24T04:40:00+00:00,4556,272.007873535
2013-11-24T05:30:00+00:00,4556,243.959609985
2013-11-24T05:50:00+00:00,4556,266.846954346
2013-11-24T06:10:00+00:00,4556,260.920135498
2013-11-24T06:30:00+00:00,4556,237.309875488
2013-11-24T06:50:00+00:00,4556,239.160476685
2013-11-24T07:00:00+00:00,4556,235.406158447
2013-11-24T07:10:00+00:00,4556,235.257049561
2013-11-24T07:20:00+00:00,4556,246.961868286
2013-11-24T07:30:00+00:00,4556,262.629425049
2013-11-24T07:40:00+00:00,4556,260.839355469
2013-11-24T07:50:00+00:00,4556,276.352905273
2013-11-24T08:00:00+00:00,4556,288.062225342
2013-11-24T08:10:00+00:00,4556,350.518585205
2013-11-24T08:20:00+00:00,4556,382.568847656
2013-11-24T08:30:00+00:00,4556,369.416290283
2013-11-24T08:40:00+00:00,4556,387.90133667
2013-11-24T08:50:00+00:00,4556,416.272399902
2013-11-24T09:00:00+00:00,4556,431.545928955
2013-11-24T09:10:00+00:00,4556,433.635986328
2013-11-24T09:20:00+00:00,4556,450.929046631
2013-11-24T09:30:00+00:00,4556,520.01159668
2013-11-24T09:40:00+00:00,4556,620.384765625
2013-11-24T09:50:00+00:00,4556,582.464599609
2013-11-24T10:00:00+00:00,4556,623.506591797
2013-11-24T10:10:00+00:00,4556,594.2109375
2013-11-24T10:20:00+00:00,4556,685.088745117
2013-11-24T10:30:00+00:00,4556,711.789428711
2013-11-24T10:40:00+00:00,4556,614.346435547
2013-11-24T10:50:00+00:00,4556,607.12097168
2013-11-24T11:00:00+00:00,4556,1015.73815918
2013-11-24T11:10:00+00:00,4556,856.452941895
2013-11-24T11:20:00+00:00,4556,883.340942383
2013-11-24T11:30:00+00:00,4556,965.379089355
2013-11-24T11:40:00+00:00,4556,858.349731445
2013-11-24T11:50:00+00:00,4556,775.973510742
2013-11-24T12:00:00+00:00,4556,988.277709961
2013-11-24T12:10:00+00:00,4556,877.957275391
2013-11-24T12:20:00+00:00,4556,939.670715332
2013-11-24T12:30:00+00:00,4556,1100.46386719
2013-11-24T12:40:00+00:00,4556,1147.52380371
2013-11-24T12:50:00+00:00,4556,1139.87792969
2013-11-24T13:00:00+00:00,4556,1237.44519043
2013-11-24T13:10:00+00:00,4556,1040.53796387
2013-11-24T13:20:00+00:00,4556,1119.78833008
2013-11-24T13:30:00+00:00,4556,1106.71069336
2013-11-24T13:40:00+00:00,4556,994.151489258
2013-11-24T13:50:00+00:00,4556,1020.6373291
2013-11-24T14:00:00+00:00,4556,1046.91796875
2013-11-24T14:10:00+00:00,4556,1044.55957031
2013-11-24T14:20:00+00:00,4556,992.503051758
2013-11-24T14:30:00+00:00,4556,999.392944336
2013-11-24T14:40:00+00:00,4556,974.016540527
2013-11-24T14:50:00+00:00,4556,1069.08837891
2013-11-24T15:00:00+00:00,4556,908.22265625
2013-11-24T15:10:00+00:00,4556,874.468933105
2013-11-24T15:20:00+00:00,4556,930.038085938
2013-11-24T15:30:00+00:00,4556,1106.11364746
2013-11-24T15:40:00+00:00,4556,1285.31799316
2013-11-24T15:50:00+00:00,4556,912.212097168
2013-11-24T16:00:00+00:00,4556,808.764099121
2013-11-24T16:10:00+00:00,4556,882.230773926
2013-11-24T16:20:00+00:00,4556,1068.48779297
2013-11-24T16:30:00+00:00,4556,810.577148438
2013-11-24T16:40:00+00:00,4556,775.49786377
2013-11-24T16:50:00+00:00,4556,794.994384766
2013-11-24T17:00:00+00:00,4556,825.489257812
2013-11-24T17:10:00+00:00,4556,880.116455078
2013-11-24T17:20:00+00:00,4556,826.872497559
2013-11-24T17:30:00+00:00,4556,919.153625488
2013-11-24T17:40:00+00:00,4556,1036.68322754
2013-11-24T17:50:00+00:00,4556,931.583129883
2013-11-24T18:00:00+00:00,4556,1029.4576416
2013-11-24T18:10:00+00:00,4556,771.710632324
2013-11-24T18:20:00+00:00,4556,764.990966797
2013-11-24T18:30:00+00:00,4556,931.607421875
2013-11-24T18:40:00+00:00,4556,1303.7052002
2013-11-24T18:50:00+00:00,4556,1056.09509277
2013-11-24T19:00:00+00:00,4556,1155.31274414
2013-11-24T19:10:00+00:00,4556,1075.08984375
2013-11-24T19:20:00+00:00,4556,784.530883789
2013-11-24T19:30:00+00:00,4556,821.812866211
2013-11-24T19:40:00+00:00,4556,859.103210449
2013-11-24T19:50:00+00:00,4556,981.678649902
2013-11-24T20:00:00+00:00,4556,989.86138916
2013-11-24T20:10:00+00:00,4556,948.975280762
2013-11-24T20:20:00+00:00,4556,1008.90759277
2013-11-24T20:30:00+00:00,4556,930.105529785
2013-11-24T20:40:00+00:00,4556,1005.93365479
2013-11-24T20:50:00+00:00,4556,989.382446289
2013-11-24T21:00:00+00:00,4556,1064.72998047
2013-11-24T21:10:00+00:00,4556,1003.85375977
2013-11-24T21:20:00+00:00,4556,918.755004883
2013-11-24T21:30:00+00:00,4556,1176.98718262
2013-11-24T21:40:00+00:00,4556,993.743408203
2013-11-24T21:50:00+00:00,4556,1030.44104004
2013-11-24T22:00:00+00:00,4556,785.034729004
2013-11-24T22:10:00+00:00,4556,755.347961426
2013-11-24T22:20:00+00:00,4556,792.285827637
2013-11-24T22:30:00+00:00,4556,727.714050293
2013-11-24T22:40:00+00:00,4556,734.715393066
2013-11-24T22:50:00+00:00,4556,832.30871582
2013-11-24T23:00:00+00:00,4556,829.244567871
2013-11-24T23:10:00+00:00,4556,631.92565918
2013-11-24T23:20:00+00:00,4556,650.444274902
2013-11-24T23:30:00+00:00,4556,588.49005127
2013-11-24T23:40:00+00:00,4556,525.786865234
2013-11-24T23:50:00+00:00,4556,635.288696289
2013-11-25T00:00:00+00:00,4556,430.433624268
2013-11-25T00:10:00+00:00,4556,455.502655029
2013-11-25T00:20:00+00:00,4556,463.844451904
2013-11-25T00:30:00+00:00,4556,405.324707031
2013-11-25T04:30:00+00:00,4556,298.340484619
2013-11-25T05:10:00+00:00,4556,325.266784668
2013-11-25T06:00:00+00:00,4556,246.765304565
2013-11-25T06:10:00+00:00,4556,301.500823975
2013-11-25T06:20:00+00:00,4556,335.742645264
2013-11-25T06:30:00+00:00,4556,348.551574707
2013-11-25T06:40:00+00:00,4556,388.279998779
2013-11-25T06:50:00+00:00,4556,425.525360107
2013-11-25T07:00:00+00:00,4556,462.625793457
2013-11-25T07:10:00+00:00,4556,460.322052002
2013-11-25T07:20:00+00:00,4556,551.607543945
2013-11-25T07:30:00+00:00,4556,474.436859131
2013-11-25T07:40:00+00:00,4556,468.910644531
2013-11-25T07:50:00+00:00,4556,514.301940918
2013-11-25T08:00:00+00:00,4556,566.303222656
2013-11-25T08:10:00+00:00,4556,539.959838867
2013-11-25T08:20:00+00:00,4556,457.483947754
2013-11-25T08:30:00+00:00,4556,413.428527832
2013-11-25T08:40:00+00:00,4556,464.889648438
2013-11-25T08:50:00+00:00,4556,506.583526611
2013-11-25T09:00:00+00:00,4556,548.753295898
2013-11-25T09:10:00+00:00,4556,451.014434814
2013-11-25T09:20:00+00:00,4556,514.77734375
2013-11-25T09:30:00+00:00,4556,542.601074219
2013-11-25T09:40:00+00:00,4556,583.980834961
2013-11-25T09:50:00+00:00,4556,615.802856445
2013-11-25T10:00:00+00:00,4556,399.448669434
2013-11-25T10:10:00+00:00,4556,396.042602539
2013-11-25T10:20:00+00:00,4556,497.815826416
2013-11-25T10:30:00+00:00,4556,572.690307617
2013-11-25T10:40:00+00:00,4556,422.995910645
2013-11-25T10:50:00+00:00,4556,605.539367676
2013-11-25T11:00:00+00:00,4556,410.641479492
2013-11-25T11:10:00+00:00,4556,438.197143555
2013-11-25T11:20:00+00:00,4556,428.608032227
2013-11-25T11:30:00+00:00,4556,493.040496826
2013-11-25T11:40:00+00:00,4556,471.619445801
2013-11-25T11:50:00+00:00,4556,471.44519043
2013-11-25T12:00:00+00:00,4556,499.525543213
2013-11-25T12:10:00+00:00,4556,550.983459473
2013-11-25T12:20:00+00:00,4556,506.960876465
2013-11-25T12:30:00+00:00,4556,520.671203613
2013-11-25T12:40:00+00:00,4556,485.030273438
2013-11-25T12:50:00+00:00,4556,516.209594727
2013-11-25T13:00:00+00:00,4556,522.99987793
2013-11-25T13:10:00+00:00,4556,627.439697266
2013-11-25T13:20:00+00:00,4556,532.251342773
2013-11-25T13:30:00+00:00,4556,488.644287109
2013-11-25T13:40:00+00:00,4556,500.766021729
2013-11-25T13:50:00+00:00,4556,610.706604004
2013-11-25T14:00:00+00:00,4556,474.899230957
2013-11-25T14:10:00+00:00,4556,448.076843262
2013-11-25T14:20:00+00:00,4556,477.507751465
2013-11-25T14:30:00+00:00,4556,472.903991699
2013-11-25T14:40:00+00:00,4556,564.487731934
2013-11-25T14:50:00+00:00,4556,639.551391602
2013-11-25T15:00:00+00:00,4556,460.758758545
2013-11-25T15:10:00+00:00,4556,442.097869873
2013-11-25T15:20:00+00:00,4556,581.648925781
2013-11-25T15:30:00+00:00,4556,535.540649414
2013-11-25T15:40:00+00:00,4556,544.027526855
2013-11-25T15:50:00+00:00,4556,487.668212891
2013-11-25T16:00:00+00:00,4556,517.382751465
2013-11-25T16:10:00+00:00,4556,480.496002197
2013-11-25T16:20:00+00:00,4556,478.353973389
2013-11-25T16:30:00+00:00,4556,465.536712646
2013-11-25T16:40:00+00:00,4556,459.290130615
2013-11-25T16:50:00+00:00,4556,510.992553711
2013-11-25T17:00:00+00:00,4556,588.363586426
2013-11-25T17:10:00+00:00,4556,486.837738037
2013-11-25T17:20:00+00:00,4556,479.72366333
2013-11-25T17:30:00+00:00,4556,606.232910156
2013-11-25T17:40:00+00:00,4556,583.782836914
2013-11-25T17:50:00+00:00,4556,601.21875
2013-11-25T18:00:00+00:00,4556,636.187805176
2013-11-25T18:10:00+00:00,4556,620.820861816
2013-11-25T18:20:00+00:00,4556,574.165161133
2013-11-25T18:30:00+00:00,4556,720.952880859
2013-11-25T18:40:00+00:00,4556,699.860778809
2013-11-25T18:50:00+00:00,4556,735.165466309
2013-11-25T19:00:00+00:00,4556,770.397216797
2013-11-25T19:10:00+00:00,4556,790.97088623
2013-11-25T19:20:00+00:00,4556,680.398132324
2013-11-25T19:30:00+00:00,4556,709.16394043
2013-11-25T19:40:00+00:00,4556,680.688049316
2013-11-25T19:50:00+00:00,4556,686.86138916
2013-11-25T20:00:00+00:00,4556,715.254760742
2013-11-25T20:10:00+00:00,4556,692.609802246
2013-11-25T20:20:00+00:00,4556,777.994934082
2013-11-25T20:30:00+00:00,4556,790.446472168
2013-11-25T20:40:00+00:00,4556,738.407287598
2013-11-25T20:50:00+00:00,4556,726.359558105
2013-11-25T21:00:00+00:00,4556,835.468139648
2013-11-25T21:10:00+00:00,4556,639.502746582
2013-11-25T21:20:00+00:00,4556,619.522766113
2013-11-25T21:30:00+00:00,4556,607.758666992
2013-11-25T21:40:00+00:00,4556,673.283569336
2013-11-25T21:50:00+00:00,4556,665.664733887
2013-11-25T22:00:00+00:00,4556,633.743225098
2013-11-25T22:10:00+00:00,4556,657.5
2013-11-25T22:20:00+00:00,4556,569.187133789
2013-11-25T22:30:00+00:00,4556,559.102111816
2013-11-25T22:40:00+00:00,4556,628.217407227
2013-11-25T22:50:00+00:00,4556,529.929016113
2013-11-25T23:00:00+00:00,4556,486.691864014
2013-11-25T23:10:00+00:00,4556,503.363830566
2013-11-25T23:20:00+00:00,4556,628.549438477
2013-11-25T23:30:00+00:00,4556,536.97265625
2013-11-25T23:40:00+00:00,4556,455.580047607
2013-11-25T23:50:00+00:00,4556,424.792388916
2013-11-26T00:00:00+00:00,4556,436.797332764
2013-11-26T00:10:00+00:00,4556,404.998352051
2013-11-26T00:20:00+00:00,4556,396.685150146
2013-11-26T00:30:00+00:00,4556,452.694122314
2013-11-26T01:00:00+00:00,4556,328.695068359
2013-11-26T01:20:00+00:00,4556,300.481903076
2013-11-26T04:00:00+00:00,4556,220.433502197
2013-11-26T05:00:00+00:00,4556,227.3855896
2013-11-26T05:10:00+00:00,4556,255.927352905
2013-11-26T05:30:00+00:00,4556,278.963592529
2013-11-26T06:00:00+00:00,4556,277.167663574
2013-11-26T06:10:00+00:00,4556,312.824279785
2013-11-26T06:30:00+00:00,4556,375.534301758
2013-11-26T06:40:00+00:00,4556,390.266387939
2013-11-26T06:50:00+00:00,4556,465.296600342
2013-11-26T07:00:00+00:00,4556,443.391387939
2013-11-26T07:10:00+00:00,4556,453.934997559
2013-11-26T07:20:00+00:00,4556,498.669616699
2013-11-26T07:30:00+00:00,4556,512.109558105
2013-11-26T07:40:00+00:00,4556,494.141601562
2013-11-26T07:50:00+00:00,4556,467.002655029
2013-11-26T08:00:00+00:00,4556,541.436096191
2013-11-26T08:10:00+00:00,4556,764.208984375
2013-11-26T08:20:00+00:00,4556,535.128967285
2013-11-26T08:30:00+00:00,4556,503.091796875
2013-11-26T08:40:00+00:00,4556,486.567077637
2013-11-26T08:50:00+00:00,4556,444.2734375
2013-11-26T09:00:00+00:00,4556,519.285644531
2013-11-26T09:10:00+00:00,4556,499.723815918
2013-11-26T09:20:00+00:00,4556,504.539337158
2013-11-26T09:30:00+00:00,4556,605.835144043
2013-11-26T09:40:00+00:00,4556,497.256072998
2013-11-26T09:50:00+00:00,4556,526.128662109
2013-11-26T10:00:00+00:00,4556,551.843994141
2013-11-26T10:10:00+00:00,4556,674.027893066
2013-11-26T10:20:00+00:00,4556,513.278320312
2013-11-26T10:30:00+00:00,4556,488.079559326
2013-11-26T10:40:00+00:00,4556,484.195098877
2013-11-26T10:50:00+00:00,4556,484.679779053
2013-11-26T11:00:00+00:00,4556,496.380462646
2013-11-26T11:10:00+00:00,4556,592.948913574
2013-11-26T11:20:00+00:00,4556,505.3800354
2013-11-26T11:30:00+00:00,4556,459.682403564
2013-11-26T11:40:00+00:00,4556,527.320861816
2013-11-26T11:50:00+00:00,4556,570.354614258
2013-11-26T12:00:00+00:00,4556,497.642578125
2013-11-26T12:10:00+00:00,4556,482.12210083
2013-11-26T12:20:00+00:00,4556,465.193450928
2013-11-26T12:30:00+00:00,4556,505.106842041
2013-11-26T12:40:00+00:00,4556,605.834289551
2013-11-26T12:50:00+00:00,4556,543.199768066
2013-11-26T13:00:00+00:00,4556,579.070373535
2013-11-26T13:10:00+00:00,4556,634.75579834
2013-11-26T13:20:00+00:00,4556,612.815795898
2013-11-26T13:30:00+00:00,4556,627.572998047
2013-11-26T13:40:00+00:00,4556,551.07409668
2013-11-26T13:50:00+00:00,4556,598.08795166
2013-11-26T14:00:00+00:00,4556,570.604797363
2013-11-26T14:10:00+00:00,4556,539.500793457
2013-11-26T14:20:00+00:00,4556,524.81842041
2013-11-26T14:30:00+00:00,4556,551.059875488
2013-11-26T14:40:00+00:00,4556,525.212402344
2013-11-26T14:50:00+00:00,4556,567.163452148
2013-11-26T15:00:00+00:00,4556,599.226074219
2013-11-26T15:10:00+00:00,4556,542.92401123
2013-11-26T15:20:00+00:00,4556,518.253112793
2013-11-26T15:30:00+00:00,4556,720.058776855
2013-11-26T15:40:00+00:00,4556,651.490539551
2013-11-26T15:50:00+00:00,4556,622.250915527
2013-11-26T16:00:00+00:00,4556,605.76184082
2013-11-26T16:10:00+00:00,4556,633.224121094
2013-11-26T16:20:00+00:00,4556,606.27355957
2013-11-26T16:30:00+00:00,4556,562.629577637
2013-11-26T16:40:00+00:00,4556,571.800537109
2013-11-26T16:50:00+00:00,4556,635.08416748
2013-11-26T17:00:00+00:00,4556,568.33190918
2013-11-26T17:10:00+00:00,4556,615.653320312
2013-11-26T17:20:00+00:00,4556,586.528137207
2013-11-26T17:30:00+00:00,4556,602.160766602
2013-11-26T17:40:00+00:00,4556,644.583862305
2013-11-26T17:50:00+00:00,4556,689.89855957
2013-11-26T18:00:00+00:00,4556,709.54296875
2013-11-26T18:10:00+00:00,4556,684.789306641
2013-11-26T18:20:00+00:00,4556,722.001953125
2013-11-26T18:30:00+00:00,4556,723.830200195
2013-11-26T18:40:00+00:00,4556,700.748657227
2013-11-26T18:50:00+00:00,4556,682.886657715
2013-11-26T19:00:00+00:00,4556,694.177734375
2013-11-26T19:10:00+00:00,4556,944.267456055
2013-11-26T19:20:00+00:00,4556,697.317504883
2013-11-26T19:30:00+00:00,4556,741.383605957
2013-11-26T19:40:00+00:00,4556,845.609680176
2013-11-26T19:50:00+00:00,4556,748.143127441
2013-11-26T20:00:00+00:00,4556,894.708862305
2013-11-26T20:10:00+00:00,4556,867.328674316
2013-11-26T20:20:00+00:00,4556,890.460327148
2013-11-26T20:30:00+00:00,4556,882.209472656
2013-11-26T20:40:00+00:00,4556,966.907470703
2013-11-26T20:50:00+00:00,4556,1014.94415283
2013-11-26T21:00:00+00:00,4556,1002.37213135
2013-11-26T21:10:00+00:00,4556,918.487915039
2013-11-26T21:20:00+00:00,4556,955.814575195
2013-11-26T21:30:00+00:00,4556,841.610778809
2013-11-26T21:40:00+00:00,4556,861.37902832
2013-11-26T21:50:00+00:00,4556,737.228637695
2013-11-26T22:00:00+00:00,4556,1125.87939453
2013-11-26T22:10:00+00:00,4556,1055.61804199
2013-11-26T22:20:00+00:00,4556,847.006896973
2013-11-26T22:30:00+00:00,4556,838.605041504
2013-11-26T22:40:00+00:00,4556,706.246032715
2013-11-26T22:50:00+00:00,4556,658.341369629
2013-11-26T23:00:00+00:00,4556,628.266601562
2013-11-26T23:10:00+00:00,4556,580.366149902
2013-11-26T23:20:00+00:00,4556,515.616333008
2013-11-26T23:30:00+00:00,4556,526.82232666
2013-11-26T23:40:00+00:00,4556,492.292999268
2013-11-26T23:50:00+00:00,4556,481.07019043
2013-11-27T00:00:00+00:00,4556,530.632385254
2013-11-27T00:10:00+00:00,4556,430.017913818
2013-11-27T00:20:00+00:00,4556,400.533325195
2013-11-27T00:30:00+00:00,4556,396.027954102
2013-11-27T00:40:00+00:00,4556,367.765380859
2013-11-27T00:50:00+00:00,4556,349.076934814
2013-11-27T05:20:00+00:00,4556,272.990081787
2013-11-27T05:40:00+00:00,4556,273.088317871
2013-11-27T05:50:00+00:00,4556,283.647399902
2013-11-27T06:00:00+00:00,4556,300.526428223
2013-11-27T06:10:00+00:00,4556,319.0050354
2013-11-27T06:20:00+00:00,4556,363.53805542
2013-11-27T06:30:00+00:00,4556,428.681365967
2013-11-27T06:40:00+00:00,4556,395.111206055
2013-11-27T06:50:00+00:00,4556,397.812347412
2013-11-27T07:00:00+00:00,4556,509.777709961
2013-11-27T07:10:00+00:00,4556,533.338439941
2013-11-27T07:20:00+00:00,4556,487.932342529
2013-11-27T07:30:00+00:00,4556,684.797546387
2013-11-27T07:40:00+00:00,4556,552.329467773
2013-11-27T07:50:00+00:00,4556,648.438293457
2013-11-27T08:00:00+00:00,4556,660.331726074
2013-11-27T08:10:00+00:00,4556,517.16986084
2013-11-27T08:20:00+00:00,4556,457.077209473
2013-11-27T08:30:00+00:00,4556,520.063842773
2013-11-27T08:40:00+00:00,4556,427.339202881
2013-11-27T08:50:00+00:00,4556,525.455932617
2013-11-27T09:00:00+00:00,4556,502.553497314
2013-11-27T09:10:00+00:00,4556,462.64050293
2013-11-27T09:20:00+00:00,4556,527.941650391
2013-11-27T09:30:00+00:00,4556,508.019561768
2013-11-27T09:40:00+00:00,4556,550.514770508
2013-11-27T09:50:00+00:00,4556,534.082885742
2013-11-27T10:00:00+00:00,4556,440.848876953
2013-11-27T10:10:00+00:00,4556,519.855651855
2013-11-27T10:20:00+00:00,4556,566.022521973
2013-11-27T10:30:00+00:00,4556,518.21484375
2013-11-27T10:40:00+00:00,4556,508.341491699
2013-11-27T10:50:00+00:00,4556,510.8046875
2013-11-27T11:00:00+00:00,4556,549.38104248
2013-11-27T11:10:00+00:00,4556,513.745056152
2013-11-27T11:20:00+00:00,4556,466.692687988
2013-11-27T11:30:00+00:00,4556,556.520874023
2013-11-27T11:40:00+00:00,4556,512.468811035
2013-11-27T11:50:00+00:00,4556,556.407165527
2013-11-27T12:00:00+00:00,4556,573.461791992
2013-11-27T12:10:00+00:00,4556,486.282043457
2013-11-27T12:20:00+00:00,4556,550.211242676
2013-11-27T12:30:00+00:00,4556,691.828857422
2013-11-27T12:40:00+00:00,4556,772.078674316
2013-11-27T12:50:00+00:00,4556,636.75213623
2013-11-27T13:00:00+00:00,4556,556.68560791
2013-11-27T13:10:00+00:00,4556,679.479614258
2013-11-27T13:20:00+00:00,4556,712.235595703
2013-11-27T13:30:00+00:00,4556,584.815185547
2013-11-27T13:40:00+00:00,4556,548.44921875
2013-11-27T13:50:00+00:00,4556,560.741638184
2013-11-27T14:00:00+00:00,4556,565.40637207
2013-11-27T14:10:00+00:00,4556,705.687194824
2013-11-27T14:20:00+00:00,4556,682.000793457
2013-11-27T14:30:00+00:00,4556,617.856811523
2013-11-27T14:40:00+00:00,4556,590.455078125
2013-11-27T14:50:00+00:00,4556,529.191711426
2013-11-27T15:00:00+00:00,4556,568.237670898
2013-11-27T15:10:00+00:00,4556,616.977539062
2013-11-27T15:20:00+00:00,4556,654.394958496
2013-11-27T15:30:00+00:00,4556,667.18951416
2013-11-27T15:40:00+00:00,4556,581.439941406
2013-11-27T15:50:00+00:00,4556,588.96472168
2013-11-27T16:00:00+00:00,4556,518.249938965
2013-11-27T16:10:00+00:00,4556,587.930969238
2013-11-27T16:20:00+00:00,4556,558.878112793
2013-11-27T16:30:00+00:00,4556,552.072814941
2013-11-27T16:40:00+00:00,4556,591.198059082
2013-11-27T16:50:00+00:00,4556,610.984619141
2013-11-27T17:00:00+00:00,4556,642.508911133
2013-11-27T17:10:00+00:00,4556,629.72442627
2013-11-27T17:20:00+00:00,4556,546.203186035
2013-11-27T17:30:00+00:00,4556,665.875244141
2013-11-27T17:40:00+00:00,4556,687.84942627
2013-11-27T17:50:00+00:00,4556,714.198242188
2013-11-27T18:00:00+00:00,4556,622.166015625
2013-11-27T18:10:00+00:00,4556,741.409484863
2013-11-27T18:20:00+00:00,4556,1046.97729492
2013-11-27T18:30:00+00:00,4556,863.859313965
2013-11-27T18:40:00+00:00,4556,846.503479004
2013-11-27T18:50:00+00:00,4556,797.018615723
2013-11-27T19:00:00+00:00,4556,782.843078613
2013-11-27T19:10:00+00:00,4556,912.880432129
2013-11-27T19:20:00+00:00,4556,831.763183594
2013-11-27T19:30:00+00:00,4556,1083.23291016
2013-11-27T19:40:00+00:00,4556,873.443847656
2013-11-27T19:50:00+00:00,4556,802.004394531
2013-11-27T20:00:00+00:00,4556,804.23449707
2013-11-27T20:10:00+00:00,4556,957.098632812
2013-11-27T20:20:00+00:00,4556,934.232849121
2013-11-27T20:30:00+00:00,4556,970.926574707
2013-11-27T20:40:00+00:00,4556,938.674316406
2013-11-27T20:50:00+00:00,4556,909.917541504
2013-11-27T21:00:00+00:00,4556,884.62097168
2013-11-27T21:10:00+00:00,4556,858.059692383
2013-11-27T21:20:00+00:00,4556,934.363464355
2013-11-27T21:30:00+00:00,4556,923.438842773
2013-11-27T21:40:00+00:00,4556,906.051574707
2013-11-27T21:50:00+00:00,4556,807.91217041
2013-11-27T22:00:00+00:00,4556,925.871276855
2013-11-27T22:10:00+00:00,4556,911.372131348
2013-11-27T22:20:00+00:00,4556,1022.03729248
2013-11-27T22:30:00+00:00,4556,777.597839355
2013-11-27T22:40:00+00:00,4556,676.993286133
2013-11-27T22:50:00+00:00,4556,675.118835449
2013-11-27T23:00:00+00:00,4556,771.402954102
2013-11-27T23:10:00+00:00,4556,1051.17028809
2013-11-27T23:20:00+00:00,4556,561.635131836
2013-11-27T23:30:00+00:00,4556,553.597412109
2013-11-27T23:40:00+00:00,4556,536.101928711
2013-11-27T23:50:00+00:00,4556,494.580322266
2013-11-28T00:00:00+00:00,4556,495.844909668
2013-11-28T00:10:00+00:00,4556,499.700256348
2013-11-28T00:20:00+00:00,4556,452.62020874
2013-11-28T00:30:00+00:00,4556,435.138519287
2013-11-28T00:40:00+00:00,4556,414.136932373
2013-11-28T00:50:00+00:00,4556,364.001281738
2013-11-28T01:00:00+00:00,4556,363.722045898
2013-11-28T01:10:00+00:00,4556,365.61026001
2013-11-28T01:20:00+00:00,4556,347.81741333
2013-11-28T02:20:00+00:00,4556,310.043701172
2013-11-28T02:30:00+00:00,4556,216.104690552
2013-11-28T02:40:00+00:00,4556,253.993240356
2013-11-28T02:50:00+00:00,4556,273.768005371
2013-11-28T05:00:00+00:00,4556,240.718017578
2013-11-28T05:20:00+00:00,4556,233.183166504
2013-11-28T05:30:00+00:00,4556,244.899978638
2013-11-28T05:40:00+00:00,4556,283.527923584
2013-11-28T05:50:00+00:00,4556,243.604110718
2013-11-28T06:00:00+00:00,4556,238.464401245
2013-11-28T06:10:00+00:00,4556,343.87991333
2013-11-28T06:20:00+00:00,4556,338.439361572
2013-11-28T06:30:00+00:00,4556,342.6484375
2013-11-28T06:40:00+00:00,4556,362.733276367
2013-11-28T06:50:00+00:00,4556,397.862243652
2013-11-28T07:00:00+00:00,4556,421.913146973
2013-11-28T07:10:00+00:00,4556,481.734924316
2013-11-28T07:20:00+00:00,4556,477.848358154
2013-11-28T07:30:00+00:00,4556,561.482421875
2013-11-28T07:40:00+00:00,4556,601.555664062
2013-11-28T07:50:00+00:00,4556,520.892456055
2013-11-28T08:00:00+00:00,4556,570.384155273
2013-11-28T08:10:00+00:00,4556,484.602233887
2013-11-28T08:20:00+00:00,4556,477.866271973
2013-11-28T08:30:00+00:00,4556,509.58795166
2013-11-28T08:40:00+00:00,4556,529.862854004
2013-11-28T08:50:00+00:00,4556,671.789855957
2013-11-28T09:00:00+00:00,4556,535.073913574
2013-11-28T09:10:00+00:00,4556,550.643005371
2013-11-28T09:20:00+00:00,4556,486.495758057
2013-11-28T09:30:00+00:00,4556,498.720367432
2013-11-28T09:40:00+00:00,4556,537.404418945
2013-11-28T09:50:00+00:00,4556,487.672729492
2013-11-28T10:00:00+00:00,4556,443.840118408
2013-11-28T10:10:00+00:00,4556,522.223510742
2013-11-28T10:20:00+00:00,4556,571.250366211
2013-11-28T10:30:00+00:00,4556,614.625305176
2013-11-28T10:40:00+00:00,4556,514.234313965
2013-11-28T10:50:00+00:00,4556,615.606628418
2013-11-28T11:00:00+00:00,4556,601.040161133
2013-11-28T11:10:00+00:00,4556,633.853759766
2013-11-28T11:20:00+00:00,4556,461.061950684
2013-11-28T11:30:00+00:00,4556,568.162841797
2013-11-28T11:40:00+00:00,4556,673.270874023
2013-11-28T11:50:00+00:00,4556,652.351379395
2013-11-28T12:00:00+00:00,4556,531.814025879
2013-11-28T12:10:00+00:00,4556,561.517272949
2013-11-28T12:20:00+00:00,4556,763.134277344
2013-11-28T12:30:00+00:00,4556,653.881225586
2013-11-28T12:40:00+00:00,4556,615.835510254
2013-11-28T12:50:00+00:00,4556,600.866821289
2013-11-28T13:00:00+00:00,4556,602.542419434
2013-11-28T13:10:00+00:00,4556,621.258483887
2013-11-28T13:20:00+00:00,4556,632.545959473
2013-11-28T13:30:00+00:00,4556,616.361083984
2013-11-28T13:40:00+00:00,4556,567.143066406
2013-11-28T13:50:00+00:00,4556,555.896179199
2013-11-28T14:00:00+00:00,4556,556.912353516
2013-11-28T14:10:00+00:00,4556,535.06817627
2013-11-28T14:20:00+00:00,4556,518.454528809
2013-11-28T14:30:00+00:00,4556,578.327880859
2013-11-28T14:40:00+00:00,4556,621.491333008
2013-11-28T14:50:00+00:00,4556,573.114501953
2013-11-28T15:00:00+00:00,4556,460.325500488
2013-11-28T15:10:00+00:00,4556,523.28704834
2013-11-28T15:20:00+00:00,4556,479.804718018
2013-11-28T15:30:00+00:00,4556,601.59576416
2013-11-28T15:40:00+00:00,4556,578.633911133
2013-11-28T15:50:00+00:00,4556,690.101135254
2013-11-28T16:00:00+00:00,4556,549.403564453
2013-11-28T16:10:00+00:00,4556,552.06427002
2013-11-28T16:20:00+00:00,4556,502.443908691
2013-11-28T16:30:00+00:00,4556,509.181793213
2013-11-28T16:40:00+00:00,4556,573.739318848
2013-11-28T16:50:00+00:00,4556,539.290039062
2013-11-28T17:00:00+00:00,4556,631.83013916
2013-11-28T17:10:00+00:00,4556,632.649353027
2013-11-28T17:20:00+00:00,4556,560.453674316
2013-11-28T17:30:00+00:00,4556,585.86151123
2013-11-28T17:40:00+00:00,4556,573.097900391
2013-11-28T17:50:00+00:00,4556,577.414916992
2013-11-28T18:00:00+00:00,4556,631.018005371
2013-11-28T18:10:00+00:00,4556,569.841064453
2013-11-28T18:20:00+00:00,4556,682.303771973
2013-11-28T18:30:00+00:00,4556,719.849365234
2013-11-28T18:40:00+00:00,4556,778.502746582
2013-11-28T18:50:00+00:00,4556,704.2421875
2013-11-28T19:00:00+00:00,4556,905.611206055
2013-11-28T19:10:00+00:00,4556,825.191345215
2013-11-28T19:20:00+00:00,4556,775.50177002
2013-11-28T19:30:00+00:00,4556,727.528198242
2013-11-28T19:40:00+00:00,4556,796.462219238
2013-11-28T19:50:00+00:00,4556,708.725280762
2013-11-28T20:00:00+00:00,4556,804.972351074
2013-11-28T20:10:00+00:00,4556,871.954467773
2013-11-28T20:20:00+00:00,4556,792.89050293
2013-11-28T20:30:00+00:00,4556,839.073120117
2013-11-28T20:40:00+00:00,4556,793.357910156
2013-11-28T20:50:00+00:00,4556,848.993103027
2013-11-28T21:00:00+00:00,4556,811.885070801
2013-11-28T21:10:00+00:00,4556,854.400634766
2013-11-28T21:20:00+00:00,4556,841.759033203
2013-11-28T21:30:00+00:00,4556,827.036010742
2013-11-28T21:40:00+00:00,4556,932.575378418
2013-11-28T21:50:00+00:00,4556,854.83770752
2013-11-28T22:00:00+00:00,4556,878.280212402
2013-11-28T22:10:00+00:00,4556,871.002929688
2013-11-28T22:20:00+00:00,4556,784.614868164
2013-11-28T22:30:00+00:00,4556,736.143127441
2013-11-28T22:40:00+00:00,4556,668.235717773
2013-11-28T22:50:00+00:00,4556,729.147521973
2013-11-28T23:00:00+00:00,4556,649.326171875
2013-11-28T23:10:00+00:00,4556,659.153808594
2013-11-28T23:20:00+00:00,4556,591.845397949
2013-11-28T23:30:00+00:00,4556,497.37322998
2013-11-28T23:40:00+00:00,4556,487.755950928
2013-11-28T23:50:00+00:00,4556,529.298339844
2013-11-29T00:00:00+00:00,4556,485.070983887
2013-11-29T00:10:00+00:00,4556,505.58505249
2013-11-29T00:20:00+00:00,4556,457.499389648
2013-11-29T00:30:00+00:00,4556,420.33303833
2013-11-29T00:50:00+00:00,4556,392.836029053
2013-11-29T01:00:00+00:00,4556,364.038269043
2013-11-29T01:10:00+00:00,4556,350.940765381
2013-11-29T01:30:00+00:00,4556,332.130157471
2013-11-29T01:40:00+00:00,4556,326.683654785
2013-11-29T01:50:00+00:00,4556,324.132293701
2013-11-29T02:00:00+00:00,4556,323.121276855
2013-11-29T02:10:00+00:00,4556,276.210418701
2013-11-29T06:00:00+00:00,4556,284.657806396
2013-11-29T06:10:00+00:00,4556,279.250396729
2013-11-29T06:20:00+00:00,4556,294.396575928
2013-11-29T06:30:00+00:00,4556,340.102294922
2013-11-29T06:40:00+00:00,4556,353.312408447
2013-11-29T06:50:00+00:00,4556,379.39263916
2013-11-29T07:00:00+00:00,4556,408.776611328
2013-11-29T07:10:00+00:00,4556,507.17767334
2013-11-29T07:20:00+00:00,4556,509.05657959
2013-11-29T07:30:00+00:00,4556,725.434448242
2013-11-29T07:40:00+00:00,4556,501.508178711
2013-11-29T07:50:00+00:00,4556,578.479736328
2013-11-29T08:00:00+00:00,4556,525.601623535
2013-11-29T08:10:00+00:00,4556,669.119812012
2013-11-29T08:20:00+00:00,4556,482.292114258
2013-11-29T08:30:00+00:00,4556,487.591461182
2013-11-29T08:40:00+00:00,4556,572.564453125
2013-11-29T08:50:00+00:00,4556,499.59866333
2013-11-29T09:00:00+00:00,4556,451.78604126
2013-11-29T09:10:00+00:00,4556,476.884155273
2013-11-29T09:20:00+00:00,4556,534.703735352
2013-11-29T09:30:00+00:00,4556,469.756652832
2013-11-29T09:40:00+00:00,4556,458.588775635
2013-11-29T09:50:00+00:00,4556,461.722198486
2013-11-29T10:00:00+00:00,4556,596.629394531
2013-11-29T10:10:00+00:00,4556,607.102111816
2013-11-29T10:20:00+00:00,4556,898.479064941
2013-11-29T10:30:00+00:00,4556,752.279968262
2013-11-29T10:40:00+00:00,4556,570.395874023
2013-11-29T10:50:00+00:00,4556,486.61831665
2013-11-29T11:00:00+00:00,4556,516.219787598
2013-11-29T11:10:00+00:00,4556,503.185913086
2013-11-29T11:20:00+00:00,4556,652.87890625
2013-11-29T11:30:00+00:00,4556,537.393554688
2013-11-29T11:40:00+00:00,4556,620.67376709
2013-11-29T11:50:00+00:00,4556,587.977905273
2013-11-29T12:00:00+00:00,4556,564.080322266
2013-11-29T12:10:00+00:00,4556,657.215270996
2013-11-29T12:20:00+00:00,4556,544.682861328
2013-11-29T12:30:00+00:00,4556,582.969970703
2013-11-29T12:40:00+00:00,4556,630.499816895
2013-11-29T12:50:00+00:00,4556,635.317932129
2013-11-29T13:00:00+00:00,4556,838.839233398
2013-11-29T13:10:00+00:00,4556,683.990600586
2013-11-29T13:20:00+00:00,4556,709.635620117
2013-11-29T13:30:00+00:00,4556,710.821228027
2013-11-29T13:40:00+00:00,4556,781.009094238
2013-11-29T13:50:00+00:00,4556,663.276062012
2013-11-29T14:00:00+00:00,4556,565.622558594
2013-11-29T14:10:00+00:00,4556,714.972473145
2013-11-29T14:20:00+00:00,4556,674.572753906
2013-11-29T14:30:00+00:00,4556,616.199829102
2013-11-29T14:40:00+00:00,4556,554.522460938
2013-11-29T14:50:00+00:00,4556,530.698547363
2013-11-29T15:00:00+00:00,4556,561.519042969
2013-11-29T15:10:00+00:00,4556,525.36505127
2013-11-29T15:20:00+00:00,4556,549.317504883
2013-11-29T15:30:00+00:00,4556,657.230529785
2013-11-29T15:40:00+00:00,4556,636.871154785
2013-11-29T15:50:00+00:00,4556,649.004699707
2013-11-29T16:00:00+00:00,4556,506.214294434
2013-11-29T16:10:00+00:00,4556,591.660705566
2013-11-29T16:20:00+00:00,4556,617.105529785
2013-11-29T16:30:00+00:00,4556,565.049560547
2013-11-29T16:40:00+00:00,4556,562.61126709
2013-11-29T16:50:00+00:00,4556,602.506530762
2013-11-29T17:00:00+00:00,4556,561.672668457
2013-11-29T17:10:00+00:00,4556,649.174255371
2013-11-29T17:20:00+00:00,4556,601.180725098
2013-11-29T17:30:00+00:00,4556,610.976806641
2013-11-29T17:40:00+00:00,4556,683.267578125
2013-11-29T17:50:00+00:00,4556,704.761108398
2013-11-29T18:00:00+00:00,4556,635.94342041
2013-11-29T18:10:00+00:00,4556,604.774475098
2013-11-29T18:20:00+00:00,4556,669.207458496
2013-11-29T18:30:00+00:00,4556,682.090393066
2013-11-29T18:40:00+00:00,4556,741.861328125
2013-11-29T18:50:00+00:00,4556,707.769470215
2013-11-29T19:00:00+00:00,4556,794.476013184
2013-11-29T19:10:00+00:00,4556,826.803222656
2013-11-29T19:20:00+00:00,4556,791.591247559
2013-11-29T19:30:00+00:00,4556,854.485595703
2013-11-29T19:40:00+00:00,4556,904.248718262
2013-11-29T19:50:00+00:00,4556,886.24621582
2013-11-29T20:00:00+00:00,4556,1036.66931152
2013-11-29T20:10:00+00:00,4556,1024.79394531
2013-11-29T20:20:00+00:00,4556,891.366882324
2013-11-29T20:30:00+00:00,4556,981.018798828
2013-11-29T20:40:00+00:00,4556,1010.58380127
2013-11-29T20:50:00+00:00,4556,1067.7557373
2013-11-29T21:00:00+00:00,4556,1054.19689941
2013-11-29T21:10:00+00:00,4556,1018.33044434
2013-11-29T21:20:00+00:00,4556,972.649169922
2013-11-29T21:30:00+00:00,4556,1334.36804199
2013-11-29T21:40:00+00:00,4556,1313.68652344
2013-11-29T21:50:00+00:00,4556,1232.37011719
2013-11-29T22:00:00+00:00,4556,1241.46594238
2013-11-29T22:10:00+00:00,4556,1150.16772461
2013-11-29T22:20:00+00:00,4556,974.831787109
2013-11-29T22:30:00+00:00,4556,1113.67895508
2013-11-29T22:40:00+00:00,4556,1136.41162109
2013-11-29T22:50:00+00:00,4556,1173.42614746
2013-11-29T23:00:00+00:00,4556,1088.19567871
2013-11-29T23:10:00+00:00,4556,962.629394531
2013-11-29T23:20:00+00:00,4556,963.245727539
2013-11-29T23:30:00+00:00,4556,851.155029297
2013-11-29T23:40:00+00:00,4556,802.390991211
2013-11-29T23:50:00+00:00,4556,785.339416504
2013-11-30T00:00:00+00:00,4556,855.938232422
2013-11-30T00:10:00+00:00,4556,824.787231445
2013-11-30T00:20:00+00:00,4556,730.953369141
2013-11-30T00:30:00+00:00,4556,585.945983887
2013-11-30T00:40:00+00:00,4556,523.783752441
2013-11-30T00:50:00+00:00,4556,562.561218262
2013-11-30T01:00:00+00:00,4556,452.0675354
2013-11-30T01:10:00+00:00,4556,456.93850708
2013-11-30T01:20:00+00:00,4556,414.486816406
2013-11-30T01:30:00+00:00,4556,396.572540283
2013-11-30T01:40:00+00:00,4556,411.649688721
2013-11-30T02:00:00+00:00,4556,342.19543457
2013-11-30T02:10:00+00:00,4556,326.481048584
2013-11-30T02:30:00+00:00,4556,308.934661865
2013-11-30T02:50:00+00:00,4556,334.865020752
2013-11-30T03:30:00+00:00,4556,320.460479736
2013-11-30T06:10:00+00:00,4556,292.890075684
2013-11-30T06:20:00+00:00,4556,306.875732422
2013-11-30T06:30:00+00:00,4556,256.102172852
2013-11-30T06:40:00+00:00,4556,280.705230713
2013-11-30T06:50:00+00:00,4556,299.855834961
2013-11-30T07:00:00+00:00,4556,301.605926514
2013-11-30T07:10:00+00:00,4556,303.461242676
2013-11-30T07:20:00+00:00,4556,292.207092285
2013-11-30T07:30:00+00:00,4556,428.612060547
2013-11-30T07:40:00+00:00,4556,383.196899414
2013-11-30T07:50:00+00:00,4556,468.234283447
2013-11-30T08:00:00+00:00,4556,304.398376465
2013-11-30T08:10:00+00:00,4556,359.998809814
2013-11-30T08:20:00+00:00,4556,566.363708496
2013-11-30T08:30:00+00:00,4556,482.30355835
2013-11-30T08:40:00+00:00,4556,440.857910156
2013-11-30T08:50:00+00:00,4556,341.692687988
2013-11-30T09:00:00+00:00,4556,462.906463623
2013-11-30T09:10:00+00:00,4556,483.232849121
2013-11-30T09:20:00+00:00,4556,397.218780518
2013-11-30T09:30:00+00:00,4556,496.214904785
2013-11-30T09:40:00+00:00,4556,428.351959229
2013-11-30T09:50:00+00:00,4556,517.355102539
2013-11-30T10:00:00+00:00,4556,498.443603516
2013-11-30T10:10:00+00:00,4556,543.144226074
2013-11-30T10:20:00+00:00,4556,594.00012207
2013-11-30T10:30:00+00:00,4556,543.209777832
2013-11-30T10:40:00+00:00,4556,508.739318848
2013-11-30T10:50:00+00:00,4556,501.77355957
2013-11-30T11:00:00+00:00,4556,507.499237061
2013-11-30T11:10:00+00:00,4556,566.785583496
2013-11-30T11:20:00+00:00,4556,524.841491699
2013-11-30T11:30:00+00:00,4556,461.212554932
2013-11-30T11:40:00+00:00,4556,514.489379883
2013-11-30T11:50:00+00:00,4556,548.695129395
2013-11-30T12:00:00+00:00,4556,617.645080566
2013-11-30T12:10:00+00:00,4556,646.477111816
2013-11-30T12:20:00+00:00,4556,663.713317871
2013-11-30T12:30:00+00:00,4556,614.816650391
2013-11-30T12:40:00+00:00,4556,655.562194824
2013-11-30T12:50:00+00:00,4556,561.564147949
2013-11-30T13:00:00+00:00,4556,597.02166748
2013-11-30T13:10:00+00:00,4556,606.570373535
2013-11-30T13:20:00+00:00,4556,766.531066895
2013-11-30T13:30:00+00:00,4556,694.508056641
2013-11-30T13:40:00+00:00,4556,730.011047363
2013-11-30T13:50:00+00:00,4556,600.469177246
2013-11-30T14:00:00+00:00,4556,659.078979492
2013-11-30T14:10:00+00:00,4556,546.267089844
2013-11-30T14:20:00+00:00,4556,551.514343262
2013-11-30T14:30:00+00:00,4556,525.742553711
2013-11-30T14:40:00+00:00,4556,576.495239258
2013-11-30T14:50:00+00:00,4556,567.084594727
2013-11-30T15:00:00+00:00,4556,572.172851562
2013-11-30T15:10:00+00:00,4556,662.017822266
2013-11-30T15:20:00+00:00,4556,550.911682129
2013-11-30T15:30:00+00:00,4556,608.620483398
2013-11-30T15:40:00+00:00,4556,506.56628418
2013-11-30T15:50:00+00:00,4556,647.714660645
2013-11-30T16:00:00+00:00,4556,607.809570312
2013-11-30T16:10:00+00:00,4556,724.640563965
2013-11-30T16:20:00+00:00,4556,623.394226074
2013-11-30T16:30:00+00:00,4556,666.031311035
2013-11-30T16:40:00+00:00,4556,581.932006836
2013-11-30T16:50:00+00:00,4556,708.315429688
2013-11-30T17:00:00+00:00,4556,542.78137207
2013-11-30T17:10:00+00:00,4556,573.02746582
2013-11-30T17:20:00+00:00,4556,554.82598877
2013-11-30T17:30:00+00:00,4556,562.959106445
2013-11-30T17:40:00+00:00,4556,592.045227051
2013-11-30T17:50:00+00:00,4556,698.286376953
2013-11-30T18:00:00+00:00,4556,789.664916992
2013-11-30T18:10:00+00:00,4556,808.25970459
2013-11-30T18:20:00+00:00,4556,645.996826172
2013-11-30T18:30:00+00:00,4556,710.374389648
2013-11-30T18:40:00+00:00,4556,751.322387695
2013-11-30T18:50:00+00:00,4556,836.310913086
2013-11-30T19:00:00+00:00,4556,765.415405273
2013-11-30T19:10:00+00:00,4556,827.441162109
2013-11-30T19:20:00+00:00,4556,733.596191406
2013-11-30T19:30:00+00:00,4556,819.927490234
2013-11-30T19:40:00+00:00,4556,784.674255371
2013-11-30T19:50:00+00:00,4556,881.715393066
2013-11-30T20:00:00+00:00,4556,1133.34240723
2013-11-30T20:10:00+00:00,4556,928.315856934
2013-11-30T20:20:00+00:00,4556,916.644165039
2013-11-30T20:30:00+00:00,4556,1014.08178711
2013-11-30T20:40:00+00:00,4556,1001.37957764
2013-11-30T20:50:00+00:00,4556,1088.04418945
2013-11-30T21:00:00+00:00,4556,998.780090332
2013-11-30T21:10:00+00:00,4556,1189.67248535
2013-11-30T21:20:00+00:00,4556,1269.24902344
2013-11-30T21:30:00+00:00,4556,1082.10803223
2013-11-30T21:40:00+00:00,4556,1148.17980957
2013-11-30T21:50:00+00:00,4556,1052.69470215
2013-11-30T22:00:00+00:00,4556,1139.30212402
2013-11-30T22:10:00+00:00,4556,1300.71777344
2013-11-30T22:20:00+00:00,4556,1281.90209961
2013-11-30T22:30:00+00:00,4556,1206.10839844
2013-11-30T22:40:00+00:00,4556,1628.43518066
2013-11-30T22:50:00+00:00,4556,1223.45727539
2013-11-30T23:00:00+00:00,4556,1191.59118652
2013-11-30T23:10:00+00:00,4556,1275.76574707
2013-11-30T23:20:00+00:00,4556,1186.36401367
2013-11-30T23:30:00+00:00,4556,1159.5423584
2013-11-30T23:40:00+00:00,4556,1170.90551758
2013-11-30T23:50:00+00:00,4556,989.312805176
2013-12-01T00:00:00+00:00,4556,1216.48303223
2013-12-01T00:10:00+00:00,4556,872.807739258
2013-12-01T00:20:00+00:00,4556,864.132385254
2013-12-01T00:30:00+00:00,4556,796.240905762
2013-12-01T00:40:00+00:00,4556,784.507446289
2013-12-01T00:50:00+00:00,4556,775.007324219
2013-12-01T01:00:00+00:00,4556,619.136169434
2013-12-01T01:10:00+00:00,4556,661.674926758
2013-12-01T01:20:00+00:00,4556,537.342895508
2013-12-01T01:30:00+00:00,4556,407.538970947
2013-12-01T01:40:00+00:00,4556,446.668334961
2013-12-01T01:50:00+00:00,4556,471.049682617
2013-12-01T02:00:00+00:00,4556,354.043487549
2013-12-01T02:20:00+00:00,4556,313.547943115
2013-12-01T02:50:00+00:00,4556,278.362609863
2013-12-01T03:00:00+00:00,4556,285.407073975
2013-12-01T03:10:00+00:00,4556,277.242279053
2013-12-01T03:40:00+00:00,4556,265.221160889
2013-12-01T04:50:00+00:00,4556,220.293731689
2013-12-01T05:20:00+00:00,4556,215.451171875
2013-12-01T06:30:00+00:00,4556,200.12562561
2013-12-01T06:50:00+00:00,4556,242.727706909
2013-12-01T07:00:00+00:00,4556,211.949356079
2013-12-01T07:10:00+00:00,4556,241.657058716
2013-12-01T07:20:00+00:00,4556,226.453445435
2013-12-01T07:40:00+00:00,4556,297.719909668
2013-12-01T07:50:00+00:00,4556,258.043334961
2013-12-01T08:00:00+00:00,4556,305.742034912
2013-12-01T08:10:00+00:00,4556,294.556518555
2013-12-01T08:20:00+00:00,4556,360.088287354
2013-12-01T08:30:00+00:00,4556,297.601196289
2013-12-01T08:40:00+00:00,4556,289.165374756
2013-12-01T08:50:00+00:00,4556,330.224884033
2013-12-01T09:00:00+00:00,4556,387.471618652
2013-12-01T09:10:00+00:00,4556,335.141571045
2013-12-01T09:20:00+00:00,4556,347.073913574
2013-12-01T09:30:00+00:00,4556,374.764373779
2013-12-01T09:40:00+00:00,4556,378.748413086
2013-12-01T09:50:00+00:00,4556,454.178497314
2013-12-01T10:00:00+00:00,4556,457.60269165
2013-12-01T10:10:00+00:00,4556,457.63168335
2013-12-01T10:20:00+00:00,4556,427.901794434
2013-12-01T10:30:00+00:00,4556,439.197235107
2013-12-01T10:40:00+00:00,4556,463.857025146
2013-12-01T10:50:00+00:00,4556,465.032012939
2013-12-01T11:00:00+00:00,4556,556.864746094
2013-12-01T11:10:00+00:00,4556,577.248596191
2013-12-01T11:20:00+00:00,4556,539.011108398
2013-12-01T11:30:00+00:00,4556,565.657836914
2013-12-01T11:40:00+00:00,4556,603.043640137
2013-12-01T11:50:00+00:00,4556,544.807678223
2013-12-01T12:00:00+00:00,4556,653.172363281
2013-12-01T12:10:00+00:00,4556,719.738769531
2013-12-01T12:20:00+00:00,4556,538.206115723
2013-12-01T12:30:00+00:00,4556,631.197570801
2013-12-01T12:40:00+00:00,4556,732.914550781
2013-12-01T12:50:00+00:00,4556,770.978210449
2013-12-01T13:00:00+00:00,4556,575.054260254
2013-12-01T13:10:00+00:00,4556,691.124389648
2013-12-01T13:20:00+00:00,4556,549.820983887
2013-12-01T13:30:00+00:00,4556,772.342102051
2013-12-01T13:40:00+00:00,4556,711.12713623
2013-12-01T13:50:00+00:00,4556,706.135803223
2013-12-01T14:00:00+00:00,4556,626.119506836
2013-12-01T14:10:00+00:00,4556,766.440307617
2013-12-01T14:20:00+00:00,4556,735.402526855
2013-12-01T14:30:00+00:00,4556,702.180603027
2013-12-01T14:40:00+00:00,4556,631.070617676
2013-12-01T14:50:00+00:00,4556,683.882995605
2013-12-01T15:00:00+00:00,4556,630.234802246
2013-12-01T15:10:00+00:00,4556,641.81854248
2013-12-01T15:20:00+00:00,4556,663.709289551
2013-12-01T15:30:00+00:00,4556,682.748352051
2013-12-01T15:40:00+00:00,4556,695.44921875
2013-12-01T15:50:00+00:00,4556,865.443664551
2013-12-01T16:00:00+00:00,4556,581.975280762
2013-12-01T16:10:00+00:00,4556,630.947387695
2013-12-01T16:20:00+00:00,4556,672.888305664
2013-12-01T16:30:00+00:00,4556,619.577880859
2013-12-01T16:40:00+00:00,4556,628.52923584
2013-12-01T16:50:00+00:00,4556,602.53717041
2013-12-01T17:00:00+00:00,4556,655.466369629
2013-12-01T17:10:00+00:00,4556,711.947387695
2013-12-01T17:20:00+00:00,4556,802.214416504
2013-12-01T17:30:00+00:00,4556,663.29699707
2013-12-01T17:40:00+00:00,4556,646.081481934
2013-12-01T17:50:00+00:00,4556,653.979431152
2013-12-01T18:00:00+00:00,4556,686.341674805
2013-12-01T18:10:00+00:00,4556,601.652893066
2013-12-01T18:20:00+00:00,4556,743.019836426
2013-12-01T18:30:00+00:00,4556,631.668640137
2013-12-01T18:40:00+00:00,4556,635.59362793
2013-12-01T18:50:00+00:00,4556,741.030761719
2013-12-01T19:00:00+00:00,4556,937.566894531
2013-12-01T19:10:00+00:00,4556,751.736206055
2013-12-01T19:20:00+00:00,4556,716.544006348
2013-12-01T19:30:00+00:00,4556,789.042785645
2013-12-01T19:40:00+00:00,4556,918.20489502
2013-12-01T19:50:00+00:00,4556,818.15826416
2013-12-01T20:00:00+00:00,4556,765.615600586
2013-12-01T20:10:00+00:00,4556,886.296386719
2013-12-01T20:20:00+00:00,4556,684.761962891
2013-12-01T20:30:00+00:00,4556,834.544494629
2013-12-01T20:40:00+00:00,4556,898.205078125
2013-12-01T20:50:00+00:00,4556,955.305603027
2013-12-01T21:00:00+00:00,4556,752.14855957
2013-12-01T21:10:00+00:00,4556,761.332641602
2013-12-01T21:20:00+00:00,4556,713.310852051
2013-12-01T21:30:00+00:00,4556,752.847717285
2013-12-01T21:40:00+00:00,4556,656.205810547
2013-12-01T21:50:00+00:00,4556,642.832519531
2013-12-01T22:00:00+00:00,4556,648.010864258
2013-12-01T22:10:00+00:00,4556,718.434570312
2013-12-01T22:20:00+00:00,4556,596.342407227
2013-12-01T22:30:00+00:00,4556,659.637939453
2013-12-01T22:40:00+00:00,4556,505.033660889
2013-12-01T22:50:00+00:00,4556,564.360534668
2013-12-01T23:00:00+00:00,4556,581.473022461
2013-12-01T23:10:00+00:00,4556,464.115203857
2013-12-01T23:20:00+00:00,4556,520.85949707
2013-12-01T23:30:00+00:00,4556,472.976257324
2013-12-01T23:40:00+00:00,4556,387.572753906
2013-12-01T23:50:00+00:00,4556,473.823669434
2013-12-02T00:00:00+00:00,4556,373.794555664
2013-12-02T00:10:00+00:00,4556,343.214172363
2013-12-02T00:30:00+00:00,4556,330.88067627
2013-12-02T00:50:00+00:00,4556,302.636627197
2013-12-02T01:10:00+00:00,4556,300.711456299
2013-12-02T05:20:00+00:00,4556,256.495422363
2013-12-02T05:50:00+00:00,4556,262.827362061
2013-12-02T06:00:00+00:00,4556,254.390808105
2013-12-02T06:10:00+00:00,4556,318.349853516
2013-12-02T06:30:00+00:00,4556,419.966156006
2013-12-02T06:40:00+00:00,4556,386.185577393
2013-12-02T06:50:00+00:00,4556,367.158477783
2013-12-02T07:00:00+00:00,4556,414.615814209
2013-12-02T07:10:00+00:00,4556,442.065795898
2013-12-02T07:20:00+00:00,4556,539.536437988
2013-12-02T07:30:00+00:00,4556,554.585571289
2013-12-02T07:40:00+00:00,4556,561.866088867
2013-12-02T07:50:00+00:00,4556,643.449645996
2013-12-02T08:00:00+00:00,4556,500.88973999
2013-12-02T08:10:00+00:00,4556,516.334472656
2013-12-02T08:20:00+00:00,4556,568.46295166
2013-12-02T08:30:00+00:00,4556,545.928833008
2013-12-02T08:40:00+00:00,4556,499.250701904
2013-12-02T08:50:00+00:00,4556,463.877929688
2013-12-02T09:00:00+00:00,4556,503.844940186
2013-12-02T09:10:00+00:00,4556,541.171630859
2013-12-02T09:20:00+00:00,4556,466.93649292
2013-12-02T09:30:00+00:00,4556,447.161376953
2013-12-02T09:40:00+00:00,4556,524.000610352
2013-12-02T09:50:00+00:00,4556,432.907501221
2013-12-02T10:00:00+00:00,4556,497.101837158
2013-12-02T10:10:00+00:00,4556,602.257202148
2013-12-02T10:20:00+00:00,4556,454.711334229
2013-12-02T10:30:00+00:00,4556,459.345062256
2013-12-02T10:40:00+00:00,4556,454.481384277
2013-12-02T10:50:00+00:00,4556,467.436981201
2013-12-02T11:00:00+00:00,4556,462.325256348
2013-12-02T11:10:00+00:00,4556,485.507019043
2013-12-02T11:20:00+00:00,4556,481.136901855
2013-12-02T11:30:00+00:00,4556,494.710144043
2013-12-02T11:40:00+00:00,4556,486.378753662
2013-12-02T11:50:00+00:00,4556,474.78894043
2013-12-02T12:00:00+00:00,4556,592.654846191
2013-12-02T12:10:00+00:00,4556,642.582519531
2013-12-02T12:20:00+00:00,4556,841.67779541
2013-12-02T12:30:00+00:00,4556,944.200561523
2013-12-02T12:40:00+00:00,4556,728.46875
2013-12-02T12:50:00+00:00,4556,524.425720215
2013-12-02T13:00:00+00:00,4556,552.618896484
2013-12-02T13:10:00+00:00,4556,685.3828125
2013-12-02T13:20:00+00:00,4556,616.818908691
2013-12-02T13:30:00+00:00,4556,596.594604492
2013-12-02T13:40:00+00:00,4556,563.612976074
2013-12-02T13:50:00+00:00,4556,548.380249023
2013-12-02T14:00:00+00:00,4556,597.771789551
2013-12-02T14:10:00+00:00,4556,545.611572266
2013-12-02T14:20:00+00:00,4556,560.821044922
2013-12-02T14:30:00+00:00,4556,549.839782715
2013-12-02T14:40:00+00:00,4556,566.184020996
2013-12-02T14:50:00+00:00,4556,540.065124512
2013-12-02T15:00:00+00:00,4556,551.68560791
2013-12-02T15:10:00+00:00,4556,556.124694824
2013-12-02T15:20:00+00:00,4556,481.224304199
2013-12-02T15:30:00+00:00,4556,483.423065186
2013-12-02T15:40:00+00:00,4556,549.149841309
2013-12-02T15:50:00+00:00,4556,537.416503906
2013-12-02T16:00:00+00:00,4556,665.041564941
2013-12-02T16:10:00+00:00,4556,619.270751953
2013-12-02T16:20:00+00:00,4556,715.591430664
2013-12-02T16:30:00+00:00,4556,580.269897461
2013-12-02T16:40:00+00:00,4556,506.158477783
2013-12-02T16:50:00+00:00,4556,571.776916504
2013-12-02T17:00:00+00:00,4556,561.576416016
2013-12-02T17:10:00+00:00,4556,515.631835938
2013-12-02T17:20:00+00:00,4556,654.36151123
2013-12-02T17:30:00+00:00,4556,618.532226562
2013-12-02T17:40:00+00:00,4556,572.23651123
2013-12-02T17:50:00+00:00,4556,530.003295898
2013-12-02T18:00:00+00:00,4556,605.398498535
2013-12-02T18:10:00+00:00,4556,591.02722168
2013-12-02T18:20:00+00:00,4556,762.348144531
2013-12-02T18:30:00+00:00,4556,644.678283691
2013-12-02T18:40:00+00:00,4556,658.754882812
2013-12-02T18:50:00+00:00,4556,715.636901855
2013-12-02T19:00:00+00:00,4556,682.639099121
2013-12-02T19:10:00+00:00,4556,646.307373047
2013-12-02T19:20:00+00:00,4556,758.399841309
2013-12-02T19:30:00+00:00,4556,752.948303223
2013-12-02T19:40:00+00:00,4556,707.57434082
2013-12-02T19:50:00+00:00,4556,834.347229004
2013-12-02T20:00:00+00:00,4556,952.331665039
2013-12-02T20:10:00+00:00,4556,802.274963379
2013-12-02T20:20:00+00:00,4556,701.313720703
2013-12-02T20:30:00+00:00,4556,656.901062012
2013-12-02T20:40:00+00:00,4556,721.224304199
2013-12-02T20:50:00+00:00,4556,719.625732422
2013-12-02T21:00:00+00:00,4556,696.11328125
2013-12-02T21:10:00+00:00,4556,689.340026855
2013-12-02T21:20:00+00:00,4556,707.163391113
2013-12-02T21:30:00+00:00,4556,586.928222656
2013-12-02T21:40:00+00:00,4556,634.245422363
2013-12-02T21:50:00+00:00,4556,708.732910156
2013-12-02T22:00:00+00:00,4556,892.605163574
2013-12-02T22:10:00+00:00,4556,602.174133301
2013-12-02T22:20:00+00:00,4556,712.038391113
2013-12-02T22:30:00+00:00,4556,577.239440918
2013-12-02T22:40:00+00:00,4556,553.973571777
2013-12-02T22:50:00+00:00,4556,586.334289551
2013-12-02T23:00:00+00:00,4556,669.768310547
2013-12-02T23:10:00+00:00,4556,645.011169434
2013-12-02T23:20:00+00:00,4556,544.525634766
2013-12-02T23:30:00+00:00,4556,442.207244873
2013-12-02T23:40:00+00:00,4556,352.742034912
2013-12-02T23:50:00+00:00,4556,379.066650391
2013-12-03T00:00:00+00:00,4556,428.841674805
2013-12-03T00:10:00+00:00,4556,422.546478271
2013-12-03T00:30:00+00:00,4556,336.608001709
2013-12-03T00:40:00+00:00,4556,299.252593994
2013-12-03T00:50:00+00:00,4556,319.004974365
2013-12-03T01:10:00+00:00,4556,277.439788818
2013-12-03T01:50:00+00:00,4556,328.578613281
2013-12-03T02:30:00+00:00,4556,253.937103271
2013-12-03T04:50:00+00:00,4556,259.567657471
2013-12-03T05:30:00+00:00,4556,276.322235107
2013-12-03T05:40:00+00:00,4556,272.710723877
2013-12-03T05:50:00+00:00,4556,285.246276855
2013-12-03T06:00:00+00:00,4556,298.718231201
2013-12-03T06:10:00+00:00,4556,312.557739258
2013-12-03T06:20:00+00:00,4556,448.649963379
2013-12-03T06:30:00+00:00,4556,377.423675537
2013-12-03T06:40:00+00:00,4556,371.115783691
2013-12-03T06:50:00+00:00,4556,449.276123047
2013-12-03T07:00:00+00:00,4556,466.866149902
2013-12-03T07:10:00+00:00,4556,562.260314941
2013-12-03T07:20:00+00:00,4556,559.14251709
2013-12-03T07:30:00+00:00,4556,467.960571289
2013-12-03T07:40:00+00:00,4556,570.350280762
2013-12-03T07:50:00+00:00,4556,471.546966553
2013-12-03T08:00:00+00:00,4556,488.612823486
2013-12-03T08:10:00+00:00,4556,486.864257812
2013-12-03T08:20:00+00:00,4556,512.95892334
2013-12-03T08:30:00+00:00,4556,526.377990723
2013-12-03T08:40:00+00:00,4556,506.562927246
2013-12-03T08:50:00+00:00,4556,508.374816895
2013-12-03T09:00:00+00:00,4556,539.012573242
2013-12-03T09:10:00+00:00,4556,471.784667969
2013-12-03T09:20:00+00:00,4556,510.96661377
2013-12-03T09:30:00+00:00,4556,481.729919434
2013-12-03T09:40:00+00:00,4556,514.902404785
2013-12-03T09:50:00+00:00,4556,495.769256592
2013-12-03T10:00:00+00:00,4556,529.562072754
2013-12-03T10:10:00+00:00,4556,491.009185791
2013-12-03T10:20:00+00:00,4556,525.253601074
2013-12-03T10:30:00+00:00,4556,589.74395752
2013-12-03T10:40:00+00:00,4556,567.282348633
2013-12-03T10:50:00+00:00,4556,573.432800293
2013-12-03T11:00:00+00:00,4556,528.136352539
2013-12-03T11:10:00+00:00,4556,512.426269531
2013-12-03T11:20:00+00:00,4556,541.932495117
2013-12-03T11:30:00+00:00,4556,577.810974121
2013-12-03T11:40:00+00:00,4556,520.97869873
2013-12-03T11:50:00+00:00,4556,518.753173828
2013-12-03T12:00:00+00:00,4556,626.950744629
2013-12-03T12:10:00+00:00,4556,540.465393066
2013-12-03T12:20:00+00:00,4556,547.046875
2013-12-03T12:30:00+00:00,4556,592.655517578
2013-12-03T12:40:00+00:00,4556,645.050964355
2013-12-03T12:50:00+00:00,4556,654.742675781
2013-12-03T13:00:00+00:00,4556,599.653808594
2013-12-03T13:10:00+00:00,4556,615.201477051
2013-12-03T13:20:00+00:00,4556,668.353637695
2013-12-03T13:30:00+00:00,4556,613.731933594
2013-12-03T13:40:00+00:00,4556,633.262756348
2013-12-03T13:50:00+00:00,4556,609.102783203
2013-12-03T14:00:00+00:00,4556,782.356506348
2013-12-03T14:10:00+00:00,4556,695.911743164
2013-12-03T14:20:00+00:00,4556,840.728637695
2013-12-03T14:30:00+00:00,4556,734.161804199
2013-12-03T14:40:00+00:00,4556,654.33013916
2013-12-03T14:50:00+00:00,4556,591.397338867
2013-12-03T15:00:00+00:00,4556,618.791992188
2013-12-03T15:10:00+00:00,4556,547.796569824
2013-12-03T15:20:00+00:00,4556,584.110839844
2013-12-03T15:30:00+00:00,4556,528.201049805
2013-12-03T15:40:00+00:00,4556,497.876617432
2013-12-03T15:50:00+00:00,4556,571.257446289
2013-12-03T16:00:00+00:00,4556,558.926452637
2013-12-03T16:10:00+00:00,4556,599.717407227
2013-12-03T16:20:00+00:00,4556,584.496276855
2013-12-03T16:30:00+00:00,4556,551.534851074
2013-12-03T16:40:00+00:00,4556,552.093322754
2013-12-03T16:50:00+00:00,4556,588.850585938
2013-12-03T17:00:00+00:00,4556,621.768432617
2013-12-03T17:10:00+00:00,4556,611.24017334
2013-12-03T17:20:00+00:00,4556,626.421142578
2013-12-03T17:30:00+00:00,4556,699.186157227
2013-12-03T17:40:00+00:00,4556,727.919128418
2013-12-03T17:50:00+00:00,4556,671.227050781
2013-12-03T18:00:00+00:00,4556,614.86315918
2013-12-03T18:10:00+00:00,4556,626.52722168
2013-12-03T18:20:00+00:00,4556,707.33392334
2013-12-03T18:30:00+00:00,4556,680.753479004
2013-12-03T18:40:00+00:00,4556,664.275878906
2013-12-03T18:50:00+00:00,4556,666.847412109
2013-12-03T19:00:00+00:00,4556,651.351989746
2013-12-03T19:10:00+00:00,4556,830.202270508
2013-12-03T19:20:00+00:00,4556,667.267822266
2013-12-03T19:30:00+00:00,4556,716.721679688
2013-12-03T19:40:00+00:00,4556,737.967285156
2013-12-03T19:50:00+00:00,4556,785.393005371
2013-12-03T20:00:00+00:00,4556,886.892150879
2013-12-03T20:10:00+00:00,4556,862.552612305
2013-12-03T20:20:00+00:00,4556,771.953918457
2013-12-03T20:30:00+00:00,4556,823.079101562
2013-12-03T20:40:00+00:00,4556,759.788146973
2013-12-03T20:50:00+00:00,4556,748.319091797
2013-12-03T21:00:00+00:00,4556,784.912597656
2013-12-03T21:10:00+00:00,4556,752.434997559
2013-12-03T21:20:00+00:00,4556,687.988464355
2013-12-03T21:30:00+00:00,4556,700.169372559
2013-12-03T21:40:00+00:00,4556,723.675354004
2013-12-03T21:50:00+00:00,4556,661.258544922
2013-12-03T22:00:00+00:00,4556,659.785644531
2013-12-03T22:10:00+00:00,4556,701.366027832
2013-12-03T22:20:00+00:00,4556,685.115905762
2013-12-03T22:30:00+00:00,4556,642.469238281
2013-12-03T22:40:00+00:00,4556,696.434631348
2013-12-03T22:50:00+00:00,4556,646.259887695
2013-12-03T23:00:00+00:00,4556,610.528930664
2013-12-03T23:10:00+00:00,4556,594.934143066
2013-12-03T23:20:00+00:00,4556,611.883972168
2013-12-03T23:30:00+00:00,4556,543.44934082
2013-12-03T23:40:00+00:00,4556,544.665893555
2013-12-03T23:50:00+00:00,4556,549.46887207
2013-12-04T00:00:00+00:00,4556,488.852050781
2013-12-04T00:10:00+00:00,4556,408.467559814
2013-12-04T00:20:00+00:00,4556,379.079681396
2013-12-04T00:30:00+00:00,4556,380.028717041
2013-12-04T00:40:00+00:00,4556,391.602661133
2013-12-04T00:50:00+00:00,4556,373.745269775
2013-12-04T01:00:00+00:00,4556,324.666381836
2013-12-04T01:20:00+00:00,4556,333.880310059
2013-12-04T01:30:00+00:00,4556,321.83883667
2013-12-04T01:50:00+00:00,4556,291.268890381
2013-12-04T02:00:00+00:00,4556,292.213806152
2013-12-04T02:20:00+00:00,4556,282.953643799
2013-12-04T05:10:00+00:00,4556,256.524414062
2013-12-04T05:20:00+00:00,4556,266.495117188
2013-12-04T05:30:00+00:00,4556,253.518005371
2013-12-04T05:50:00+00:00,4556,259.515441895
2013-12-04T06:00:00+00:00,4556,263.813659668
2013-12-04T06:10:00+00:00,4556,334.726654053
2013-12-04T06:20:00+00:00,4556,329.778961182
2013-12-04T06:30:00+00:00,4556,376.204620361
2013-12-04T06:40:00+00:00,4556,381.589233398
2013-12-04T06:50:00+00:00,4556,471.333435059
2013-12-04T07:00:00+00:00,4556,473.620727539
2013-12-04T07:10:00+00:00,4556,447.467041016
2013-12-04T07:20:00+00:00,4556,488.595794678
2013-12-04T07:30:00+00:00,4556,580.96484375
2013-12-04T07:40:00+00:00,4556,593.096313477
2013-12-04T07:50:00+00:00,4556,645.576416016
2013-12-04T08:00:00+00:00,4556,590.471008301
2013-12-04T08:10:00+00:00,4556,692.952819824
2013-12-04T08:20:00+00:00,4556,561.928710938
2013-12-04T08:30:00+00:00,4556,609.796386719
2013-12-04T08:40:00+00:00,4556,584.911560059
2013-12-04T08:50:00+00:00,4556,530.141235352
2013-12-04T09:00:00+00:00,4556,528.678222656
2013-12-04T09:10:00+00:00,4556,560.540527344
2013-12-04T09:20:00+00:00,4556,497.520233154
2013-12-04T09:30:00+00:00,4556,444.51348877
2013-12-04T09:40:00+00:00,4556,466.341247559
2013-12-04T09:50:00+00:00,4556,493.578521729
2013-12-04T10:00:00+00:00,4556,461.445373535
2013-12-04T10:10:00+00:00,4556,509.212463379
2013-12-04T10:20:00+00:00,4556,523.371765137
2013-12-04T10:30:00+00:00,4556,441.316070557
2013-12-04T10:40:00+00:00,4556,529.771606445
2013-12-04T10:50:00+00:00,4556,483.401824951
2013-12-04T11:00:00+00:00,4556,483.380249023
2013-12-04T11:10:00+00:00,4556,592.084960938
2013-12-04T11:20:00+00:00,4556,520.850769043
2013-12-04T11:30:00+00:00,4556,521.054260254
2013-12-04T11:40:00+00:00,4556,545.101501465
2013-12-04T11:50:00+00:00,4556,497.098083496
2013-12-04T12:00:00+00:00,4556,574.336120605
2013-12-04T12:10:00+00:00,4556,500.716156006
2013-12-04T12:20:00+00:00,4556,501.589019775
2013-12-04T12:30:00+00:00,4556,488.601287842
2013-12-04T12:40:00+00:00,4556,542.140686035
2013-12-04T12:50:00+00:00,4556,570.578186035
2013-12-04T13:00:00+00:00,4556,535.932678223
2013-12-04T13:10:00+00:00,4556,530.575500488
2013-12-04T13:20:00+00:00,4556,515.771789551
2013-12-04T13:30:00+00:00,4556,477.203308105
2013-12-04T13:40:00+00:00,4556,554.945007324
2013-12-04T13:50:00+00:00,4556,535.073852539
2013-12-04T14:00:00+00:00,4556,499.01171875
2013-12-04T14:10:00+00:00,4556,544.202636719
2013-12-04T14:20:00+00:00,4556,523.576416016
2013-12-04T14:30:00+00:00,4556,551.633605957
2013-12-04T14:40:00+00:00,4556,526.387268066
2013-12-04T14:50:00+00:00,4556,478.289611816
2013-12-04T15:00:00+00:00,4556,496.44442749
2013-12-04T15:10:00+00:00,4556,524.877685547
2013-12-04T15:20:00+00:00,4556,502.610290527
2013-12-04T15:30:00+00:00,4556,490.300476074
2013-12-04T15:40:00+00:00,4556,577.690551758
2013-12-04T15:50:00+00:00,4556,685.578735352
2013-12-04T16:00:00+00:00,4556,489.217773438
2013-12-04T16:10:00+00:00,4556,563.151000977
2013-12-04T16:20:00+00:00,4556,542.244750977
2013-12-04T16:30:00+00:00,4556,510.386016846
2013-12-04T16:40:00+00:00,4556,551.923706055
2013-12-04T16:50:00+00:00,4556,590.268493652
2013-12-04T17:00:00+00:00,4556,598.456298828
2013-12-04T17:10:00+00:00,4556,648.146728516
2013-12-04T17:20:00+00:00,4556,626.50579834
2013-12-04T17:30:00+00:00,4556,542.360900879
2013-12-04T17:40:00+00:00,4556,602.771850586
2013-12-04T17:50:00+00:00,4556,613.028381348
2013-12-04T18:00:00+00:00,4556,583.36138916
2013-12-04T18:10:00+00:00,4556,584.558654785
2013-12-04T18:20:00+00:00,4556,583.584472656
2013-12-04T18:30:00+00:00,4556,574.246337891
2013-12-04T18:40:00+00:00,4556,700.561767578
2013-12-04T18:50:00+00:00,4556,723.320800781
2013-12-04T19:00:00+00:00,4556,751.292175293
2013-12-04T19:10:00+00:00,4556,699.717163086
2013-12-04T19:20:00+00:00,4556,673.187927246
2013-12-04T19:30:00+00:00,4556,767.887817383
2013-12-04T19:40:00+00:00,4556,752.358215332
2013-12-04T19:50:00+00:00,4556,722.476013184
2013-12-04T20:00:00+00:00,4556,759.63873291
2013-12-04T20:10:00+00:00,4556,803.243225098
2013-12-04T20:20:00+00:00,4556,756.416015625
2013-12-04T20:30:00+00:00,4556,751.13269043
2013-12-04T20:40:00+00:00,4556,781.389526367
2013-12-04T20:50:00+00:00,4556,747.646911621
2013-12-04T21:00:00+00:00,4556,790.99017334
2013-12-04T21:10:00+00:00,4556,786.011291504
2013-12-04T21:20:00+00:00,4556,691.631896973
2013-12-04T21:30:00+00:00,4556,703.805358887
2013-12-04T21:40:00+00:00,4556,710.099609375
2013-12-04T21:50:00+00:00,4556,773.524902344
2013-12-04T22:00:00+00:00,4556,666.563781738
2013-12-04T22:10:00+00:00,4556,782.497497559
2013-12-04T22:20:00+00:00,4556,707.255554199
2013-12-04T22:30:00+00:00,4556,656.717041016
2013-12-04T22:40:00+00:00,4556,659.652282715
2013-12-04T22:50:00+00:00,4556,635.195068359
2013-12-04T23:00:00+00:00,4556,570.493591309
2013-12-04T23:10:00+00:00,4556,579.737182617
2013-12-04T23:20:00+00:00,4556,667.275512695
2013-12-04T23:30:00+00:00,4556,524.465270996
2013-12-04T23:40:00+00:00,4556,667.825683594
2013-12-04T23:50:00+00:00,4556,438.759277344
2013-12-05T00:00:00+00:00,4556,451.724151611
2013-12-05T00:10:00+00:00,4556,503.103118896
2013-12-05T00:20:00+00:00,4556,418.578094482
2013-12-05T00:30:00+00:00,4556,405.468719482
2013-12-05T00:40:00+00:00,4556,401.368530273
2013-12-05T00:50:00+00:00,4556,377.435852051
2013-12-05T01:00:00+00:00,4556,386.910308838
2013-12-05T01:40:00+00:00,4556,331.278930664
2013-12-05T01:50:00+00:00,4556,294.444763184
2013-12-05T02:00:00+00:00,4556,292.231170654
2013-12-05T02:50:00+00:00,4556,257.929138184
2013-12-05T03:40:00+00:00,4556,234.435897827
2013-12-05T05:00:00+00:00,4556,222.728118896
2013-12-05T05:10:00+00:00,4556,256.77722168
2013-12-05T05:20:00+00:00,4556,272.69934082
2013-12-05T05:30:00+00:00,4556,276.294128418
2013-12-05T05:50:00+00:00,4556,271.944976807
2013-12-05T06:00:00+00:00,4556,316.615081787
2013-12-05T06:10:00+00:00,4556,311.542053223
2013-12-05T06:20:00+00:00,4556,321.781188965
2013-12-05T06:30:00+00:00,4556,425.414794922
2013-12-05T06:40:00+00:00,4556,409.475494385
2013-12-05T06:50:00+00:00,4556,382.566619873
2013-12-05T07:00:00+00:00,4556,443.802856445
2013-12-05T07:10:00+00:00,4556,758.672058105
2013-12-05T07:20:00+00:00,4556,506.360565186
2013-12-05T07:30:00+00:00,4556,576.344238281
2013-12-05T07:40:00+00:00,4556,502.610717773
2013-12-05T07:50:00+00:00,4556,600.992614746
2013-12-05T08:00:00+00:00,4556,555.095458984
2013-12-05T08:10:00+00:00,4556,571.284423828
2013-12-05T08:20:00+00:00,4556,579.650085449
2013-12-05T08:30:00+00:00,4556,549.627441406
2013-12-05T08:40:00+00:00,4556,547.163269043
2013-12-05T08:50:00+00:00,4556,554.185180664
2013-12-05T09:00:00+00:00,4556,487.682830811
2013-12-05T09:10:00+00:00,4556,515.684814453
2013-12-05T09:20:00+00:00,4556,476.716644287
2013-12-05T09:30:00+00:00,4556,502.165618896
2013-12-05T09:40:00+00:00,4556,615.308288574
2013-12-05T09:50:00+00:00,4556,582.23059082
2013-12-05T10:00:00+00:00,4556,511.999298096
2013-12-05T10:10:00+00:00,4556,534.855895996
2013-12-05T10:20:00+00:00,4556,579.976623535
2013-12-05T10:30:00+00:00,4556,501.082336426
2013-12-05T10:40:00+00:00,4556,597.263916016
2013-12-05T10:50:00+00:00,4556,541.451599121
2013-12-05T11:00:00+00:00,4556,471.371643066
2013-12-05T11:10:00+00:00,4556,576.147399902
2013-12-05T11:20:00+00:00,4556,485.220367432
2013-12-05T11:30:00+00:00,4556,539.961181641
2013-12-05T11:40:00+00:00,4556,546.565124512
2013-12-05T11:50:00+00:00,4556,637.005737305
2013-12-05T12:00:00+00:00,4556,531.751647949
2013-12-05T12:10:00+00:00,4556,619.857177734
2013-12-05T12:20:00+00:00,4556,518.665344238
2013-12-05T12:30:00+00:00,4556,557.869445801
2013-12-05T12:40:00+00:00,4556,619.35357666
2013-12-05T12:50:00+00:00,4556,551.871520996
2013-12-05T13:00:00+00:00,4556,622.621643066
2013-12-05T13:10:00+00:00,4556,617.313659668
2013-12-05T13:20:00+00:00,4556,674.326416016
2013-12-05T13:30:00+00:00,4556,586.296569824
2013-12-05T13:40:00+00:00,4556,561.481750488
2013-12-05T13:50:00+00:00,4556,599.248168945
2013-12-05T14:00:00+00:00,4556,631.262695312
2013-12-05T14:10:00+00:00,4556,574.198730469
2013-12-05T14:20:00+00:00,4556,491.331817627
2013-12-05T14:30:00+00:00,4556,503.898742676
2013-12-05T14:40:00+00:00,4556,621.920227051
2013-12-05T14:50:00+00:00,4556,553.851501465
2013-12-05T15:00:00+00:00,4556,535.759460449
2013-12-05T15:10:00+00:00,4556,541.811462402
2013-12-05T15:20:00+00:00,4556,487.429931641
2013-12-05T15:30:00+00:00,4556,512.074584961
2013-12-05T15:40:00+00:00,4556,524.090820312
2013-12-05T15:50:00+00:00,4556,610.874816895
2013-12-05T16:00:00+00:00,4556,573.065307617
2013-12-05T16:10:00+00:00,4556,555.313720703
2013-12-05T16:20:00+00:00,4556,579.976745605
2013-12-05T16:30:00+00:00,4556,568.024169922
2013-12-05T16:40:00+00:00,4556,551.344055176
2013-12-05T16:50:00+00:00,4556,511.474273682
2013-12-05T17:00:00+00:00,4556,543.95111084
2013-12-05T17:10:00+00:00,4556,607.857543945
2013-12-05T17:20:00+00:00,4556,621.361633301
2013-12-05T17:30:00+00:00,4556,643.718444824
2013-12-05T17:40:00+00:00,4556,703.612670898
2013-12-05T17:50:00+00:00,4556,629.196960449
2013-12-05T18:00:00+00:00,4556,699.075012207
2013-12-05T18:10:00+00:00,4556,605.811523438
2013-12-05T18:20:00+00:00,4556,692.975463867
2013-12-05T18:30:00+00:00,4556,686.122314453
2013-12-05T18:40:00+00:00,4556,730.57019043
2013-12-05T18:50:00+00:00,4556,734.529174805
2013-12-05T19:00:00+00:00,4556,818.021606445
2013-12-05T19:10:00+00:00,4556,829.914794922
2013-12-05T19:20:00+00:00,4556,913.329772949
2013-12-05T19:30:00+00:00,4556,866.808776855
2013-12-05T19:40:00+00:00,4556,852.084228516
2013-12-05T19:50:00+00:00,4556,835.180541992
2013-12-05T20:00:00+00:00,4556,857.912597656
2013-12-05T20:10:00+00:00,4556,938.259338379
2013-12-05T20:20:00+00:00,4556,714.538269043
2013-12-05T20:30:00+00:00,4556,768.270568848
2013-12-05T20:40:00+00:00,4556,849.104675293
2013-12-05T20:50:00+00:00,4556,748.5390625
2013-12-05T21:00:00+00:00,4556,811.703979492
2013-12-05T21:10:00+00:00,4556,873.290283203
2013-12-05T21:20:00+00:00,4556,893.252258301
2013-12-05T21:30:00+00:00,4556,865.185241699
2013-12-05T21:40:00+00:00,4556,830.691162109
2013-12-05T21:50:00+00:00,4556,838.604187012
2013-12-05T22:00:00+00:00,4556,815.885192871
2013-12-05T22:10:00+00:00,4556,816.358825684
2013-12-05T22:20:00+00:00,4556,709.945800781
2013-12-05T22:30:00+00:00,4556,733.502685547
2013-12-05T22:40:00+00:00,4556,715.157958984
2013-12-05T22:50:00+00:00,4556,691.819274902
2013-12-05T23:00:00+00:00,4556,603.55078125
2013-12-05T23:10:00+00:00,4556,768.048461914
2013-12-05T23:20:00+00:00,4556,636.35559082
2013-12-05T23:30:00+00:00,4556,616.362060547
2013-12-05T23:40:00+00:00,4556,560.320617676
2013-12-05T23:50:00+00:00,4556,537.094543457
2013-12-06T00:00:00+00:00,4556,475.70715332
2013-12-06T00:10:00+00:00,4556,462.766174316
2013-12-06T00:20:00+00:00,4556,470.403778076
2013-12-06T00:30:00+00:00,4556,412.522979736
2013-12-06T00:40:00+00:00,4556,416.334442139
2013-12-06T00:50:00+00:00,4556,390.404449463
2013-12-06T01:00:00+00:00,4556,402.603179932
2013-12-06T01:10:00+00:00,4556,369.910491943
2013-12-06T01:40:00+00:00,4556,316.572265625
2013-12-06T02:30:00+00:00,4556,305.391235352
2013-12-06T03:50:00+00:00,4556,238.074508667
2013-12-06T04:40:00+00:00,4556,240.05770874
2013-12-06T05:00:00+00:00,4556,260.726776123
2013-12-06T05:10:00+00:00,4556,278.002227783
2013-12-06T05:30:00+00:00,4556,280.741882324
2013-12-06T05:40:00+00:00,4556,265.85168457
2013-12-06T05:50:00+00:00,4556,327.067230225
2013-12-06T06:00:00+00:00,4556,296.679992676
2013-12-06T06:10:00+00:00,4556,315.452972412
2013-12-06T06:20:00+00:00,4556,351.306335449
2013-12-06T06:30:00+00:00,4556,386.448608398
2013-12-06T06:40:00+00:00,4556,348.670349121
2013-12-06T06:50:00+00:00,4556,425.952423096
2013-12-06T07:00:00+00:00,4556,462.659454346
2013-12-06T07:10:00+00:00,4556,421.818786621
2013-12-06T07:20:00+00:00,4556,520.057434082
2013-12-06T07:30:00+00:00,4556,495.591552734
2013-12-06T07:40:00+00:00,4556,534.529602051
2013-12-06T07:50:00+00:00,4556,517.82220459
2013-12-06T08:00:00+00:00,4556,558.732299805
2013-12-06T08:10:00+00:00,4556,519.004394531
2013-12-06T08:20:00+00:00,4556,397.885955811
2013-12-06T08:30:00+00:00,4556,395.957336426
2013-12-06T08:40:00+00:00,4556,451.477783203
2013-12-06T08:50:00+00:00,4556,559.784851074
2013-12-06T09:00:00+00:00,4556,468.348266602
2013-12-06T09:10:00+00:00,4556,480.715332031
2013-12-06T09:20:00+00:00,4556,464.62310791
2013-12-06T09:30:00+00:00,4556,464.884399414
2013-12-06T09:40:00+00:00,4556,550.79473877
2013-12-06T09:50:00+00:00,4556,549.75958252
2013-12-06T10:00:00+00:00,4556,523.868652344
2013-12-06T10:10:00+00:00,4556,475.41607666
2013-12-06T10:20:00+00:00,4556,483.962585449
2013-12-06T10:30:00+00:00,4556,415.880493164
2013-12-06T10:40:00+00:00,4556,425.497955322
2013-12-06T10:50:00+00:00,4556,418.289703369
2013-12-06T11:00:00+00:00,4556,444.754394531
2013-12-06T11:10:00+00:00,4556,461.79095459
2013-12-06T11:20:00+00:00,4556,441.381378174
2013-12-06T11:30:00+00:00,4556,498.84161377
2013-12-06T11:40:00+00:00,4556,524.904602051
2013-12-06T11:50:00+00:00,4556,588.639160156
2013-12-06T12:00:00+00:00,4556,529.769348145
2013-12-06T12:10:00+00:00,4556,535.735107422
2013-12-06T12:20:00+00:00,4556,604.124389648
2013-12-06T12:30:00+00:00,4556,526.126831055
2013-12-06T12:40:00+00:00,4556,597.283447266
2013-12-06T12:50:00+00:00,4556,641.340270996
2013-12-06T13:00:00+00:00,4556,546.880187988
2013-12-06T13:10:00+00:00,4556,519.40814209
2013-12-06T13:20:00+00:00,4556,488.688110352
2013-12-06T13:30:00+00:00,4556,585.47479248
2013-12-06T13:40:00+00:00,4556,537.383544922
2013-12-06T13:50:00+00:00,4556,540.274047852
2013-12-06T14:00:00+00:00,4556,524.932495117
2013-12-06T14:10:00+00:00,4556,498.746582031
2013-12-06T14:20:00+00:00,4556,576.333740234
2013-12-06T14:30:00+00:00,4556,645.36328125
2013-12-06T14:40:00+00:00,4556,664.168457031
2013-12-06T14:50:00+00:00,4556,523.315002441
2013-12-06T15:00:00+00:00,4556,493.416046143
2013-12-06T15:10:00+00:00,4556,597.668029785
2013-12-06T15:20:00+00:00,4556,532.789916992
2013-12-06T15:30:00+00:00,4556,547.690551758
2013-12-06T15:40:00+00:00,4556,643.657775879
2013-12-06T15:50:00+00:00,4556,512.801147461
2013-12-06T16:00:00+00:00,4556,618.872314453
2013-12-06T16:10:00+00:00,4556,610.112792969
2013-12-06T16:20:00+00:00,4556,566.260192871
2013-12-06T16:30:00+00:00,4556,601.401306152
2013-12-06T16:40:00+00:00,4556,613.33404541
2013-12-06T16:50:00+00:00,4556,704.084960938
2013-12-06T17:00:00+00:00,4556,736.5390625
2013-12-06T17:10:00+00:00,4556,626.900939941
2013-12-06T17:20:00+00:00,4556,701.291992188
2013-12-06T17:30:00+00:00,4556,604.741882324
2013-12-06T17:40:00+00:00,4556,618.312438965
2013-12-06T17:50:00+00:00,4556,622.817687988
2013-12-06T18:00:00+00:00,4556,645.008544922
2013-12-06T18:10:00+00:00,4556,543.876098633
2013-12-06T18:20:00+00:00,4556,598.570251465
2013-12-06T18:30:00+00:00,4556,629.313598633
2013-12-06T18:40:00+00:00,4556,637.592102051
2013-12-06T18:50:00+00:00,4556,658.089599609
2013-12-06T19:00:00+00:00,4556,721.938903809
2013-12-06T19:10:00+00:00,4556,749.599853516
2013-12-06T19:20:00+00:00,4556,789.863037109
2013-12-06T19:30:00+00:00,4556,836.621826172
2013-12-06T19:40:00+00:00,4556,828.272521973
2013-12-06T19:50:00+00:00,4556,1702.04516602
2013-12-06T20:00:00+00:00,4556,780.076538086
2013-12-06T20:10:00+00:00,4556,959.913085938
2013-12-06T20:20:00+00:00,4556,932.656555176
2013-12-06T20:30:00+00:00,4556,831.346008301
2013-12-06T20:40:00+00:00,4556,850.719726562
2013-12-06T20:50:00+00:00,4556,886.615661621
2013-12-06T21:00:00+00:00,4556,985.192565918
2013-12-06T21:10:00+00:00,4556,1010.84136963
2013-12-06T21:20:00+00:00,4556,940.469970703
2013-12-06T21:30:00+00:00,4556,1023.24676514
2013-12-06T21:40:00+00:00,4556,993.73840332
2013-12-06T21:50:00+00:00,4556,971.849060059
2013-12-06T22:00:00+00:00,4556,1016.86578369
2013-12-06T22:10:00+00:00,4556,959.087463379
2013-12-06T22:20:00+00:00,4556,943.435302734
2013-12-06T22:30:00+00:00,4556,940.544372559
2013-12-06T22:40:00+00:00,4556,995.413879395
2013-12-06T22:50:00+00:00,4556,926.575805664
2013-12-06T23:00:00+00:00,4556,984.553894043
2013-12-06T23:10:00+00:00,4556,1045.29748535
2013-12-06T23:20:00+00:00,4556,957.610839844
2013-12-06T23:30:00+00:00,4556,794.059753418
2013-12-06T23:40:00+00:00,4556,779.610595703
2013-12-06T23:50:00+00:00,4556,741.283813477
2013-12-07T00:00:00+00:00,4556,703.661254883
2013-12-07T00:10:00+00:00,4556,625.40057373
2013-12-07T00:20:00+00:00,4556,613.781860352
2013-12-07T00:30:00+00:00,4556,599.273376465
2013-12-07T00:40:00+00:00,4556,555.88079834
2013-12-07T00:50:00+00:00,4556,565.853393555
2013-12-07T01:00:00+00:00,4556,493.982666016
2013-12-07T01:10:00+00:00,4556,568.90814209
2013-12-07T01:20:00+00:00,4556,459.317779541
2013-12-07T01:30:00+00:00,4556,407.715637207
2013-12-07T01:40:00+00:00,4556,445.861999512
2013-12-07T01:50:00+00:00,4556,451.282562256
2013-12-07T02:10:00+00:00,4556,353.685791016
2013-12-07T02:20:00+00:00,4556,322.795227051
2013-12-07T02:30:00+00:00,4556,329.023742676
2013-12-07T02:40:00+00:00,4556,299.759094238
2013-12-07T03:10:00+00:00,4556,288.779083252
2013-12-07T03:50:00+00:00,4556,265.347320557
2013-12-07T04:20:00+00:00,4556,227.083114624
2013-12-07T05:10:00+00:00,4556,247.722381592
2013-12-07T06:00:00+00:00,4556,223.890609741
2013-12-07T06:10:00+00:00,4556,246.601577759
2013-12-07T06:20:00+00:00,4556,211.956130981
2013-12-07T06:30:00+00:00,4556,222.565963745
2013-12-07T06:40:00+00:00,4556,253.378890991
2013-12-07T06:50:00+00:00,4556,241.616516113
2013-12-07T07:00:00+00:00,4556,259.584625244
2013-12-07T07:10:00+00:00,4556,286.133178711
2013-12-07T07:20:00+00:00,4556,262.324829102
2013-12-07T07:30:00+00:00,4556,250.990020752
2013-12-07T07:40:00+00:00,4556,294.397338867
2013-12-07T07:50:00+00:00,4556,270.074035645
2013-12-07T08:00:00+00:00,4556,346.270446777
2013-12-07T08:10:00+00:00,4556,421.038574219
2013-12-07T08:20:00+00:00,4556,434.200469971
2013-12-07T08:30:00+00:00,4556,322.612091064
2013-12-07T08:40:00+00:00,4556,382.199523926
2013-12-07T08:50:00+00:00,4556,452.5
2013-12-07T09:00:00+00:00,4556,457.309631348
2013-12-07T09:10:00+00:00,4556,402.056030273
2013-12-07T09:20:00+00:00,4556,439.611633301
2013-12-07T09:30:00+00:00,4556,460.254394531
2013-12-07T09:40:00+00:00,4556,403.368713379
2013-12-07T09:50:00+00:00,4556,447.608917236
2013-12-07T10:00:00+00:00,4556,387.073883057
2013-12-07T10:10:00+00:00,4556,459.41809082
2013-12-07T10:20:00+00:00,4556,447.153869629
2013-12-07T10:30:00+00:00,4556,415.12210083
2013-12-07T10:40:00+00:00,4556,567.92175293
2013-12-07T10:50:00+00:00,4556,532.525756836
2013-12-07T11:00:00+00:00,4556,501.72769165
2013-12-07T11:10:00+00:00,4556,674.949279785
2013-12-07T11:20:00+00:00,4556,520.229675293
2013-12-07T11:30:00+00:00,4556,590.760681152
2013-12-07T11:40:00+00:00,4556,641.223815918
2013-12-07T11:50:00+00:00,4556,789.977539062
2013-12-07T12:00:00+00:00,4556,600.989685059
2013-12-07T12:10:00+00:00,4556,589.11730957
2013-12-07T12:20:00+00:00,4556,629.433898926
2013-12-07T12:30:00+00:00,4556,622.233642578
2013-12-07T12:40:00+00:00,4556,791.31842041
2013-12-07T12:50:00+00:00,4556,693.673706055
2013-12-07T13:00:00+00:00,4556,693.856140137
2013-12-07T13:10:00+00:00,4556,814.8515625
2013-12-07T13:20:00+00:00,4556,900.918823242
2013-12-07T13:30:00+00:00,4556,716.200256348
2013-12-07T13:40:00+00:00,4556,737.12487793
2013-12-07T13:50:00+00:00,4556,753.662658691
2013-12-07T14:00:00+00:00,4556,722.009643555
2013-12-07T14:10:00+00:00,4556,831.822937012
2013-12-07T14:20:00+00:00,4556,849.684692383
2013-12-07T14:30:00+00:00,4556,666.497314453
2013-12-07T14:40:00+00:00,4556,671.316040039
2013-12-07T14:50:00+00:00,4556,626.908569336
2013-12-07T15:00:00+00:00,4556,656.642211914
2013-12-07T15:10:00+00:00,4556,611.435668945
2013-12-07T15:20:00+00:00,4556,587.941772461
2013-12-07T15:30:00+00:00,4556,644.098266602
2013-12-07T15:40:00+00:00,4556,511.730194092
2013-12-07T15:50:00+00:00,4556,574.001525879
2013-12-07T16:00:00+00:00,4556,513.079101562
2013-12-07T16:10:00+00:00,4556,536.760314941
2013-12-07T16:20:00+00:00,4556,541.00793457
2013-12-07T16:30:00+00:00,4556,604.445922852
2013-12-07T16:40:00+00:00,4556,765.542358398
2013-12-07T16:50:00+00:00,4556,573.814880371
2013-12-07T17:00:00+00:00,4556,538.71673584
2013-12-07T17:10:00+00:00,4556,638.551574707
2013-12-07T17:20:00+00:00,4556,521.330627441
2013-12-07T17:30:00+00:00,4556,538.306030273
2013-12-07T17:40:00+00:00,4556,608.294128418
2013-12-07T17:50:00+00:00,4556,612.32989502
2013-12-07T18:00:00+00:00,4556,565.334960938
2013-12-07T18:10:00+00:00,4556,701.044006348
2013-12-07T18:20:00+00:00,4556,664.930419922
2013-12-07T18:30:00+00:00,4556,678.556152344
2013-12-07T18:40:00+00:00,4556,795.425170898
2013-12-07T18:50:00+00:00,4556,788.599182129
2013-12-07T19:00:00+00:00,4556,765.213989258
2013-12-07T19:10:00+00:00,4556,839.24597168
2013-12-07T19:20:00+00:00,4556,777.513366699
2013-12-07T19:30:00+00:00,4556,780.572692871
2013-12-07T19:40:00+00:00,4556,953.377197266
2013-12-07T19:50:00+00:00,4556,1134.33947754
2013-12-07T20:00:00+00:00,4556,1080.76098633
2013-12-07T20:10:00+00:00,4556,1029.33898926
2013-12-07T20:20:00+00:00,4556,1002.13354492
2013-12-07T20:30:00+00:00,4556,1151.67785645
2013-12-07T20:40:00+00:00,4556,1015.20275879
2013-12-07T20:50:00+00:00,4556,1134.65112305
2013-12-07T21:00:00+00:00,4556,1019.35961914
2013-12-07T21:10:00+00:00,4556,1161.22998047
2013-12-07T21:20:00+00:00,4556,1095.28051758
2013-12-07T21:30:00+00:00,4556,1130.75415039
2013-12-07T21:40:00+00:00,4556,1142.54748535
2013-12-07T21:50:00+00:00,4556,1057.95776367
2013-12-07T22:00:00+00:00,4556,1174.44628906
2013-12-07T22:10:00+00:00,4556,1145.20812988
2013-12-07T22:20:00+00:00,4556,1066.26000977
2013-12-07T22:30:00+00:00,4556,1088.02478027
2013-12-07T22:40:00+00:00,4556,1100.22460938
2013-12-07T22:50:00+00:00,4556,967.451477051
2013-12-07T23:00:00+00:00,4556,1044.17236328
2013-12-07T23:10:00+00:00,4556,980.350097656
2013-12-07T23:20:00+00:00,4556,1048.40270996
2013-12-07T23:30:00+00:00,4556,873.258422852
2013-12-07T23:40:00+00:00,4556,797.671142578
2013-12-07T23:50:00+00:00,4556,779.49810791
2013-12-08T00:00:00+00:00,4556,716.963317871
2013-12-08T00:10:00+00:00,4556,682.498046875
2013-12-08T00:20:00+00:00,4556,650.545043945
2013-12-08T00:30:00+00:00,4556,683.347900391
2013-12-08T00:40:00+00:00,4556,576.889770508
2013-12-08T00:50:00+00:00,4556,519.486755371
2013-12-08T01:00:00+00:00,4556,539.946472168
2013-12-08T01:10:00+00:00,4556,481.259918213
2013-12-08T01:20:00+00:00,4556,417.415771484
2013-12-08T01:30:00+00:00,4556,425.132171631
2013-12-08T01:40:00+00:00,4556,386.296386719
2013-12-08T01:50:00+00:00,4556,387.617126465
2013-12-08T02:00:00+00:00,4556,351.814361572
2013-12-08T02:10:00+00:00,4556,303.624023438
2013-12-08T02:20:00+00:00,4556,317.333526611
2013-12-08T02:30:00+00:00,4556,298.707336426
2013-12-08T02:40:00+00:00,4556,285.147674561
2013-12-08T02:50:00+00:00,4556,257.084075928
2013-12-08T03:10:00+00:00,4556,271.808166504
2013-12-08T06:20:00+00:00,4556,213.730224609
2013-12-08T06:40:00+00:00,4556,211.173736572
2013-12-08T06:50:00+00:00,4556,200.387878418
2013-12-08T07:00:00+00:00,4556,232.751617432
2013-12-08T07:10:00+00:00,4556,242.320358276
2013-12-08T07:20:00+00:00,4556,195.113830566
2013-12-08T07:30:00+00:00,4556,262.295288086
2013-12-08T07:40:00+00:00,4556,275.898925781
2013-12-08T07:50:00+00:00,4556,284.560180664
2013-12-08T08:00:00+00:00,4556,294.312988281
2013-12-08T08:10:00+00:00,4556,311.727996826
2013-12-08T08:20:00+00:00,4556,271.676116943
2013-12-08T08:30:00+00:00,4556,344.49041748
2013-12-08T08:40:00+00:00,4556,299.874725342
2013-12-08T08:50:00+00:00,4556,285.516143799
2013-12-08T09:00:00+00:00,4556,429.885284424
2013-12-08T09:10:00+00:00,4556,376.883239746
2013-12-08T09:20:00+00:00,4556,384.939025879
2013-12-08T09:30:00+00:00,4556,407.716400146
2013-12-08T09:40:00+00:00,4556,475.358184814
2013-12-08T09:50:00+00:00,4556,430.5730896
2013-12-08T10:00:00+00:00,4556,401.832824707
2013-12-08T10:10:00+00:00,4556,465.584594727
2013-12-08T10:20:00+00:00,4556,448.338043213
2013-12-08T10:30:00+00:00,4556,454.157318115
2013-12-08T10:40:00+00:00,4556,442.264923096
2013-12-08T10:50:00+00:00,4556,432.916931152
2013-12-08T11:00:00+00:00,4556,570.821105957
2013-12-08T11:10:00+00:00,4556,442.112701416
2013-12-08T11:20:00+00:00,4556,463.58190918
2013-12-08T11:30:00+00:00,4556,460.803222656
2013-12-08T11:40:00+00:00,4556,572.621643066
2013-12-08T11:50:00+00:00,4556,501.783233643
2013-12-08T12:00:00+00:00,4556,600.484130859
2013-12-08T12:10:00+00:00,4556,578.721069336
2013-12-08T12:20:00+00:00,4556,588.012756348
2013-12-08T12:30:00+00:00,4556,573.518554688
2013-12-08T12:40:00+00:00,4556,823.682250977
2013-12-08T12:50:00+00:00,4556,601.089294434
2013-12-08T13:00:00+00:00,4556,593.764526367
2013-12-08T13:10:00+00:00,4556,608.275512695
2013-12-08T13:20:00+00:00,4556,608.458312988
2013-12-08T13:30:00+00:00,4556,714.649902344
2013-12-08T13:40:00+00:00,4556,600.974243164
2013-12-08T13:50:00+00:00,4556,713.568359375
2013-12-08T14:00:00+00:00,4556,691.379089355
2013-12-08T14:10:00+00:00,4556,649.295898438
2013-12-08T14:20:00+00:00,4556,710.3515625
2013-12-08T14:30:00+00:00,4556,580.116943359
2013-12-08T14:40:00+00:00,4556,546.071899414
2013-12-08T14:50:00+00:00,4556,602.548278809
2013-12-08T15:00:00+00:00,4556,578.374816895
2013-12-08T15:10:00+00:00,4556,511.550994873
2013-12-08T15:20:00+00:00,4556,594.816833496
2013-12-08T15:30:00+00:00,4556,599.47668457
2013-12-08T15:40:00+00:00,4556,554.468444824
2013-12-08T15:50:00+00:00,4556,523.559082031
2013-12-08T16:00:00+00:00,4556,481.392364502
2013-12-08T16:10:00+00:00,4556,547.742736816
2013-12-08T16:20:00+00:00,4556,585.665100098
2013-12-08T16:30:00+00:00,4556,517.717590332
2013-12-08T16:40:00+00:00,4556,576.693359375
2013-12-08T16:50:00+00:00,4556,572.340209961
2013-12-08T17:00:00+00:00,4556,586.474243164
2013-12-08T17:10:00+00:00,4556,523.072387695
2013-12-08T17:20:00+00:00,4556,627.401855469
2013-12-08T17:30:00+00:00,4556,670.369812012
2013-12-08T17:40:00+00:00,4556,643.405578613
2013-12-08T17:50:00+00:00,4556,644.811889648
2013-12-08T18:00:00+00:00,4556,634.127197266
2013-12-08T18:10:00+00:00,4556,653.782897949
2013-12-08T18:20:00+00:00,4556,653.551940918
2013-12-08T18:30:00+00:00,4556,619.263183594
2013-12-08T18:40:00+00:00,4556,625.477416992
2013-12-08T18:50:00+00:00,4556,623.255737305
2013-12-08T19:00:00+00:00,4556,680.107421875
2013-12-08T19:10:00+00:00,4556,640.975402832
2013-12-08T19:20:00+00:00,4556,689.141296387
2013-12-08T19:30:00+00:00,4556,682.249633789
2013-12-08T19:40:00+00:00,4556,766.470581055
2013-12-08T19:50:00+00:00,4556,739.472717285
2013-12-08T20:00:00+00:00,4556,861.234863281
2013-12-08T20:10:00+00:00,4556,839.491149902
2013-12-08T20:20:00+00:00,4556,670.133911133
2013-12-08T20:30:00+00:00,4556,718.069091797
2013-12-08T20:40:00+00:00,4556,692.645629883
2013-12-08T20:50:00+00:00,4556,790.575805664
2013-12-08T21:00:00+00:00,4556,644.851135254
2013-12-08T21:10:00+00:00,4556,648.815856934
2013-12-08T21:20:00+00:00,4556,752.536071777
2013-12-08T21:30:00+00:00,4556,615.182128906
2013-12-08T21:40:00+00:00,4556,656.560913086
2013-12-08T21:50:00+00:00,4556,682.790222168
2013-12-08T22:00:00+00:00,4556,540.996154785
2013-12-08T22:10:00+00:00,4556,619.210266113
2013-12-08T22:20:00+00:00,4556,541.79119873
2013-12-08T22:30:00+00:00,4556,548.425170898
2013-12-08T22:40:00+00:00,4556,536.123168945
2013-12-08T22:50:00+00:00,4556,470.418212891
2013-12-08T23:00:00+00:00,4556,473.666320801
2013-12-08T23:10:00+00:00,4556,433.672790527
2013-12-08T23:20:00+00:00,4556,460.396514893
2013-12-08T23:30:00+00:00,4556,446.004425049
2013-12-08T23:40:00+00:00,4556,422.219085693
2013-12-08T23:50:00+00:00,4556,407.103149414
2013-12-09T00:00:00+00:00,4556,367.502746582
2013-12-09T00:10:00+00:00,4556,302.213562012
2013-12-09T00:20:00+00:00,4556,319.842987061
2013-12-09T00:50:00+00:00,4556,304.898376465
2013-12-09T01:40:00+00:00,4556,236.145370483
2013-12-09T05:40:00+00:00,4556,287.807617188
2013-12-09T05:50:00+00:00,4556,300.120147705
2013-12-09T06:00:00+00:00,4556,317.958221436
2013-12-09T06:10:00+00:00,4556,315.134002686
2013-12-09T06:20:00+00:00,4556,321.441436768
2013-12-09T06:30:00+00:00,4556,465.266479492
2013-12-09T06:40:00+00:00,4556,361.208831787
2013-12-09T06:50:00+00:00,4556,383.434692383
2013-12-09T07:00:00+00:00,4556,401.785400391
2013-12-09T07:10:00+00:00,4556,689.488098145
2013-12-09T07:20:00+00:00,4556,578.069702148
2013-12-09T07:30:00+00:00,4556,478.376739502
2013-12-09T07:40:00+00:00,4556,481.612091064
2013-12-09T07:50:00+00:00,4556,473.334747314
2013-12-09T08:00:00+00:00,4556,524.369140625
2013-12-09T08:10:00+00:00,4556,451.431365967
2013-12-09T08:20:00+00:00,4556,426.679962158
2013-12-09T08:30:00+00:00,4556,540.74407959
2013-12-09T08:40:00+00:00,4556,465.798431396
2013-12-09T08:50:00+00:00,4556,524.334533691
2013-12-09T09:00:00+00:00,4556,449.275756836
2013-12-09T09:10:00+00:00,4556,448.181396484
2013-12-09T09:20:00+00:00,4556,450.954467773
2013-12-09T09:30:00+00:00,4556,450.98248291
2013-12-09T09:40:00+00:00,4556,472.409759521
2013-12-09T09:50:00+00:00,4556,400.435333252
2013-12-09T10:00:00+00:00,4556,436.540100098
2013-12-09T10:10:00+00:00,4556,407.58770752
2013-12-09T10:20:00+00:00,4556,573.280456543
2013-12-09T10:30:00+00:00,4556,468.889465332
2013-12-09T10:40:00+00:00,4556,483.55291748
2013-12-09T10:50:00+00:00,4556,438.957458496
2013-12-09T11:00:00+00:00,4556,445.342529297
2013-12-09T11:10:00+00:00,4556,531.604492188
2013-12-09T11:20:00+00:00,4556,582.930847168
2013-12-09T11:30:00+00:00,4556,564.293334961
2013-12-09T11:40:00+00:00,4556,572.568969727
2013-12-09T11:50:00+00:00,4556,590.92779541
2013-12-09T12:00:00+00:00,4556,551.776550293
2013-12-09T12:10:00+00:00,4556,599.599182129
2013-12-09T12:20:00+00:00,4556,544.941650391
2013-12-09T12:30:00+00:00,4556,503.897674561
2013-12-09T12:40:00+00:00,4556,529.858093262
2013-12-09T12:50:00+00:00,4556,638.110046387
2013-12-09T13:00:00+00:00,4556,616.603088379
2013-12-09T13:10:00+00:00,4556,572.714355469
2013-12-09T13:20:00+00:00,4556,562.54901123
2013-12-09T13:30:00+00:00,4556,589.787353516
2013-12-09T13:40:00+00:00,4556,548.864929199
2013-12-09T13:50:00+00:00,4556,558.760986328
2013-12-09T14:00:00+00:00,4556,568.034606934
2013-12-09T14:10:00+00:00,4556,529.380187988
2013-12-09T14:20:00+00:00,4556,513.325805664
2013-12-09T14:30:00+00:00,4556,524.720581055
2013-12-09T14:40:00+00:00,4556,531.66394043
2013-12-09T14:50:00+00:00,4556,607.587463379
2013-12-09T15:00:00+00:00,4556,530.12121582
2013-12-09T15:10:00+00:00,4556,516.762451172
2013-12-09T15:20:00+00:00,4556,576.665222168
2013-12-09T15:30:00+00:00,4556,620.830444336
2013-12-09T15:40:00+00:00,4556,600.682800293
2013-12-09T15:50:00+00:00,4556,579.112121582
2013-12-09T16:00:00+00:00,4556,674.766662598
2013-12-09T16:10:00+00:00,4556,550.506591797
2013-12-09T16:20:00+00:00,4556,545.083862305
2013-12-09T16:30:00+00:00,4556,554.059143066
2013-12-09T16:40:00+00:00,4556,599.647583008
2013-12-09T16:50:00+00:00,4556,587.251525879
2013-12-09T17:00:00+00:00,4556,688.63293457
2013-12-09T17:10:00+00:00,4556,605.921447754
2013-12-09T17:20:00+00:00,4556,599.98260498
2013-12-09T17:30:00+00:00,4556,596.798583984
2013-12-09T17:40:00+00:00,4556,774.419616699
2013-12-09T17:50:00+00:00,4556,799.806640625
2013-12-09T18:00:00+00:00,4556,699.838989258
2013-12-09T18:10:00+00:00,4556,689.299682617
2013-12-09T18:20:00+00:00,4556,723.837280273
2013-12-09T18:30:00+00:00,4556,701.420593262
2013-12-09T18:40:00+00:00,4556,782.754699707
2013-12-09T18:50:00+00:00,4556,708.961425781
2013-12-09T19:00:00+00:00,4556,775.108215332
2013-12-09T19:10:00+00:00,4556,716.68762207
2013-12-09T19:20:00+00:00,4556,737.160888672
2013-12-09T19:30:00+00:00,4556,781.216796875
2013-12-09T19:40:00+00:00,4556,992.881713867
2013-12-09T19:50:00+00:00,4556,717.809753418
2013-12-09T20:00:00+00:00,4556,744.598632812
2013-12-09T20:10:00+00:00,4556,790.696228027
2013-12-09T20:20:00+00:00,4556,777.208374023
2013-12-09T20:30:00+00:00,4556,748.670654297
2013-12-09T20:40:00+00:00,4556,797.89654541
2013-12-09T20:50:00+00:00,4556,868.694274902
2013-12-09T21:00:00+00:00,4556,846.011291504
2013-12-09T21:10:00+00:00,4556,837.480285645
2013-12-09T21:20:00+00:00,4556,736.824645996
2013-12-09T21:30:00+00:00,4556,708.607849121
2013-12-09T21:40:00+00:00,4556,711.862792969
2013-12-09T21:50:00+00:00,4556,619.682861328
2013-12-09T22:00:00+00:00,4556,657.574768066
2013-12-09T22:10:00+00:00,4556,628.736328125
2013-12-09T22:20:00+00:00,4556,639.276367188
2013-12-09T22:30:00+00:00,4556,628.188964844
2013-12-09T22:40:00+00:00,4556,614.716674805
2013-12-09T22:50:00+00:00,4556,587.810791016
2013-12-09T23:00:00+00:00,4556,537.297851562
2013-12-09T23:10:00+00:00,4556,515.946594238
2013-12-09T23:20:00+00:00,4556,535.244995117
2013-12-09T23:30:00+00:00,4556,453.345855713
2013-12-09T23:40:00+00:00,4556,494.045623779
2013-12-09T23:50:00+00:00,4556,464.024200439
2013-12-10T00:10:00+00:00,4556,403.840881348
2013-12-10T00:30:00+00:00,4556,356.915130615
2013-12-10T00:50:00+00:00,4556,393.832855225
2013-12-10T01:10:00+00:00,4556,388.12878418
2013-12-10T05:10:00+00:00,4556,284.855865479
2013-12-10T05:20:00+00:00,4556,232.809036255
2013-12-10T05:30:00+00:00,4556,264.42980957
2013-12-10T05:40:00+00:00,4556,287.605773926
2013-12-10T05:50:00+00:00,4556,275.988372803
2013-12-10T06:00:00+00:00,4556,283.286346436
2013-12-10T06:10:00+00:00,4556,315.244781494
2013-12-10T06:20:00+00:00,4556,362.149169922
2013-12-10T06:30:00+00:00,4556,408.457824707
2013-12-10T06:40:00+00:00,4556,569.249328613
2013-12-10T06:50:00+00:00,4556,471.002380371
2013-12-10T07:00:00+00:00,4556,505.038757324
2013-12-10T07:10:00+00:00,4556,561.142028809
2013-12-10T07:20:00+00:00,4556,531.69732666
2013-12-10T07:30:00+00:00,4556,555.231201172
2013-12-10T07:40:00+00:00,4556,540.84375
2013-12-10T07:50:00+00:00,4556,470.536071777
2013-12-10T08:00:00+00:00,4556,609.938781738
2013-12-10T08:10:00+00:00,4556,579.34967041
2013-12-10T08:20:00+00:00,4556,551.316772461
2013-12-10T08:30:00+00:00,4556,599.573974609
2013-12-10T08:40:00+00:00,4556,527.300964355
2013-12-10T08:50:00+00:00,4556,511.57208252
2013-12-10T09:00:00+00:00,4556,473.94708252
2013-12-10T09:10:00+00:00,4556,506.861877441
2013-12-10T09:20:00+00:00,4556,618.621948242
2013-12-10T09:30:00+00:00,4556,522.863952637
2013-12-10T09:40:00+00:00,4556,484.3722229
2013-12-10T09:50:00+00:00,4556,547.366271973
2013-12-10T10:00:00+00:00,4556,555.44921875
2013-12-10T10:10:00+00:00,4556,610.029907227
2013-12-10T10:20:00+00:00,4556,610.103637695
2013-12-10T10:30:00+00:00,4556,525.081176758
2013-12-10T10:40:00+00:00,4556,622.789611816
2013-12-10T10:50:00+00:00,4556,549.541381836
2013-12-10T11:00:00+00:00,4556,532.217712402
2013-12-10T11:10:00+00:00,4556,551.739746094
2013-12-10T11:20:00+00:00,4556,519.209594727
2013-12-10T11:30:00+00:00,4556,553.181884766
2013-12-10T11:40:00+00:00,4556,530.077453613
2013-12-10T11:50:00+00:00,4556,534.680358887
2013-12-10T12:00:00+00:00,4556,606.56463623
2013-12-10T12:10:00+00:00,4556,600.239929199
2013-12-10T12:20:00+00:00,4556,579.049194336
2013-12-10T12:30:00+00:00,4556,583.516845703
2013-12-10T12:40:00+00:00,4556,660.076477051
2013-12-10T12:50:00+00:00,4556,601.646850586
2013-12-10T13:00:00+00:00,4556,604.368530273
2013-12-10T13:10:00+00:00,4556,603.775085449
2013-12-10T13:20:00+00:00,4556,586.136413574
2013-12-10T13:30:00+00:00,4556,537.549804688
2013-12-10T13:40:00+00:00,4556,596.022216797
2013-12-10T13:50:00+00:00,4556,579.287353516
2013-12-10T14:00:00+00:00,4556,597.681640625
2013-12-10T14:10:00+00:00,4556,584.660095215
2013-12-10T14:20:00+00:00,4556,492.993499756
2013-12-10T14:30:00+00:00,4556,478.349212646
2013-12-10T14:40:00+00:00,4556,570.343566895
2013-12-10T14:50:00+00:00,4556,616.521728516
2013-12-10T15:00:00+00:00,4556,762.867370605
2013-12-10T15:10:00+00:00,4556,624.565368652
2013-12-10T15:20:00+00:00,4556,474.459503174
2013-12-10T15:30:00+00:00,4556,486.531341553
2013-12-10T15:40:00+00:00,4556,572.421264648
2013-12-10T15:50:00+00:00,4556,509.110473633
2013-12-10T16:00:00+00:00,4556,510.819122314
2013-12-10T16:10:00+00:00,4556,527.778747559
2013-12-10T16:20:00+00:00,4556,473.851470947
2013-12-10T16:30:00+00:00,4556,585.565185547
2013-12-10T16:40:00+00:00,4556,612.582214355
2013-12-10T16:50:00+00:00,4556,677.920410156
2013-12-10T17:00:00+00:00,4556,641.094238281
2013-12-10T17:10:00+00:00,4556,671.071472168
2013-12-10T17:20:00+00:00,4556,641.549438477
2013-12-10T17:30:00+00:00,4556,575.085693359
2013-12-10T17:40:00+00:00,4556,598.350830078
2013-12-10T17:50:00+00:00,4556,660.803283691
2013-12-10T18:00:00+00:00,4556,671.425292969
2013-12-10T18:10:00+00:00,4556,700.896484375
2013-12-10T18:20:00+00:00,4556,694.352539062
2013-12-10T18:30:00+00:00,4556,648.701965332
2013-12-10T18:40:00+00:00,4556,771.408691406
2013-12-10T18:50:00+00:00,4556,652.31439209
2013-12-10T19:00:00+00:00,4556,672.489318848
2013-12-10T19:10:00+00:00,4556,723.795227051
2013-12-10T19:20:00+00:00,4556,704.677307129
2013-12-10T19:30:00+00:00,4556,763.716186523
2013-12-10T19:40:00+00:00,4556,753.161682129
2013-12-10T19:50:00+00:00,4556,751.676879883
2013-12-10T20:00:00+00:00,4556,836.701171875
2013-12-10T20:10:00+00:00,4556,711.799987793
2013-12-10T20:20:00+00:00,4556,696.553771973
2013-12-10T20:30:00+00:00,4556,746.571777344
2013-12-10T20:40:00+00:00,4556,784.684753418
2013-12-10T20:50:00+00:00,4556,774.548828125
2013-12-10T21:00:00+00:00,4556,763.48236084
2013-12-10T21:10:00+00:00,4556,802.594726562
2013-12-10T21:20:00+00:00,4556,679.742004395
2013-12-10T21:30:00+00:00,4556,711.56048584
2013-12-10T21:40:00+00:00,4556,720.690856934
2013-12-10T21:50:00+00:00,4556,724.113037109
2013-12-10T22:00:00+00:00,4556,802.240234375
2013-12-10T22:10:00+00:00,4556,786.279602051
2013-12-10T22:20:00+00:00,4556,684.557617188
2013-12-10T22:30:00+00:00,4556,686.305541992
2013-12-10T22:40:00+00:00,4556,670.838623047
2013-12-10T22:50:00+00:00,4556,583.677001953
2013-12-11T23:00:00+00:00,4556,760.176330566
2013-12-11T23:10:00+00:00,4556,643.72253418
2013-12-11T23:20:00+00:00,4556,532.646606445
2013-12-11T23:30:00+00:00,4556,540.829956055
2013-12-11T23:40:00+00:00,4556,568.990783691
2013-12-11T23:50:00+00:00,4556,471.540710449
2013-12-12T00:00:00+00:00,4556,490.260131836
2013-12-12T00:10:00+00:00,4556,430.549194336
2013-12-12T00:20:00+00:00,4556,436.561340332
2013-12-12T00:30:00+00:00,4556,417.182952881
2013-12-12T00:40:00+00:00,4556,425.996551514
2013-12-12T00:50:00+00:00,4556,407.334350586
2013-12-12T01:00:00+00:00,4556,378.25769043
2013-12-12T01:10:00+00:00,4556,353.260070801
2013-12-12T01:30:00+00:00,4556,349.534210205
2013-12-12T01:40:00+00:00,4556,307.794494629
2013-12-12T02:30:00+00:00,4556,326.841949463
2013-12-12T04:50:00+00:00,4556,318.566040039
2013-12-12T05:20:00+00:00,4556,319.556762695
2013-12-12T05:30:00+00:00,4556,346.976928711
2013-12-12T05:40:00+00:00,4556,350.799713135
2013-12-12T05:50:00+00:00,4556,295.848114014
2013-12-12T06:00:00+00:00,4556,370.173828125
2013-12-12T06:10:00+00:00,4556,349.924133301
2013-12-12T06:30:00+00:00,4556,572.048339844
2013-12-12T06:40:00+00:00,4556,448.132598877
2013-12-12T06:50:00+00:00,4556,476.62487793
2013-12-12T07:00:00+00:00,4556,503.890472412
2013-12-12T07:10:00+00:00,4556,460.9402771
2013-12-12T07:20:00+00:00,4556,511.863708496
2013-12-12T07:30:00+00:00,4556,516.737487793
2013-12-12T07:40:00+00:00,4556,562.901428223
2013-12-12T07:50:00+00:00,4556,575.814147949
2013-12-12T08:00:00+00:00,4556,510.186340332
2013-12-12T08:10:00+00:00,4556,585.084289551
2013-12-12T08:20:00+00:00,4556,495.660003662
2013-12-12T08:30:00+00:00,4556,485.890014648
2013-12-12T08:40:00+00:00,4556,462.730926514
2013-12-12T08:50:00+00:00,4556,485.759368896
2013-12-12T09:00:00+00:00,4556,578.960021973
2013-12-12T09:10:00+00:00,4556,503.788391113
2013-12-12T09:20:00+00:00,4556,514.902587891
2013-12-12T09:30:00+00:00,4556,518.688720703
2013-12-12T09:40:00+00:00,4556,541.905517578
2013-12-12T09:50:00+00:00,4556,521.447875977
2013-12-12T10:00:00+00:00,4556,501.866973877
2013-12-12T10:10:00+00:00,4556,507.973571777
2013-12-12T10:20:00+00:00,4556,530.452819824
2013-12-12T10:30:00+00:00,4556,590.097167969
2013-12-12T10:40:00+00:00,4556,500.397949219
2013-12-12T10:50:00+00:00,4556,538.97869873
2013-12-12T11:00:00+00:00,4556,553.957580566
2013-12-12T11:10:00+00:00,4556,538.718994141
2013-12-12T11:20:00+00:00,4556,570.144714355
2013-12-12T11:30:00+00:00,4556,588.166687012
2013-12-12T11:40:00+00:00,4556,573.786132812
2013-12-12T11:50:00+00:00,4556,522.925109863
2013-12-12T12:00:00+00:00,4556,618.448852539
2013-12-12T12:10:00+00:00,4556,603.301879883
2013-12-12T12:20:00+00:00,4556,641.632873535
2013-12-12T12:30:00+00:00,4556,640.68536377
2013-12-12T12:40:00+00:00,4556,652.377563477
2013-12-12T12:50:00+00:00,4556,645.766601562
2013-12-12T13:00:00+00:00,4556,673.09942627
2013-12-12T13:10:00+00:00,4556,696.425842285
2013-12-12T13:20:00+00:00,4556,684.074645996
2013-12-12T13:30:00+00:00,4556,697.762512207
2013-12-12T13:40:00+00:00,4556,608.37097168
2013-12-12T13:50:00+00:00,4556,655.866210938
2013-12-12T14:00:00+00:00,4556,617.951416016
2013-12-12T14:10:00+00:00,4556,542.44354248
2013-12-12T14:20:00+00:00,4556,557.899719238
2013-12-12T14:30:00+00:00,4556,576.355651855
2013-12-12T14:40:00+00:00,4556,532.567871094
2013-12-12T14:50:00+00:00,4556,541.546691895
2013-12-12T15:00:00+00:00,4556,521.12878418
2013-12-12T15:10:00+00:00,4556,547.902404785
2013-12-12T15:20:00+00:00,4556,590.466796875
2013-12-12T15:30:00+00:00,4556,571.832763672
2013-12-12T15:40:00+00:00,4556,523.723205566
2013-12-12T15:50:00+00:00,4556,572.42175293
2013-12-12T16:00:00+00:00,4556,612.563781738
2013-12-12T16:10:00+00:00,4556,577.971008301
2013-12-12T16:20:00+00:00,4556,529.838134766
2013-12-12T16:30:00+00:00,4556,614.952636719
2013-12-12T16:40:00+00:00,4556,507.272644043
2013-12-12T16:50:00+00:00,4556,577.941711426
2013-12-12T17:00:00+00:00,4556,649.934631348
2013-12-12T17:10:00+00:00,4556,580.261047363
2013-12-12T17:20:00+00:00,4556,628.365539551
2013-12-12T17:30:00+00:00,4556,595.190368652
2013-12-12T17:40:00+00:00,4556,613.256164551
2013-12-12T17:50:00+00:00,4556,690.444335938
2013-12-12T18:00:00+00:00,4556,656.698669434
2013-12-12T18:10:00+00:00,4556,682.569213867
2013-12-12T18:20:00+00:00,4556,681.475036621
2013-12-12T18:30:00+00:00,4556,642.158996582
2013-12-12T18:40:00+00:00,4556,726.145385742
2013-12-12T18:50:00+00:00,4556,721.611083984
2013-12-12T19:00:00+00:00,4556,848.450012207
2013-12-12T19:10:00+00:00,4556,811.544067383
2013-12-12T19:20:00+00:00,4556,879.783996582
2013-12-12T19:30:00+00:00,4556,785.00958252
2013-12-12T19:40:00+00:00,4556,752.113830566
2013-12-12T19:50:00+00:00,4556,760.306152344
2013-12-12T20:00:00+00:00,4556,907.05871582
2013-12-12T20:10:00+00:00,4556,907.665039062
2013-12-12T20:20:00+00:00,4556,833.831115723
2013-12-12T20:30:00+00:00,4556,822.278259277
2013-12-12T20:40:00+00:00,4556,774.586608887
2013-12-12T20:50:00+00:00,4556,793.164855957
2013-12-12T21:00:00+00:00,4556,772.234802246
2013-12-12T21:10:00+00:00,4556,788.116333008
2013-12-12T21:20:00+00:00,4556,711.620117188
2013-12-12T21:30:00+00:00,4556,762.53302002
2013-12-12T21:40:00+00:00,4556,750.034912109
2013-12-12T21:50:00+00:00,4556,783.950866699
2013-12-12T22:00:00+00:00,4556,786.96081543
2013-12-12T22:10:00+00:00,4556,824.771789551
2013-12-12T22:20:00+00:00,4556,744.873962402
2013-12-12T22:30:00+00:00,4556,818.002441406
2013-12-12T22:40:00+00:00,4556,820.237426758
2013-12-12T22:50:00+00:00,4556,727.465820312
2013-12-12T23:00:00+00:00,4556,684.212219238
2013-12-12T23:10:00+00:00,4556,594.982788086
2013-12-12T23:20:00+00:00,4556,608.006591797
2013-12-12T23:30:00+00:00,4556,624.471191406
2013-12-12T23:40:00+00:00,4556,593.963256836
2013-12-12T23:50:00+00:00,4556,557.99432373
2013-12-13T00:00:00+00:00,4556,515.985168457
2013-12-13T00:10:00+00:00,4556,515.907165527
2013-12-13T00:20:00+00:00,4556,447.164978027
2013-12-13T00:30:00+00:00,4556,451.098114014
2013-12-13T00:40:00+00:00,4556,403.889129639
2013-12-13T00:50:00+00:00,4556,355.392791748
2013-12-13T01:00:00+00:00,4556,357.388305664
2013-12-13T01:10:00+00:00,4556,318.089050293
2013-12-13T01:20:00+00:00,4556,338.603912354
2013-12-13T01:30:00+00:00,4556,321.024627686
2013-12-13T01:40:00+00:00,4556,284.224273682
2013-12-13T02:20:00+00:00,4556,233.071243286
2013-12-13T04:10:00+00:00,4556,204.694000244
2013-12-13T04:40:00+00:00,4556,253.19430542
2013-12-13T05:40:00+00:00,4556,276.806213379
2013-12-13T05:50:00+00:00,4556,301.088928223
2013-12-13T06:00:00+00:00,4556,344.430633545
2013-12-13T06:10:00+00:00,4556,331.416412354
2013-12-13T06:20:00+00:00,4556,359.027130127
2013-12-13T06:30:00+00:00,4556,359.446166992
2013-12-13T06:40:00+00:00,4556,406.258270264
2013-12-13T06:50:00+00:00,4556,438.489898682
2013-12-13T07:00:00+00:00,4556,435.037109375
2013-12-13T07:10:00+00:00,4556,469.069274902
2013-12-13T07:20:00+00:00,4556,480.31427002
2013-12-13T07:30:00+00:00,4556,482.74005127
2013-12-13T07:40:00+00:00,4556,463.112670898
2013-12-13T07:50:00+00:00,4556,498.726837158
2013-12-13T08:00:00+00:00,4556,531.730712891
2013-12-13T08:10:00+00:00,4556,447.547546387
2013-12-13T08:20:00+00:00,4556,485.463409424
2013-12-13T08:30:00+00:00,4556,595.75958252
2013-12-13T08:40:00+00:00,4556,522.98059082
2013-12-13T08:50:00+00:00,4556,558.59979248
2013-12-13T09:00:00+00:00,4556,563.079528809
2013-12-13T09:10:00+00:00,4556,512.987548828
2013-12-13T09:20:00+00:00,4556,467.69039917
2013-12-13T09:30:00+00:00,4556,438.635284424
2013-12-13T09:40:00+00:00,4556,452.794464111
2013-12-13T09:50:00+00:00,4556,495.2527771
2013-12-13T10:00:00+00:00,4556,518.369506836
2013-12-13T10:10:00+00:00,4556,543.165222168
2013-12-13T10:20:00+00:00,4556,582.95892334
2013-12-13T10:30:00+00:00,4556,604.449401855
2013-12-13T10:40:00+00:00,4556,545.116394043
2013-12-13T10:50:00+00:00,4556,565.014221191
2013-12-13T11:00:00+00:00,4556,564.353820801
2013-12-13T11:10:00+00:00,4556,594.02331543
2013-12-13T11:20:00+00:00,4556,600.266967773
2013-12-13T11:30:00+00:00,4556,591.210388184
2013-12-13T11:40:00+00:00,4556,608.008972168
2013-12-13T11:50:00+00:00,4556,600.867431641
2013-12-13T12:00:00+00:00,4556,652.257629395
2013-12-13T12:10:00+00:00,4556,639.239807129
2013-12-13T12:20:00+00:00,4556,655.311645508
2013-12-13T12:30:00+00:00,4556,704.870483398
2013-12-13T12:40:00+00:00,4556,707.882629395
2013-12-13T12:50:00+00:00,4556,683.878356934
2013-12-13T13:00:00+00:00,4556,723.310302734
2013-12-13T13:10:00+00:00,4556,756.134155273
2013-12-13T13:20:00+00:00,4556,732.342773438
2013-12-13T13:30:00+00:00,4556,667.448059082
2013-12-13T13:40:00+00:00,4556,658.793945312
2013-12-13T13:50:00+00:00,4556,630.666809082
2013-12-13T14:00:00+00:00,4556,685.477416992
2013-12-13T14:10:00+00:00,4556,620.169616699
2013-12-13T14:20:00+00:00,4556,676.991638184
2013-12-13T14:30:00+00:00,4556,644.149108887
2013-12-13T14:40:00+00:00,4556,623.350585938
2013-12-13T14:50:00+00:00,4556,598.779968262
2013-12-13T15:00:00+00:00,4556,616.982727051
2013-12-13T15:10:00+00:00,4556,561.378051758
2013-12-13T15:20:00+00:00,4556,551.211364746
2013-12-13T15:30:00+00:00,4556,554.613769531
2013-12-13T15:40:00+00:00,4556,536.072143555
2013-12-13T15:50:00+00:00,4556,563.89050293
2013-12-13T16:00:00+00:00,4556,491.920593262
2013-12-13T16:10:00+00:00,4556,543.254638672
2013-12-13T16:20:00+00:00,4556,561.469177246
2013-12-13T16:30:00+00:00,4556,600.476928711
2013-12-13T16:40:00+00:00,4556,534.728149414
2013-12-13T16:50:00+00:00,4556,563.032470703
2013-12-13T17:00:00+00:00,4556,566.986694336
2013-12-13T17:10:00+00:00,4556,537.504943848
2013-12-13T17:20:00+00:00,4556,502.267456055
2013-12-13T17:30:00+00:00,4556,604.698120117
2013-12-13T17:40:00+00:00,4556,563.605712891
2013-12-13T17:50:00+00:00,4556,543.711547852
2013-12-13T18:00:00+00:00,4556,644.078857422
2013-12-13T18:10:00+00:00,4556,604.944580078
2013-12-13T18:20:00+00:00,4556,674.971801758
2013-12-13T18:30:00+00:00,4556,673.923156738
2013-12-13T18:40:00+00:00,4556,705.485046387
2013-12-13T18:50:00+00:00,4556,726.846923828
2013-12-13T19:00:00+00:00,4556,789.187744141
2013-12-13T19:10:00+00:00,4556,752.161804199
2013-12-13T19:20:00+00:00,4556,840.506286621
2013-12-13T19:30:00+00:00,4556,868.746459961
2013-12-13T19:40:00+00:00,4556,818.475463867
2013-12-13T19:50:00+00:00,4556,835.755737305
2013-12-13T20:00:00+00:00,4556,942.380493164
2013-12-13T20:10:00+00:00,4556,918.505126953
2013-12-13T20:20:00+00:00,4556,955.745361328
2013-12-13T20:30:00+00:00,4556,974.852233887
2013-12-13T20:40:00+00:00,4556,986.432067871
2013-12-13T20:50:00+00:00,4556,992.528320312
2013-12-13T21:00:00+00:00,4556,963.914489746
2013-12-13T21:10:00+00:00,4556,940.725952148
2013-12-13T21:20:00+00:00,4556,898.265991211
2013-12-13T21:30:00+00:00,4556,916.379577637
2013-12-13T21:40:00+00:00,4556,881.385253906
2013-12-13T21:50:00+00:00,4556,897.35748291
2013-12-13T22:00:00+00:00,4556,925.988220215
2013-12-13T22:10:00+00:00,4556,820.951904297
2013-12-13T22:20:00+00:00,4556,825.917419434
2013-12-13T22:30:00+00:00,4556,838.473571777
2013-12-13T22:40:00+00:00,4556,820.896240234
2013-12-13T22:50:00+00:00,4556,828.437011719
2013-12-13T23:00:00+00:00,4556,801.653442383
2013-12-13T23:10:00+00:00,4556,803.31048584
2013-12-13T23:20:00+00:00,4556,754.860473633
2013-12-13T23:30:00+00:00,4556,847.450073242
2013-12-13T23:40:00+00:00,4556,771.53314209
2013-12-13T23:50:00+00:00,4556,685.070129395
2013-12-14T00:00:00+00:00,4556,627.772094727
2013-12-14T00:10:00+00:00,4556,618.483459473
2013-12-14T00:20:00+00:00,4556,571.665405273
2013-12-14T00:30:00+00:00,4556,541.663879395
2013-12-14T00:40:00+00:00,4556,474.796417236
2013-12-14T00:50:00+00:00,4556,507.044158936
2013-12-14T01:00:00+00:00,4556,483.160247803
2013-12-14T01:10:00+00:00,4556,424.028411865
2013-12-14T01:20:00+00:00,4556,404.359771729
2013-12-14T01:30:00+00:00,4556,425.763061523
2013-12-14T01:40:00+00:00,4556,363.584259033
2013-12-14T01:50:00+00:00,4556,337.711883545
2013-12-14T02:10:00+00:00,4556,308.845092773
2013-12-14T02:20:00+00:00,4556,323.456237793
2013-12-14T03:00:00+00:00,4556,298.540130615
2013-12-14T04:40:00+00:00,4556,217.319625854
2013-12-14T04:50:00+00:00,4556,210.358230591
2013-12-14T05:20:00+00:00,4556,209.803131104
2013-12-14T05:40:00+00:00,4556,218.68649292
2013-12-14T06:20:00+00:00,4556,242.366027832
2013-12-14T06:30:00+00:00,4556,222.066741943
2013-12-14T06:40:00+00:00,4556,242.370697021
2013-12-14T06:50:00+00:00,4556,255.211959839
2013-12-14T07:00:00+00:00,4556,262.023681641
2013-12-14T07:10:00+00:00,4556,235.603317261
2013-12-14T07:20:00+00:00,4556,268.978393555
2013-12-14T07:30:00+00:00,4556,285.937896729
2013-12-14T07:40:00+00:00,4556,283.329376221
2013-12-14T07:50:00+00:00,4556,294.002105713
2013-12-14T08:00:00+00:00,4556,309.614929199
2013-12-14T08:10:00+00:00,4556,316.777801514
2013-12-14T08:20:00+00:00,4556,362.695617676
2013-12-14T08:30:00+00:00,4556,401.290222168
2013-12-14T08:40:00+00:00,4556,326.792633057
2013-12-14T08:50:00+00:00,4556,408.116577148
2013-12-14T09:00:00+00:00,4556,432.012634277
2013-12-14T09:10:00+00:00,4556,445.51461792
2013-12-14T09:20:00+00:00,4556,486.102722168
2013-12-14T09:30:00+00:00,4556,474.153930664
2013-12-14T09:40:00+00:00,4556,461.742248535
2013-12-14T09:50:00+00:00,4556,457.859008789
2013-12-14T10:00:00+00:00,4556,560.491149902
2013-12-14T10:10:00+00:00,4556,519.89465332
2013-12-14T10:20:00+00:00,4556,532.473693848
2013-12-14T10:30:00+00:00,4556,608.701171875
2013-12-14T10:40:00+00:00,4556,564.511291504
2013-12-14T10:50:00+00:00,4556,565.357727051
2013-12-14T11:00:00+00:00,4556,664.588684082
2013-12-14T11:10:00+00:00,4556,597.507751465
2013-12-14T11:20:00+00:00,4556,586.890441895
2013-12-14T11:30:00+00:00,4556,614.983032227
2013-12-14T11:40:00+00:00,4556,590.100524902
2013-12-14T11:50:00+00:00,4556,632.54498291
2013-12-14T12:00:00+00:00,4556,682.658752441
2013-12-14T12:10:00+00:00,4556,717.756164551
2013-12-14T12:20:00+00:00,4556,663.4296875
2013-12-14T12:30:00+00:00,4556,700.186950684
2013-12-14T12:40:00+00:00,4556,650.148254395
2013-12-14T12:50:00+00:00,4556,674.515319824
2013-12-14T13:00:00+00:00,4556,718.301025391
2013-12-14T13:10:00+00:00,4556,775.442138672
2013-12-14T13:20:00+00:00,4556,810.621337891
2013-12-14T13:30:00+00:00,4556,767.75567627
2013-12-14T13:40:00+00:00,4556,675.708679199
2013-12-14T13:50:00+00:00,4556,781.435241699
2013-12-14T14:00:00+00:00,4556,820.997924805
2013-12-14T14:10:00+00:00,4556,773.788391113
2013-12-14T14:20:00+00:00,4556,742.61505127
2013-12-14T14:30:00+00:00,4556,683.692810059
2013-12-14T14:40:00+00:00,4556,715.49395752
2013-12-14T14:50:00+00:00,4556,659.598510742
2013-12-14T15:00:00+00:00,4556,661.26385498
2013-12-14T15:10:00+00:00,4556,645.741455078
2013-12-14T15:20:00+00:00,4556,644.866455078
2013-12-14T15:30:00+00:00,4556,645.615661621
2013-12-14T15:40:00+00:00,4556,602.051269531
2013-12-14T15:50:00+00:00,4556,620.197631836
2013-12-14T16:00:00+00:00,4556,681.913696289
2013-12-14T16:10:00+00:00,4556,655.846618652
2013-12-14T16:20:00+00:00,4556,679.674621582
2013-12-14T16:30:00+00:00,4556,767.281494141
2013-12-14T16:40:00+00:00,4556,732.527160645
2013-12-14T16:50:00+00:00,4556,672.113647461
2013-12-14T17:00:00+00:00,4556,718.66003418
2013-12-14T17:10:00+00:00,4556,657.768310547
2013-12-14T17:20:00+00:00,4556,687.067932129
2013-12-14T17:30:00+00:00,4556,685.007568359
2013-12-14T17:40:00+00:00,4556,696.00189209
2013-12-14T17:50:00+00:00,4556,674.303894043
2013-12-14T18:00:00+00:00,4556,785.431152344
2013-12-14T18:10:00+00:00,4556,681.299377441
2013-12-14T18:20:00+00:00,4556,691.620056152
2013-12-14T18:30:00+00:00,4556,666.561767578
2013-12-14T18:40:00+00:00,4556,763.92376709
2013-12-14T18:50:00+00:00,4556,766.458312988
2013-12-14T19:00:00+00:00,4556,823.790466309
2013-12-14T19:10:00+00:00,4556,816.242126465
2013-12-14T19:20:00+00:00,4556,882.457214355
2013-12-14T19:30:00+00:00,4556,902.641845703
2013-12-14T19:40:00+00:00,4556,858.389831543
2013-12-14T19:50:00+00:00,4556,957.864135742
2013-12-14T20:00:00+00:00,4556,962.858398438
2013-12-14T20:10:00+00:00,4556,1121.23754883
2013-12-14T20:20:00+00:00,4556,1000.25714111
2013-12-14T20:30:00+00:00,4556,1015.00256348
2013-12-14T20:40:00+00:00,4556,1040.58435059
2013-12-14T20:50:00+00:00,4556,1014.7711792
2013-12-14T21:00:00+00:00,4556,1001.58911133
2013-12-14T21:10:00+00:00,4556,989.845336914
2013-12-14T21:20:00+00:00,4556,942.096557617
2013-12-14T21:30:00+00:00,4556,1049.62365723
2013-12-14T21:40:00+00:00,4556,1068.12231445
2013-12-14T21:50:00+00:00,4556,998.093139648
2013-12-14T22:00:00+00:00,4556,1042.70715332
2013-12-14T22:10:00+00:00,4556,1001.25830078
2013-12-14T22:20:00+00:00,4556,1051.97680664
2013-12-14T22:30:00+00:00,4556,1022.0010376
2013-12-14T22:40:00+00:00,4556,994.451782227
2013-12-14T22:50:00+00:00,4556,939.270568848
2013-12-14T23:00:00+00:00,4556,1038.83361816
2013-12-14T23:10:00+00:00,4556,956.983093262
2013-12-14T23:20:00+00:00,4556,987.338012695
2013-12-14T23:30:00+00:00,4556,956.121337891
2013-12-14T23:40:00+00:00,4556,887.985290527
2013-12-14T23:50:00+00:00,4556,841.90423584
2013-12-15T00:00:00+00:00,4556,900.408325195
2013-12-15T00:10:00+00:00,4556,748.979675293
2013-12-15T00:20:00+00:00,4556,678.512451172
2013-12-15T00:30:00+00:00,4556,663.337463379
2013-12-15T00:40:00+00:00,4556,605.315856934
2013-12-15T00:50:00+00:00,4556,552.794433594
2013-12-15T01:00:00+00:00,4556,568.875671387
2013-12-15T01:10:00+00:00,4556,507.658477783
2013-12-15T01:20:00+00:00,4556,450.323028564
2013-12-15T01:30:00+00:00,4556,477.533630371
2013-12-15T01:40:00+00:00,4556,388.275726318
2013-12-15T01:50:00+00:00,4556,371.901000977
2013-12-15T02:00:00+00:00,4556,372.192352295
2013-12-15T02:10:00+00:00,4556,345.484802246
2013-12-15T02:20:00+00:00,4556,372.774169922
2013-12-15T02:30:00+00:00,4556,329.90435791
2013-12-15T02:40:00+00:00,4556,281.304107666
2013-12-15T03:10:00+00:00,4556,265.194122314
2013-12-15T03:20:00+00:00,4556,320.809967041
2013-12-15T03:50:00+00:00,4556,243.717971802
2013-12-15T04:00:00+00:00,4556,220.383041382
2013-12-15T04:20:00+00:00,4556,222.253067017
2013-12-15T05:00:00+00:00,4556,200.825973511
2013-12-15T05:10:00+00:00,4556,156.363540649
2013-12-15T06:20:00+00:00,4556,223.718780518
2013-12-15T06:30:00+00:00,4556,245.72795105
2013-12-15T06:50:00+00:00,4556,237.314926147
2013-12-15T07:00:00+00:00,4556,234.608795166
2013-12-15T07:10:00+00:00,4556,231.571960449
2013-12-15T07:20:00+00:00,4556,274.230743408
2013-12-15T07:30:00+00:00,4556,271.869689941
2013-12-15T07:40:00+00:00,4556,249.698348999
2013-12-15T07:50:00+00:00,4556,293.699462891
2013-12-15T08:00:00+00:00,4556,264.859832764
2013-12-15T08:10:00+00:00,4556,277.546234131
2013-12-15T08:20:00+00:00,4556,335.40512085
2013-12-15T08:30:00+00:00,4556,456.986785889
2013-12-15T08:40:00+00:00,4556,330.372009277
2013-12-15T08:50:00+00:00,4556,345.524932861
2013-12-15T09:00:00+00:00,4556,349.215087891
2013-12-15T09:10:00+00:00,4556,329.868438721
2013-12-15T09:20:00+00:00,4556,356.879974365
2013-12-15T09:30:00+00:00,4556,443.639434814
2013-12-15T09:40:00+00:00,4556,374.132781982
2013-12-15T09:50:00+00:00,4556,426.722442627
2013-12-15T10:00:00+00:00,4556,446.400054932
2013-12-15T10:10:00+00:00,4556,480.421630859
2013-12-15T10:20:00+00:00,4556,496.783447266
2013-12-15T10:30:00+00:00,4556,482.910247803
2013-12-15T10:40:00+00:00,4556,464.719146729
2013-12-15T10:50:00+00:00,4556,480.023773193
2013-12-15T11:00:00+00:00,4556,552.47479248
2013-12-15T11:10:00+00:00,4556,619.076477051
2013-12-15T11:20:00+00:00,4556,576.405883789
2013-12-15T11:30:00+00:00,4556,648.144348145
2013-12-15T11:40:00+00:00,4556,654.532836914
2013-12-15T11:50:00+00:00,4556,639.637573242
2013-12-15T12:00:00+00:00,4556,623.760192871
2013-12-15T12:10:00+00:00,4556,651.018859863
2013-12-15T12:20:00+00:00,4556,642.458740234
2013-12-15T12:30:00+00:00,4556,619.466369629
2013-12-15T12:40:00+00:00,4556,612.037353516
2013-12-15T12:50:00+00:00,4556,684.457458496
2013-12-15T13:00:00+00:00,4556,662.845092773
2013-12-15T13:10:00+00:00,4556,709.726745605
2013-12-15T13:20:00+00:00,4556,778.467041016
2013-12-15T13:30:00+00:00,4556,702.715393066
2013-12-15T13:40:00+00:00,4556,750.04699707
2013-12-15T13:50:00+00:00,4556,704.015197754
2013-12-15T14:00:00+00:00,4556,737.236999512
2013-12-15T14:10:00+00:00,4556,704.403198242
2013-12-15T14:20:00+00:00,4556,669.838867188
2013-12-15T14:30:00+00:00,4556,707.356750488
2013-12-15T14:40:00+00:00,4556,643.738586426
2013-12-15T14:50:00+00:00,4556,666.367553711
2013-12-15T15:00:00+00:00,4556,703.84552002
2013-12-15T15:10:00+00:00,4556,698.930419922
2013-12-15T15:20:00+00:00,4556,720.96484375
2013-12-15T15:30:00+00:00,4556,700.624572754
2013-12-15T15:40:00+00:00,4556,663.710754395
2013-12-15T15:50:00+00:00,4556,647.167602539
2013-12-15T16:00:00+00:00,4556,673.854614258
2013-12-15T16:10:00+00:00,4556,651.628967285
2013-12-15T16:20:00+00:00,4556,665.642089844
2013-12-15T16:30:00+00:00,4556,710.680908203
2013-12-15T16:40:00+00:00,4556,682.084716797
2013-12-15T16:50:00+00:00,4556,681.712158203
2013-12-15T17:00:00+00:00,4556,662.248962402
2013-12-15T17:10:00+00:00,4556,611.874267578
2013-12-15T17:20:00+00:00,4556,666.996765137
2013-12-15T17:30:00+00:00,4556,653.210510254
2013-12-15T17:40:00+00:00,4556,603.740905762
2013-12-15T17:50:00+00:00,4556,688.331054688
2013-12-15T18:00:00+00:00,4556,617.096557617
2013-12-15T18:10:00+00:00,4556,640.349243164
2013-12-15T18:20:00+00:00,4556,640.82043457
2013-12-15T18:30:00+00:00,4556,606.234375
2013-12-15T18:40:00+00:00,4556,578.71862793
2013-12-15T18:50:00+00:00,4556,696.120117188
2013-12-15T19:00:00+00:00,4556,628.07043457
2013-12-15T19:10:00+00:00,4556,683.957946777
2013-12-15T19:20:00+00:00,4556,692.019897461
2013-12-15T19:30:00+00:00,4556,664.521118164
2013-12-15T19:40:00+00:00,4556,633.678649902
2013-12-15T19:50:00+00:00,4556,701.919189453
2013-12-15T20:00:00+00:00,4556,673.599182129
2013-12-15T20:10:00+00:00,4556,654.771972656
2013-12-15T20:20:00+00:00,4556,642.556884766
2013-12-15T20:30:00+00:00,4556,641.443725586
2013-12-15T20:40:00+00:00,4556,704.003173828
2013-12-15T20:50:00+00:00,4556,728.479980469
2013-12-15T21:00:00+00:00,4556,640.163757324
2013-12-15T21:10:00+00:00,4556,746.143615723
2013-12-15T21:20:00+00:00,4556,699.349609375
2013-12-15T21:30:00+00:00,4556,695.403869629
2013-12-15T21:40:00+00:00,4556,679.503540039
2013-12-15T21:50:00+00:00,4556,637.249389648
2013-12-15T22:00:00+00:00,4556,579.448913574
2013-12-15T22:10:00+00:00,4556,573.928466797
2013-12-15T22:20:00+00:00,4556,524.400390625
2013-12-15T22:30:00+00:00,4556,529.204223633
2013-12-15T22:40:00+00:00,4556,496.335021973
2013-12-15T22:50:00+00:00,4556,455.820739746
