timestamp,square_id,internet_traffic
2013-10-31T23:00:00+00:00,5161,374.286315918
2013-10-31T23:10:00+00:00,5161,365.309539795
2013-10-31T23:20:00+00:00,5161,416.397674561
2013-10-31T23:30:00+00:00,5161,349.4324646
2013-10-31T23:40:00+00:00,5161,268.562133789
2013-10-31T23:50:00+00:00,5161,326.638183594
2013-11-01T00:00:00+00:00,5161,209.015762329
2013-11-01T00:10:00+00:00,5161,231.264892578
2013-11-01T00:20:00+00:00,5161,187.800308228
2013-11-01T00:40:00+00:00,5161,174.652648926
2013-11-01T01:00:00+00:00,5161,146.731002808
2013-11-01T01:20:00+00:00,5161,131.282623291
2013-11-01T01:50:00+00:00,5161,166.28692627
2013-11-01T02:00:00+00:00,5161,126.676216125
2013-11-01T02:10:00+00:00,5161,137.791107178
2013-11-01T02:30:00+00:00,5161,125.371459961
2013-11-01T02:50:00+00:00,5161,135.888092041
2013-11-01T03:50:00+00:00,5161,133.31388855
2013-11-01T04:10:00+00:00,5161,142.683837891
2013-11-01T04:30:00+00:00,5161,107.007698059
2013-11-01T05:30:00+00:00,5161,165.665237427
2013-11-01T06:10:00+00:00,5161,151.483306885
2013-11-01T06:20:00+00:00,5161,181.065628052
2013-11-01T06:30:00+00:00,5161,154.84223938
2013-11-01T06:50:00+00:00,5161,226.459869385
2013-11-01T07:00:00+00:00,5161,206.126846313
2013-11-01T07:10:00+00:00,5161,182.152542114
2013-11-01T07:20:00+00:00,5161,182.47744751
2013-11-01T07:30:00+00:00,5161,235.754959106
2013-11-01T07:40:00+00:00,5161,279.073638916
2013-11-01T07:50:00+00:00,5161,235.042037964
2013-11-01T08:00:00+00:00,5161,218.573303223
2013-11-01T08:10:00+00:00,5161,332.145751953
2013-11-01T08:20:00+00:00,5161,363.966156006
2013-11-01T08:30:00+00:00,5161,312.866241455
2013-11-01T08:40:00+00:00,5161,379.233459473
2013-11-01T08:50:00+00:00,5161,627.051466428
2013-11-01T09:00:00+00:00,5161,528.572143555
2013-11-01T09:10:00+00:00,5161,644.301330566
2013-11-01T09:20:00+00:00,5161,666.938171387
2013-11-01T09:30:00+00:00,5161,1203.72265625
2013-11-01T09:40:00+00:00,5161,1042.24658203
2013-11-01T09:50:00+00:00,5161,970.875244141
2013-11-01T10:00:00+00:00,5161,1482.69262695
2013-11-01T10:10:00+00:00,5161,1293.87475586
2013-11-01T10:20:00+00:00,5161,1622.98537902
2013-11-01T10:30:00+00:00,5161,2098.09863281
2013-11-01T10:40:00+00:00,5161,1797.82287598
2013-11-01T10:50:00+00:00,5161,1967.84346029
2013-11-01T11:00:00+00:00,5161,2035.71704102
2013-11-01T11:10:00+00:00,5161,2247.54150391
2013-11-01T11:20:00+00:00,5161,2707.50268555
2013-11-01T11:30:00+00:00,5161,2843.06689453
2013-11-01T11:40:00+00:00,5161,2645.25466633
2013-11-01T11:50:00+00:00,5161,3306.88810539
2013-11-01T12:00:00+00:00,5161,2794.78051758
2013-11-01T12:10:00+00:00,5161,3061.1953125
2013-11-01T12:20:00+00:00,5161,3272.87037182
2013-11-01T12:30:00+00:00,5161,3177.71508789
2013-11-01T12:40:00+00:00,5161,3183.21463597
2013-11-01T12:50:00+00:00,5161,3495.54443359
2013-11-01T13:00:00+00:00,5161,3515.50035703
2013-11-01T13:10:00+00:00,5161,3465.15698242
2013-11-01T13:20:00+00:00,5161,3249.40722656
2013-11-01T13:30:00+00:00,5161,3618.73440599
2013-11-01T13:40:00+00:00,5161,3456.66468906
2013-11-01T13:50:00+00:00,5161,3479.19360352
2013-11-01T14:00:00+00:00,5161,4694.87744141
2013-11-01T14:10:00+00:00,5161,3764.26941681
2013-11-01T14:20:00+00:00,5161,3465.12552357
2013-11-01T14:30:00+00:00,5161,3864.29956055
2013-11-01T14:40:00+00:00,5161,3529.08447266
2013-11-01T14:50:00+00:00,5161,4334.24187374
2013-11-01T15:00:00+00:00,5161,4289.74658203
2013-11-01T15:10:00+00:00,5161,4900.72607422
2013-11-01T15:20:00+00:00,5161,4466.06653881
2013-11-01T15:30:00+00:00,5161,4408.84977722
2013-11-01T15:40:00+00:00,5161,4580.27148438
2013-11-01T15:50:00+00:00,5161,4519.62744141
2013-11-01T16:00:00+00:00,5161,4463.47630978
2013-11-01T16:10:00+00:00,5161,4415.90722656
2013-11-01T16:20:00+00:00,5161,4695.62597656
2013-11-01T16:30:00+00:00,5161,4454.13916016
2013-11-01T16:40:00+00:00,5161,4995.60498047
2013-11-01T16:50:00+00:00,5161,4763.15478516
2013-11-01T17:00:00+00:00,5161,4799.12304688
2013-11-01T17:10:00+00:00,5161,4509.68847656
2013-11-01T17:20:00+00:00,5161,3871.18945217
2013-11-01T17:30:00+00:00,5161,3864.15942383
2013-11-01T17:40:00+00:00,5161,4341.28808594
2013-11-01T17:50:00+00:00,5161,3602.1628418
2013-11-01T18:00:00+00:00,5161,3401.34204102
2013-11-01T18:10:00+00:00,5161,3434.10864258
2013-11-01T18:20:00+00:00,5161,3037.0090332
2013-11-01T18:30:00+00:00,5161,2949.83691406
2013-11-01T18:40:00+00:00,5161,2815.84033203
2013-11-01T18:50:00+00:00,5161,2718.14477539
2013-11-01T19:00:00+00:00,5161,2443.07641602
2013-11-01T19:10:00+00:00,5161,2258.96850586
2013-11-01T19:20:00+00:00,5161,1858.7956543
2013-11-01T19:30:00+00:00,5161,1697.3729248
2013-11-01T19:40:00+00:00,5161,1743.49536133
2013-11-01T19:50:00+00:00,5161,1808.84082031
2013-11-01T20:00:00+00:00,5161,1443.99475098
2013-11-01T20:10:00+00:00,5161,1225.38635254
2013-11-01T20:20:00+00:00,5161,1168.69067383
2013-11-01T20:30:00+00:00,5161,1197.67626953
2013-11-01T20:40:00+00:00,5161,917.405578613
2013-11-01T20:50:00+00:00,5161,1029.54992676
2013-11-01T21:00:00+00:00,5161,1081.3293457
2013-11-01T21:10:00+00:00,5161,1164.18847656
2013-11-01T21:20:00+00:00,5161,1147.76049805
2013-11-01T21:30:00+00:00,5161,938.783203125
2013-11-01T21:40:00+00:00,5161,693.231933594
2013-11-01T21:50:00+00:00,5161,673.33190918
2013-11-01T22:00:00+00:00,5161,553.610229492
2013-11-01T22:10:00+00:00,5161,647.054748535
2013-11-01T22:20:00+00:00,5161,668.88470459
2013-11-01T22:30:00+00:00,5161,741.440490723
2013-11-01T22:40:00+00:00,5161,582.506469727
2013-11-01T22:50:00+00:00,5161,474.764038086
2013-11-01T23:00:00+00:00,5161,300.382110596
2013-11-01T23:10:00+00:00,5161,542.305175781
2013-11-01T23:20:00+00:00,5161,457.037078857
2013-11-01T23:40:00+00:00,5161,314.710662842
2013-11-01T23:50:00+00:00,5161,231.49836731
2013-11-02T00:10:00+00:00,5161,183.455856323
2013-11-02T02:40:00+00:00,5161,147.593566895
2013-11-02T05:40:00+00:00,5161,171.597229004
2013-11-02T05:50:00+00:00,5161,189.754562378
2013-11-02T06:20:00+00:00,5161,160.773452759
2013-11-02T06:30:00+00:00,5161,145.372268677
2013-11-02T06:40:00+00:00,5161,179.562835693
2013-11-02T06:50:00+00:00,5161,183.775039673
2013-11-02T07:00:00+00:00,5161,173.549301147
2013-11-02T07:10:00+00:00,5161,177.783813477
2013-11-02T07:20:00+00:00,5161,189.699645996
2013-11-02T07:30:00+00:00,5161,269.615966797
2013-11-02T07:40:00+00:00,5161,231.407928467
2013-11-02T07:50:00+00:00,5161,257.210479736
2013-11-02T08:00:00+00:00,5161,320.376617432
2013-11-02T08:10:00+00:00,5161,389.350738525
2013-11-02T08:20:00+00:00,5161,847.41583252
2013-11-02T08:30:00+00:00,5161,439.183502197
2013-11-02T08:40:00+00:00,5161,706.398986816
2013-11-02T08:50:00+00:00,5161,635.890686035
2013-11-02T09:00:00+00:00,5161,749.135681152
2013-11-02T09:10:00+00:00,5161,856.415150821
2013-11-02T09:20:00+00:00,5161,1083.70214844
2013-11-02T09:30:00+00:00,5161,1207.62381005
2013-11-02T09:40:00+00:00,5161,2190.59619141
2013-11-02T09:50:00+00:00,5161,1951.18110561
2013-11-02T10:00:00+00:00,5161,1928.5703125
2013-11-02T10:10:00+00:00,5161,2344.55489779
2013-11-02T10:20:00+00:00,5161,2160.20483398
2013-11-02T10:30:00+00:00,5161,2485.81665039
2013-11-02T10:40:00+00:00,5161,3211.95747471
2013-11-02T10:50:00+00:00,5161,3741.21409988
2013-11-02T11:00:00+00:00,5161,3384.60302734
2013-11-02T11:10:00+00:00,5161,3244.19921875
2013-11-02T11:20:00+00:00,5161,3720.37182617
2013-11-02T11:30:00+00:00,5161,3615.58465886
2013-11-02T11:40:00+00:00,5161,4639.37788773
2013-11-02T11:50:00+00:00,5161,4738.39075089
2013-11-02T12:00:00+00:00,5161,3766.12223053
2013-11-02T12:10:00+00:00,5161,4107.21564484
2013-11-02T12:20:00+00:00,5161,4591.97326088
2013-11-02T12:30:00+00:00,5161,5243.33127379
2013-11-02T12:40:00+00:00,5161,4685.71415329
2013-11-02T12:50:00+00:00,5161,7971.94653702
2013-11-02T13:00:00+00:00,5161,4523.30505753
2013-11-02T13:10:00+00:00,5161,4486.73654938
2013-11-02T13:20:00+00:00,5161,5538.07666016
2013-11-02T13:30:00+00:00,5161,4862.48303139
2013-11-02T13:40:00+00:00,5161,4887.145298
2013-11-02T13:50:00+00:00,5161,4511.10763979
2013-11-02T14:00:00+00:00,5161,5313.65878582
2013-11-02T14:10:00+00:00,5161,5279.1978569
2013-11-02T14:20:00+00:00,5161,5300.75583696
2013-11-02T14:30:00+00:00,5161,5443.11469507
2013-11-02T14:40:00+00:00,5161,4639.00097656
2013-11-02T14:50:00+00:00,5161,5244.94238281
2013-11-02T15:00:00+00:00,5161,5059.03197289
2013-11-02T15:10:00+00:00,5161,5247.81231117
2013-11-02T15:20:00+00:00,5161,5658.01463962
2013-11-02T15:30:00+00:00,5161,5428.20175171
2013-11-02T15:40:00+00:00,5161,5203.78613281
2013-11-02T15:50:00+00:00,5161,5251.27578354
2013-11-02T16:00:00+00:00,5161,5047.82177734
2013-11-02T16:10:00+00:00,5161,4903.31682205
2013-11-02T16:20:00+00:00,5161,4798.29101562
2013-11-02T16:30:00+00:00,5161,5309.62060547
2013-11-02T16:40:00+00:00,5161,4578.37031865
2013-11-02T16:50:00+00:00,5161,5102.99462891
2013-11-02T17:00:00+00:00,5161,5473.59277344
2013-11-02T17:10:00+00:00,5161,4095.73853683
2013-11-02T17:20:00+00:00,5161,4515.25537109
2013-11-02T17:30:00+00:00,5161,4789.36962891
2013-11-02T17:40:00+00:00,5161,3962.84586743
2013-11-02T17:50:00+00:00,5161,3582.29077148
2013-11-02T18:00:00+00:00,5161,3754.35375977
2013-11-02T18:10:00+00:00,5161,3435.46310973
2013-11-02T18:20:00+00:00,5161,3644.79077148
2013-11-02T18:30:00+00:00,5161,3562.49023438
2013-11-02T18:40:00+00:00,5161,2906.76782227
2013-11-02T18:50:00+00:00,5161,3192.36767578
2013-11-02T19:00:00+00:00,5161,2689.72827148
2013-11-02T19:10:00+00:00,5161,2671.0769043
2013-11-02T19:20:00+00:00,5161,2065.26464844
2013-11-02T19:30:00+00:00,5161,1861.93078613
2013-11-02T19:40:00+00:00,5161,1941.87524986
2013-11-02T19:50:00+00:00,5161,1629.45593262
2013-11-02T20:00:00+00:00,5161,1922.85839844
2013-11-02T20:10:00+00:00,5161,1175.60083008
2013-11-02T20:20:00+00:00,5161,1600.65979004
2013-11-02T20:30:00+00:00,5161,1611.11315918
2013-11-02T20:40:00+00:00,5161,1067.79467773
2013-11-02T20:50:00+00:00,5161,1534.01025391
2013-11-02T21:00:00+00:00,5161,1388.8293457
2013-11-02T21:10:00+00:00,5161,1336.54629469
2013-11-02T21:20:00+00:00,5161,1170.58178711
2013-11-02T21:30:00+00:00,5161,1138.23876953
2013-11-02T21:40:00+00:00,5161,1569.25732422
2013-11-02T21:50:00+00:00,5161,844.591186523
2013-11-02T22:00:00+00:00,5161,825.868347168
2013-11-02T22:10:00+00:00,5161,850.619506836
2013-11-02T22:20:00+00:00,5161,668.834716797
2013-11-02T22:30:00+00:00,5161,747.484985352
2013-11-02T22:40:00+00:00,5161,662.581665039
2013-11-02T22:50:00+00:00,5161,578.332580566
2013-11-02T23:00:00+00:00,5161,424.503234863
2013-11-02T23:10:00+00:00,5161,514.514526367
2013-11-02T23:20:00+00:00,5161,675.320678711
2013-11-02T23:30:00+00:00,5161,595.058776855
2013-11-02T23:40:00+00:00,5161,393.602966309
2013-11-03T00:00:00+00:00,5161,706.556884766
2013-11-03T00:10:00+00:00,5161,503.730194092
2013-11-03T00:20:00+00:00,5161,285.949584961
2013-11-03T00:30:00+00:00,5161,246.328125
2013-11-03T00:50:00+00:00,5161,183.209518433
2013-11-03T01:00:00+00:00,5161,246.979156494
2013-11-03T01:10:00+00:00,5161,246.528930664
2013-11-03T02:40:00+00:00,5161,174.411972046
2013-11-03T03:10:00+00:00,5161,193.757141113
2013-11-03T06:50:00+00:00,5161,155.871826172
2013-11-03T07:10:00+00:00,5161,230.767150879
2013-11-03T07:20:00+00:00,5161,166.960723877
2013-11-03T07:30:00+00:00,5161,196.289108276
2013-11-03T07:40:00+00:00,5161,229.852478027
2013-11-03T07:50:00+00:00,5161,469.83770752
2013-11-03T08:00:00+00:00,5161,272.923065186
2013-11-03T08:10:00+00:00,5161,265.473058462
2013-11-03T08:20:00+00:00,5161,250.129653931
2013-11-03T08:30:00+00:00,5161,340.998840332
2013-11-03T08:40:00+00:00,5161,707.465148926
2013-11-03T08:50:00+00:00,5161,413.742919922
2013-11-03T09:00:00+00:00,5161,442.011138916
2013-11-03T09:10:00+00:00,5161,526.78918457
2013-11-03T09:20:00+00:00,5161,940.168029785
2013-11-03T09:30:00+00:00,5161,684.82421875
2013-11-03T09:40:00+00:00,5161,790.023254395
2013-11-03T09:50:00+00:00,5161,895.118164062
2013-11-03T10:00:00+00:00,5161,995.540771484
2013-11-03T10:10:00+00:00,5161,1273.93249512
2013-11-03T10:20:00+00:00,5161,1564.77734375
2013-11-03T10:30:00+00:00,5161,1797.46630859
2013-11-03T10:40:00+00:00,5161,2048.35888672
2013-11-03T10:50:00+00:00,5161,2257.78881836
2013-11-03T11:00:00+00:00,5161,2001.0866431
2013-11-03T11:10:00+00:00,5161,1896.5546875
2013-11-03T11:20:00+00:00,5161,2191.39526367
2013-11-03T11:30:00+00:00,5161,2407.11467409
2013-11-03T11:40:00+00:00,5161,2413.96533203
2013-11-03T11:50:00+00:00,5161,2635.23901367
2013-11-03T12:00:00+00:00,5161,3024.57487583
2013-11-03T12:10:00+00:00,5161,3049.46044922
2013-11-03T12:20:00+00:00,5161,2699.81176758
2013-11-03T12:30:00+00:00,5161,2444.71533203
2013-11-03T12:40:00+00:00,5161,2752.01400518
2013-11-03T12:50:00+00:00,5161,2523.18761289
2013-11-03T13:00:00+00:00,5161,3149.63085938
2013-11-03T13:10:00+00:00,5161,2990.16748047
2013-11-03T13:20:00+00:00,5161,3259.43139648
2013-11-03T13:30:00+00:00,5161,4357.55889702
2013-11-03T13:40:00+00:00,5161,3420.66455078
2013-11-03T13:50:00+00:00,5161,3628.86916637
2013-11-03T14:00:00+00:00,5161,4562.21777344
2013-11-03T14:10:00+00:00,5161,3559.74389648
2013-11-03T14:20:00+00:00,5161,2892.70654297
2013-11-03T14:30:00+00:00,5161,3468.74405718
2013-11-03T14:40:00+00:00,5161,3622.90957785
2013-11-03T14:50:00+00:00,5161,3574.07592773
2013-11-03T15:00:00+00:00,5161,3928.27637196
2013-11-03T15:10:00+00:00,5161,3707.44144845
2013-11-03T15:20:00+00:00,5161,3598.41772461
2013-11-03T15:30:00+00:00,5161,4847.20533228
2013-11-03T15:40:00+00:00,5161,3861.96768665
2013-11-03T15:50:00+00:00,5161,3829.87329102
2013-11-03T16:00:00+00:00,5161,3954.37744141
2013-11-03T16:10:00+00:00,5161,4432.3515625
2013-11-03T16:20:00+00:00,5161,3805.77929688
2013-11-03T16:30:00+00:00,5161,3841.24975586
2013-11-03T16:40:00+00:00,5161,4106.77880859
2013-11-03T16:50:00+00:00,5161,3375.2678051
2013-11-03T17:00:00+00:00,5161,3682.73483467
2013-11-03T17:10:00+00:00,5161,3917.47593212
2013-11-03T17:20:00+00:00,5161,3824.54589844
2013-11-03T17:30:00+00:00,5161,3402.90991211
2013-11-03T17:40:00+00:00,5161,3458.93041992
2013-11-03T17:50:00+00:00,5161,3154.6940918
2013-11-03T18:00:00+00:00,5161,3189.51928711
2013-11-03T18:10:00+00:00,5161,2922.53540039
2013-11-03T18:20:00+00:00,5161,2298.07430029
2013-11-03T18:30:00+00:00,5161,2426.34960938
2013-11-03T18:40:00+00:00,5161,2165.99487305
2013-11-03T18:50:00+00:00,5161,2018.56628418
2013-11-03T19:00:00+00:00,5161,1811.01611328
2013-11-03T19:10:00+00:00,5161,1693.90100098
2013-11-03T19:20:00+00:00,5161,1736.15637207
2013-11-03T19:30:00+00:00,5161,1595.08459473
2013-11-03T19:40:00+00:00,5161,1192.31713867
2013-11-03T19:50:00+00:00,5161,1029.89331055
2013-11-03T20:00:00+00:00,5161,915.175720215
2013-11-03T20:10:00+00:00,5161,892.656677246
2013-11-03T20:20:00+00:00,5161,969.681518555
2013-11-03T20:30:00+00:00,5161,961.15625
2013-11-03T20:40:00+00:00,5161,1319.23059082
2013-11-03T20:50:00+00:00,5161,1792.73291016
2013-11-03T21:00:00+00:00,5161,1291.14904785
2013-11-03T21:10:00+00:00,5161,1655.97937012
2013-11-03T21:20:00+00:00,5161,1138.66345215
2013-11-03T21:30:00+00:00,5161,1107.04260254
2013-11-03T21:40:00+00:00,5161,740.181030273
2013-11-03T21:50:00+00:00,5161,487.96295166
2013-11-03T22:00:00+00:00,5161,655.302856445
2013-11-03T22:10:00+00:00,5161,512.316772461
2013-11-03T22:20:00+00:00,5161,474.435302734
2013-11-03T22:30:00+00:00,5161,492.53717041
2013-11-03T22:40:00+00:00,5161,352.723327637
2013-11-03T22:50:00+00:00,5161,535.372375488
2013-11-03T23:10:00+00:00,5161,361.451568604
2013-11-03T23:20:00+00:00,5161,288.650268555
2013-11-03T23:30:00+00:00,5161,325.457702637
2013-11-03T23:50:00+00:00,5161,225.085342407
2013-11-04T00:40:00+00:00,5161,376.769470215
2013-11-04T01:10:00+00:00,5161,193.833007812
2013-11-04T01:50:00+00:00,5161,154.233200073
2013-11-04T05:00:00+00:00,5161,211.587417603
2013-11-04T05:10:00+00:00,5161,183.194274902
2013-11-04T05:30:00+00:00,5161,197.879806519
2013-11-04T05:50:00+00:00,5161,167.994812012
2013-11-04T06:00:00+00:00,5161,279.083984375
2013-11-04T06:10:00+00:00,5161,263.052947998
2013-11-04T06:20:00+00:00,5161,226.710494995
2013-11-04T06:30:00+00:00,5161,363.313110352
2013-11-04T06:40:00+00:00,5161,347.78616333
2013-11-04T06:50:00+00:00,5161,298.362213135
2013-11-04T07:00:00+00:00,5161,469.375854492
2013-11-04T07:10:00+00:00,5161,592.485473633
2013-11-04T07:20:00+00:00,5161,479.258514404
2013-11-04T07:30:00+00:00,5161,605.947021484
2013-11-04T07:40:00+00:00,5161,621.99786377
2013-11-04T07:50:00+00:00,5161,752.445861816
2013-11-04T08:00:00+00:00,5161,902.65447998
2013-11-04T08:10:00+00:00,5161,798.570922852
2013-11-04T08:20:00+00:00,5161,931.790771484
2013-11-04T08:30:00+00:00,5161,894.218139648
2013-11-04T08:40:00+00:00,5161,918.430419922
2013-11-04T08:50:00+00:00,5161,960.235534668
2013-11-04T09:00:00+00:00,5161,1038.81201172
2013-11-04T09:10:00+00:00,5161,1375.31201172
2013-11-04T09:20:00+00:00,5161,1331.44287109
2013-11-04T09:30:00+00:00,5161,1277.48168945
2013-11-04T09:40:00+00:00,5161,1418.08789062
2013-11-04T09:50:00+00:00,5161,1400.70166016
2013-11-04T10:00:00+00:00,5161,1711.79968262
2013-11-04T10:10:00+00:00,5161,1533.890625
2013-11-04T10:20:00+00:00,5161,1613.31738281
2013-11-04T10:30:00+00:00,5161,1732.71166992
2013-11-04T10:40:00+00:00,5161,1762.90637207
2013-11-04T10:50:00+00:00,5161,1645.66027832
2013-11-04T11:00:00+00:00,5161,1924.82702637
2013-11-04T11:10:00+00:00,5161,1993.88635254
2013-11-04T11:20:00+00:00,5161,2014.26086426
2013-11-04T11:30:00+00:00,5161,2344.42260742
2013-11-04T11:40:00+00:00,5161,1841.50754499
2013-11-04T11:50:00+00:00,5161,2048.91015625
2013-11-04T12:00:00+00:00,5161,2810.28466797
2013-11-04T12:10:00+00:00,5161,2305.18823242
2013-11-04T12:20:00+00:00,5161,2436.70092773
2013-11-04T12:30:00+00:00,5161,2785.69198227
2013-11-04T12:40:00+00:00,5161,3038.04418945
2013-11-04T12:50:00+00:00,5161,2703.08862305
2013-11-04T13:00:00+00:00,5161,3195.48803711
2013-11-04T13:10:00+00:00,5161,2816.78979492
2013-11-04T13:20:00+00:00,5161,2314.91550231
2013-11-04T13:30:00+00:00,5161,2821.04907227
2013-11-04T13:40:00+00:00,5161,2514.57958984
2013-11-04T13:50:00+00:00,5161,2271.03442383
2013-11-04T14:00:00+00:00,5161,2997.39086914
2013-11-04T14:10:00+00:00,5161,2586.453125
2013-11-04T14:20:00+00:00,5161,3119.41015625
2013-11-04T14:30:00+00:00,5161,2643.04614258
2013-11-04T14:40:00+00:00,5161,3076.45394278
2013-11-04T14:50:00+00:00,5161,2495.60742188
2013-11-04T15:00:00+00:00,5161,2952.76733398
2013-11-04T15:10:00+00:00,5161,2344.75219727
2013-11-04T15:20:00+00:00,5161,3217.33520508
2013-11-04T15:30:00+00:00,5161,2340.07885551
2013-11-04T15:40:00+00:00,5161,2041.01672363
2013-11-04T15:50:00+00:00,5161,2143.53300142
2013-11-04T16:00:00+00:00,5161,2455.23950195
2013-11-04T16:10:00+00:00,5161,2399.90234375
2013-11-04T16:20:00+00:00,5161,2221.68505859
2013-11-04T16:30:00+00:00,5161,2367.09716797
2013-11-04T16:40:00+00:00,5161,2318.35400391
2013-11-04T16:50:00+00:00,5161,2086.34936523
2013-11-04T17:00:00+00:00,5161,2116.04516602
2013-11-04T17:10:00+00:00,5161,1991.40795898
2013-11-04T17:20:00+00:00,5161,2434.35009766
2013-11-04T17:30:00+00:00,5161,3367.58764648
2013-11-04T17:40:00+00:00,5161,1958.77246571
2013-11-04T17:50:00+00:00,5161,2081.33919525
2013-11-04T18:00:00+00:00,5161,2120.03819434
2013-11-04T18:10:00+00:00,5161,1552.87573242
2013-11-04T18:20:00+00:00,5161,1600.03758398
2013-11-04T18:30:00+00:00,5161,1578.78979492
2013-11-04T18:40:00+00:00,5161,1947.89404297
2013-11-04T18:50:00+00:00,5161,1355.68103027
2013-11-04T19:00:00+00:00,5161,1311.61425781
2013-11-04T19:10:00+00:00,5161,1222.63244629
2013-11-04T19:20:00+00:00,5161,1472.98742676
2013-11-04T19:30:00+00:00,5161,1439.4276123
2013-11-04T19:40:00+00:00,5161,1217.25158691
2013-11-04T19:50:00+00:00,5161,1313.34387207
2013-11-04T20:00:00+00:00,5161,983.822570801
2013-11-04T20:10:00+00:00,5161,1014.61505127
2013-11-04T20:20:00+00:00,5161,1037.09289551
2013-11-04T20:30:00+00:00,5161,843.046813965
2013-11-04T20:40:00+00:00,5161,1055.4864502
2013-11-04T20:50:00+00:00,5161,854.357971191
2013-11-04T21:00:00+00:00,5161,748.036376953
2013-11-04T21:10:00+00:00,5161,697.572143555
2013-11-04T21:20:00+00:00,5161,614.886169434
2013-11-04T21:30:00+00:00,5161,619.437194824
2013-11-04T21:40:00+00:00,5161,539.121643066
2013-11-04T21:50:00+00:00,5161,491.035766602
2013-11-04T22:00:00+00:00,5161,467.32409668
2013-11-04T22:10:00+00:00,5161,503.96697998
2013-11-04T22:20:00+00:00,5161,444.588195801
2013-11-04T22:30:00+00:00,5161,452.810546875
2013-11-04T22:40:00+00:00,5161,349.973114014
2013-11-04T22:50:00+00:00,5161,385.742095947
2013-11-04T23:00:00+00:00,5161,319.71786499
2013-11-04T23:10:00+00:00,5161,366.488647461
2013-11-04T23:20:00+00:00,5161,383.506408691
2013-11-04T23:30:00+00:00,5161,309.334960938
2013-11-04T23:40:00+00:00,5161,259.145935059
2013-11-04T23:50:00+00:00,5161,245.757537842
2013-11-05T00:00:00+00:00,5161,266.028564453
2013-11-05T04:00:00+00:00,5161,200.5025177
2013-11-05T05:00:00+00:00,5161,204.136688232
2013-11-05T05:10:00+00:00,5161,211.11491394
2013-11-05T05:30:00+00:00,5161,242.192016602
2013-11-05T05:50:00+00:00,5161,250.219161987
2013-11-05T06:00:00+00:00,5161,267.165802002
2013-11-05T06:10:00+00:00,5161,246.56842041
2013-11-05T06:20:00+00:00,5161,328.04876709
2013-11-05T06:30:00+00:00,5161,482.678863525
2013-11-05T06:40:00+00:00,5161,398.325469971
2013-11-05T06:50:00+00:00,5161,423.897521973
2013-11-05T07:00:00+00:00,5161,544.513549805
2013-11-05T07:10:00+00:00,5161,480.575592041
2013-11-05T07:20:00+00:00,5161,521.048947334
2013-11-05T07:30:00+00:00,5161,612.790771484
2013-11-05T07:40:00+00:00,5161,887.195617676
2013-11-05T07:50:00+00:00,5161,1194.84716797
2013-11-05T08:00:00+00:00,5161,861.473205566
2013-11-05T08:10:00+00:00,5161,972.607543945
2013-11-05T08:20:00+00:00,5161,1023.04302979
2013-11-05T08:30:00+00:00,5161,1036.13012695
2013-11-05T08:40:00+00:00,5161,1222.24291992
2013-11-05T08:50:00+00:00,5161,1219.87670898
2013-11-05T09:00:00+00:00,5161,1615.52099609
2013-11-05T09:10:00+00:00,5161,1846.71606445
2013-11-05T09:20:00+00:00,5161,1593.05371094
2013-11-05T09:30:00+00:00,5161,1538.67126465
2013-11-05T09:40:00+00:00,5161,1539.9980095
2013-11-05T09:50:00+00:00,5161,1620.10852051
2013-11-05T10:00:00+00:00,5161,1948.20129395
2013-11-05T10:10:00+00:00,5161,1868.91984558
2013-11-05T10:20:00+00:00,5161,1947.74241797
2013-11-05T10:30:00+00:00,5161,1955.42260742
2013-11-05T10:40:00+00:00,5161,2093.86254883
2013-11-05T10:50:00+00:00,5161,1888.33813477
2013-11-05T11:00:00+00:00,5161,2401.80541992
2013-11-05T11:10:00+00:00,5161,2042.97034407
2013-11-05T11:20:00+00:00,5161,2045.1862793
2013-11-05T11:30:00+00:00,5161,2288.19162066
2013-11-05T11:40:00+00:00,5161,2552.96728516
2013-11-05T11:50:00+00:00,5161,2524.85107422
2013-11-05T12:00:00+00:00,5161,2872.65795898
2013-11-05T12:10:00+00:00,5161,3165.82750547
2013-11-05T12:20:00+00:00,5161,3457.50394845
2013-11-05T12:30:00+00:00,5161,3536.4547019
2013-11-05T12:40:00+00:00,5161,3243.26538086
2013-11-05T12:50:00+00:00,5161,2886.95385742
2013-11-05T13:00:00+00:00,5161,3231.68631458
2013-11-05T13:10:00+00:00,5161,3468.45825195
2013-11-05T13:20:00+00:00,5161,2984.23266602
2013-11-05T13:30:00+00:00,5161,2761.92602539
2013-11-05T13:40:00+00:00,5161,2775.31884766
2013-11-05T13:50:00+00:00,5161,2758.27490234
2013-11-05T14:00:00+00:00,5161,2916.42236328
2013-11-05T14:10:00+00:00,5161,2807.78222656
2013-11-05T14:20:00+00:00,5161,2643.79589844
2013-11-05T14:30:00+00:00,5161,2389.7800293
2013-11-05T14:40:00+00:00,5161,2785.94905329
2013-11-05T14:50:00+00:00,5161,2595.91064453
2013-11-05T15:00:00+00:00,5161,2453.58496094
2013-11-05T15:10:00+00:00,5161,2719.50878906
2013-11-05T15:20:00+00:00,5161,2507.99915934
2013-11-05T15:30:00+00:00,5161,2958.81518555
2013-11-05T15:40:00+00:00,5161,2867.57809877
2013-11-05T15:50:00+00:00,5161,2479.23510742
2013-11-05T16:00:00+00:00,5161,3100.52807617
2013-11-05T16:10:00+00:00,5161,2836.63330078
2013-11-05T16:20:00+00:00,5161,2347.8918457
2013-11-05T16:30:00+00:00,5161,2638.59179688
2013-11-05T16:40:00+00:00,5161,2513.2019043
2013-11-05T16:50:00+00:00,5161,2847.64746094
2013-11-05T17:00:00+00:00,5161,2456.79443359
2013-11-05T17:10:00+00:00,5161,2337.09033203
2013-11-05T17:20:00+00:00,5161,2596.25097656
2013-11-05T17:30:00+00:00,5161,2216.7331543
2013-11-05T17:40:00+00:00,5161,2042.80725098
2013-11-05T17:50:00+00:00,5161,2109.96044922
2013-11-05T18:00:00+00:00,5161,2437.69580078
2013-11-05T18:10:00+00:00,5161,2496.0144043
2013-11-05T18:20:00+00:00,5161,2487.12710238
2013-11-05T18:30:00+00:00,5161,2086.4375
2013-11-05T18:40:00+00:00,5161,1990.98547363
2013-11-05T18:50:00+00:00,5161,2132.32397461
2013-11-05T19:00:00+00:00,5161,1762.72546387
2013-11-05T19:10:00+00:00,5161,1881.1418457
2013-11-05T19:20:00+00:00,5161,1707.05407715
2013-11-05T19:30:00+00:00,5161,1479.10668945
2013-11-05T19:40:00+00:00,5161,1499.10314572
2013-11-05T19:50:00+00:00,5161,1377.47814941
2013-11-05T20:00:00+00:00,5161,1594.15625
2013-11-05T20:10:00+00:00,5161,1232.72766113
2013-11-05T20:20:00+00:00,5161,1150.61096191
2013-11-05T20:30:00+00:00,5161,1325.84277344
2013-11-05T20:40:00+00:00,5161,1427.60070801
2013-11-05T20:50:00+00:00,5161,896.769165039
2013-11-05T21:00:00+00:00,5161,1083.11291504
2013-11-05T21:10:00+00:00,5161,860.454833984
2013-11-05T21:20:00+00:00,5161,946.723693848
2013-11-05T21:30:00+00:00,5161,945.295532227
2013-11-05T21:40:00+00:00,5161,648.647949219
2013-11-05T21:50:00+00:00,5161,806.125244141
2013-11-05T22:00:00+00:00,5161,685.234130859
2013-11-05T22:10:00+00:00,5161,551.768066406
2013-11-05T22:20:00+00:00,5161,631.250549316
2013-11-05T22:30:00+00:00,5161,524.352233887
2013-11-05T22:40:00+00:00,5161,611.520935059
2013-11-05T22:50:00+00:00,5161,501.98828125
2013-11-05T23:00:00+00:00,5161,476.774871826
2013-11-05T23:10:00+00:00,5161,451.053771973
2013-11-05T23:20:00+00:00,5161,395.590240479
2013-11-05T23:30:00+00:00,5161,307.602050781
2013-11-05T23:40:00+00:00,5161,324.985076904
2013-11-06T00:00:00+00:00,5161,287.623535156
2013-11-06T00:10:00+00:00,5161,268.499481201
2013-11-06T00:20:00+00:00,5161,218.667999268
2013-11-06T01:40:00+00:00,5161,223.154495239
2013-11-06T03:20:00+00:00,5161,0.208211451769
2013-11-06T04:20:00+00:00,5161,181.720046997
2013-11-06T04:50:00+00:00,5161,205.452255249
2013-11-06T05:00:00+00:00,5161,227.659332275
2013-11-06T05:10:00+00:00,5161,191.041885376
2013-11-06T05:50:00+00:00,5161,224.250137329
2013-11-06T06:00:00+00:00,5161,306.459991455
2013-11-06T06:10:00+00:00,5161,304.339324951
2013-11-06T06:20:00+00:00,5161,286.228973389
2013-11-06T06:30:00+00:00,5161,313.485168457
2013-11-06T06:40:00+00:00,5161,310.696075439
2013-11-06T06:50:00+00:00,5161,394.801300049
2013-11-06T07:00:00+00:00,5161,753.761474609
2013-11-06T07:10:00+00:00,5161,690.630859375
2013-11-06T07:20:00+00:00,5161,526.723083496
2013-11-06T07:30:00+00:00,5161,652.205491699
2013-11-06T07:40:00+00:00,5161,766.807434082
2013-11-06T07:50:00+00:00,5161,786.124755859
2013-11-06T08:00:00+00:00,5161,1060.88244629
2013-11-06T08:10:00+00:00,5161,1004.42749023
2013-11-06T08:20:00+00:00,5161,1043.46960449
2013-11-06T08:30:00+00:00,5161,1173.2121582
2013-11-06T08:40:00+00:00,5161,1232.86218262
2013-11-06T08:50:00+00:00,5161,1209.1739502
2013-11-06T09:00:00+00:00,5161,1237.55419922
2013-11-06T09:10:00+00:00,5161,1424.37719727
2013-11-06T09:20:00+00:00,5161,1351.08862305
2013-11-06T09:30:00+00:00,5161,1597.83496094
2013-11-06T09:40:00+00:00,5161,1538.77648926
2013-11-06T09:50:00+00:00,5161,1905.51647949
2013-11-06T10:00:00+00:00,5161,1625.01513672
2013-11-06T10:10:00+00:00,5161,1988.29760742
2013-11-06T10:20:00+00:00,5161,1777.17785645
2013-11-06T10:30:00+00:00,5161,1931.26989746
2013-11-06T10:40:00+00:00,5161,2308.59741211
2013-11-06T10:50:00+00:00,5161,2084.17626953
2013-11-06T11:00:00+00:00,5161,2005.48681641
2013-11-06T11:10:00+00:00,5161,1901.25268555
2013-11-06T11:20:00+00:00,5161,2196.47949219
2013-11-06T11:30:00+00:00,5161,2242.97509766
2013-11-06T11:40:00+00:00,5161,2522.66186523
2013-11-06T11:50:00+00:00,5161,2612.48730469
2013-11-06T12:00:00+00:00,5161,2739.37597656
2013-11-06T12:10:00+00:00,5161,2808.78857422
2013-11-06T12:20:00+00:00,5161,2774.47290039
2013-11-06T12:30:00+00:00,5161,2850.37670898
2013-11-06T12:40:00+00:00,5161,2678.55615234
2013-11-06T12:50:00+00:00,5161,2730.18334961
2013-11-06T13:00:00+00:00,5161,3249.82299805
2013-11-06T13:10:00+00:00,5161,3824.71875
2013-11-06T13:20:00+00:00,5161,2975.09985352
2013-11-06T13:30:00+00:00,5161,2640.5949707
2013-11-06T13:40:00+00:00,5161,2915.38378906
2013-11-06T13:50:00+00:00,5161,2742.99240494
2013-11-06T14:00:00+00:00,5161,2611.60024858
2013-11-06T14:10:00+00:00,5161,2301.42345667
2013-11-06T14:20:00+00:00,5161,2660.12353516
2013-11-06T14:30:00+00:00,5161,2215.03125
2013-11-06T14:40:00+00:00,5161,2610.74462891
2013-11-06T14:50:00+00:00,5161,2693.14331055
2013-11-06T15:00:00+00:00,5161,2750.34277344
2013-11-06T15:10:00+00:00,5161,2527.21077371
2013-11-06T15:20:00+00:00,5161,2781.61264133
2013-11-06T15:30:00+00:00,5161,2459.91137695
2013-11-06T15:40:00+00:00,5161,2285.33959961
2013-11-06T15:50:00+00:00,5161,2316.6455512
2013-11-06T16:00:00+00:00,5161,2674.63989258
2013-11-06T16:10:00+00:00,5161,2302.00292969
2013-11-06T16:20:00+00:00,5161,2757.65454102
2013-11-06T16:30:00+00:00,5161,2948.93236303
2013-11-06T16:40:00+00:00,5161,2234.88549805
2013-11-06T16:50:00+00:00,5161,2505.68310547
2013-11-06T17:00:00+00:00,5161,2797.99926758
2013-11-06T17:10:00+00:00,5161,2473.40405273
2013-11-06T17:20:00+00:00,5161,2414.1328125
2013-11-06T17:30:00+00:00,5161,2338.60424805
2013-11-06T17:40:00+00:00,5161,2251.32324219
2013-11-06T17:50:00+00:00,5161,2175.15307617
2013-11-06T18:00:00+00:00,5161,2000.63183594
2013-11-06T18:10:00+00:00,5161,2373.19814709
2013-11-06T18:20:00+00:00,5161,2008.21264648
2013-11-06T18:30:00+00:00,5161,2138.57421875
2013-11-06T18:40:00+00:00,5161,1968.9666748
2013-11-06T18:50:00+00:00,5161,2156.91650391
2013-11-06T19:00:00+00:00,5161,1629.98120117
2013-11-06T19:10:00+00:00,5161,1493.24536133
2013-11-06T19:20:00+00:00,5161,1762.96911621
2013-11-06T19:30:00+00:00,5161,1462.48217773
2013-11-06T19:40:00+00:00,5161,1507.0090332
2013-11-06T19:50:00+00:00,5161,1238.14941406
2013-11-06T20:00:00+00:00,5161,1355.69372559
2013-11-06T20:10:00+00:00,5161,1344.65222168
2013-11-06T20:20:00+00:00,5161,1181.94543457
2013-11-06T20:30:00+00:00,5161,969.409729004
2013-11-06T20:40:00+00:00,5161,1119.90771484
2013-11-06T20:50:00+00:00,5161,1243.10046387
2013-11-06T21:00:00+00:00,5161,1029.83361816
2013-11-06T21:10:00+00:00,5161,1355.79919434
2013-11-06T21:20:00+00:00,5161,1095.21008301
2013-11-06T21:30:00+00:00,5161,1069.82775879
2013-11-06T21:40:00+00:00,5161,945.255249023
2013-11-06T21:50:00+00:00,5161,848.674194336
2013-11-06T22:00:00+00:00,5161,953.196411133
2013-11-06T22:10:00+00:00,5161,488.292327881
2013-11-06T22:20:00+00:00,5161,697.971435547
2013-11-06T22:30:00+00:00,5161,989.228637695
2013-11-06T22:40:00+00:00,5161,503.527496338
2013-11-06T22:50:00+00:00,5161,432.838500977
2013-11-06T23:00:00+00:00,5161,406.772369385
2013-11-06T23:10:00+00:00,5161,418.482971191
2013-11-06T23:30:00+00:00,5161,273.760284424
2013-11-06T23:40:00+00:00,5161,243.066818237
2013-11-07T00:00:00+00:00,5161,279.252960205
2013-11-07T00:10:00+00:00,5161,230.306228638
2013-11-07T00:30:00+00:00,5161,261.867675781
2013-11-07T01:20:00+00:00,5161,261.728057861
2013-11-07T02:20:00+00:00,5161,251.486053467
2013-11-07T02:50:00+00:00,5161,225.76361084
2013-11-07T03:30:00+00:00,5161,242.987686157
2013-11-07T05:30:00+00:00,5161,302.338775635
2013-11-07T05:40:00+00:00,5161,264.41204834
2013-11-07T05:50:00+00:00,5161,287.396881104
2013-11-07T06:00:00+00:00,5161,321.161407471
2013-11-07T06:10:00+00:00,5161,350.24432373
2013-11-07T06:20:00+00:00,5161,333.278411865
2013-11-07T06:30:00+00:00,5161,364.279388428
2013-11-07T06:40:00+00:00,5161,341.29901123
2013-11-07T06:50:00+00:00,5161,432.347412109
2013-11-07T07:00:00+00:00,5161,603.370788574
2013-11-07T07:10:00+00:00,5161,673.174560547
2013-11-07T07:20:00+00:00,5161,792.791564941
2013-11-07T07:30:00+00:00,5161,870.565612793
2013-11-07T07:40:00+00:00,5161,956.422058105
2013-11-07T07:50:00+00:00,5161,911.213256836
2013-11-07T08:00:00+00:00,5161,890.704528809
2013-11-07T08:10:00+00:00,5161,921.406188965
2013-11-07T08:20:00+00:00,5161,1065.38354492
2013-11-07T08:30:00+00:00,5161,1357.25170898
2013-11-07T08:40:00+00:00,5161,1290.79980469
2013-11-07T08:50:00+00:00,5161,1333.75024414
2013-11-07T09:00:00+00:00,5161,1184.59146452
2013-11-07T09:10:00+00:00,5161,1318.27050781
2013-11-07T09:20:00+00:00,5161,1358.56774902
2013-11-07T09:30:00+00:00,5161,1451.68029785
2013-11-07T09:40:00+00:00,5161,1740.80102539
2013-11-07T09:50:00+00:00,5161,1712.92089844
2013-11-07T10:00:00+00:00,5161,1708.27709961
2013-11-07T10:10:00+00:00,5161,1757.54418945
2013-11-07T10:20:00+00:00,5161,1912.71887207
2013-11-07T10:30:00+00:00,5161,1876.64013672
2013-11-07T10:40:00+00:00,5161,1913.75144124
2013-11-07T10:50:00+00:00,5161,2041.92687988
2013-11-07T11:00:00+00:00,5161,2486.84667969
2013-11-07T11:10:00+00:00,5161,2566.02563477
2013-11-07T11:20:00+00:00,5161,2374.82788086
2013-11-07T11:30:00+00:00,5161,2166.66772461
2013-11-07T11:40:00+00:00,5161,2681.19628906
2013-11-07T11:50:00+00:00,5161,2617.46533203
2013-11-07T12:00:00+00:00,5161,2708.68314838
2013-11-07T12:10:00+00:00,5161,2915.94067383
2013-11-07T12:20:00+00:00,5161,3239.79443359
2013-11-07T12:30:00+00:00,5161,2639.67260742
2013-11-07T12:40:00+00:00,5161,2955.42901134
2013-11-07T12:50:00+00:00,5161,3008.21801758
2013-11-07T13:00:00+00:00,5161,3040.43017578
2013-11-07T13:10:00+00:00,5161,2887.92925596
2013-11-07T13:20:00+00:00,5161,3648.80541992
2013-11-07T13:30:00+00:00,5161,2584.42529297
2013-11-07T13:40:00+00:00,5161,2610.19775391
2013-11-07T13:50:00+00:00,5161,2912.85400391
2013-11-07T14:00:00+00:00,5161,2539.27438903
2013-11-07T14:10:00+00:00,5161,2878.84423828
2013-11-07T14:20:00+00:00,5161,2761.58025946
2013-11-07T14:30:00+00:00,5161,2677.55566406
2013-11-07T14:40:00+00:00,5161,2475.23608398
2013-11-07T14:50:00+00:00,5161,2390.66992188
2013-11-07T15:00:00+00:00,5161,2409.41967773
2013-11-07T15:10:00+00:00,5161,2884.30444336
2013-11-07T15:20:00+00:00,5161,2497.51367092
2013-11-07T15:30:00+00:00,5161,3036.96704102
2013-11-07T15:40:00+00:00,5161,2427.73364258
2013-11-07T15:50:00+00:00,5161,2181.14990234
2013-11-07T16:00:00+00:00,5161,2245.39379883
2013-11-07T16:10:00+00:00,5161,2391.23461914
2013-11-07T16:20:00+00:00,5161,2198.05566406
2013-11-07T16:30:00+00:00,5161,2565.88891602
2013-11-07T16:40:00+00:00,5161,2722.17675781
2013-11-07T16:50:00+00:00,5161,2666.07397461
2013-11-07T17:00:00+00:00,5161,2387.02734375
2013-11-07T17:10:00+00:00,5161,2383.4284668
2013-11-07T17:20:00+00:00,5161,2223.67578125
2013-11-07T17:30:00+00:00,5161,2332.24169922
2013-11-07T17:40:00+00:00,5161,2311.41333008
2013-11-07T17:50:00+00:00,5161,1928.92376614
2013-11-07T18:00:00+00:00,5161,2739.73583984
2013-11-07T18:10:00+00:00,5161,2287.77329779
2013-11-07T18:20:00+00:00,5161,1946.921875
2013-11-07T18:30:00+00:00,5161,2014.57080078
2013-11-07T18:40:00+00:00,5161,2233.87503636
2013-11-07T18:50:00+00:00,5161,2611.26293945
2013-11-07T19:00:00+00:00,5161,1708.47691989
2013-11-07T19:10:00+00:00,5161,1516.40652418
2013-11-07T19:20:00+00:00,5161,1497.38549805
2013-11-07T19:30:00+00:00,5161,1269.20678711
2013-11-07T19:40:00+00:00,5161,1182.515625
2013-11-07T19:50:00+00:00,5161,1183.85900879
2013-11-07T20:00:00+00:00,5161,1278.28833008
2013-11-07T20:10:00+00:00,5161,1318.61804199
2013-11-07T20:20:00+00:00,5161,1001.29937744
2013-11-07T20:30:00+00:00,5161,1330.30175781
2013-11-07T20:40:00+00:00,5161,1397.19238281
2013-11-07T20:50:00+00:00,5161,1067.90356445
2013-11-07T21:00:00+00:00,5161,1339.42431641
2013-11-07T21:10:00+00:00,5161,1080.56591797
2013-11-07T21:20:00+00:00,5161,662.035644531
2013-11-07T21:30:00+00:00,5161,670.74810791
2013-11-07T21:40:00+00:00,5161,732.494384766
2013-11-07T21:50:00+00:00,5161,610.838134766
2013-11-07T22:00:00+00:00,5161,602.761901855
2013-11-07T22:10:00+00:00,5161,641.863952637
2013-11-07T22:20:00+00:00,5161,679.976379395
2013-11-07T22:30:00+00:00,5161,669.08026123
2013-11-07T22:40:00+00:00,5161,511.712493896
2013-11-07T22:50:00+00:00,5161,488.699981689
2013-11-07T23:00:00+00:00,5161,422.870605469
2013-11-07T23:10:00+00:00,5161,429.998748779
2013-11-07T23:20:00+00:00,5161,450.938201904
2013-11-07T23:40:00+00:00,5161,369.460601807
2013-11-07T23:50:00+00:00,5161,263.706542969
2013-11-08T00:00:00+00:00,5161,250.677276611
2013-11-08T00:20:00+00:00,5161,305.988494873
2013-11-08T01:30:00+00:00,5161,173.93711853
2013-11-08T03:10:00+00:00,5161,200.869049072
2013-11-08T05:00:00+00:00,5161,164.705871582
2013-11-08T05:30:00+00:00,5161,175.36630249
2013-11-08T05:40:00+00:00,5161,288.318969727
2013-11-08T05:50:00+00:00,5161,271.798553467
2013-11-08T06:00:00+00:00,5161,230.797042847
2013-11-08T06:10:00+00:00,5161,284.656402588
2013-11-08T06:20:00+00:00,5161,278.9793396
2013-11-08T06:30:00+00:00,5161,270.368621826
2013-11-08T06:40:00+00:00,5161,325.343109131
2013-11-08T06:50:00+00:00,5161,396.424804688
2013-11-08T07:00:00+00:00,5161,338.232727051
2013-11-08T07:10:00+00:00,5161,453.891357422
2013-11-08T07:20:00+00:00,5161,480.309753418
2013-11-08T07:30:00+00:00,5161,735.967651367
2013-11-08T07:40:00+00:00,5161,722.308166504
2013-11-08T07:50:00+00:00,5161,850.395141602
2013-11-08T08:00:00+00:00,5161,831.416503906
2013-11-08T08:10:00+00:00,5161,1000.99645996
2013-11-08T08:20:00+00:00,5161,940.690490723
2013-11-08T08:30:00+00:00,5161,987.718994141
2013-11-08T08:40:00+00:00,5161,1096.4197998
2013-11-08T08:50:00+00:00,5161,1250.94006348
2013-11-08T09:00:00+00:00,5161,1367.73901367
2013-11-08T09:10:00+00:00,5161,1301.15991211
2013-11-08T09:20:00+00:00,5161,1561.23815918
2013-11-08T09:30:00+00:00,5161,1597.99377441
2013-11-08T09:40:00+00:00,5161,1796.31071115
2013-11-08T09:50:00+00:00,5161,1575.99316406
2013-11-08T10:00:00+00:00,5161,1786.13784742
2013-11-08T10:10:00+00:00,5161,1837.1081543
2013-11-08T10:20:00+00:00,5161,1956.25927734
2013-11-08T10:30:00+00:00,5161,2065.93769026
2013-11-08T10:40:00+00:00,5161,2398.04663086
2013-11-08T10:50:00+00:00,5161,2089.47119141
2013-11-08T11:00:00+00:00,5161,2608.46955317
2013-11-08T11:10:00+00:00,5161,1985.00717711
2013-11-08T11:20:00+00:00,5161,2428.62744141
2013-11-08T11:30:00+00:00,5161,2129.44702148
2013-11-08T11:40:00+00:00,5161,2272.04345703
2013-11-08T11:50:00+00:00,5161,2382.13574219
2013-11-08T12:00:00+00:00,5161,2511.63803005
2013-11-08T12:10:00+00:00,5161,3183.77368164
2013-11-08T12:20:00+00:00,5161,2688.10424805
2013-11-08T12:30:00+00:00,5161,2991.79125977
2013-11-08T12:40:00+00:00,5161,3407.93334961
2013-11-08T12:50:00+00:00,5161,3542.06054688
2013-11-08T13:00:00+00:00,5161,3510.66967773
2013-11-08T13:10:00+00:00,5161,3737.08051682
2013-11-08T13:20:00+00:00,5161,3135.15625
2013-11-08T13:30:00+00:00,5161,3171.43530273
2013-11-08T13:40:00+00:00,5161,2939.00235653
2013-11-08T13:50:00+00:00,5161,2996.95849609
2013-11-08T14:00:00+00:00,5161,3140.89819336
2013-11-08T14:10:00+00:00,5161,3302.00366211
2013-11-08T14:20:00+00:00,5161,2760.33764648
2013-11-08T14:30:00+00:00,5161,3583.79672012
2013-11-08T14:40:00+00:00,5161,2945.80395508
2013-11-08T14:50:00+00:00,5161,2840.43505859
2013-11-08T15:00:00+00:00,5161,2906.48266602
2013-11-08T15:10:00+00:00,5161,3118.97967014
2013-11-08T15:20:00+00:00,5161,3153.34210014
2013-11-08T15:30:00+00:00,5161,2832.81762695
2013-11-08T15:40:00+00:00,5161,2812.07641602
2013-11-08T15:50:00+00:00,5161,2870.46125457
2013-11-08T16:00:00+00:00,5161,2611.39914989
2013-11-08T16:10:00+00:00,5161,2842.50610352
2013-11-08T16:20:00+00:00,5161,2574.44702148
2013-11-08T16:30:00+00:00,5161,2703.91430664
2013-11-08T16:40:00+00:00,5161,2870.5404377
2013-11-08T16:50:00+00:00,5161,2921.48411083
2013-11-08T17:00:00+00:00,5161,2876.75170898
2013-11-08T17:10:00+00:00,5161,2829.92735898
2013-11-08T17:20:00+00:00,5161,2631.16308594
2013-11-08T17:30:00+00:00,5161,2810.25746822
2013-11-08T17:40:00+00:00,5161,2631.72509766
2013-11-08T17:50:00+00:00,5161,2101.95458984
2013-11-08T18:00:00+00:00,5161,2153.61499023
2013-11-08T18:10:00+00:00,5161,2170.84079528
2013-11-08T18:20:00+00:00,5161,1944.19619417
2013-11-08T18:30:00+00:00,5161,1896.15122283
2013-11-08T18:40:00+00:00,5161,1662.54052734
2013-11-08T18:50:00+00:00,5161,1972.46261215
2013-11-08T19:00:00+00:00,5161,1442.30651855
2013-11-08T19:10:00+00:00,5161,1460.34969616
2013-11-08T19:20:00+00:00,5161,1645.05175781
2013-11-08T19:30:00+00:00,5161,1370.51330566
2013-11-08T19:40:00+00:00,5161,1365.30249023
2013-11-08T19:50:00+00:00,5161,1633.12609863
2013-11-08T20:00:00+00:00,5161,1452.35388184
2013-11-08T20:10:00+00:00,5161,1187.06787109
2013-11-08T20:20:00+00:00,5161,1235.5480957
2013-11-08T20:30:00+00:00,5161,878.829101562
2013-11-08T20:40:00+00:00,5161,1109.46228027
2013-11-08T20:50:00+00:00,5161,1009.36315918
2013-11-08T21:00:00+00:00,5161,1236.54284668
2013-11-08T21:10:00+00:00,5161,1193.13696289
2013-11-08T21:20:00+00:00,5161,825.547607422
2013-11-08T21:30:00+00:00,5161,847.50201416
2013-11-08T21:40:00+00:00,5161,1189.8840332
2013-11-08T21:50:00+00:00,5161,552.012390137
2013-11-08T22:00:00+00:00,5161,586.485351562
2013-11-08T22:10:00+00:00,5161,496.005981445
2013-11-08T22:20:00+00:00,5161,545.557128906
2013-11-08T22:30:00+00:00,5161,573.314819336
2013-11-08T22:40:00+00:00,5161,773.203063965
2013-11-08T22:50:00+00:00,5161,520.365661621
2013-11-08T23:00:00+00:00,5161,480.438415527
2013-11-08T23:10:00+00:00,5161,456.942657471
2013-11-08T23:30:00+00:00,5161,638.011779785
2013-11-08T23:40:00+00:00,5161,517.836181641
2013-11-08T23:50:00+00:00,5161,377.628662109
2013-11-09T00:00:00+00:00,5161,348.030212402
2013-11-09T00:10:00+00:00,5161,358.585327148
2013-11-09T00:30:00+00:00,5161,345.870788574
2013-11-09T00:40:00+00:00,5161,282.105560303
2013-11-09T00:50:00+00:00,5161,273.258209229
2013-11-09T01:00:00+00:00,5161,282.50793457
2013-11-09T01:40:00+00:00,5161,220.820632935
2013-11-09T02:20:00+00:00,5161,203.513259888
2013-11-09T02:30:00+00:00,5161,250.038574219
2013-11-09T02:40:00+00:00,5161,208.928787231
2013-11-09T02:50:00+00:00,5161,211.788116455
2013-11-09T03:10:00+00:00,5161,192.316726685
2013-11-09T03:20:00+00:00,5161,195.368728638
2013-11-09T03:30:00+00:00,5161,230.317642212
2013-11-09T04:10:00+00:00,5161,202.626617432
2013-11-09T05:10:00+00:00,5161,183.092941284
2013-11-09T05:40:00+00:00,5161,205.571929932
2013-11-09T05:50:00+00:00,5161,214.341949463
2013-11-09T06:00:00+00:00,5161,281.176635742
2013-11-09T06:20:00+00:00,5161,226.271621704
2013-11-09T06:30:00+00:00,5161,295.398620605
2013-11-09T06:40:00+00:00,5161,258.569946289
2013-11-09T06:50:00+00:00,5161,328.703887939
2013-11-09T07:00:00+00:00,5161,523.524719238
2013-11-09T07:10:00+00:00,5161,282.756347656
2013-11-09T07:20:00+00:00,5161,217.461395264
2013-11-09T07:30:00+00:00,5161,424.07043457
2013-11-09T07:40:00+00:00,5161,415.540527344
2013-11-09T07:50:00+00:00,5161,402.540649414
2013-11-09T08:00:00+00:00,5161,903.639648438
2013-11-09T08:10:00+00:00,5161,624.75012207
2013-11-09T08:20:00+00:00,5161,678.846618652
2013-11-09T08:30:00+00:00,5161,574.380004883
2013-11-09T08:40:00+00:00,5161,741.997558594
2013-11-09T08:50:00+00:00,5161,718.03137207
2013-11-09T09:00:00+00:00,5161,868.775268555
2013-11-09T09:10:00+00:00,5161,869.784240723
2013-11-09T09:20:00+00:00,5161,1181.95483398
2013-11-09T09:30:00+00:00,5161,963.482299805
2013-11-09T09:40:00+00:00,5161,1288.42909428
2013-11-09T09:50:00+00:00,5161,1593.39855957
2013-11-09T10:00:00+00:00,5161,1298.69946289
2013-11-09T10:10:00+00:00,5161,1698.82543945
2013-11-09T10:20:00+00:00,5161,1720.22936249
2013-11-09T10:30:00+00:00,5161,1980.63891602
2013-11-09T10:40:00+00:00,5161,2106.15893555
2013-11-09T10:50:00+00:00,5161,2509.09619141
2013-11-09T11:00:00+00:00,5161,2366.23689651
2013-11-09T11:10:00+00:00,5161,2823.70674324
2013-11-09T11:20:00+00:00,5161,2620.84863091
2013-11-09T11:30:00+00:00,5161,2300.53628397
2013-11-09T11:40:00+00:00,5161,2786.84786606
2013-11-09T11:50:00+00:00,5161,2627.07373047
2013-11-09T12:00:00+00:00,5161,2431.97233009
2013-11-09T12:10:00+00:00,5161,3142.42634869
2013-11-09T12:20:00+00:00,5161,3346.85229492
2013-11-09T12:30:00+00:00,5161,2556.40695953
2013-11-09T12:40:00+00:00,5161,2720.17211914
2013-11-09T12:50:00+00:00,5161,3294.71582031
2013-11-09T13:00:00+00:00,5161,3017.93603802
2013-11-09T13:10:00+00:00,5161,2862.58619785
2013-11-09T13:20:00+00:00,5161,2638.34892511
2013-11-09T13:30:00+00:00,5161,3036.14913559
2013-11-09T13:40:00+00:00,5161,3658.05708313
2013-11-09T13:50:00+00:00,5161,3763.51150823
2013-11-09T14:00:00+00:00,5161,3446.90510178
2013-11-09T14:10:00+00:00,5161,3022.01268649
2013-11-09T14:20:00+00:00,5161,3424.15940475
2013-11-09T14:30:00+00:00,5161,4538.80735397
2013-11-09T14:40:00+00:00,5161,4027.06691504
2013-11-09T14:50:00+00:00,5161,3943.8342173
2013-11-09T15:00:00+00:00,5161,3887.03428295
2013-11-09T15:10:00+00:00,5161,4267.60905021
2013-11-09T15:20:00+00:00,5161,4141.72661209
2013-11-09T15:30:00+00:00,5161,4177.2954216
2013-11-09T15:40:00+00:00,5161,4150.52170014
2013-11-09T15:50:00+00:00,5161,4544.81349564
2013-11-09T16:00:00+00:00,5161,4991.16265297
2013-11-09T16:10:00+00:00,5161,4713.90379651
2013-11-09T16:20:00+00:00,5161,4246.89013672
2013-11-09T16:30:00+00:00,5161,4000.61425781
2013-11-09T16:40:00+00:00,5161,4008.36066532
2013-11-09T16:50:00+00:00,5161,4751.046875
2013-11-09T17:00:00+00:00,5161,4302.73632812
2013-11-09T17:10:00+00:00,5161,4419.50691032
2013-11-09T17:20:00+00:00,5161,4421.14278841
2013-11-09T17:30:00+00:00,5161,4115.66601562
2013-11-09T17:40:00+00:00,5161,3540.70629883
2013-11-09T17:50:00+00:00,5161,3661.97767782
2013-11-09T18:00:00+00:00,5161,3914.14916992
2013-11-09T18:10:00+00:00,5161,3685.48364258
2013-11-09T18:20:00+00:00,5161,3404.69399166
2013-11-09T18:30:00+00:00,5161,3019.00229645
2013-11-09T18:40:00+00:00,5161,3099.91992188
2013-11-09T18:50:00+00:00,5161,2757.47875977
2013-11-09T19:00:00+00:00,5161,2609.00925231
2013-11-09T19:10:00+00:00,5161,2346.90014648
2013-11-09T19:20:00+00:00,5161,2535.45629883
2013-11-09T19:30:00+00:00,5161,1708.95364141
2013-11-09T19:40:00+00:00,5161,1764.05969238
2013-11-09T19:50:00+00:00,5161,1978.30712891
2013-11-09T20:00:00+00:00,5161,1445.15370083
2013-11-09T20:10:00+00:00,5161,1293.27770996
2013-11-09T20:20:00+00:00,5161,1491.66247559
2013-11-09T20:30:00+00:00,5161,1484.8338623
2013-11-09T20:40:00+00:00,5161,1733.77038574
2013-11-09T20:50:00+00:00,5161,1531.0402832
2013-11-09T21:00:00+00:00,5161,1766.84875488
2013-11-09T21:10:00+00:00,5161,1423.37072754
2013-11-09T21:20:00+00:00,5161,1635.65722656
2013-11-09T21:30:00+00:00,5161,1945.64318848
2013-11-09T21:40:00+00:00,5161,1190.07910156
2013-11-09T21:50:00+00:00,5161,1157.08483887
2013-11-09T22:00:00+00:00,5161,971.069274902
2013-11-09T22:10:00+00:00,5161,944.829956055
2013-11-09T22:20:00+00:00,5161,1169.04589844
2013-11-09T22:30:00+00:00,5161,791.815490723
2013-11-09T22:40:00+00:00,5161,724.038879395
2013-11-09T22:50:00+00:00,5161,801.806762695
2013-11-09T23:00:00+00:00,5161,783.432922363
2013-11-09T23:10:00+00:00,5161,833.143798828
2013-11-09T23:20:00+00:00,5161,666.09753418
2013-11-09T23:30:00+00:00,5161,518.629150391
2013-11-09T23:40:00+00:00,5161,611.301391602
2013-11-09T23:50:00+00:00,5161,589.861328125
2013-11-10T00:00:00+00:00,5161,365.634063721
2013-11-10T00:10:00+00:00,5161,342.693603516
2013-11-10T00:20:00+00:00,5161,347.953765869
2013-11-10T00:30:00+00:00,5161,325.105010986
2013-11-10T00:40:00+00:00,5161,305.692810059
2013-11-10T01:10:00+00:00,5161,265.718292236
2013-11-10T05:00:00+00:00,5161,206.686706543
2013-11-10T05:20:00+00:00,5161,263.667327881
2013-11-10T06:00:00+00:00,5161,229.390411377
2013-11-10T06:10:00+00:00,5161,259.678100586
2013-11-10T06:20:00+00:00,5161,230.524398804
2013-11-10T06:30:00+00:00,5161,368.605407715
2013-11-10T06:40:00+00:00,5161,394.337585449
2013-11-10T06:50:00+00:00,5161,306.016082764
2013-11-10T07:00:00+00:00,5161,243.198028564
2013-11-10T07:10:00+00:00,5161,287.826324463
2013-11-10T07:20:00+00:00,5161,258.130310059
2013-11-10T07:30:00+00:00,5161,273.601593018
2013-11-10T07:40:00+00:00,5161,488.590240479
2013-11-10T07:50:00+00:00,5161,356.846099854
2013-11-10T08:00:00+00:00,5161,334.929931641
2013-11-10T08:10:00+00:00,5161,306.631011963
2013-11-10T08:20:00+00:00,5161,498.928985596
2013-11-10T08:30:00+00:00,5161,360.039611816
2013-11-10T08:40:00+00:00,5161,338.776794434
2013-11-10T08:50:00+00:00,5161,437.300292969
2013-11-10T09:00:00+00:00,5161,604.245544434
2013-11-10T09:10:00+00:00,5161,846.235778809
2013-11-10T09:20:00+00:00,5161,820.81439209
2013-11-10T09:30:00+00:00,5161,805.556640625
2013-11-10T09:40:00+00:00,5161,1340.48445845
2013-11-10T09:50:00+00:00,5161,992.974731445
2013-11-10T10:00:00+00:00,5161,1248.87304688
2013-11-10T10:10:00+00:00,5161,1819.84594727
2013-11-10T10:20:00+00:00,5161,1829.59069824
2013-11-10T10:30:00+00:00,5161,1725.69665527
2013-11-10T10:40:00+00:00,5161,2087.94717312
2013-11-10T10:50:00+00:00,5161,2026.49546623
2013-11-10T11:00:00+00:00,5161,2324.63305664
2013-11-10T11:10:00+00:00,5161,2560.54760742
2013-11-10T11:20:00+00:00,5161,2303.625
2013-11-10T11:30:00+00:00,5161,3210.38500977
2013-11-10T11:40:00+00:00,5161,2775.74194336
2013-11-10T11:50:00+00:00,5161,2195.83662081
2013-11-10T12:00:00+00:00,5161,2570.38085938
2013-11-10T12:10:00+00:00,5161,2622.53515625
2013-11-10T12:20:00+00:00,5161,2488.66796875
2013-11-10T12:30:00+00:00,5161,2641.63720703
2013-11-10T12:40:00+00:00,5161,2492.3671875
2013-11-10T12:50:00+00:00,5161,2672.31494141
2013-11-10T13:00:00+00:00,5161,3653.13248423
2013-11-10T13:10:00+00:00,5161,2653.27172852
2013-11-10T13:20:00+00:00,5161,2729.10470915
2013-11-10T13:30:00+00:00,5161,3299.78613281
2013-11-10T13:40:00+00:00,5161,3307.01196289
2013-11-10T13:50:00+00:00,5161,3400.65527344
2013-11-10T14:00:00+00:00,5161,3859.80004883
2013-11-10T14:10:00+00:00,5161,3577.34350586
2013-11-10T14:20:00+00:00,5161,3709.75177956
2013-11-10T14:30:00+00:00,5161,3861.74633789
2013-11-10T14:40:00+00:00,5161,4858.4525156
2013-11-10T14:50:00+00:00,5161,4049.37133789
2013-11-10T15:00:00+00:00,5161,3961.17114258
2013-11-10T15:10:00+00:00,5161,4437.27294922
2013-11-10T15:20:00+00:00,5161,4323.91894531
2013-11-10T15:30:00+00:00,5161,5163.26660156
2013-11-10T15:40:00+00:00,5161,5168.79882812
2013-11-10T15:50:00+00:00,5161,4986.27539062
2013-11-10T16:00:00+00:00,5161,4895.0390625
2013-11-10T16:10:00+00:00,5161,4971.48144531
2013-11-10T16:20:00+00:00,5161,4834.72460938
2013-11-10T16:30:00+00:00,5161,4375.14550781
2013-11-10T16:40:00+00:00,5161,4563.01025391
2013-11-10T16:50:00+00:00,5161,5003.88720703
2013-11-10T17:00:00+00:00,5161,4779.44335938
2013-11-10T17:10:00+00:00,5161,3704.56396484
2013-11-10T17:20:00+00:00,5161,3635.25289834
2013-11-10T17:30:00+00:00,5161,3820.21679688
2013-11-10T17:40:00+00:00,5161,3564.5324707
2013-11-10T17:50:00+00:00,5161,3677.29711914
2013-11-10T18:00:00+00:00,5161,3179.72460938
2013-11-10T18:10:00+00:00,5161,3596.91723633
2013-11-10T18:20:00+00:00,5161,2778.92993164
2013-11-10T18:30:00+00:00,5161,3211.09106445
2013-11-10T18:40:00+00:00,5161,3505.25341797
2013-11-10T18:50:00+00:00,5161,2641.62719727
2013-11-10T19:00:00+00:00,5161,2346.62573242
2013-11-10T19:10:00+00:00,5161,1843.66174316
2013-11-10T19:20:00+00:00,5161,1596.54821777
2013-11-10T19:30:00+00:00,5161,1784.93273926
2013-11-10T19:40:00+00:00,5161,1312.65820312
2013-11-10T19:50:00+00:00,5161,1651.34924316
2013-11-10T20:00:00+00:00,5161,1107.96386719
2013-11-10T20:10:00+00:00,5161,1126.37512207
2013-11-10T20:20:00+00:00,5161,1070.67358398
2013-11-10T20:30:00+00:00,5161,1485.04614258
2013-11-10T20:40:00+00:00,5161,1063.25183105
2013-11-10T20:50:00+00:00,5161,1004.39459229
2013-11-10T21:00:00+00:00,5161,1580.79980469
2013-11-10T21:10:00+00:00,5161,1193.97924805
2013-11-10T21:20:00+00:00,5161,1135.09289551
2013-11-10T21:30:00+00:00,5161,782.320373535
2013-11-10T21:40:00+00:00,5161,780.605102539
2013-11-10T21:50:00+00:00,5161,830.407348633
2013-11-10T22:10:00+00:00,5161,531.870544434
2013-11-10T22:20:00+00:00,5161,817.224365234
2013-11-10T22:30:00+00:00,5161,658.686767578
2013-11-10T22:50:00+00:00,5161,497.947784424
2013-11-10T23:00:00+00:00,5161,419.42980957
2013-11-10T23:30:00+00:00,5161,421.271606445
2013-11-11T00:00:00+00:00,5161,260.613616943
2013-11-11T00:10:00+00:00,5161,211.109298706
2013-11-11T04:00:00+00:00,5161,236.194122314
2013-11-11T04:20:00+00:00,5161,234.287506104
2013-11-11T05:30:00+00:00,5161,229.336654663
2013-11-11T05:40:00+00:00,5161,216.346054077
2013-11-11T05:50:00+00:00,5161,265.776580811
2013-11-11T06:00:00+00:00,5161,284.608093262
2013-11-11T06:10:00+00:00,5161,208.80255127
2013-11-11T06:20:00+00:00,5161,328.214111328
2013-11-11T06:30:00+00:00,5161,399.032745361
2013-11-11T06:40:00+00:00,5161,442.940612793
2013-11-11T06:50:00+00:00,5161,423.262115479
2013-11-11T07:00:00+00:00,5161,393.704345703
2013-11-11T07:10:00+00:00,5161,484.265625
2013-11-11T07:20:00+00:00,5161,612.661315918
2013-11-11T07:30:00+00:00,5161,606.581665039
2013-11-11T07:40:00+00:00,5161,686.765991211
2013-11-11T07:50:00+00:00,5161,814.474121094
2013-11-11T08:00:00+00:00,5161,973.124145508
2013-11-11T08:10:00+00:00,5161,1142.99389648
2013-11-11T08:20:00+00:00,5161,1039.31750488
2013-11-11T08:30:00+00:00,5161,1068.76220703
2013-11-11T08:40:00+00:00,5161,1118.72290039
2013-11-11T08:50:00+00:00,5161,1103.26049805
2013-11-11T09:00:00+00:00,5161,1163.36499023
2013-11-11T09:10:00+00:00,5161,1193.69775391
2013-11-11T09:20:00+00:00,5161,1510.87133789
2013-11-11T09:30:00+00:00,5161,1449.00427246
2013-11-11T09:40:00+00:00,5161,1434.12683105
2013-11-11T09:50:00+00:00,5161,1262.33996582
2013-11-11T10:00:00+00:00,5161,1861.01647949
2013-11-11T10:10:00+00:00,5161,2082.80737305
2013-11-11T10:20:00+00:00,5161,1599.33007812
2013-11-11T10:30:00+00:00,5161,1748.48486328
2013-11-11T10:40:00+00:00,5161,2013.28051758
2013-11-11T10:50:00+00:00,5161,2311.20940647
2013-11-11T11:00:00+00:00,5161,2512.03051758
2013-11-11T11:10:00+00:00,5161,2136.37829494
2013-11-11T11:20:00+00:00,5161,1949.55175781
2013-11-11T11:30:00+00:00,5161,2606.62719727
2013-11-11T11:40:00+00:00,5161,2364.69799805
2013-11-11T11:50:00+00:00,5161,2072.3990252
2013-11-11T12:00:00+00:00,5161,2766.81079102
2013-11-11T12:10:00+00:00,5161,2953.73828125
2013-11-11T12:20:00+00:00,5161,2651.43221331
2013-11-11T12:30:00+00:00,5161,2759.05444336
2013-11-11T12:40:00+00:00,5161,2756.9519043
2013-11-11T12:50:00+00:00,5161,2676.71658278
2013-11-11T13:00:00+00:00,5161,3072.19897461
2013-11-11T13:10:00+00:00,5161,2775.39746094
2013-11-11T13:20:00+00:00,5161,3053.29443359
2013-11-11T13:30:00+00:00,5161,2943.58531348
2013-11-11T13:40:00+00:00,5161,2261.02709961
2013-11-11T13:50:00+00:00,5161,2585.81995797
2013-11-11T14:00:00+00:00,5161,2466.49047852
2013-11-11T14:10:00+00:00,5161,2547.85894918
2013-11-11T14:20:00+00:00,5161,2820.16503906
2013-11-11T14:30:00+00:00,5161,2939.02270508
2013-11-11T14:40:00+00:00,5161,2246.12890625
2013-11-11T14:50:00+00:00,5161,2467.72094727
2013-11-11T15:00:00+00:00,5161,2382.74316406
2013-11-11T15:10:00+00:00,5161,2198.59472656
2013-11-11T15:20:00+00:00,5161,2447.30178928
2013-11-11T15:30:00+00:00,5161,2380.8762207
2013-11-11T15:40:00+00:00,5161,2376.25195312
2013-11-11T15:50:00+00:00,5161,2486.89868164
2013-11-11T16:00:00+00:00,5161,2584.45151126
2013-11-11T16:10:00+00:00,5161,2465.28222656
2013-11-11T16:20:00+00:00,5161,2370.86500263
2013-11-11T16:30:00+00:00,5161,2438.45849609
2013-11-11T16:40:00+00:00,5161,2364.26428151
2013-11-11T16:50:00+00:00,5161,2568.03417969
2013-11-11T17:00:00+00:00,5161,3178.2782257
2013-11-11T17:10:00+00:00,5161,2553.83178711
2013-11-11T17:20:00+00:00,5161,2601.5612793
2013-11-11T17:30:00+00:00,5161,2201.08349609
2013-11-11T17:40:00+00:00,5161,2095.359375
2013-11-11T17:50:00+00:00,5161,2518.73632812
2013-11-11T18:00:00+00:00,5161,2290.5146234
2013-11-11T18:10:00+00:00,5161,1927.80749512
2013-11-11T18:20:00+00:00,5161,2181.07885742
2013-11-11T18:30:00+00:00,5161,1775.17244959
2013-11-11T18:40:00+00:00,5161,1943.77416992
2013-11-11T18:50:00+00:00,5161,1676.10070801
2013-11-11T19:00:00+00:00,5161,1745.04101562
2013-11-11T19:10:00+00:00,5161,1375.35913086
2013-11-11T19:20:00+00:00,5161,1559.70178223
2013-11-11T19:30:00+00:00,5161,1307.3416748
2013-11-11T19:40:00+00:00,5161,1178.19616699
2013-11-11T19:50:00+00:00,5161,1206.42785645
2013-11-11T20:00:00+00:00,5161,900.355224609
2013-11-11T20:10:00+00:00,5161,924.655639648
2013-11-11T20:20:00+00:00,5161,1157.00341797
2013-11-11T20:30:00+00:00,5161,1185.1373291
2013-11-11T20:40:00+00:00,5161,682.846801758
2013-11-11T20:50:00+00:00,5161,747.617004395
2013-11-11T21:00:00+00:00,5161,803.171630859
2013-11-11T21:10:00+00:00,5161,632.045043945
2013-11-11T21:20:00+00:00,5161,539.095581055
2013-11-11T21:30:00+00:00,5161,551.539306641
2013-11-11T21:40:00+00:00,5161,542.914733887
2013-11-11T21:50:00+00:00,5161,519.991821289
2013-11-11T22:00:00+00:00,5161,728.930114746
2013-11-11T22:10:00+00:00,5161,494.626953125
2013-11-11T22:20:00+00:00,5161,467.020690918
2013-11-11T22:30:00+00:00,5161,705.081542969
2013-11-11T22:40:00+00:00,5161,381.656738281
2013-11-11T22:50:00+00:00,5161,391.636657715
2013-11-11T23:00:00+00:00,5161,360.600769043
2013-11-11T23:10:00+00:00,5161,521.709838867
2013-11-11T23:20:00+00:00,5161,388.035583496
2013-11-11T23:30:00+00:00,5161,463.74118042
2013-11-11T23:40:00+00:00,5161,416.870697021
2013-11-11T23:50:00+00:00,5161,316.856048584
2013-11-12T00:00:00+00:00,5161,296.738220215
2013-11-12T00:50:00+00:00,5161,261.215606689
2013-11-12T04:30:00+00:00,5161,196.600418091
2013-11-12T05:40:00+00:00,5161,226.590789795
2013-11-12T05:50:00+00:00,5161,283.754394531
2013-11-12T06:00:00+00:00,5161,274.91293335
2013-11-12T06:10:00+00:00,5161,281.969787598
2013-11-12T06:20:00+00:00,5161,298.911315918
2013-11-12T06:30:00+00:00,5161,371.899688721
2013-11-12T06:40:00+00:00,5161,442.742919922
2013-11-12T06:50:00+00:00,5161,470.413421631
2013-11-12T07:00:00+00:00,5161,392.308776855
2013-11-12T07:10:00+00:00,5161,382.797119141
2013-11-12T07:20:00+00:00,5161,761.510192871
2013-11-12T07:30:00+00:00,5161,701.189147949
2013-11-12T07:40:00+00:00,5161,667.300354004
2013-11-12T07:50:00+00:00,5161,757.696838379
2013-11-12T08:00:00+00:00,5161,839.404724121
2013-11-12T08:10:00+00:00,5161,814.920288086
2013-11-12T08:20:00+00:00,5161,965.647155762
2013-11-12T08:30:00+00:00,5161,1036.16662598
2013-11-12T08:40:00+00:00,5161,1129.38342285
2013-11-12T08:50:00+00:00,5161,1215.62365723
2013-11-12T09:00:00+00:00,5161,1437.21716309
2013-11-12T09:10:00+00:00,5161,1333.85253906
2013-11-12T09:20:00+00:00,5161,1507.85119629
2013-11-12T09:30:00+00:00,5161,1559.58959961
2013-11-12T09:40:00+00:00,5161,1627.71960449
2013-11-12T09:50:00+00:00,5161,1639.29516602
2013-11-12T10:00:00+00:00,5161,1718.07788086
2013-11-12T10:10:00+00:00,5161,1969.38537598
2013-11-12T10:20:00+00:00,5161,1844.69995117
2013-11-12T10:30:00+00:00,5161,2002.18530273
2013-11-12T10:40:00+00:00,5161,2298.85693359
2013-11-12T10:50:00+00:00,5161,2272.39990234
2013-11-12T11:00:00+00:00,5161,2184.90991211
2013-11-12T11:10:00+00:00,5161,2438.06274414
2013-11-12T11:20:00+00:00,5161,2315.77734375
2013-11-12T11:30:00+00:00,5161,2484.82804608
2013-11-12T11:40:00+00:00,5161,2310.83422852
2013-11-12T11:50:00+00:00,5161,2343.82177734
2013-11-12T12:00:00+00:00,5161,2793.0559082
2013-11-12T12:10:00+00:00,5161,2667.73510742
2013-11-12T12:20:00+00:00,5161,2960.39160156
2013-11-12T12:30:00+00:00,5161,3617.17256117
2013-11-12T12:40:00+00:00,5161,3412.38769531
2013-11-12T12:50:00+00:00,5161,3199.47265625
2013-11-12T13:00:00+00:00,5161,3217.18530273
2013-11-12T13:10:00+00:00,5161,2727.90722656
2013-11-12T13:20:00+00:00,5161,2670.30444336
2013-11-12T13:30:00+00:00,5161,2585.94189453
2013-11-12T13:40:00+00:00,5161,2842.80761719
2013-11-12T13:50:00+00:00,5161,2954.91674805
2013-11-12T14:00:00+00:00,5161,3407.60791016
2013-11-12T14:10:00+00:00,5161,2639.83056641
2013-11-12T14:20:00+00:00,5161,2418.60791016
2013-11-12T14:30:00+00:00,5161,2299.60717773
2013-11-12T14:40:00+00:00,5161,2455.3947866
2013-11-12T14:50:00+00:00,5161,2375.31616211
2013-11-12T15:00:00+00:00,5161,2586.02540183
2013-11-12T15:10:00+00:00,5161,2634.47849059
2013-11-12T15:20:00+00:00,5161,2982.13256836
2013-11-12T15:30:00+00:00,5161,2599.53808594
2013-11-12T15:40:00+00:00,5161,2474.15283203
2013-11-12T15:50:00+00:00,5161,2714.78344727
2013-11-12T16:00:00+00:00,5161,3918.47875977
2013-11-12T16:10:00+00:00,5161,2827.67363596
2013-11-12T16:20:00+00:00,5161,2759.89453125
2013-11-12T16:30:00+00:00,5161,2405.30126953
2013-11-12T16:40:00+00:00,5161,2298.95166016
2013-11-12T16:50:00+00:00,5161,2594.86303711
2013-11-12T17:00:00+00:00,5161,2374.72705078
2013-11-12T17:10:00+00:00,5161,2413.73632812
2013-11-12T17:20:00+00:00,5161,2473.54882812
2013-11-12T17:30:00+00:00,5161,2376.2175293
2013-11-12T17:40:00+00:00,5161,2369.44677734
2013-11-12T17:50:00+00:00,5161,2239.47436523
2013-11-12T18:00:00+00:00,5161,2120.38183594
2013-11-12T18:10:00+00:00,5161,2135.06629324
2013-11-12T18:20:00+00:00,5161,2347.6171875
2013-11-12T18:30:00+00:00,5161,1995.4354248
2013-11-12T18:40:00+00:00,5161,2013.41162109
2013-11-12T18:50:00+00:00,5161,2167.25292969
2013-11-12T19:00:00+00:00,5161,1526.23181152
2013-11-12T19:10:00+00:00,5161,1521.7109375
2013-11-12T19:20:00+00:00,5161,1594.09350586
2013-11-12T19:30:00+00:00,5161,1271.88061523
2013-11-12T19:40:00+00:00,5161,1293.09838867
2013-11-12T19:50:00+00:00,5161,1631.43225098
2013-11-12T20:00:00+00:00,5161,1140.28601074
2013-11-12T20:10:00+00:00,5161,924.66394043
2013-11-12T20:20:00+00:00,5161,1376.6036377
2013-11-12T20:30:00+00:00,5161,1159.6151123
2013-11-12T20:40:00+00:00,5161,1194.93688965
2013-11-12T20:50:00+00:00,5161,1221.56713867
2013-11-12T21:00:00+00:00,5161,1215.11706543
2013-11-12T21:10:00+00:00,5161,877.636901855
2013-11-12T21:20:00+00:00,5161,790.703796387
2013-11-12T21:30:00+00:00,5161,713.409423828
2013-11-12T21:40:00+00:00,5161,693.130737305
2013-11-12T21:50:00+00:00,5161,712.409729004
2013-11-12T22:00:00+00:00,5161,590.280456543
2013-11-12T22:10:00+00:00,5161,503.427581787
2013-11-12T22:20:00+00:00,5161,434.492828369
2013-11-12T22:30:00+00:00,5161,668.674499512
2013-11-12T22:40:00+00:00,5161,560.599365234
2013-11-12T22:50:00+00:00,5161,419.162017822
2013-11-12T23:00:00+00:00,5161,412.87411499
2013-11-12T23:10:00+00:00,5161,339.188140869
2013-11-12T23:20:00+00:00,5161,378.835968018
2013-11-12T23:40:00+00:00,5161,309.458679199
2013-11-12T23:50:00+00:00,5161,314.845092773
2013-11-13T00:00:00+00:00,5161,312.620941162
2013-11-13T00:20:00+00:00,5161,251.023468018
2013-11-13T01:20:00+00:00,5161,259.464630127
2013-11-13T01:40:00+00:00,5161,235.059494019
2013-11-13T05:00:00+00:00,5161,228.82585144
2013-11-13T05:30:00+00:00,5161,234.532348633
2013-11-13T05:40:00+00:00,5161,235.27116394
2013-11-13T05:50:00+00:00,5161,291.193084717
2013-11-13T06:00:00+00:00,5161,282.965148926
2013-11-13T06:10:00+00:00,5161,447.87197876
2013-11-13T06:20:00+00:00,5161,640.719909668
2013-11-13T06:30:00+00:00,5161,362.832855225
2013-11-13T06:40:00+00:00,5161,427.430847168
2013-11-13T06:50:00+00:00,5161,461.563476562
2013-11-13T07:00:00+00:00,5161,599.63293457
2013-11-13T07:10:00+00:00,5161,639.591247559
2013-11-13T07:20:00+00:00,5161,665.853149414
2013-11-13T07:30:00+00:00,5161,750.904846191
2013-11-13T07:40:00+00:00,5161,734.731750488
2013-11-13T07:50:00+00:00,5161,877.644836426
2013-11-13T08:00:00+00:00,5161,1012.89349365
2013-11-13T08:10:00+00:00,5161,1320.89282227
2013-11-13T08:20:00+00:00,5161,1097.17932129
2013-11-13T08:30:00+00:00,5161,1407.37243652
2013-11-13T08:40:00+00:00,5161,1153.87395498
2013-11-13T08:50:00+00:00,5161,1223.44372559
2013-11-13T09:00:00+00:00,5161,1395.45935059
2013-11-13T09:10:00+00:00,5161,1411.78894043
2013-11-13T09:20:00+00:00,5161,1564.5222168
2013-11-13T09:30:00+00:00,5161,1661.95507812
2013-11-13T09:40:00+00:00,5161,1664.39526367
2013-11-13T09:50:00+00:00,5161,2070.43945312
2013-11-13T10:00:00+00:00,5161,1913.31616211
2013-11-13T10:10:00+00:00,5161,1855.84790039
2013-11-13T10:20:00+00:00,5161,2294.55541992
2013-11-13T10:30:00+00:00,5161,2144.67480469
2013-11-13T10:40:00+00:00,5161,2247.09814453
2013-11-13T10:50:00+00:00,5161,2438.16040039
2013-11-13T11:00:00+00:00,5161,2189.03540039
2013-11-13T11:10:00+00:00,5161,2412.68530273
2013-11-13T11:20:00+00:00,5161,2440.97973633
2013-11-13T11:30:00+00:00,5161,2398.66357422
2013-11-13T11:40:00+00:00,5161,2518.92504883
2013-11-13T11:50:00+00:00,5161,3028.75683594
2013-11-13T12:00:00+00:00,5161,3017.63763571
2013-11-13T12:10:00+00:00,5161,3097.71287537
2013-11-13T12:20:00+00:00,5161,3350.8605957
2013-11-13T12:30:00+00:00,5161,4180.54052734
2013-11-13T12:40:00+00:00,5161,3085.43701172
2013-11-13T12:50:00+00:00,5161,2843.28808594
2013-11-13T13:00:00+00:00,5161,2841.4152832
2013-11-13T13:10:00+00:00,5161,3253.04370117
2013-11-13T13:20:00+00:00,5161,3769.57495117
2013-11-13T13:30:00+00:00,5161,2950.75154793
2013-11-13T13:40:00+00:00,5161,3349.03274822
2013-11-13T13:50:00+00:00,5161,3875.0769043
2013-11-13T14:00:00+00:00,5161,2817.74651599
2013-11-13T14:10:00+00:00,5161,2773.91444683
2013-11-13T14:20:00+00:00,5161,3025.2734375
2013-11-13T14:30:00+00:00,5161,2338.21020508
2013-11-13T14:40:00+00:00,5161,2538.23339844
2013-11-13T14:50:00+00:00,5161,2946.4375
2013-11-13T15:00:00+00:00,5161,2904.25756836
2013-11-13T15:10:00+00:00,5161,2762.81420898
2013-11-13T15:20:00+00:00,5161,2489.91577148
2013-11-13T15:30:00+00:00,5161,2287.843714
2013-11-13T15:40:00+00:00,5161,2398.75073242
2013-11-13T15:50:00+00:00,5161,2677.56201172
2013-11-13T16:00:00+00:00,5161,2351.30029297
2013-11-13T16:10:00+00:00,5161,2458.56591797
2013-11-13T16:20:00+00:00,5161,2430.10305738
2013-11-13T16:30:00+00:00,5161,2735.72802734
2013-11-13T16:40:00+00:00,5161,2403.61474609
2013-11-13T16:50:00+00:00,5161,2480.26098633
2013-11-13T17:00:00+00:00,5161,2472.84254599
2013-11-13T17:10:00+00:00,5161,2440.44726562
2013-11-13T17:20:00+00:00,5161,2626.37939453
2013-11-13T17:30:00+00:00,5161,2325.5612793
2013-11-13T17:40:00+00:00,5161,2020.23193359
2013-11-13T17:50:00+00:00,5161,2372.91235352
2013-11-13T18:00:00+00:00,5161,2336.68457031
2013-11-13T18:10:00+00:00,5161,2097.83081055
2013-11-13T18:20:00+00:00,5161,2715.52148438
2013-11-13T18:30:00+00:00,5161,2064.65582848
2013-11-13T18:40:00+00:00,5161,1847.63288188
2013-11-13T18:50:00+00:00,5161,1969.45166016
2013-11-13T19:00:00+00:00,5161,1912.53662109
2013-11-13T19:10:00+00:00,5161,1796.06237793
2013-11-13T19:20:00+00:00,5161,1698.28417969
2013-11-13T19:30:00+00:00,5161,1378.3293457
2013-11-13T19:40:00+00:00,5161,1574.25878906
2013-11-13T19:50:00+00:00,5161,1477.58537865
2013-11-13T20:00:00+00:00,5161,1198.62109375
2013-11-13T20:10:00+00:00,5161,1119.1829834
2013-11-13T20:20:00+00:00,5161,1306.65063477
2013-11-13T20:30:00+00:00,5161,1057.43164062
2013-11-13T20:40:00+00:00,5161,926.854797363
2013-11-13T20:50:00+00:00,5161,963.616760254
2013-11-13T21:00:00+00:00,5161,904.252746582
2013-11-13T21:10:00+00:00,5161,1250.84716797
2013-11-13T21:20:00+00:00,5161,777.447387695
2013-11-13T21:30:00+00:00,5161,765.550598145
2013-11-13T21:40:00+00:00,5161,911.398864746
2013-11-13T21:50:00+00:00,5161,754.970336914
2013-11-13T22:00:00+00:00,5161,633.127075195
2013-11-13T22:10:00+00:00,5161,812.453063965
2013-11-13T22:20:00+00:00,5161,587.018493652
2013-11-13T22:30:00+00:00,5161,508.4347229
2013-11-13T22:40:00+00:00,5161,435.169403076
2013-11-13T22:50:00+00:00,5161,579.043334961
2013-11-13T23:00:00+00:00,5161,347.964111328
2013-11-13T23:10:00+00:00,5161,365.515197754
2013-11-13T23:20:00+00:00,5161,360.621765137
2013-11-13T23:30:00+00:00,5161,405.838867188
2013-11-14T00:10:00+00:00,5161,235.551483154
2013-11-14T00:40:00+00:00,5161,204.28994751
2013-11-14T01:10:00+00:00,5161,328.794372559
2013-11-14T02:00:00+00:00,5161,189.448394775
2013-11-14T03:50:00+00:00,5161,199.379562378
2013-11-14T05:20:00+00:00,5161,211.233230591
2013-11-14T05:30:00+00:00,5161,209.985809326
2013-11-14T05:40:00+00:00,5161,221.788543701
2013-11-14T05:50:00+00:00,5161,271.885131836
2013-11-14T06:00:00+00:00,5161,376.485412598
2013-11-14T06:10:00+00:00,5161,312.727783203
2013-11-14T06:20:00+00:00,5161,606.979492188
2013-11-14T06:30:00+00:00,5161,296.475250244
2013-11-14T06:40:00+00:00,5161,330.896728516
2013-11-14T06:50:00+00:00,5161,404.952209473
2013-11-14T07:00:00+00:00,5161,371.128997803
2013-11-14T07:10:00+00:00,5161,416.746459961
2013-11-14T07:20:00+00:00,5161,503.544525146
2013-11-14T07:30:00+00:00,5161,612.280151367
2013-11-14T07:40:00+00:00,5161,575.453796387
2013-11-14T07:50:00+00:00,5161,807.918151855
2013-11-14T08:00:00+00:00,5161,1043.95812988
2013-11-14T08:10:00+00:00,5161,994.664550781
2013-11-14T08:20:00+00:00,5161,1242.32470703
2013-11-14T08:30:00+00:00,5161,1024.57165527
2013-11-14T08:40:00+00:00,5161,1401.18127441
2013-11-14T08:50:00+00:00,5161,1259.70983887
2013-11-14T09:00:00+00:00,5161,1324.15625
2013-11-14T09:10:00+00:00,5161,1386.62585449
2013-11-14T09:20:00+00:00,5161,1204.86694336
2013-11-14T09:30:00+00:00,5161,1444.20410156
2013-11-14T09:40:00+00:00,5161,1421.0378418
2013-11-14T09:50:00+00:00,5161,1860.79455566
2013-11-14T10:00:00+00:00,5161,1881.92558765
2013-11-14T10:10:00+00:00,5161,1754.03653705
2013-11-14T10:20:00+00:00,5161,1922.81468359
2013-11-14T10:30:00+00:00,5161,1924.98498535
2013-11-14T10:40:00+00:00,5161,2241.61767578
2013-11-14T10:50:00+00:00,5161,2216.8297689
2013-11-14T11:00:00+00:00,5161,2190.43188477
2013-11-14T11:10:00+00:00,5161,2395.10229492
2013-11-14T11:20:00+00:00,5161,2100.14746094
2013-11-14T11:30:00+00:00,5161,2198.35546875
2013-11-14T11:40:00+00:00,5161,1989.21264648
2013-11-14T11:50:00+00:00,5161,2298.48876953
2013-11-14T12:00:00+00:00,5161,2551.18823242
2013-11-14T12:10:00+00:00,5161,3326.07666016
2013-11-14T12:20:00+00:00,5161,2648.53540039
2013-11-14T12:30:00+00:00,5161,2981.95043945
2013-11-14T12:40:00+00:00,5161,3348.57373047
2013-11-14T12:50:00+00:00,5161,3077.87053871
2013-11-14T13:00:00+00:00,5161,3350.39746094
2013-11-14T13:10:00+00:00,5161,2950.63476562
2013-11-14T13:20:00+00:00,5161,2978.35153484
2013-11-14T13:30:00+00:00,5161,3728.33105469
2013-11-14T13:40:00+00:00,5161,3041.83786559
2013-11-14T13:50:00+00:00,5161,3181.3515625
2013-11-14T14:00:00+00:00,5161,3516.42236328
2013-11-14T14:10:00+00:00,5161,2831.21875
2013-11-14T14:20:00+00:00,5161,3047.15042698
2013-11-14T14:30:00+00:00,5161,2799.96923828
2013-11-14T14:40:00+00:00,5161,2809.93701172
2013-11-14T14:50:00+00:00,5161,2754.97070312
2013-11-14T15:00:00+00:00,5161,2948.19505954
2013-11-14T15:10:00+00:00,5161,3005.4019286
2013-11-14T15:20:00+00:00,5161,2966.20117188
2013-11-14T15:30:00+00:00,5161,2977.47875977
2013-11-14T15:40:00+00:00,5161,3161.27685547
2013-11-14T15:50:00+00:00,5161,2580.9699707
2013-11-14T16:00:00+00:00,5161,2665.39225172
2013-11-14T16:10:00+00:00,5161,3091.61767578
2013-11-14T16:20:00+00:00,5161,2231.1774652
2013-11-14T16:30:00+00:00,5161,2427.90581179
2013-11-14T16:40:00+00:00,5161,2422.57739258
2013-11-14T16:50:00+00:00,5161,2126.95605469
2013-11-14T17:00:00+00:00,5161,2425.54991309
2013-11-14T17:10:00+00:00,5161,2650.13476562
2013-11-14T17:20:00+00:00,5161,2776.17675781
2013-11-14T17:30:00+00:00,5161,2284.09228516
2013-11-14T17:40:00+00:00,5161,2260.50927734
2013-11-14T17:50:00+00:00,5161,2078.01782227
2013-11-14T18:00:00+00:00,5161,2261.53271484
2013-11-14T18:10:00+00:00,5161,2424.62999121
2013-11-14T18:20:00+00:00,5161,2227.93936181
2013-11-14T18:30:00+00:00,5161,2338.42578125
2013-11-14T18:40:00+00:00,5161,2210.64968824
2013-11-14T18:50:00+00:00,5161,1809.60632324
2013-11-14T19:00:00+00:00,5161,2023.62231445
2013-11-14T19:10:00+00:00,5161,1432.0489502
2013-11-14T19:20:00+00:00,5161,1699.91174316
2013-11-14T19:30:00+00:00,5161,1319.55639648
2013-11-14T19:40:00+00:00,5161,1190.03808594
2013-11-14T19:50:00+00:00,5161,1172.34521484
2013-11-14T20:00:00+00:00,5161,1346.44494629
2013-11-14T20:10:00+00:00,5161,1474.50488281
2013-11-14T20:20:00+00:00,5161,1579.88085938
2013-11-14T20:30:00+00:00,5161,1203.38391113
2013-11-14T20:40:00+00:00,5161,1032.1673584
2013-11-14T20:50:00+00:00,5161,1206.02709961
2013-11-14T21:00:00+00:00,5161,1581.6348877
2013-11-14T21:10:00+00:00,5161,978.327087402
2013-11-14T21:20:00+00:00,5161,856.258117676
2013-11-14T21:30:00+00:00,5161,698.268737793
2013-11-14T21:40:00+00:00,5161,941.347351074
2013-11-14T21:50:00+00:00,5161,1275.02905273
2013-11-14T22:00:00+00:00,5161,538.691345215
2013-11-14T22:10:00+00:00,5161,732.915466309
2013-11-14T22:20:00+00:00,5161,563.617004395
2013-11-14T22:30:00+00:00,5161,717.301330566
2013-11-14T22:40:00+00:00,5161,432.118164062
2013-11-14T22:50:00+00:00,5161,460.139099121
2013-11-14T23:00:00+00:00,5161,390.193725586
2013-11-14T23:10:00+00:00,5161,405.013061523
2013-11-14T23:20:00+00:00,5161,475.638641357
2013-11-14T23:30:00+00:00,5161,429.970855713
2013-11-14T23:40:00+00:00,5161,533.910339355
2013-11-14T23:50:00+00:00,5161,385.774261475
2013-11-15T01:20:00+00:00,5161,195.706726074
2013-11-15T04:50:00+00:00,5161,203.205810547
2013-11-15T05:00:00+00:00,5161,212.523513794
2013-11-15T05:10:00+00:00,5161,196.244338989
2013-11-15T05:50:00+00:00,5161,278.894592285
2013-11-15T06:00:00+00:00,5161,310.249145508
2013-11-15T06:10:00+00:00,5161,291.758117676
2013-11-15T06:20:00+00:00,5161,317.737945557
2013-11-15T06:30:00+00:00,5161,390.651000977
2013-11-15T06:40:00+00:00,5161,388.044250488
2013-11-15T06:50:00+00:00,5161,470.549713135
2013-11-15T07:00:00+00:00,5161,725.800842285
2013-11-15T07:10:00+00:00,5161,420.779052734
2013-11-15T07:20:00+00:00,5161,499.78326416
2013-11-15T07:30:00+00:00,5161,609.878295898
2013-11-15T07:40:00+00:00,5161,679.283447266
2013-11-15T07:50:00+00:00,5161,733.928894043
2013-11-15T08:00:00+00:00,5161,1072.03649902
2013-11-15T08:10:00+00:00,5161,888.296569824
2013-11-15T08:20:00+00:00,5161,1038.35668945
2013-11-15T08:30:00+00:00,5161,1253.61682129
2013-11-15T08:40:00+00:00,5161,1099.59765625
2013-11-15T08:50:00+00:00,5161,1067.14257812
2013-11-15T09:00:00+00:00,5161,1237.97424316
2013-11-15T09:10:00+00:00,5161,1315.42149848
2013-11-15T09:20:00+00:00,5161,1396.93737793
2013-11-15T09:30:00+00:00,5161,1412.87512207
2013-11-15T09:40:00+00:00,5161,1651.60375977
2013-11-15T09:50:00+00:00,5161,1661.31420898
2013-11-15T10:00:00+00:00,5161,1739.29101562
2013-11-15T10:10:00+00:00,5161,1986.96057129
2013-11-15T10:20:00+00:00,5161,1734.30859375
2013-11-15T10:30:00+00:00,5161,1939.90197754
2013-11-15T10:40:00+00:00,5161,1810.84326172
2013-11-15T10:50:00+00:00,5161,1848.57617188
2013-11-15T11:00:00+00:00,5161,1929.33105469
2013-11-15T11:10:00+00:00,5161,2110.56860352
2013-11-15T11:20:00+00:00,5161,2039.52441406
2013-11-15T11:30:00+00:00,5161,2114.60791016
2013-11-15T11:40:00+00:00,5161,2640.60555506
2013-11-15T11:50:00+00:00,5161,2631.55532557
2013-11-15T12:00:00+00:00,5161,2443.38964844
2013-11-15T12:10:00+00:00,5161,2482.60693359
2013-11-15T12:20:00+00:00,5161,2838.7421875
2013-11-15T12:30:00+00:00,5161,2607.67333984
2013-11-15T12:40:00+00:00,5161,2658.07355177
2013-11-15T12:50:00+00:00,5161,2396.44067383
2013-11-15T13:00:00+00:00,5161,2834.54174805
2013-11-15T13:10:00+00:00,5161,2936.80273438
2013-11-15T13:20:00+00:00,5161,2733.05615234
2013-11-15T13:30:00+00:00,5161,2801.824561
2013-11-15T13:40:00+00:00,5161,2667.07421875
2013-11-15T13:50:00+00:00,5161,2589.49511719
2013-11-15T14:00:00+00:00,5161,2972.65990162
2013-11-15T14:10:00+00:00,5161,2534.6317873
2013-11-15T14:20:00+00:00,5161,2421.04956055
2013-11-15T14:30:00+00:00,5161,2428.94433594
2013-11-15T14:40:00+00:00,5161,2598.8762207
2013-11-15T14:50:00+00:00,5161,2613.71435547
2013-11-15T15:00:00+00:00,5161,2568.01806641
2013-11-15T15:10:00+00:00,5161,2749.77832031
2013-11-15T15:20:00+00:00,5161,2265.48339844
2013-11-15T15:30:00+00:00,5161,2772.10424805
2013-11-15T15:40:00+00:00,5161,2349.54858398
2013-11-15T15:50:00+00:00,5161,2521.42749023
2013-11-15T16:00:00+00:00,5161,2312.67036456
2013-11-15T16:10:00+00:00,5161,2165.22875977
2013-11-15T16:20:00+00:00,5161,2302.802001
2013-11-15T16:30:00+00:00,5161,2226.22265625
2013-11-15T16:40:00+00:00,5161,2375.55493164
2013-11-15T16:50:00+00:00,5161,2118.14355469
2013-11-15T17:00:00+00:00,5161,2851.73095703
2013-11-15T17:10:00+00:00,5161,2168.76293945
2013-11-15T17:20:00+00:00,5161,2121.01416016
2013-11-15T17:30:00+00:00,5161,2118.58642578
2013-11-15T17:40:00+00:00,5161,1657.44445801
2013-11-15T17:50:00+00:00,5161,2126.40307617
2013-11-15T18:00:00+00:00,5161,2146.04589844
2013-11-15T18:10:00+00:00,5161,1801.72375488
2013-11-15T18:20:00+00:00,5161,1725.38722503
2013-11-15T18:30:00+00:00,5161,1646.20825195
2013-11-15T18:40:00+00:00,5161,1769.44873047
2013-11-15T18:50:00+00:00,5161,2069.62402344
2013-11-15T19:00:00+00:00,5161,1618.22314453
2013-11-15T19:10:00+00:00,5161,1548.96008301
2013-11-15T19:20:00+00:00,5161,1237.97937012
2013-11-15T19:30:00+00:00,5161,1121.13684082
2013-11-15T19:40:00+00:00,5161,1093.91723633
2013-11-15T19:50:00+00:00,5161,1001.13696289
2013-11-15T20:00:00+00:00,5161,951.583374023
2013-11-15T20:10:00+00:00,5161,857.763549805
2013-11-15T20:20:00+00:00,5161,1005.01306152
2013-11-15T20:30:00+00:00,5161,729.058410645
2013-11-15T20:40:00+00:00,5161,915.519958496
2013-11-15T20:50:00+00:00,5161,1129.37731934
2013-11-15T21:00:00+00:00,5161,1552.68066406
2013-11-15T21:10:00+00:00,5161,1073.79956055
2013-11-15T21:20:00+00:00,5161,729.280273438
2013-11-15T21:30:00+00:00,5161,766.884277344
2013-11-15T21:40:00+00:00,5161,787.924072266
2013-11-15T21:50:00+00:00,5161,1014.59631348
2013-11-15T22:00:00+00:00,5161,610.11895752
2013-11-15T22:10:00+00:00,5161,558.187194824
2013-11-15T22:20:00+00:00,5161,521.665039062
2013-11-15T22:30:00+00:00,5161,613.227355957
2013-11-15T22:40:00+00:00,5161,434.199951172
2013-11-15T22:50:00+00:00,5161,355.788513184
2013-11-15T23:00:00+00:00,5161,553.927062988
2013-11-15T23:10:00+00:00,5161,425.687866211
2013-11-15T23:20:00+00:00,5161,699.910461426
2013-11-15T23:30:00+00:00,5161,440.035247803
2013-11-15T23:40:00+00:00,5161,396.827758789
2013-11-15T23:50:00+00:00,5161,273.19152832
2013-11-16T00:00:00+00:00,5161,395.57208252
2013-11-16T00:20:00+00:00,5161,191.512420654
2013-11-16T00:30:00+00:00,5161,198.343566895
2013-11-16T00:50:00+00:00,5161,150.795166016
2013-11-16T02:10:00+00:00,5161,170.862411499
2013-11-16T03:10:00+00:00,5161,145.205795288
2013-11-16T03:20:00+00:00,5161,136.929840088
2013-11-16T04:00:00+00:00,5161,142.136260986
2013-11-16T06:00:00+00:00,5161,183.078918457
2013-11-16T06:10:00+00:00,5161,187.321838379
2013-11-16T06:20:00+00:00,5161,193.768737793
2013-11-16T06:30:00+00:00,5161,191.737884521
2013-11-16T06:40:00+00:00,5161,220.253753662
2013-11-16T06:50:00+00:00,5161,194.800201416
2013-11-16T07:00:00+00:00,5161,231.64755249
2013-11-16T07:10:00+00:00,5161,208.589431763
2013-11-16T07:20:00+00:00,5161,201.632904053
2013-11-16T07:30:00+00:00,5161,286.93157959
2013-11-16T07:40:00+00:00,5161,316.887176514
2013-11-16T07:50:00+00:00,5161,325.570892334
2013-11-16T08:00:00+00:00,5161,368.971801758
2013-11-16T08:10:00+00:00,5161,613.363098145
2013-11-16T08:20:00+00:00,5161,496.114501953
2013-11-16T08:30:00+00:00,5161,526.558532715
2013-11-16T08:40:00+00:00,5161,690.302246094
2013-11-16T08:50:00+00:00,5161,716.572692871
2013-11-16T09:00:00+00:00,5161,858.424682617
2013-11-16T09:10:00+00:00,5161,939.448181152
2013-11-16T09:20:00+00:00,5161,943.849596858
2013-11-16T09:30:00+00:00,5161,1050.19750977
2013-11-16T09:40:00+00:00,5161,1167.75976562
2013-11-16T09:50:00+00:00,5161,1321.10583496
2013-11-16T10:00:00+00:00,5161,1393.31860352
2013-11-16T10:10:00+00:00,5161,1997.44650817
2013-11-16T10:20:00+00:00,5161,2063.39282227
2013-11-16T10:30:00+00:00,5161,2275.70288086
2013-11-16T10:40:00+00:00,5161,2074.25230566
2013-11-16T10:50:00+00:00,5161,2253.09092855
2013-11-16T11:00:00+00:00,5161,2672.62571934
2013-11-16T11:10:00+00:00,5161,2485.99731445
2013-11-16T11:20:00+00:00,5161,2306.66783301
2013-11-16T11:30:00+00:00,5161,2680.19924879
2013-11-16T11:40:00+00:00,5161,2686.7175293
2013-11-16T11:50:00+00:00,5161,3123.59765625
2013-11-16T12:00:00+00:00,5161,2786.96166992
2013-11-16T12:10:00+00:00,5161,3319.67333984
2013-11-16T12:20:00+00:00,5161,2746.67407227
2013-11-16T12:30:00+00:00,5161,3146.25294018
2013-11-16T12:40:00+00:00,5161,2674.19751453
2013-11-16T12:50:00+00:00,5161,3211.8269043
2013-11-16T13:00:00+00:00,5161,3160.07080078
2013-11-16T13:10:00+00:00,5161,3439.71749783
2013-11-16T13:20:00+00:00,5161,3848.44575071
2013-11-16T13:30:00+00:00,5161,3591.98551941
2013-11-16T13:40:00+00:00,5161,3659.03811598
2013-11-16T13:50:00+00:00,5161,3772.40763402
2013-11-16T14:00:00+00:00,5161,4054.00463867
2013-11-16T14:10:00+00:00,5161,3086.11409925
2013-11-16T14:20:00+00:00,5161,3861.60852623
2013-11-16T14:30:00+00:00,5161,4115.93847656
2013-11-16T14:40:00+00:00,5161,4351.9375515
2013-11-16T14:50:00+00:00,5161,4773.36425781
2013-11-16T15:00:00+00:00,5161,4621.89358521
2013-11-16T15:10:00+00:00,5161,5058.35546875
2013-11-16T15:20:00+00:00,5161,4335.94754529
2013-11-16T15:30:00+00:00,5161,4451.93701172
2013-11-16T15:40:00+00:00,5161,4842.38037109
2013-11-16T15:50:00+00:00,5161,4645.10311794
2013-11-16T16:00:00+00:00,5161,4924.08447266
2013-11-16T16:10:00+00:00,5161,4565.8187685
2013-11-16T16:20:00+00:00,5161,4675.3671875
2013-11-16T16:30:00+00:00,5161,4378.95164061
2013-11-16T16:40:00+00:00,5161,4174.61669922
2013-11-16T16:50:00+00:00,5161,4443.60693359
2013-11-16T17:00:00+00:00,5161,4081.18969727
2013-11-16T17:10:00+00:00,5161,3934.92418516
2013-11-16T17:20:00+00:00,5161,3794.97043395
2013-11-16T17:30:00+00:00,5161,4056.57174754
2013-11-16T17:40:00+00:00,5161,3849.18603516
2013-11-16T17:50:00+00:00,5161,3644.99584961
2013-11-16T18:00:00+00:00,5161,3832.98483825
2013-11-16T18:10:00+00:00,5161,3160.0534668
2013-11-16T18:20:00+00:00,5161,2949.66552734
2013-11-16T18:30:00+00:00,5161,2724.39697266
2013-11-16T18:40:00+00:00,5161,3025.28881836
2013-11-16T18:50:00+00:00,5161,2127.1171875
2013-11-16T19:00:00+00:00,5161,2339.22802734
2013-11-16T19:10:00+00:00,5161,2912.69995117
2013-11-16T19:20:00+00:00,5161,2376.59448242
2013-11-16T19:30:00+00:00,5161,1893.37023926
2013-11-16T19:40:00+00:00,5161,1504.84362793
2013-11-16T19:50:00+00:00,5161,1781.60168457
2013-11-16T20:00:00+00:00,5161,1519.12780762
2013-11-16T20:10:00+00:00,5161,1196.83081055
2013-11-16T20:20:00+00:00,5161,1526.00402832
2013-11-16T20:30:00+00:00,5161,1273.46838379
2013-11-16T20:40:00+00:00,5161,1647.19445801
2013-11-16T20:50:00+00:00,5161,1600.89172363
2013-11-16T21:00:00+00:00,5161,1488.9095459
2013-11-16T21:10:00+00:00,5161,1513.98156738
2013-11-16T21:20:00+00:00,5161,1556.20336914
2013-11-16T21:30:00+00:00,5161,1144.66235352
2013-11-16T21:40:00+00:00,5161,996.018554688
2013-11-16T21:50:00+00:00,5161,1017.6628418
2013-11-16T22:00:00+00:00,5161,1047.53979492
2013-11-16T22:10:00+00:00,5161,1033.04138184
2013-11-16T22:20:00+00:00,5161,1370.0690918
2013-11-16T22:30:00+00:00,5161,1010.56274414
2013-11-16T22:40:00+00:00,5161,763.086364746
2013-11-16T22:50:00+00:00,5161,741.857910156
2013-11-16T23:00:00+00:00,5161,904.266357422
2013-11-16T23:10:00+00:00,5161,706.476013184
2013-11-16T23:20:00+00:00,5161,742.484680176
2013-11-16T23:30:00+00:00,5161,702.072875977
2013-11-16T23:40:00+00:00,5161,675.146362305
2013-11-16T23:50:00+00:00,5161,390.910339355
2013-11-17T00:00:00+00:00,5161,379.691070557
2013-11-17T00:10:00+00:00,5161,277.529083252
2013-11-17T00:20:00+00:00,5161,255.936309814
2013-11-17T01:00:00+00:00,5161,230.948730469
2013-11-17T04:20:00+00:00,5161,159.313766479
2013-11-17T06:10:00+00:00,5161,150.036148071
2013-11-17T06:20:00+00:00,5161,169.666793823
2013-11-17T06:40:00+00:00,5161,155.831207275
2013-11-17T07:00:00+00:00,5161,193.576293945
2013-11-17T07:20:00+00:00,5161,206.268814087
2013-11-17T07:30:00+00:00,5161,174.286682129
2013-11-17T07:40:00+00:00,5161,172.689498901
2013-11-17T07:50:00+00:00,5161,262.73638916
2013-11-17T08:00:00+00:00,5161,436.78024292
2013-11-17T08:10:00+00:00,5161,354.389526367
2013-11-17T08:20:00+00:00,5161,360.617980957
2013-11-17T08:30:00+00:00,5161,269.489776611
2013-11-17T08:40:00+00:00,5161,376.233886719
2013-11-17T08:50:00+00:00,5161,460.237243652
2013-11-17T09:00:00+00:00,5161,507.824584961
2013-11-17T09:10:00+00:00,5161,478.988922119
2013-11-17T09:20:00+00:00,5161,573.130310059
2013-11-17T09:30:00+00:00,5161,720.082458496
2013-11-17T09:40:00+00:00,5161,842.20904541
2013-11-17T09:50:00+00:00,5161,934.270080566
2013-11-17T10:00:00+00:00,5161,1210.48400879
2013-11-17T10:10:00+00:00,5161,1162.41784668
2013-11-17T10:20:00+00:00,5161,1398.20019531
2013-11-17T10:30:00+00:00,5161,1778.42749023
2013-11-17T10:40:00+00:00,5161,1792.18164062
2013-11-17T10:50:00+00:00,5161,1701.89428711
2013-11-17T11:00:00+00:00,5161,2068.14307117
2013-11-17T11:10:00+00:00,5161,2701.54345703
2013-11-17T11:20:00+00:00,5161,2591.05073643
2013-11-17T11:30:00+00:00,5161,2147.29796124
2013-11-17T11:40:00+00:00,5161,2417.3996582
2013-11-17T11:50:00+00:00,5161,2303.34277344
2013-11-17T12:00:00+00:00,5161,2376.99902344
2013-11-17T12:10:00+00:00,5161,2657.07128906
2013-11-17T12:20:00+00:00,5161,3059.8815918
2013-11-17T12:30:00+00:00,5161,3369.35699177
2013-11-17T12:40:00+00:00,5161,3034.8894043
2013-11-17T12:50:00+00:00,5161,2646.7824707
2013-11-17T13:00:00+00:00,5161,2416.08129883
2013-11-17T13:10:00+00:00,5161,3070.65771484
2013-11-17T13:20:00+00:00,5161,2710.52148438
2013-11-17T13:30:00+00:00,5161,3197.24682617
2013-11-17T13:40:00+00:00,5161,3126.63336325
2013-11-17T13:50:00+00:00,5161,3135.97094727
2013-11-17T14:00:00+00:00,5161,3251.68004894
2013-11-17T14:10:00+00:00,5161,3428.12631607
2013-11-17T14:20:00+00:00,5161,3492.12988281
2013-11-17T14:30:00+00:00,5161,3610.35868311
2013-11-17T14:40:00+00:00,5161,3725.94458008
2013-11-17T14:50:00+00:00,5161,3824.2064929
2013-11-17T15:00:00+00:00,5161,3943.12548828
2013-11-17T15:10:00+00:00,5161,3916.90893555
2013-11-17T15:20:00+00:00,5161,5061.21191406
2013-11-17T15:30:00+00:00,5161,4768.55517578
2013-11-17T15:40:00+00:00,5161,5050.67041016
2013-11-17T15:50:00+00:00,5161,4531.41113281
2013-11-17T16:00:00+00:00,5161,4704.30224609
2013-11-17T16:10:00+00:00,5161,4699.74072266
2013-11-17T16:20:00+00:00,5161,4096.21777344
2013-11-17T16:30:00+00:00,5161,5377.95947266
2013-11-17T16:40:00+00:00,5161,4396.11489582
2013-11-17T16:50:00+00:00,5161,4421.70703125
2013-11-17T17:00:00+00:00,5161,4651.08642578
2013-11-17T17:10:00+00:00,5161,3805.44262695
2013-11-17T17:20:00+00:00,5161,3896.53442383
2013-11-17T17:30:00+00:00,5161,3243.55810547
2013-11-17T17:40:00+00:00,5161,3475.5065918
2013-11-17T17:50:00+00:00,5161,4867.07903576
2013-11-17T18:00:00+00:00,5161,3280.86082077
2013-11-17T18:10:00+00:00,5161,2892.9543457
2013-11-17T18:20:00+00:00,5161,2719.5612793
2013-11-17T18:30:00+00:00,5161,2569.84057617
2013-11-17T18:40:00+00:00,5161,2246.92431641
2013-11-17T18:50:00+00:00,5161,2172.56420898
2013-11-17T19:00:00+00:00,5161,1788.54663086
2013-11-17T19:10:00+00:00,5161,1924.19494629
2013-11-17T19:20:00+00:00,5161,1632.6907959
2013-11-17T19:30:00+00:00,5161,1214.48242188
2013-11-17T19:40:00+00:00,5161,1152.92932129
2013-11-17T19:50:00+00:00,5161,1026.98583984
2013-11-17T20:00:00+00:00,5161,833.108886719
2013-11-17T20:10:00+00:00,5161,853.4921875
2013-11-17T20:20:00+00:00,5161,996.836486816
2013-11-17T20:30:00+00:00,5161,695.200500488
2013-11-17T20:40:00+00:00,5161,582.741821289
2013-11-17T20:50:00+00:00,5161,530.154296875
2013-11-17T21:00:00+00:00,5161,699.971374512
2013-11-17T21:10:00+00:00,5161,699.484313965
2013-11-17T21:20:00+00:00,5161,688.261779785
2013-11-17T21:30:00+00:00,5161,520.835510254
2013-11-17T21:40:00+00:00,5161,480.526397705
2013-11-17T21:50:00+00:00,5161,669.383728027
2013-11-17T22:00:00+00:00,5161,371.576049805
2013-11-17T22:20:00+00:00,5161,373.884643555
2013-11-17T22:30:00+00:00,5161,663.069519043
2013-11-17T22:40:00+00:00,5161,411.627380371
2013-11-17T22:50:00+00:00,5161,322.864196777
2013-11-17T23:00:00+00:00,5161,293.706176758
2013-11-17T23:10:00+00:00,5161,352.401580811
2013-11-17T23:30:00+00:00,5161,1272.19140625
2013-11-17T23:40:00+00:00,5161,906.140930176
2013-11-18T00:00:00+00:00,5161,207.291549683
2013-11-18T01:00:00+00:00,5161,168.585174561
2013-11-18T05:50:00+00:00,5161,223.511199951
2013-11-18T06:00:00+00:00,5161,211.742279053
2013-11-18T06:10:00+00:00,5161,246.407302856
2013-11-18T06:20:00+00:00,5161,272.95489502
2013-11-18T06:30:00+00:00,5161,321.570098877
2013-11-18T06:40:00+00:00,5161,282.402130127
2013-11-18T06:50:00+00:00,5161,330.287780762
2013-11-18T07:00:00+00:00,5161,369.389190674
2013-11-18T07:10:00+00:00,5161,425.516845703
2013-11-18T07:20:00+00:00,5161,567.621459961
2013-11-18T07:30:00+00:00,5161,683.712341309
2013-11-18T07:40:00+00:00,5161,682.877624512
2013-11-18T07:50:00+00:00,5161,706.273132324
2013-11-18T08:00:00+00:00,5161,923.73651123
2013-11-18T08:10:00+00:00,5161,1004.57897949
2013-11-18T08:20:00+00:00,5161,1047.85009766
2013-11-18T08:30:00+00:00,5161,1104.46435547
2013-11-18T08:40:00+00:00,5161,1139.05236816
2013-11-18T08:50:00+00:00,5161,1064.90966797
2013-11-18T09:00:00+00:00,5161,1292.60632324
2013-11-18T09:10:00+00:00,5161,1343.28747559
2013-11-18T09:20:00+00:00,5161,1203.89038086
2013-11-18T09:30:00+00:00,5161,1427.52392578
2013-11-18T09:40:00+00:00,5161,1490.3963623
2013-11-18T09:50:00+00:00,5161,1365.63916016
2013-11-18T10:00:00+00:00,5161,1825.1887207
2013-11-18T10:10:00+00:00,5161,1669.99926758
2013-11-18T10:20:00+00:00,5161,1676.38269043
2013-11-18T10:30:00+00:00,5161,1996.05053711
2013-11-18T10:40:00+00:00,5161,1895.10180664
2013-11-18T10:50:00+00:00,5161,1956.8013916
2013-11-18T11:00:00+00:00,5161,2224.25048256
2013-11-18T11:10:00+00:00,5161,2250.31860352
2013-11-18T11:20:00+00:00,5161,2210.37792969
2013-11-18T11:30:00+00:00,5161,2183.01855469
2013-11-18T11:40:00+00:00,5161,2000.64269924
2013-11-18T11:50:00+00:00,5161,2303.171875
2013-11-18T12:00:00+00:00,5161,2672.30297852
2013-11-18T12:10:00+00:00,5161,2405.65356445
2013-11-18T12:20:00+00:00,5161,2910.95214844
2013-11-18T12:30:00+00:00,5161,2591.63500977
2013-11-18T12:40:00+00:00,5161,2600.57861328
2013-11-18T12:50:00+00:00,5161,2852.18554688
2013-11-18T13:00:00+00:00,5161,3003.79711914
2013-11-18T13:10:00+00:00,5161,2746.54858398
2013-11-18T13:20:00+00:00,5161,2578.03393555
2013-11-18T13:30:00+00:00,5161,2659.28100586
2013-11-18T13:40:00+00:00,5161,2390.11791992
2013-11-18T13:50:00+00:00,5161,2291.71484375
2013-11-18T14:00:00+00:00,5161,2260.90258789
2013-11-18T14:10:00+00:00,5161,2576.25366211
2013-11-18T14:20:00+00:00,5161,2356.50024414
2013-11-18T14:30:00+00:00,5161,2494.67260742
2013-11-18T14:40:00+00:00,5161,2157.73202813
2013-11-18T14:50:00+00:00,5161,2053.96948242
2013-11-18T15:00:00+00:00,5161,2479.65966797
2013-11-18T15:10:00+00:00,5161,2175.87988281
2013-11-18T15:20:00+00:00,5161,2524.11594176
2013-11-18T15:30:00+00:00,5161,2089.28540039
2013-11-18T15:40:00+00:00,5161,2552.7734375
2013-11-18T15:50:00+00:00,5161,2188.88720703
2013-11-18T16:00:00+00:00,5161,2588.84082031
2013-11-18T16:10:00+00:00,5161,1991.74060059
2013-11-18T16:20:00+00:00,5161,2240.72900391
2013-11-18T16:30:00+00:00,5161,1949.59082031
2013-11-18T16:40:00+00:00,5161,2233.11352539
2013-11-18T16:50:00+00:00,5161,2333.21289062
2013-11-18T17:00:00+00:00,5161,2442.54663086
2013-11-18T17:10:00+00:00,5161,2492.4453125
2013-11-18T17:20:00+00:00,5161,2282.00415039
2013-11-18T17:30:00+00:00,5161,1881.56103516
2013-11-18T17:40:00+00:00,5161,1936.21899414
2013-11-18T17:50:00+00:00,5161,2265.12939453
2013-11-18T18:00:00+00:00,5161,1721.01159668
2013-11-18T18:10:00+00:00,5161,1553.40991211
2013-11-18T18:20:00+00:00,5161,1949.94189453
2013-11-18T18:30:00+00:00,5161,1579.65663448
2013-11-18T18:40:00+00:00,5161,2526.16772461
2013-11-18T18:50:00+00:00,5161,1616.41247559
2013-11-18T19:00:00+00:00,5161,1425.36010742
2013-11-18T19:10:00+00:00,5161,1732.85632324
2013-11-18T19:20:00+00:00,5161,2287.97509766
2013-11-18T19:30:00+00:00,5161,1321.9119873
2013-11-18T19:40:00+00:00,5161,1056.11254883
2013-11-18T19:50:00+00:00,5161,1099.53381348
2013-11-18T20:00:00+00:00,5161,882.843017578
2013-11-18T20:10:00+00:00,5161,798.358581543
2013-11-18T20:20:00+00:00,5161,852.078308105
2013-11-18T20:30:00+00:00,5161,1090.34814453
2013-11-18T20:40:00+00:00,5161,750.105957031
2013-11-18T20:50:00+00:00,5161,848.901306152
2013-11-18T21:00:00+00:00,5161,736.06427002
2013-11-18T21:10:00+00:00,5161,604.425842285
2013-11-18T21:20:00+00:00,5161,687.208312988
2013-11-18T21:30:00+00:00,5161,852.408813477
2013-11-18T21:40:00+00:00,5161,676.91986084
2013-11-18T21:50:00+00:00,5161,606.604003906
2013-11-18T22:00:00+00:00,5161,548.012268066
2013-11-18T22:10:00+00:00,5161,438.294067383
2013-11-18T22:20:00+00:00,5161,473.252380371
2013-11-18T22:30:00+00:00,5161,408.555236816
2013-11-18T22:40:00+00:00,5161,346.257354736
2013-11-18T22:50:00+00:00,5161,367.31350708
2013-11-18T23:00:00+00:00,5161,395.212219238
2013-11-18T23:10:00+00:00,5161,313.983551025
2013-11-18T23:20:00+00:00,5161,299.381896973
2013-11-18T23:30:00+00:00,5161,283.123657227
2013-11-19T00:00:00+00:00,5161,254.475997925
2013-11-19T00:10:00+00:00,5161,247.316268921
2013-11-19T02:10:00+00:00,5161,146.768783569
2013-11-19T03:30:00+00:00,5161,145.450134277
2013-11-19T04:30:00+00:00,5161,158.352218628
2013-11-19T05:10:00+00:00,5161,156.977371216
2013-11-19T05:50:00+00:00,5161,253.885848999
2013-11-19T06:00:00+00:00,5161,217.715057373
2013-11-19T06:10:00+00:00,5161,226.46963501
2013-11-19T06:20:00+00:00,5161,337.275024414
2013-11-19T06:30:00+00:00,5161,323.840118408
2013-11-19T06:40:00+00:00,5161,328.855072021
2013-11-19T06:50:00+00:00,5161,441.297943115
2013-11-19T07:00:00+00:00,5161,393.573181152
2013-11-19T07:10:00+00:00,5161,435.963470459
2013-11-19T07:20:00+00:00,5161,572.551574707
2013-11-19T07:30:00+00:00,5161,586.01574707
2013-11-19T07:40:00+00:00,5161,595.535827637
2013-11-19T07:50:00+00:00,5161,724.210510254
2013-11-19T08:00:00+00:00,5161,884.2578125
2013-11-19T08:10:00+00:00,5161,935.717102051
2013-11-19T08:20:00+00:00,5161,1112.26818848
2013-11-19T08:30:00+00:00,5161,1081.15246582
2013-11-19T08:40:00+00:00,5161,1099.4708252
2013-11-19T08:50:00+00:00,5161,1248.41821289
2013-11-19T09:00:00+00:00,5161,1120.34319323
2013-11-19T09:10:00+00:00,5161,1321.14575195
2013-11-19T09:20:00+00:00,5161,1492.89001465
2013-11-19T09:30:00+00:00,5161,1408.99816895
2013-11-19T09:40:00+00:00,5161,1553.31799316
2013-11-19T09:50:00+00:00,5161,1714.92346191
2013-11-19T10:00:00+00:00,5161,1634.26379395
2013-11-19T10:10:00+00:00,5161,1674.68249512
2013-11-19T10:20:00+00:00,5161,1817.44586658
2013-11-19T10:30:00+00:00,5161,1660.5522213
2013-11-19T10:40:00+00:00,5161,1771.11218262
2013-11-19T10:50:00+00:00,5161,1607.62890625
2013-11-19T11:00:00+00:00,5161,2048.94213867
2013-11-19T11:10:00+00:00,5161,1761.9074707
2013-11-19T11:20:00+00:00,5161,1849.2520752
2013-11-19T11:30:00+00:00,5161,2587.96866894
2013-11-19T11:40:00+00:00,5161,2331.19848633
2013-11-19T11:50:00+00:00,5161,2435.80224609
2013-11-19T12:00:00+00:00,5161,2355.70654297
2013-11-19T12:10:00+00:00,5161,2588.8677063
2013-11-19T12:20:00+00:00,5161,2593.45629883
2013-11-19T12:30:00+00:00,5161,2759.67651367
2013-11-19T12:40:00+00:00,5161,2970.51318359
2013-11-19T12:50:00+00:00,5161,3102.38305664
2013-11-19T13:00:00+00:00,5161,2773.31114197
2013-11-19T13:10:00+00:00,5161,2857.23974609
2013-11-19T13:20:00+00:00,5161,2747.0871582
2013-11-19T13:30:00+00:00,5161,2582.56860352
2013-11-19T13:40:00+00:00,5161,2884.19726562
2013-11-19T13:50:00+00:00,5161,2473.7590332
2013-11-19T14:00:00+00:00,5161,2498.64501953
2013-11-19T14:10:00+00:00,5161,2352.01831055
2013-11-19T14:20:00+00:00,5161,3122.7579209
2013-11-19T14:30:00+00:00,5161,2385.91088867
2013-11-19T14:40:00+00:00,5161,2439.91894531
2013-11-19T14:50:00+00:00,5161,2422.63696289
2013-11-19T15:00:00+00:00,5161,2201.94897461
2013-11-19T15:10:00+00:00,5161,2598.30419922
2013-11-19T15:20:00+00:00,5161,2502.93725586
2013-11-19T15:30:00+00:00,5161,2901.56616211
2013-11-19T15:40:00+00:00,5161,2016.82116699
2013-11-19T15:50:00+00:00,5161,2563.54736328
2013-11-19T16:00:00+00:00,5161,3096.18813872
2013-11-19T16:10:00+00:00,5161,2146.86865744
2013-11-19T16:20:00+00:00,5161,2032.5045166
2013-11-19T16:30:00+00:00,5161,2267.11450672
2013-11-19T16:40:00+00:00,5161,1943.36401367
2013-11-19T16:50:00+00:00,5161,2244.84375
2013-11-19T17:00:00+00:00,5161,2113.78710938
2013-11-19T17:10:00+00:00,5161,1995.67651367
2013-11-19T17:20:00+00:00,5161,1892.60046387
2013-11-19T17:30:00+00:00,5161,1831.74621582
2013-11-19T17:40:00+00:00,5161,2634.99707031
2013-11-19T17:50:00+00:00,5161,2112.36230469
2013-11-19T18:00:00+00:00,5161,2465.41943359
2013-11-19T18:10:00+00:00,5161,1944.49169922
2013-11-19T18:20:00+00:00,5161,2429.90917969
2013-11-19T18:30:00+00:00,5161,1781.51245117
2013-11-19T18:40:00+00:00,5161,1530.68579102
2013-11-19T18:50:00+00:00,5161,1765.56958008
2013-11-19T19:00:00+00:00,5161,1866.4498291
2013-11-19T19:10:00+00:00,5161,1398.5847168
2013-11-19T19:20:00+00:00,5161,1278.67687988
2013-11-19T19:30:00+00:00,5161,1089.01196289
2013-11-19T19:40:00+00:00,5161,1037.77770996
2013-11-19T19:50:00+00:00,5161,1225.3873291
2013-11-19T20:00:00+00:00,5161,1415.48815918
2013-11-19T20:10:00+00:00,5161,1103.56213379
2013-11-19T20:20:00+00:00,5161,1260.95568848
2013-11-19T20:30:00+00:00,5161,1250.49682617
2013-11-19T20:40:00+00:00,5161,943.230712891
2013-11-19T20:50:00+00:00,5161,741.674682617
2013-11-19T21:00:00+00:00,5161,876.395751953
2013-11-19T21:10:00+00:00,5161,907.570251465
2013-11-19T21:20:00+00:00,5161,815.889831543
2013-11-19T21:30:00+00:00,5161,801.724487305
2013-11-19T21:40:00+00:00,5161,751.260620117
2013-11-19T21:50:00+00:00,5161,600.190734863
2013-11-19T22:00:00+00:00,5161,839.767578125
2013-11-19T22:10:00+00:00,5161,684.330566406
2013-11-19T22:20:00+00:00,5161,548.250427246
2013-11-19T22:30:00+00:00,5161,610.758605957
2013-11-19T22:40:00+00:00,5161,411.25189209
2013-11-19T22:50:00+00:00,5161,418.383605957
2013-11-19T23:00:00+00:00,5161,419.27734375
2013-11-19T23:10:00+00:00,5161,401.831970215
2013-11-19T23:20:00+00:00,5161,384.928619385
2013-11-19T23:40:00+00:00,5161,322.134490967
2013-11-19T23:50:00+00:00,5161,282.131652832
2013-11-20T00:00:00+00:00,5161,281.675537109
2013-11-20T00:50:00+00:00,5161,231.057678223
2013-11-20T04:20:00+00:00,5161,237.811859131
2013-11-20T04:40:00+00:00,5161,216.349563599
2013-11-20T05:00:00+00:00,5161,284.051452637
2013-11-20T05:30:00+00:00,5161,231.302703857
2013-11-20T05:50:00+00:00,5161,256.996948242
2013-11-20T06:00:00+00:00,5161,309.49319458
2013-11-20T06:10:00+00:00,5161,267.291503906
2013-11-20T06:20:00+00:00,5161,314.747619629
2013-11-20T06:30:00+00:00,5161,318.309356689
2013-11-20T06:40:00+00:00,5161,357.944976807
2013-11-20T06:50:00+00:00,5161,593.364562988
2013-11-20T07:00:00+00:00,5161,522.574462891
2013-11-20T07:10:00+00:00,5161,591.891296387
2013-11-20T07:20:00+00:00,5161,537.815979004
2013-11-20T07:30:00+00:00,5161,700.448974609
2013-11-20T07:40:00+00:00,5161,751.921728361
2013-11-20T07:50:00+00:00,5161,798.700317383
2013-11-20T08:00:00+00:00,5161,939.726745605
2013-11-20T08:10:00+00:00,5161,1135.41430664
2013-11-20T08:20:00+00:00,5161,1128.38781738
2013-11-20T08:30:00+00:00,5161,1126.34375
2013-11-20T08:40:00+00:00,5161,1332.84399414
2013-11-20T08:50:00+00:00,5161,1121.45959949
2013-11-20T09:00:00+00:00,5161,1227.1809082
2013-11-20T09:10:00+00:00,5161,1305.99228454
2013-11-20T09:20:00+00:00,5161,1525.92456055
2013-11-20T09:30:00+00:00,5161,1637.23777199
2013-11-20T09:40:00+00:00,5161,1766.28137207
2013-11-20T09:50:00+00:00,5161,1879.21716309
2013-11-20T10:00:00+00:00,5161,1655.17858887
2013-11-20T10:10:00+00:00,5161,2035.02416992
2013-11-20T10:20:00+00:00,5161,1897.65148926
2013-11-20T10:30:00+00:00,5161,2006.78393555
2013-11-20T10:40:00+00:00,5161,2047.53259277
2013-11-20T10:50:00+00:00,5161,2202.30859375
2013-11-20T11:00:00+00:00,5161,2020.3939209
2013-11-20T11:10:00+00:00,5161,2189.3112793
2013-11-20T11:20:00+00:00,5161,2121.77685547
2013-11-20T11:30:00+00:00,5161,2334.16552734
2013-11-20T11:40:00+00:00,5161,2404.93505859
2013-11-20T11:50:00+00:00,5161,2459.53759766
2013-11-20T12:00:00+00:00,5161,2531.21801758
2013-11-20T12:10:00+00:00,5161,2606.98120117
2013-11-20T12:20:00+00:00,5161,3365.24316406
2013-11-20T12:30:00+00:00,5161,3269.66162109
2013-11-20T12:40:00+00:00,5161,3464.15380859
2013-11-20T12:50:00+00:00,5161,3571.67407227
2013-11-20T13:00:00+00:00,5161,3041.61889648
2013-11-20T13:10:00+00:00,5161,2680.11352539
2013-11-20T13:20:00+00:00,5161,3329.47583008
2013-11-20T13:30:00+00:00,5161,2967.41123319
2013-11-20T13:40:00+00:00,5161,2603.53100586
2013-11-20T13:50:00+00:00,5161,2494.16918945
2013-11-20T14:00:00+00:00,5161,2372.71704102
2013-11-20T14:10:00+00:00,5161,2207.52851009
2013-11-20T14:20:00+00:00,5161,2249.56958008
2013-11-20T14:30:00+00:00,5161,2414.43334961
2013-11-20T14:40:00+00:00,5161,2486.04442477
2013-11-20T14:50:00+00:00,5161,2475.68676758
2013-11-20T15:00:00+00:00,5161,2388.15866947
2013-11-20T15:10:00+00:00,5161,2556.07519531
2013-11-20T15:20:00+00:00,5161,2515.76391602
2013-11-20T15:30:00+00:00,5161,2392.85791016
2013-11-20T15:40:00+00:00,5161,2178.90283203
2013-11-20T15:50:00+00:00,5161,2280.10498047
2013-11-20T16:00:00+00:00,5161,2587.328125
2013-11-20T16:10:00+00:00,5161,2332.07519531
2013-11-20T16:20:00+00:00,5161,2361.86352539
2013-11-20T16:30:00+00:00,5161,2088.54394531
2013-11-20T16:40:00+00:00,5161,2169.32861328
2013-11-20T16:50:00+00:00,5161,2297.68164062
2013-11-20T17:00:00+00:00,5161,2515.78833008
2013-11-20T17:10:00+00:00,5161,2180.09481096
2013-11-20T17:20:00+00:00,5161,2043.50390625
2013-11-20T17:30:00+00:00,5161,2083.09627581
2013-11-20T17:40:00+00:00,5161,1884.91333008
2013-11-20T17:50:00+00:00,5161,1892.359375
2013-11-20T18:00:00+00:00,5161,2237.45246279
2013-11-20T18:10:00+00:00,5161,1785.15844727
2013-11-20T18:20:00+00:00,5161,1713.40014648
2013-11-20T18:30:00+00:00,5161,1873.00915527
2013-11-20T18:40:00+00:00,5161,1673.98205566
2013-11-20T18:50:00+00:00,5161,1642.81518555
2013-11-20T19:00:00+00:00,5161,1544.87683105
2013-11-20T19:10:00+00:00,5161,1498.07483149
2013-11-20T19:20:00+00:00,5161,1371.64782715
2013-11-20T19:30:00+00:00,5161,1410.07165527
2013-11-20T19:40:00+00:00,5161,1104.94372559
2013-11-20T19:50:00+00:00,5161,1290.96826172
2013-11-20T20:00:00+00:00,5161,1016.06744385
2013-11-20T20:10:00+00:00,5161,1107.85510254
2013-11-20T20:20:00+00:00,5161,843.903259277
2013-11-20T20:30:00+00:00,5161,1169.26989746
2013-11-20T20:40:00+00:00,5161,968.522644043
2013-11-20T20:50:00+00:00,5161,867.446777344
2013-11-20T21:00:00+00:00,5161,793.96484375
2013-11-20T21:10:00+00:00,5161,934.795593262
2013-11-20T21:20:00+00:00,5161,542.097561641
2013-11-20T21:30:00+00:00,5161,723.416870117
2013-11-20T21:40:00+00:00,5161,730.074523926
2013-11-20T21:50:00+00:00,5161,516.453491211
2013-11-20T22:00:00+00:00,5161,530.489440918
2013-11-20T22:10:00+00:00,5161,418.830657959
2013-11-20T22:20:00+00:00,5161,462.66015625
2013-11-20T22:40:00+00:00,5161,486.489105225
2013-11-20T22:50:00+00:00,5161,426.748046875
2013-11-20T23:00:00+00:00,5161,353.22177124
2013-11-20T23:10:00+00:00,5161,296.952301025
2013-11-20T23:30:00+00:00,5161,384.317749023
2013-11-20T23:40:00+00:00,5161,283.194213867
2013-11-20T23:50:00+00:00,5161,268.792510986
2013-11-21T00:00:00+00:00,5161,276.771728516
2013-11-21T00:10:00+00:00,5161,227.42350769
2013-11-21T02:00:00+00:00,5161,193.840637207
2013-11-21T04:00:00+00:00,5161,166.977844238
2013-11-21T04:30:00+00:00,5161,163.797546387
2013-11-21T05:00:00+00:00,5161,202.804840088
2013-11-21T05:20:00+00:00,5161,179.858596802
2013-11-21T05:30:00+00:00,5161,170.997589111
2013-11-21T05:40:00+00:00,5161,184.964859009
2013-11-21T05:50:00+00:00,5161,226.164016724
2013-11-21T06:00:00+00:00,5161,253.256835938
2013-11-21T06:10:00+00:00,5161,272.856506348
2013-11-21T06:20:00+00:00,5161,273.557891846
2013-11-21T06:30:00+00:00,5161,343.005096436
2013-11-21T06:40:00+00:00,5161,357.819519043
2013-11-21T06:50:00+00:00,5161,421.629547119
2013-11-21T07:00:00+00:00,5161,375.096069336
2013-11-21T07:10:00+00:00,5161,519.159729004
2013-11-21T07:20:00+00:00,5161,522.18762207
2013-11-21T07:30:00+00:00,5161,663.791320801
2013-11-21T07:40:00+00:00,5161,670.785705566
2013-11-21T07:50:00+00:00,5161,769.577636719
2013-11-21T08:00:00+00:00,5161,881.653076172
2013-11-21T08:10:00+00:00,5161,941.105895996
2013-11-21T08:20:00+00:00,5161,1000.38922119
2013-11-21T08:30:00+00:00,5161,1038.06225586
2013-11-21T08:40:00+00:00,5161,1199.00427246
2013-11-21T08:50:00+00:00,5161,1188.24975586
2013-11-21T09:00:00+00:00,5161,1282.3951416
2013-11-21T09:10:00+00:00,5161,1349.45117188
2013-11-21T09:20:00+00:00,5161,1665.39183569
2013-11-21T09:30:00+00:00,5161,1506.56982422
2013-11-21T09:40:00+00:00,5161,1710.82775879
2013-11-21T09:50:00+00:00,5161,1756.15124512
2013-11-21T10:00:00+00:00,5161,1636.44459629
2013-11-21T10:10:00+00:00,5161,1848.9407959
2013-11-21T10:20:00+00:00,5161,1992.78149414
2013-11-21T10:30:00+00:00,5161,1963.26806641
2013-11-21T10:40:00+00:00,5161,1810.79112852
2013-11-21T10:50:00+00:00,5161,1899.26867676
2013-11-21T11:00:00+00:00,5161,2133.72045898
2013-11-21T11:10:00+00:00,5161,2133.33300781
2013-11-21T11:20:00+00:00,5161,2508.94873047
2013-11-21T11:30:00+00:00,5161,2640.15625
2013-11-21T11:40:00+00:00,5161,2615.29931641
2013-11-21T11:50:00+00:00,5161,2747.23730469
2013-11-21T12:00:00+00:00,5161,3537.57592773
2013-11-21T12:10:00+00:00,5161,2827.80493164
2013-11-21T12:20:00+00:00,5161,2849.38232422
2013-11-21T12:30:00+00:00,5161,3233.99775982
2013-11-21T12:40:00+00:00,5161,3272.5637207
2013-11-21T12:50:00+00:00,5161,3155.21751165
2013-11-21T13:00:00+00:00,5161,3357.96118164
2013-11-21T13:10:00+00:00,5161,3355.32348633
2013-11-21T13:20:00+00:00,5161,3327.12988281
2013-11-21T13:30:00+00:00,5161,2924.35886669
2013-11-21T13:40:00+00:00,5161,3020.99658203
2013-11-21T13:50:00+00:00,5161,2990.171875
2013-11-21T14:00:00+00:00,5161,2731.59008789
2013-11-21T14:10:00+00:00,5161,2927.68579102
2013-11-21T14:20:00+00:00,5161,2562.37280273
2013-11-21T14:30:00+00:00,5161,2352.34594727
2013-11-21T14:40:00+00:00,5161,2659.42886925
2013-11-21T14:50:00+00:00,5161,2719.52758789
2013-11-21T15:00:00+00:00,5161,2266.37402344
2013-11-21T15:10:00+00:00,5161,2511.09423828
2013-11-21T15:20:00+00:00,5161,2808.79980469
2013-11-21T15:30:00+00:00,5161,2595.32335758
2013-11-21T15:40:00+00:00,5161,2813.97314453
2013-11-21T15:50:00+00:00,5161,2217.53841257
2013-11-21T16:00:00+00:00,5161,2411.85205078
2013-11-21T16:10:00+00:00,5161,2834.36984801
2013-11-21T16:20:00+00:00,5161,2436.27368164
2013-11-21T16:30:00+00:00,5161,2039.65466309
2013-11-21T16:40:00+00:00,5161,2316.88256836
2013-11-21T16:50:00+00:00,5161,2190.37548828
2013-11-21T17:00:00+00:00,5161,2029.0065918
2013-11-21T17:10:00+00:00,5161,2137.7097168
2013-11-21T17:20:00+00:00,5161,2141.97314453
2013-11-21T17:30:00+00:00,5161,2075.88742614
2013-11-21T17:40:00+00:00,5161,2729.7668457
2013-11-21T17:50:00+00:00,5161,2111.94482422
2013-11-21T18:00:00+00:00,5161,2324.80175781
2013-11-21T18:10:00+00:00,5161,1885.90771484
2013-11-21T18:20:00+00:00,5161,2030.11621094
2013-11-21T18:30:00+00:00,5161,2186.69067383
2013-11-21T18:40:00+00:00,5161,2177.44775391
2013-11-21T18:50:00+00:00,5161,1905.52966309
2013-11-21T19:00:00+00:00,5161,2191.18432617
2013-11-21T19:10:00+00:00,5161,1859.49566746
2013-11-21T19:20:00+00:00,5161,1340.29394531
2013-11-21T19:30:00+00:00,5161,1236.23327637
2013-11-21T19:40:00+00:00,5161,895.136230469
2013-11-21T19:50:00+00:00,5161,1401.14221191
2013-11-21T20:00:00+00:00,5161,981.952026367
2013-11-21T20:10:00+00:00,5161,814.080810547
2013-11-21T20:20:00+00:00,5161,850.161254883
2013-11-21T20:30:00+00:00,5161,762.999633789
2013-11-21T20:40:00+00:00,5161,1071.78369141
2013-11-21T20:50:00+00:00,5161,899.679199219
2013-11-21T21:00:00+00:00,5161,659.741149902
2013-11-21T21:10:00+00:00,5161,742.599914551
2013-11-21T21:20:00+00:00,5161,1050.45129395
2013-11-21T21:30:00+00:00,5161,498.207977295
2013-11-21T21:40:00+00:00,5161,801.302978516
2013-11-21T21:50:00+00:00,5161,530.829040527
2013-11-21T22:00:00+00:00,5161,841.135620117
2013-11-21T22:10:00+00:00,5161,640.250244141
2013-11-21T22:20:00+00:00,5161,386.192260742
2013-11-21T22:30:00+00:00,5161,382.480102539
2013-11-21T22:40:00+00:00,5161,395.601348877
2013-11-21T22:50:00+00:00,5161,368.527130127
2013-11-21T23:00:00+00:00,5161,313.688354492
2013-11-21T23:10:00+00:00,5161,542.925354004
2013-11-21T23:20:00+00:00,5161,298.864013672
2013-11-21T23:30:00+00:00,5161,442.703582764
2013-11-21T23:40:00+00:00,5161,451.53704834
2013-11-21T23:50:00+00:00,5161,364.341827393
2013-11-22T00:10:00+00:00,5161,264.230224609
2013-11-22T00:30:00+00:00,5161,228.115402222
2013-11-22T00:50:00+00:00,5161,407.602020264
2013-11-22T04:00:00+00:00,5161,162.308883667
2013-11-22T05:00:00+00:00,5161,185.607620239
2013-11-22T05:20:00+00:00,5161,211.568130493
2013-11-22T05:50:00+00:00,5161,311.297210693
2013-11-22T06:00:00+00:00,5161,261.031188965
2013-11-22T06:10:00+00:00,5161,268.966125488
2013-11-22T06:20:00+00:00,5161,367.764709473
2013-11-22T06:30:00+00:00,5161,360.732147217
2013-11-22T06:40:00+00:00,5161,313.299438477
2013-11-22T06:50:00+00:00,5161,397.89831543
2013-11-22T07:00:00+00:00,5161,329.008056641
2013-11-22T07:10:00+00:00,5161,562.305480957
2013-11-22T07:20:00+00:00,5161,738.061706543
2013-11-22T07:30:00+00:00,5161,560.860595703
2013-11-22T07:40:00+00:00,5161,596.300109863
2013-11-22T07:50:00+00:00,5161,668.549560547
2013-11-22T08:00:00+00:00,5161,841.438598633
2013-11-22T08:10:00+00:00,5161,761.200304031
2013-11-22T08:20:00+00:00,5161,1082.47924805
2013-11-22T08:30:00+00:00,5161,1079.33666992
2013-11-22T08:40:00+00:00,5161,1008.37567139
2013-11-22T08:50:00+00:00,5161,1186.22143555
2013-11-22T09:00:00+00:00,5161,1209.19332707
2013-11-22T09:10:00+00:00,5161,1300.01478577
2013-11-22T09:20:00+00:00,5161,1350.70175719
2013-11-22T09:30:00+00:00,5161,1526.91334945
2013-11-22T09:40:00+00:00,5161,1405.17407227
2013-11-22T09:50:00+00:00,5161,1432.64892578
2013-11-22T10:00:00+00:00,5161,1929.80749512
2013-11-22T10:10:00+00:00,5161,1793.9107666
2013-11-22T10:20:00+00:00,5161,1767.78942871
2013-11-22T10:30:00+00:00,5161,2158.98803711
2013-11-22T10:40:00+00:00,5161,2514.62152648
2013-11-22T10:50:00+00:00,5161,1980.51428223
2013-11-22T11:00:00+00:00,5161,2333.5255082
2013-11-22T11:10:00+00:00,5161,2126.95964062
2013-11-22T11:20:00+00:00,5161,2207.90677372
2013-11-22T11:30:00+00:00,5161,2678.7003727
2013-11-22T11:40:00+00:00,5161,2577.59985352
2013-11-22T11:50:00+00:00,5161,2807.81715246
2013-11-22T12:00:00+00:00,5161,2811.49462891
2013-11-22T12:10:00+00:00,5161,2894.05761719
2013-11-22T12:20:00+00:00,5161,2901.46972656
2013-11-22T12:30:00+00:00,5161,3022.23950195
2013-11-22T12:40:00+00:00,5161,3059.81103516
2013-11-22T12:50:00+00:00,5161,3590.0012207
2013-11-22T13:00:00+00:00,5161,2899.57470703
2013-11-22T13:10:00+00:00,5161,3368.47705078
2013-11-22T13:20:00+00:00,5161,2991.88183594
2013-11-22T13:30:00+00:00,5161,2808.42358398
2013-11-22T13:40:00+00:00,5161,2748.54736328
2013-11-22T13:50:00+00:00,5161,3455.82628027
2013-11-22T14:00:00+00:00,5161,2836.90087891
2013-11-22T14:10:00+00:00,5161,2838.24511719
2013-11-22T14:20:00+00:00,5161,3644.11108041
2013-11-22T14:30:00+00:00,5161,3554.04516602
2013-11-22T14:40:00+00:00,5161,3859.19311237
2013-11-22T14:50:00+00:00,5161,3635.67382812
2013-11-22T15:00:00+00:00,5161,3103.48925781
2013-11-22T15:10:00+00:00,5161,3001.23242188
2013-11-22T15:20:00+00:00,5161,2799.21125793
2013-11-22T15:30:00+00:00,5161,2901.30297852
2013-11-22T15:40:00+00:00,5161,2961.23779297
2013-11-22T15:50:00+00:00,5161,2863.59448242
2013-11-22T16:00:00+00:00,5161,3230.38793945
2013-11-22T16:10:00+00:00,5161,3292.96777344
2013-11-22T16:20:00+00:00,5161,3088.08984375
2013-11-22T16:30:00+00:00,5161,2468.96020508
2013-11-22T16:40:00+00:00,5161,3236.57910156
2013-11-22T16:50:00+00:00,5161,2902.56103516
2013-11-22T17:00:00+00:00,5161,2770.15112305
2013-11-22T17:10:00+00:00,5161,2532.54003906
2013-11-22T17:20:00+00:00,5161,2808.9896799
2013-11-22T17:30:00+00:00,5161,2194.84448242
2013-11-22T17:40:00+00:00,5161,2801.28710938
2013-11-22T17:50:00+00:00,5161,2466.13745117
2013-11-22T18:00:00+00:00,5161,2325.65429688
2013-11-22T18:10:00+00:00,5161,2692.01049805
2013-11-22T18:20:00+00:00,5161,2792.58740234
2013-11-22T18:30:00+00:00,5161,2317.70751953
2013-11-22T18:40:00+00:00,5161,2245.42285156
2013-11-22T18:50:00+00:00,5161,1769.171875
2013-11-22T19:00:00+00:00,5161,1799.93066406
2013-11-22T19:10:00+00:00,5161,1451.97998047
2013-11-22T19:20:00+00:00,5161,1501.91333008
2013-11-22T19:30:00+00:00,5161,1292.9041748
2013-11-22T19:40:00+00:00,5161,1635.92297363
2013-11-22T19:50:00+00:00,5161,1137.45007324
2013-11-22T20:00:00+00:00,5161,1003.54699707
2013-11-22T20:10:00+00:00,5161,940.163024902
2013-11-22T20:20:00+00:00,5161,1074.69421387
2013-11-22T20:30:00+00:00,5161,898.555297852
2013-11-22T20:40:00+00:00,5161,788.670227051
2013-11-22T20:50:00+00:00,5161,750.353271484
2013-11-22T21:00:00+00:00,5161,740.152404785
2013-11-22T21:10:00+00:00,5161,970.786376953
2013-11-22T21:20:00+00:00,5161,1112.42944336
2013-11-22T21:30:00+00:00,5161,593.707458496
2013-11-22T21:40:00+00:00,5161,573.285827637
2013-11-22T21:50:00+00:00,5161,575.517883301
2013-11-22T22:00:00+00:00,5161,444.306884766
2013-11-22T22:10:00+00:00,5161,442.604034424
2013-11-22T22:20:00+00:00,5161,523.890441895
2013-11-22T22:30:00+00:00,5161,623.300476074
2013-11-22T22:40:00+00:00,5161,471.691192627
2013-11-22T22:50:00+00:00,5161,591.735961914
2013-11-22T23:00:00+00:00,5161,623.980407715
2013-11-22T23:10:00+00:00,5161,451.03125
2013-11-22T23:20:00+00:00,5161,481.084350586
2013-11-22T23:30:00+00:00,5161,528.767456055
2013-11-22T23:40:00+00:00,5161,344.962615967
2013-11-22T23:50:00+00:00,5161,324.002166748
2013-11-23T00:00:00+00:00,5161,266.850341797
2013-11-23T00:10:00+00:00,5161,225.308044434
2013-11-23T00:20:00+00:00,5161,240.935073853
2013-11-23T00:30:00+00:00,5161,243.153488159
2013-11-23T00:40:00+00:00,5161,182.288696289
2013-11-23T00:50:00+00:00,5161,222.853637695
2013-11-23T01:00:00+00:00,5161,243.289367676
2013-11-23T01:10:00+00:00,5161,207.622009277
2013-11-23T01:20:00+00:00,5161,221.89112854
2013-11-23T01:40:00+00:00,5161,172.825164795
2013-11-23T02:00:00+00:00,5161,177.257003784
2013-11-23T02:30:00+00:00,5161,176.220596313
2013-11-23T03:20:00+00:00,5161,144.110671997
2013-11-23T05:40:00+00:00,5161,162.50630188
2013-11-23T06:00:00+00:00,5161,211.368453979
2013-11-23T06:10:00+00:00,5161,350.744995117
2013-11-23T06:20:00+00:00,5161,294.193664551
2013-11-23T06:40:00+00:00,5161,206.252960205
2013-11-23T06:50:00+00:00,5161,276.487091064
2013-11-23T07:00:00+00:00,5161,263.835845947
2013-11-23T07:10:00+00:00,5161,243.776321411
2013-11-23T07:20:00+00:00,5161,253.997039795
2013-11-23T07:30:00+00:00,5161,525.507873535
2013-11-23T07:40:00+00:00,5161,377.367736816
2013-11-23T07:50:00+00:00,5161,329.811340332
2013-11-23T08:00:00+00:00,5161,422.44140625
2013-11-23T08:10:00+00:00,5161,474.708618164
2013-11-23T08:20:00+00:00,5161,463.324615479
2013-11-23T08:30:00+00:00,5161,491.331359863
2013-11-23T08:40:00+00:00,5161,610.190941334
2013-11-23T08:50:00+00:00,5161,1037.48327637
2013-11-23T09:00:00+00:00,5161,731.172912598
2013-11-23T09:10:00+00:00,5161,997.695470572
2013-11-23T09:20:00+00:00,5161,899.177490234
2013-11-23T09:30:00+00:00,5161,1214.72705078
2013-11-23T09:40:00+00:00,5161,1150.87219238
2013-11-23T09:50:00+00:00,5161,1349.65783691
2013-11-23T10:00:00+00:00,5161,1735.37915039
2013-11-23T10:10:00+00:00,5161,1695.72131348
2013-11-23T10:20:00+00:00,5161,1790.36560059
2013-11-23T10:30:00+00:00,5161,1894.62673645
2013-11-23T10:40:00+00:00,5161,2125.20043945
2013-11-23T10:50:00+00:00,5161,2242.05053711
2013-11-23T11:00:00+00:00,5161,2042.9954834
2013-11-23T11:10:00+00:00,5161,2556.04394531
2013-11-23T11:20:00+00:00,5161,2308.93359375
2013-11-23T11:30:00+00:00,5161,2459.41162109
2013-11-23T11:40:00+00:00,5161,2709.46240425
2013-11-23T11:50:00+00:00,5161,2814.66552734
2013-11-23T12:00:00+00:00,5161,3549.15698242
2013-11-23T12:10:00+00:00,5161,3706.07366562
2013-11-23T12:20:00+00:00,5161,3386.99531174
2013-11-23T12:30:00+00:00,5161,3458.62479591
2013-11-23T12:40:00+00:00,5161,3258.06131554
2013-11-23T12:50:00+00:00,5161,3564.65950203
2013-11-23T13:00:00+00:00,5161,2995.33813477
2013-11-23T13:10:00+00:00,5161,3786.48486328
2013-11-23T13:20:00+00:00,5161,3612.12304688
2013-11-23T13:30:00+00:00,5161,3499.18569592
2013-11-23T13:40:00+00:00,5161,3373.68896484
2013-11-23T13:50:00+00:00,5161,3288.86135721
2013-11-23T14:00:00+00:00,5161,3912.7529583
2013-11-23T14:10:00+00:00,5161,4266.41699219
2013-11-23T14:20:00+00:00,5161,3813.8894043
2013-11-23T14:30:00+00:00,5161,3731.15816212
2013-11-23T14:40:00+00:00,5161,4086.74487305
2013-11-23T14:50:00+00:00,5161,4430.25683594
2013-11-23T15:00:00+00:00,5161,3979.74462891
2013-11-23T15:10:00+00:00,5161,4505.34442902
2013-11-23T15:20:00+00:00,5161,4468.76222038
2013-11-23T15:30:00+00:00,5161,4125.3105371
2013-11-23T15:40:00+00:00,5161,4466.25782371
2013-11-23T15:50:00+00:00,5161,4752.18554688
2013-11-23T16:00:00+00:00,5161,4886.58556747
2013-11-23T16:10:00+00:00,5161,5083.97188854
2013-11-23T16:20:00+00:00,5161,4465.34196889
2013-11-23T16:30:00+00:00,5161,4626.92495728
2013-11-23T16:40:00+00:00,5161,4970.75683594
2013-11-23T16:50:00+00:00,5161,4573.99414062
2013-11-23T17:00:00+00:00,5161,4043.74438477
2013-11-23T17:10:00+00:00,5161,4645.11621094
2013-11-23T17:20:00+00:00,5161,4122.10986328
2013-11-23T17:30:00+00:00,5161,4167.02783203
2013-11-23T17:40:00+00:00,5161,3915.65380859
2013-11-23T17:50:00+00:00,5161,3781.23632812
2013-11-23T18:00:00+00:00,5161,3537.34838867
2013-11-23T18:10:00+00:00,5161,4203.61785373
2013-11-23T18:20:00+00:00,5161,3485.20849609
2013-11-23T18:30:00+00:00,5161,3158.7019043
2013-11-23T18:40:00+00:00,5161,3090.52050781
2013-11-23T18:50:00+00:00,5161,3016.46875
2013-11-23T19:00:00+00:00,5161,2790.92163086
2013-11-23T19:10:00+00:00,5161,2510.09960938
2013-11-23T19:20:00+00:00,5161,2129.36816406
2013-11-23T19:30:00+00:00,5161,2074.90917969
2013-11-23T19:40:00+00:00,5161,1783.91308594
2013-11-23T19:50:00+00:00,5161,1585.25195312
2013-11-23T20:00:00+00:00,5161,1295.78527832
2013-11-23T20:10:00+00:00,5161,1160.57946777
2013-11-23T20:20:00+00:00,5161,1134.93237305
2013-11-23T20:30:00+00:00,5161,1543.9609375
2013-11-23T20:40:00+00:00,5161,1196.78540039
2013-11-23T20:50:00+00:00,5161,1412.23986816
2013-11-23T21:00:00+00:00,5161,1215.36950684
2013-11-23T21:10:00+00:00,5161,1510.41650391
2013-11-23T21:20:00+00:00,5161,1040.22729492
2013-11-23T21:30:00+00:00,5161,936.6953125
2013-11-23T21:40:00+00:00,5161,797.816162109
2013-11-23T21:50:00+00:00,5161,813.443664551
2013-11-23T22:00:00+00:00,5161,666.907592773
2013-11-23T22:10:00+00:00,5161,675.908447266
2013-11-23T22:20:00+00:00,5161,581.132324219
2013-11-23T22:30:00+00:00,5161,625.56652832
2013-11-23T22:40:00+00:00,5161,499.675628662
2013-11-23T22:50:00+00:00,5161,596.268188477
2013-11-23T23:00:00+00:00,5161,717.828979492
2013-11-23T23:10:00+00:00,5161,468.068450928
2013-11-23T23:20:00+00:00,5161,528.386962891
2013-11-23T23:30:00+00:00,5161,620.454956055
2013-11-23T23:40:00+00:00,5161,583.387817383
2013-11-23T23:50:00+00:00,5161,345.535766602
2013-11-24T00:00:00+00:00,5161,421.301300049
2013-11-24T00:10:00+00:00,5161,281.932983398
2013-11-24T00:20:00+00:00,5161,251.725219727
2013-11-24T00:30:00+00:00,5161,266.326507568
2013-11-24T00:40:00+00:00,5161,325.769012451
2013-11-24T00:50:00+00:00,5161,231.745803833
2013-11-24T01:00:00+00:00,5161,267.2215271
2013-11-24T01:20:00+00:00,5161,229.292175293
2013-11-24T01:40:00+00:00,5161,254.08732605
2013-11-24T02:00:00+00:00,5161,215.225769043
2013-11-24T02:20:00+00:00,5161,204.887268066
2013-11-24T03:20:00+00:00,5161,204.0362854
2013-11-24T05:30:00+00:00,5161,228.193557739
2013-11-24T06:00:00+00:00,5161,231.776367188
2013-11-24T06:30:00+00:00,5161,222.812591553
2013-11-24T06:40:00+00:00,5161,234.548995972
2013-11-24T06:50:00+00:00,5161,237.076950073
2013-11-24T07:00:00+00:00,5161,291.151489258
2013-11-24T07:10:00+00:00,5161,287.89755249
2013-11-24T07:20:00+00:00,5161,268.612121582
2013-11-24T07:30:00+00:00,5161,313.400360107
2013-11-24T07:40:00+00:00,5161,307.920684814
2013-11-24T07:50:00+00:00,5161,302.328521729
2013-11-24T08:00:00+00:00,5161,265.393371582
2013-11-24T08:10:00+00:00,5161,321.705230713
2013-11-24T08:20:00+00:00,5161,294.046783447
2013-11-24T08:30:00+00:00,5161,361.727416992
2013-11-24T08:40:00+00:00,5161,584.156921387
2013-11-24T08:50:00+00:00,5161,565.032531738
2013-11-24T09:00:00+00:00,5161,531.110229492
2013-11-24T09:10:00+00:00,5161,659.036682129
2013-11-24T09:20:00+00:00,5161,738.795288086
2013-11-24T09:30:00+00:00,5161,870.510070801
2013-11-24T09:40:00+00:00,5161,918.234741211
2013-11-24T09:50:00+00:00,5161,1192.98885277
2013-11-24T10:00:00+00:00,5161,1321.06433105
2013-11-24T10:10:00+00:00,5161,1524.10144043
2013-11-24T10:20:00+00:00,5161,1545.88366699
2013-11-24T10:30:00+00:00,5161,1730.94091797
2013-11-24T10:40:00+00:00,5161,2030.32421875
2013-11-24T10:50:00+00:00,5161,2160.99316406
2013-11-24T11:00:00+00:00,5161,2438.30566406
2013-11-24T11:10:00+00:00,5161,2462.60424805
2013-11-24T11:20:00+00:00,5161,2726.29833984
2013-11-24T11:30:00+00:00,5161,2344.88964844
2013-11-24T11:40:00+00:00,5161,2924.578125
2013-11-24T11:50:00+00:00,5161,2579.26733398
2013-11-24T12:00:00+00:00,5161,2399.97924805
2013-11-24T12:10:00+00:00,5161,2504.99682617
2013-11-24T12:20:00+00:00,5161,2611.70410156
2013-11-24T12:30:00+00:00,5161,2684.25317383
2013-11-24T12:40:00+00:00,5161,3372.97998047
2013-11-24T12:50:00+00:00,5161,2820.71484375
2013-11-24T13:00:00+00:00,5161,2866.92041016
2013-11-24T13:10:00+00:00,5161,3032.91625977
2013-11-24T13:20:00+00:00,5161,2960.99584961
2013-11-24T13:30:00+00:00,5161,3572.15161133
2013-11-24T13:40:00+00:00,5161,3411.66235352
2013-11-24T13:50:00+00:00,5161,3797.43017578
2013-11-24T14:00:00+00:00,5161,3479.35391036
2013-11-24T14:10:00+00:00,5161,4463.41169834
2013-11-24T14:20:00+00:00,5161,3725.68945312
2013-11-24T14:30:00+00:00,5161,4208.71484375
2013-11-24T14:40:00+00:00,5161,4245.26318359
2013-11-24T14:50:00+00:00,5161,4164.07271671
2013-11-24T15:00:00+00:00,5161,4256.15625
2013-11-24T15:10:00+00:00,5161,4694.46142578
2013-11-24T15:20:00+00:00,5161,4258.59096956
2013-11-24T15:30:00+00:00,5161,4902.98730469
2013-11-24T15:40:00+00:00,5161,4674.46386719
2013-11-24T15:50:00+00:00,5161,5105.92919922
2013-11-24T16:00:00+00:00,5161,4684.11914062
2013-11-24T16:10:00+00:00,5161,4384.24560547
2013-11-24T16:20:00+00:00,5161,4508.11474609
2013-11-24T16:30:00+00:00,5161,4674.36383605
2013-11-24T16:40:00+00:00,5161,4779.27294922
2013-11-24T16:50:00+00:00,5161,4883.44580078
2013-11-24T17:00:00+00:00,5161,4496.07568359
2013-11-24T17:10:00+00:00,5161,4699.99414062
2013-11-24T17:20:00+00:00,5161,5045.37939453
2013-11-24T17:30:00+00:00,5161,4087.06835938
2013-11-24T17:40:00+00:00,5161,3829.71362305
2013-11-24T17:50:00+00:00,5161,4179.27099609
2013-11-24T18:00:00+00:00,5161,3742.9855957
2013-11-24T18:10:00+00:00,5161,2905.41601562
2013-11-24T18:20:00+00:00,5161,3391.57763672
2013-11-24T18:30:00+00:00,5161,3147.12963867
2013-11-24T18:40:00+00:00,5161,2661.14819813
2013-11-24T18:50:00+00:00,5161,2562.91381836
2013-11-24T19:00:00+00:00,5161,2361.59204102
2013-11-24T19:10:00+00:00,5161,1771.47839355
2013-11-24T19:20:00+00:00,5161,1534.57092285
2013-11-24T19:30:00+00:00,5161,1398.22058105
2013-11-24T19:40:00+00:00,5161,1138.25622559
2013-11-24T19:50:00+00:00,5161,1258.53234863
2013-11-24T20:00:00+00:00,5161,1172.58215332
2013-11-24T20:10:00+00:00,5161,935.179931641
2013-11-24T20:20:00+00:00,5161,2148.61132812
2013-11-24T20:30:00+00:00,5161,1755.12841797
2013-11-24T20:40:00+00:00,5161,1836.20605469
2013-11-24T20:50:00+00:00,5161,840.382873535
2013-11-24T21:00:00+00:00,5161,829.540710449
2013-11-24T21:10:00+00:00,5161,1108.72094727
2013-11-24T21:20:00+00:00,5161,1132.7109375
2013-11-24T21:30:00+00:00,5161,1260.35595703
2013-11-24T21:40:00+00:00,5161,621.859985352
2013-11-24T21:50:00+00:00,5161,565.988769531
2013-11-24T22:00:00+00:00,5161,549.233337402
2013-11-24T22:10:00+00:00,5161,555.598449707
2013-11-24T22:20:00+00:00,5161,698.778381348
2013-11-24T22:30:00+00:00,5161,667.369812012
2013-11-24T22:40:00+00:00,5161,550.655822754
2013-11-24T22:50:00+00:00,5161,837.65020752
2013-11-24T23:00:00+00:00,5161,415.955566406
2013-11-24T23:10:00+00:00,5161,542.228027344
2013-11-24T23:30:00+00:00,5161,329.058654785
2013-11-24T23:50:00+00:00,5161,292.58291626
2013-11-25T00:10:00+00:00,5161,329.143432617
2013-11-25T05:30:00+00:00,5161,232.843704224
2013-11-25T05:40:00+00:00,5161,219.285568237
2013-11-25T05:50:00+00:00,5161,257.310668945
2013-11-25T06:00:00+00:00,5161,295.023040771
2013-11-25T06:10:00+00:00,5161,314.265197754
2013-11-25T06:20:00+00:00,5161,273.959106445
2013-11-25T06:30:00+00:00,5161,335.446136475
2013-11-25T06:40:00+00:00,5161,364.668731689
2013-11-25T06:50:00+00:00,5161,380.66595459
2013-11-25T07:00:00+00:00,5161,446.171844482
2013-11-25T07:10:00+00:00,5161,564.206054688
2013-11-25T07:20:00+00:00,5161,626.907226562
2013-11-25T07:30:00+00:00,5161,1171.50646973
2013-11-25T07:40:00+00:00,5161,774.805053711
2013-11-25T07:50:00+00:00,5161,1140.11621094
2013-11-25T08:00:00+00:00,5161,791.328979492
2013-11-25T08:10:00+00:00,5161,852.231323242
2013-11-25T08:20:00+00:00,5161,963.328796387
2013-11-25T08:30:00+00:00,5161,995.70904541
2013-11-25T08:40:00+00:00,5161,1478.46643066
2013-11-25T08:50:00+00:00,5161,1385.62817383
2013-11-25T09:00:00+00:00,5161,1076.38701439
2013-11-25T09:10:00+00:00,5161,1102.47839355
2013-11-25T09:20:00+00:00,5161,2280.59838867
2013-11-25T09:30:00+00:00,5161,1546.67919922
2013-11-25T09:40:00+00:00,5161,1903.15893555
2013-11-25T09:50:00+00:00,5161,1626.41699219
2013-11-25T10:00:00+00:00,5161,1785.51538086
2013-11-25T10:10:00+00:00,5161,1943.36682129
2013-11-25T10:20:00+00:00,5161,1962.53857422
2013-11-25T10:30:00+00:00,5161,1972.12438965
2013-11-25T10:40:00+00:00,5161,1755.9128418
2013-11-25T10:50:00+00:00,5161,1698.92077637
2013-11-25T11:00:00+00:00,5161,1793.68017578
2013-11-25T11:10:00+00:00,5161,1845.29968262
2013-11-25T11:20:00+00:00,5161,2015.22229004
2013-11-25T11:30:00+00:00,5161,2099.9465332
2013-11-25T11:40:00+00:00,5161,2215.4279387
2013-11-25T11:50:00+00:00,5161,2340.59391785
2013-11-25T12:00:00+00:00,5161,2308.62548828
2013-11-25T12:10:00+00:00,5161,2723.56518555
2013-11-25T12:20:00+00:00,5161,2917.60864258
2013-11-25T12:30:00+00:00,5161,2940.81030273
2013-11-25T12:40:00+00:00,5161,3440.53637695
2013-11-25T12:50:00+00:00,5161,2853.76831055
2013-11-25T13:00:00+00:00,5161,3038.84863281
2013-11-25T13:10:00+00:00,5161,2838.90258789
2013-11-25T13:20:00+00:00,5161,3210.96557617
2013-11-25T13:30:00+00:00,5161,3027.84155273
2013-11-25T13:40:00+00:00,5161,3143.15283203
2013-11-25T13:50:00+00:00,5161,2929.83203125
2013-11-25T14:00:00+00:00,5161,2658.62890625
2013-11-25T14:10:00+00:00,5161,2597.41992188
2013-11-25T14:20:00+00:00,5161,2945.07226562
2013-11-25T14:30:00+00:00,5161,3518.87988281
2013-11-25T14:40:00+00:00,5161,3321.50952148
2013-11-25T14:50:00+00:00,5161,3071.35121346
2013-11-25T15:00:00+00:00,5161,2632.2019043
2013-11-25T15:10:00+00:00,5161,2899.93066406
2013-11-25T15:20:00+00:00,5161,2684.69995117
2013-11-25T15:30:00+00:00,5161,2564.19189453
2013-11-25T15:40:00+00:00,5161,2474.79833984
2013-11-25T15:50:00+00:00,5161,2924.50610352
2013-11-25T16:00:00+00:00,5161,2408.13574219
2013-11-25T16:10:00+00:00,5161,3419.98510742
2013-11-25T16:20:00+00:00,5161,2476.79003906
2013-11-25T16:30:00+00:00,5161,2395.78808594
2013-11-25T16:40:00+00:00,5161,2271.04394531
2013-11-25T16:50:00+00:00,5161,2594.76733398
2013-11-25T17:00:00+00:00,5161,2654.64925098
2013-11-25T17:10:00+00:00,5161,2308.58154297
2013-11-25T17:20:00+00:00,5161,2351.21728516
2013-11-25T17:30:00+00:00,5161,3695.151301
2013-11-25T17:40:00+00:00,5161,2982.45214844
2013-11-25T17:50:00+00:00,5161,2579.29679823
2013-11-25T18:00:00+00:00,5161,2177.36889648
2013-11-25T18:10:00+00:00,5161,2849.13720703
2013-11-25T18:20:00+00:00,5161,2643.14821762
2013-11-25T18:30:00+00:00,5161,1660.80578613
2013-11-25T18:40:00+00:00,5161,1595.70666504
2013-11-25T18:50:00+00:00,5161,1491.28369141
2013-11-25T19:00:00+00:00,5161,1532.20874023
2013-11-25T19:10:00+00:00,5161,1321.38183594
2013-11-25T19:20:00+00:00,5161,1283.64599609
2013-11-25T19:30:00+00:00,5161,993.860412598
2013-11-25T19:40:00+00:00,5161,999.62701416
2013-11-25T19:50:00+00:00,5161,1044.14575195
2013-11-25T20:00:00+00:00,5161,1036.0723877
2013-11-25T20:10:00+00:00,5161,940.345153809
2013-11-25T20:20:00+00:00,5161,801.658447266
2013-11-25T20:30:00+00:00,5161,745.046386719
2013-11-25T20:40:00+00:00,5161,784.749267578
2013-11-25T20:50:00+00:00,5161,744.502746582
2013-11-25T21:00:00+00:00,5161,722.270446777
2013-11-25T21:10:00+00:00,5161,607.453552246
2013-11-25T21:20:00+00:00,5161,666.218505859
2013-11-25T21:30:00+00:00,5161,792.597351074
2013-11-25T21:40:00+00:00,5161,463.721679688
2013-11-25T21:50:00+00:00,5161,486.317443848
2013-11-25T22:00:00+00:00,5161,471.357086182
2013-11-25T22:20:00+00:00,5161,384.348815918
2013-11-25T22:30:00+00:00,5161,411.653747559
2013-11-25T22:40:00+00:00,5161,428.862792969
2013-11-25T22:50:00+00:00,5161,424.183105469
2013-11-25T23:00:00+00:00,5161,562.560546875
2013-11-25T23:20:00+00:00,5161,430.632537842
2013-11-25T23:30:00+00:00,5161,497.467956543
2013-11-25T23:40:00+00:00,5161,412.302398682
2013-11-26T00:10:00+00:00,5161,232.440887451
2013-11-26T01:00:00+00:00,5161,201.651687622
2013-11-26T01:10:00+00:00,5161,183.796661377
2013-11-26T05:30:00+00:00,5161,184.864807129
2013-11-26T05:40:00+00:00,5161,181.930419922
2013-11-26T05:50:00+00:00,5161,223.549743652
2013-11-26T06:00:00+00:00,5161,229.39932251
2013-11-26T06:10:00+00:00,5161,263.731781006
2013-11-26T06:20:00+00:00,5161,261.425445557
2013-11-26T06:30:00+00:00,5161,302.292572021
2013-11-26T06:40:00+00:00,5161,351.022003174
2013-11-26T06:50:00+00:00,5161,406.552154541
2013-11-26T07:00:00+00:00,5161,455.291687012
2013-11-26T07:10:00+00:00,5161,477.097045898
2013-11-26T07:20:00+00:00,5161,549.073730469
2013-11-26T07:30:00+00:00,5161,824.237304688
2013-11-26T07:40:00+00:00,5161,713.286621094
2013-11-26T07:50:00+00:00,5161,716.851304688
2013-11-26T08:00:00+00:00,5161,1037.70227051
2013-11-26T08:10:00+00:00,5161,1226.52160645
2013-11-26T08:20:00+00:00,5161,1166.31689453
2013-11-26T08:30:00+00:00,5161,1094.00537109
2013-11-26T08:40:00+00:00,5161,1248.84484863
2013-11-26T08:50:00+00:00,5161,1238.26489258
2013-11-26T09:00:00+00:00,5161,1026.98144531
2013-11-26T09:10:00+00:00,5161,1273.90881348
2013-11-26T09:20:00+00:00,5161,1346.50744629
2013-11-26T09:30:00+00:00,5161,1506.90624118
2013-11-26T09:40:00+00:00,5161,1386.71313477
2013-11-26T09:50:00+00:00,5161,1656.42858887
2013-11-26T10:00:00+00:00,5161,1589.26098633
2013-11-26T10:10:00+00:00,5161,1634.5345459
2013-11-26T10:20:00+00:00,5161,1803.44812012
2013-11-26T10:30:00+00:00,5161,1851.61152887
2013-11-26T10:40:00+00:00,5161,2547.45751953
2013-11-26T10:50:00+00:00,5161,2906.74536133
2013-11-26T11:00:00+00:00,5161,2487.28320312
2013-11-26T11:10:00+00:00,5161,2437.62231445
2013-11-26T11:20:00+00:00,5161,2046.13500977
2013-11-26T11:30:00+00:00,5161,2563.59399414
2013-11-26T11:40:00+00:00,5161,2231.20068359
2013-11-26T11:50:00+00:00,5161,2341.9074707
2013-11-26T12:00:00+00:00,5161,2684.24951172
2013-11-26T12:10:00+00:00,5161,3137.96948242
2013-11-26T12:20:00+00:00,5161,3312.19677734
2013-11-26T12:30:00+00:00,5161,3057.05517578
2013-11-26T12:40:00+00:00,5161,3020.08032227
2013-11-26T12:50:00+00:00,5161,3331.03881836
2013-11-26T13:00:00+00:00,5161,3270.90185547
2013-11-26T13:10:00+00:00,5161,3098.70751953
2013-11-26T13:20:00+00:00,5161,3144.24470329
2013-11-26T13:30:00+00:00,5161,3168.70997876
2013-11-26T13:40:00+00:00,5161,2729.38427734
2013-11-26T13:50:00+00:00,5161,2635.65014648
2013-11-26T14:00:00+00:00,5161,2685.83544922
2013-11-26T14:10:00+00:00,5161,2646.33551574
2013-11-26T14:20:00+00:00,5161,2684.19970703
2013-11-26T14:30:00+00:00,5161,3012.13720703
2013-11-26T14:40:00+00:00,5161,2914.56494141
2013-11-26T14:50:00+00:00,5161,2592.02832031
2013-11-26T15:00:00+00:00,5161,2852.11865234
2013-11-26T15:10:00+00:00,5161,2415.62270069
2013-11-26T15:20:00+00:00,5161,2405.81689453
2013-11-26T15:30:00+00:00,5161,2428.95336914
2013-11-26T15:40:00+00:00,5161,2647.57126427
2013-11-26T15:50:00+00:00,5161,2960.61645508
2013-11-26T16:00:00+00:00,5161,2424.48901367
2013-11-26T16:10:00+00:00,5161,2793.97705078
2013-11-26T16:20:00+00:00,5161,2332.94824219
2013-11-26T16:30:00+00:00,5161,2466.0793457
2013-11-26T16:40:00+00:00,5161,2730.25262785
2013-11-26T16:50:00+00:00,5161,2170.5234375
2013-11-26T17:00:00+00:00,5161,2271.2489436
2013-11-26T17:10:00+00:00,5161,2193.72412109
2013-11-26T17:20:00+00:00,5161,2150.00878906
2013-11-26T17:30:00+00:00,5161,2166.64575195
2013-11-26T17:40:00+00:00,5161,2139.54248047
2013-11-26T17:50:00+00:00,5161,2121.00292969
2013-11-26T18:00:00+00:00,5161,2020.05200195
2013-11-26T18:10:00+00:00,5161,2093.70410156
2013-11-26T18:20:00+00:00,5161,1993.41931152
2013-11-26T18:30:00+00:00,5161,2125.21582031
2013-11-26T18:40:00+00:00,5161,1768.43139648
2013-11-26T18:50:00+00:00,5161,1628.29736328
2013-11-26T19:00:00+00:00,5161,1621.9074707
2013-11-26T19:10:00+00:00,5161,1336.24987793
2013-11-26T19:20:00+00:00,5161,1271.69934082
2013-11-26T19:30:00+00:00,5161,1544.78063965
2013-11-26T19:40:00+00:00,5161,2010.8145752
2013-11-26T19:50:00+00:00,5161,1055.70568848
2013-11-26T20:00:00+00:00,5161,1013.78845215
2013-11-26T20:10:00+00:00,5161,891.906860352
2013-11-26T20:20:00+00:00,5161,975.592651367
2013-11-26T20:30:00+00:00,5161,1186.59436035
2013-11-26T20:40:00+00:00,5161,977.878845215
2013-11-26T20:50:00+00:00,5161,829.06072998
2013-11-26T21:00:00+00:00,5161,1076.58300781
2013-11-26T21:10:00+00:00,5161,955.794799805
2013-11-26T21:20:00+00:00,5161,692.741333008
2013-11-26T21:30:00+00:00,5161,659.897094727
2013-11-26T21:40:00+00:00,5161,575.56640625
2013-11-26T21:50:00+00:00,5161,498.198486328
2013-11-26T22:00:00+00:00,5161,469.649047852
2013-11-26T22:10:00+00:00,5161,423.169403076
2013-11-26T22:20:00+00:00,5161,461.714538574
2013-11-26T22:30:00+00:00,5161,401.564178467
2013-11-26T22:40:00+00:00,5161,460.545257568
2013-11-26T22:50:00+00:00,5161,441.013092041
2013-11-26T23:00:00+00:00,5161,455.114105225
2013-11-26T23:20:00+00:00,5161,420.795227051
2013-11-26T23:30:00+00:00,5161,270.053771973
2013-11-27T00:00:00+00:00,5161,284.759674072
2013-11-27T04:20:00+00:00,5161,233.95098877
2013-11-27T05:00:00+00:00,5161,246.281860352
2013-11-27T05:10:00+00:00,5161,253.652542114
2013-11-27T05:20:00+00:00,5161,280.117095947
2013-11-27T05:50:00+00:00,5161,265.78805542
2013-11-27T06:00:00+00:00,5161,435.101135254
2013-11-27T06:10:00+00:00,5161,305.100708008
2013-11-27T06:20:00+00:00,5161,272.656036377
2013-11-27T06:30:00+00:00,5161,371.45703125
2013-11-27T06:40:00+00:00,5161,366.092498779
2013-11-27T06:50:00+00:00,5161,354.124938965
2013-11-27T07:00:00+00:00,5161,355.999725342
2013-11-27T07:10:00+00:00,5161,444.497650146
2013-11-27T07:20:00+00:00,5161,649.990966797
2013-11-27T07:30:00+00:00,5161,843.759399414
2013-11-27T07:40:00+00:00,5161,856.639526367
2013-11-27T07:50:00+00:00,5161,711.182067871
2013-11-27T08:00:00+00:00,5161,1100.33435059
2013-11-27T08:10:00+00:00,5161,933.479248047
2013-11-27T08:20:00+00:00,5161,1007.8951416
2013-11-27T08:30:00+00:00,5161,1025.13391113
2013-11-27T08:40:00+00:00,5161,1101.87927246
2013-11-27T08:50:00+00:00,5161,1165.41296387
2013-11-27T09:00:00+00:00,5161,1265.00268555
2013-11-27T09:10:00+00:00,5161,1168.52600098
2013-11-27T09:20:00+00:00,5161,1608.90551758
2013-11-27T09:30:00+00:00,5161,1464.68994141
2013-11-27T09:40:00+00:00,5161,1370.02246094
2013-11-27T09:50:00+00:00,5161,1527.31433105
2013-11-27T10:00:00+00:00,5161,1537.89550781
2013-11-27T10:10:00+00:00,5161,1664.14685059
2013-11-27T10:20:00+00:00,5161,1721.21960449
2013-11-27T10:30:00+00:00,5161,1960.109375
2013-11-27T10:40:00+00:00,5161,1857.26879883
2013-11-27T10:50:00+00:00,5161,2179.34130859
2013-11-27T11:00:00+00:00,5161,2252.22719789
2013-11-27T11:10:00+00:00,5161,2021.50927377
2013-11-27T11:20:00+00:00,5161,2103.33984375
2013-11-27T11:30:00+00:00,5161,2576.63696289
2013-11-27T11:40:00+00:00,5161,2634.71271586
2013-11-27T11:50:00+00:00,5161,2782.80125523
2013-11-27T12:00:00+00:00,5161,2529.56407997
2013-11-27T12:10:00+00:00,5161,2455.82006836
2013-11-27T12:20:00+00:00,5161,3025.75561523
2013-11-27T12:30:00+00:00,5161,2974.53781942
2013-11-27T12:40:00+00:00,5161,3058.6171875
2013-11-27T12:50:00+00:00,5161,3349.39802885
2013-11-27T13:00:00+00:00,5161,3892.3137207
2013-11-27T13:10:00+00:00,5161,3378.36450672
2013-11-27T13:20:00+00:00,5161,3349.67822266
2013-11-27T13:30:00+00:00,5161,3091.01928711
2013-11-27T13:40:00+00:00,5161,3196.22705078
2013-11-27T13:50:00+00:00,5161,2837.23510742
2013-11-27T14:00:00+00:00,5161,2744.25756836
2013-11-27T14:10:00+00:00,5161,2668.89282227
2013-11-27T14:20:00+00:00,5161,3777.89013672
2013-11-27T14:30:00+00:00,5161,3257.52873516
2013-11-27T14:40:00+00:00,5161,2777.50585938
2013-11-27T14:50:00+00:00,5161,2486.40161133
2013-11-27T15:00:00+00:00,5161,2553.82381383
2013-11-27T15:10:00+00:00,5161,2646.94677734
2013-11-27T15:20:00+00:00,5161,2892.49511719
2013-11-27T15:30:00+00:00,5161,2577.07779673
2013-11-27T15:40:00+00:00,5161,2689.67211914
2013-11-27T15:50:00+00:00,5161,2816.42993164
2013-11-27T16:00:00+00:00,5161,2845.94921875
2013-11-27T16:10:00+00:00,5161,2927.66259766
2013-11-27T16:20:00+00:00,5161,3287.78515625
2013-11-27T16:30:00+00:00,5161,2686.93032646
2013-11-27T16:40:00+00:00,5161,2672.04736328
2013-11-27T16:50:00+00:00,5161,2427.4206543
2013-11-27T17:00:00+00:00,5161,2453.0378418
2013-11-27T17:10:00+00:00,5161,2143.80566406
2013-11-27T17:20:00+00:00,5161,2605.97363281
2013-11-27T17:30:00+00:00,5161,2271.578125
2013-11-27T17:40:00+00:00,5161,2130.22949219
2013-11-27T17:50:00+00:00,5161,2179.21630859
2013-11-27T18:00:00+00:00,5161,2163.02831149
2013-11-27T18:10:00+00:00,5161,2480.84155273
2013-11-27T18:20:00+00:00,5161,2002.96164489
2013-11-27T18:30:00+00:00,5161,1629.4050293
2013-11-27T18:40:00+00:00,5161,1776.87548828
2013-11-27T18:50:00+00:00,5161,1700.40283203
2013-11-27T19:00:00+00:00,5161,1609.98950195
2013-11-27T19:10:00+00:00,5161,1242.25317383
2013-11-27T19:20:00+00:00,5161,1633.16125488
2013-11-27T19:30:00+00:00,5161,1634.69934082
2013-11-27T19:40:00+00:00,5161,1067.21154785
2013-11-27T19:50:00+00:00,5161,1240.81689453
2013-11-27T20:00:00+00:00,5161,933.893432617
2013-11-27T20:10:00+00:00,5161,1040.08483887
2013-11-27T20:20:00+00:00,5161,987.568481445
2013-11-27T20:30:00+00:00,5161,791.915588379
2013-11-27T20:40:00+00:00,5161,1000.97491455
2013-11-27T20:50:00+00:00,5161,714.081604004
2013-11-27T21:00:00+00:00,5161,858.850036621
2013-11-27T21:10:00+00:00,5161,517.453063965
2013-11-27T21:20:00+00:00,5161,497.790557861
2013-11-27T21:30:00+00:00,5161,509.129577637
2013-11-27T21:40:00+00:00,5161,396.515258789
2013-11-27T21:50:00+00:00,5161,453.536712646
2013-11-27T22:00:00+00:00,5161,371.7137146
2013-11-27T22:10:00+00:00,5161,553.60144043
2013-11-27T22:20:00+00:00,5161,478.019500732
2013-11-27T22:30:00+00:00,5161,440.012481689
2013-11-27T22:40:00+00:00,5161,320.575622559
2013-11-27T22:50:00+00:00,5161,347.242279053
2013-11-27T23:00:00+00:00,5161,307.377380371
2013-11-27T23:10:00+00:00,5161,266.119781494
2013-11-27T23:20:00+00:00,5161,371.711151123
2013-11-27T23:40:00+00:00,5161,280.814300537
2013-11-27T23:50:00+00:00,5161,241.700531006
2013-11-28T00:10:00+00:00,5161,197.421646118
2013-11-28T00:20:00+00:00,5161,270.693328857
2013-11-28T02:10:00+00:00,5161,240.933731079
2013-11-28T03:00:00+00:00,5161,173.754165649
2013-11-28T05:30:00+00:00,5161,184.642837524
2013-11-28T05:40:00+00:00,5161,253.697631836
2013-11-28T05:50:00+00:00,5161,231.221237183
2013-11-28T06:00:00+00:00,5161,273.441894531
2013-11-28T06:10:00+00:00,5161,313.63961792
2013-11-28T06:20:00+00:00,5161,299.221252441
2013-11-28T06:30:00+00:00,5161,353.249420166
2013-11-28T06:40:00+00:00,5161,339.654022217
2013-11-28T06:50:00+00:00,5161,419.137023926
2013-11-28T07:00:00+00:00,5161,311.333068848
2013-11-28T07:10:00+00:00,5161,410.706115723
2013-11-28T07:20:00+00:00,5161,528.209594727
2013-11-28T07:30:00+00:00,5161,502.302215576
2013-11-28T07:40:00+00:00,5161,587.062561035
2013-11-28T07:50:00+00:00,5161,737.94543457
2013-11-28T08:00:00+00:00,5161,903.443481445
2013-11-28T08:10:00+00:00,5161,930.576416016
2013-11-28T08:20:00+00:00,5161,917.688497305
2013-11-28T08:30:00+00:00,5161,895.104003906
2013-11-28T08:40:00+00:00,5161,982.70123291
2013-11-28T08:50:00+00:00,5161,1219.67700195
2013-11-28T09:00:00+00:00,5161,1111.07873535
2013-11-28T09:10:00+00:00,5161,1242.02954102
2013-11-28T09:20:00+00:00,5161,1684.65527344
2013-11-28T09:30:00+00:00,5161,1814.22937012
2013-11-28T09:40:00+00:00,5161,1576.26635742
2013-11-28T09:50:00+00:00,5161,1676.16662598
2013-11-28T10:00:00+00:00,5161,1683.32006836
2013-11-28T10:10:00+00:00,5161,1865.34094238
2013-11-28T10:20:00+00:00,5161,2368.3425293
2013-11-28T10:30:00+00:00,5161,2184.21826172
2013-11-28T10:40:00+00:00,5161,2093.19702148
2013-11-28T10:50:00+00:00,5161,2013.27680433
2013-11-28T11:00:00+00:00,5161,2152.69555664
2013-11-28T11:10:00+00:00,5161,2252.32519531
2013-11-28T11:20:00+00:00,5161,2507.62100506
2013-11-28T11:30:00+00:00,5161,2143.71264648
2013-11-28T11:40:00+00:00,5161,2320.78686523
2013-11-28T11:50:00+00:00,5161,2509.02368164
2013-11-28T12:00:00+00:00,5161,2330.13549805
2013-11-28T12:10:00+00:00,5161,3063.80834961
2013-11-28T12:20:00+00:00,5161,2772.97363281
2013-11-28T12:30:00+00:00,5161,3334.40820312
2013-11-28T12:40:00+00:00,5161,3154.62109375
2013-11-28T12:50:00+00:00,5161,3313.16821289
2013-11-28T13:00:00+00:00,5161,3280.56176758
2013-11-28T13:10:00+00:00,5161,3148.10961914
2013-11-28T13:20:00+00:00,5161,3145.2355957
2013-11-28T13:30:00+00:00,5161,3011.05322266
2013-11-28T13:40:00+00:00,5161,2758.46459961
2013-11-28T13:50:00+00:00,5161,3115.98779297
2013-11-28T14:00:00+00:00,5161,2687.82371211
2013-11-28T14:10:00+00:00,5161,2621.30419922
2013-11-28T14:20:00+00:00,5161,2620.71801758
2013-11-28T14:30:00+00:00,5161,3056.11987305
2013-11-28T14:40:00+00:00,5161,3162.63696289
2013-11-28T14:50:00+00:00,5161,2805.39575195
2013-11-28T15:00:00+00:00,5161,2735.86743164
2013-11-28T15:10:00+00:00,5161,2752.27954102
2013-11-28T15:20:00+00:00,5161,2657.38188124
2013-11-28T15:30:00+00:00,5161,2697.79321289
2013-11-28T15:40:00+00:00,5161,2771.03979492
2013-11-28T15:50:00+00:00,5161,2636.66796875
2013-11-28T16:00:00+00:00,5161,2555.6105957
2013-11-28T16:10:00+00:00,5161,2802.29833984
2013-11-28T16:20:00+00:00,5161,2483.65209961
2013-11-28T16:30:00+00:00,5161,2774.71020508
2013-11-28T16:40:00+00:00,5161,2650.78250717
2013-11-28T16:50:00+00:00,5161,2300.48730469
2013-11-28T17:00:00+00:00,5161,2730.32348633
2013-11-28T17:10:00+00:00,5161,2548.08511782
2013-11-28T17:20:00+00:00,5161,2351.58447266
2013-11-28T17:30:00+00:00,5161,2300.07177734
2013-11-28T17:40:00+00:00,5161,2343.80053711
2013-11-28T17:50:00+00:00,5161,2314.15478516
2013-11-28T18:00:00+00:00,5161,2077.45703125
2013-11-28T18:10:00+00:00,5161,2280.6875
2013-11-28T18:20:00+00:00,5161,2321.1940918
2013-11-28T18:30:00+00:00,5161,1811.30639648
2013-11-28T18:40:00+00:00,5161,1927.89245605
2013-11-28T18:50:00+00:00,5161,1642.72680664
2013-11-28T19:00:00+00:00,5161,1639.00305176
2013-11-28T19:10:00+00:00,5161,1935.53942871
2013-11-28T19:20:00+00:00,5161,1275.10791016
2013-11-28T19:30:00+00:00,5161,1107.38598633
2013-11-28T19:40:00+00:00,5161,1227.08459473
2013-11-28T19:50:00+00:00,5161,1294.95874023
2013-11-28T20:00:00+00:00,5161,1208.53369141
2013-11-28T20:10:00+00:00,5161,1007.22259521
2013-11-28T20:20:00+00:00,5161,1109.47216797
2013-11-28T20:30:00+00:00,5161,1064.84960938
2013-11-28T20:40:00+00:00,5161,816.573425293
2013-11-28T20:50:00+00:00,5161,772.453674316
2013-11-28T21:00:00+00:00,5161,579.306884766
2013-11-28T21:10:00+00:00,5161,629.321350098
2013-11-28T21:20:00+00:00,5161,553.115783691
2013-11-28T21:30:00+00:00,5161,482.671539307
2013-11-28T21:40:00+00:00,5161,548.191833496
2013-11-28T21:50:00+00:00,5161,420.188781738
2013-11-28T22:00:00+00:00,5161,552.106018066
2013-11-28T22:10:00+00:00,5161,509.792236328
2013-11-28T22:20:00+00:00,5161,545.465881348
2013-11-28T22:30:00+00:00,5161,515.335510254
2013-11-28T22:40:00+00:00,5161,650.263793945
2013-11-28T22:50:00+00:00,5161,593.144714355
2013-11-28T23:10:00+00:00,5161,533.835754395
2013-11-28T23:20:00+00:00,5161,278.302978516
2013-11-28T23:30:00+00:00,5161,294.236297607
2013-11-28T23:40:00+00:00,5161,217.499908447
2013-11-28T23:50:00+00:00,5161,214.643630981
2013-11-29T00:10:00+00:00,5161,199.791595459
2013-11-29T00:30:00+00:00,5161,223.299758911
2013-11-29T03:10:00+00:00,5161,180.562713623
2013-11-29T04:20:00+00:00,5161,168.297546387
2013-11-29T05:30:00+00:00,5161,200.438247681
2013-11-29T05:50:00+00:00,5161,214.993927002
2013-11-29T06:00:00+00:00,5161,245.029815674
2013-11-29T06:10:00+00:00,5161,290.867645264
2013-11-29T06:20:00+00:00,5161,292.623718262
2013-11-29T06:30:00+00:00,5161,259.133514404
2013-11-29T06:40:00+00:00,5161,323.900390625
2013-11-29T06:50:00+00:00,5161,337.717712402
2013-11-29T07:00:00+00:00,5161,402.8515625
2013-11-29T07:10:00+00:00,5161,401.064361572
2013-11-29T07:20:00+00:00,5161,412.430297852
2013-11-29T07:30:00+00:00,5161,523.005004883
2013-11-29T07:40:00+00:00,5161,631.591941357
2013-11-29T07:50:00+00:00,5161,670.348388672
2013-11-29T08:00:00+00:00,5161,710.603637695
2013-11-29T08:10:00+00:00,5161,957.469970703
2013-11-29T08:20:00+00:00,5161,1013.92224121
2013-11-29T08:30:00+00:00,5161,1044.04760742
2013-11-29T08:40:00+00:00,5161,905.372802734
2013-11-29T08:50:00+00:00,5161,1030.32177734
2013-11-29T09:00:00+00:00,5161,1012.08184814
2013-11-29T09:10:00+00:00,5161,1152.28186035
2013-11-29T09:20:00+00:00,5161,1053.31591797
2013-11-29T09:30:00+00:00,5161,1406.24230957
2013-11-29T09:40:00+00:00,5161,1513.42343903
2013-11-29T09:50:00+00:00,5161,1787.80334473
2013-11-29T10:00:00+00:00,5161,1904.12859941
2013-11-29T10:10:00+00:00,5161,1690.68896484
2013-11-29T10:20:00+00:00,5161,2023.2199707
2013-11-29T10:30:00+00:00,5161,1992.99084473
2013-11-29T10:40:00+00:00,5161,2035.40563965
2013-11-29T10:50:00+00:00,5161,2280.92644882
2013-11-29T11:00:00+00:00,5161,2369.48607254
2013-11-29T11:10:00+00:00,5161,2242.35913086
2013-11-29T11:20:00+00:00,5161,2621.87817669
2013-11-29T11:30:00+00:00,5161,2962.90185547
2013-11-29T11:40:00+00:00,5161,2935.69873047
2013-11-29T11:50:00+00:00,5161,3252.89220071
2013-11-29T12:00:00+00:00,5161,3231.53491211
2013-11-29T12:10:00+00:00,5161,2891.72509766
2013-11-29T12:20:00+00:00,5161,3255.98583984
2013-11-29T12:30:00+00:00,5161,3520.26611328
2013-11-29T12:40:00+00:00,5161,3376.15033245
2013-11-29T12:50:00+00:00,5161,3334.49878168
2013-11-29T13:00:00+00:00,5161,3682.54077148
2013-11-29T13:10:00+00:00,5161,3518.40948296
2013-11-29T13:20:00+00:00,5161,3293.39160156
2013-11-29T13:30:00+00:00,5161,3053.71169472
2013-11-29T13:40:00+00:00,5161,3359.93481445
2013-11-29T13:50:00+00:00,5161,3345.08743143
2013-11-29T14:00:00+00:00,5161,3189.76287222
2013-11-29T14:10:00+00:00,5161,2995.65722656
2013-11-29T14:20:00+00:00,5161,3291.90942383
2013-11-29T14:30:00+00:00,5161,3029.40283203
2013-11-29T14:40:00+00:00,5161,2938.52318764
2013-11-29T14:50:00+00:00,5161,3190.62304688
2013-11-29T15:00:00+00:00,5161,3458.38916016
2013-11-29T15:10:00+00:00,5161,3222.32324219
2013-11-29T15:20:00+00:00,5161,3165.23266602
2013-11-29T15:30:00+00:00,5161,2975.22973633
2013-11-29T15:40:00+00:00,5161,3315.45560169
2013-11-29T15:50:00+00:00,5161,3462.13525391
2013-11-29T16:00:00+00:00,5161,3167.32177734
2013-11-29T16:10:00+00:00,5161,3409.60818434
2013-11-29T16:20:00+00:00,5161,3267.41259766
2013-11-29T16:30:00+00:00,5161,2947.79980469
2013-11-29T16:40:00+00:00,5161,3068.92773438
2013-11-29T16:50:00+00:00,5161,3053.33642578
2013-11-29T17:00:00+00:00,5161,2768.94482422
2013-11-29T17:10:00+00:00,5161,2830.3359375
2013-11-29T17:20:00+00:00,5161,2577.52646399
2013-11-29T17:30:00+00:00,5161,2846.94506836
2013-11-29T17:40:00+00:00,5161,3035.49560547
2013-11-29T17:50:00+00:00,5161,2429.79077148
2013-11-29T18:00:00+00:00,5161,2140.15234375
2013-11-29T18:10:00+00:00,5161,2626.82568359
2013-11-29T18:20:00+00:00,5161,2269.88989258
2013-11-29T18:30:00+00:00,5161,2032.95080566
2013-11-29T18:40:00+00:00,5161,1853.96496582
2013-11-29T18:50:00+00:00,5161,1692.13755369
2013-11-29T19:00:00+00:00,5161,1573.58117676
2013-11-29T19:10:00+00:00,5161,2083.46726012
2013-11-29T19:20:00+00:00,5161,1574.90161133
2013-11-29T19:30:00+00:00,5161,1358.11157227
2013-11-29T19:40:00+00:00,5161,1206.93945312
2013-11-29T19:50:00+00:00,5161,1135.19909668
2013-11-29T20:00:00+00:00,5161,941.10168457
2013-11-29T20:10:00+00:00,5161,871.049926758
2013-11-29T20:20:00+00:00,5161,757.641997814
2013-11-29T20:30:00+00:00,5161,800.926940918
2013-11-29T20:40:00+00:00,5161,1077.53930664
2013-11-29T20:50:00+00:00,5161,737.885681152
2013-11-29T21:00:00+00:00,5161,840.943237305
2013-11-29T21:10:00+00:00,5161,677.549194336
2013-11-29T21:20:00+00:00,5161,557.733154297
2013-11-29T21:30:00+00:00,5161,659.549194336
2013-11-29T21:40:00+00:00,5161,607.239562988
2013-11-29T21:50:00+00:00,5161,463.938323975
2013-11-29T22:00:00+00:00,5161,406.725494385
2013-11-29T22:10:00+00:00,5161,386.74798584
2013-11-29T22:20:00+00:00,5161,371.603668213
2013-11-29T22:30:00+00:00,5161,392.911529541
2013-11-29T22:40:00+00:00,5161,358.969451904
2013-11-29T22:50:00+00:00,5161,330.811737061
2013-11-29T23:00:00+00:00,5161,530.34576416
2013-11-29T23:10:00+00:00,5161,344.790924072
2013-11-29T23:20:00+00:00,5161,458.819366455
2013-11-29T23:30:00+00:00,5161,682.387023926
2013-11-29T23:40:00+00:00,5161,266.307495117
2013-11-29T23:50:00+00:00,5161,200.629257202
2013-11-30T00:00:00+00:00,5161,264.86050415
2013-11-30T00:20:00+00:00,5161,195.16619873
2013-11-30T00:30:00+00:00,5161,186.680480957
2013-11-30T01:10:00+00:00,5161,128.510375977
2013-11-30T01:50:00+00:00,5161,142.993255615
2013-11-30T02:00:00+00:00,5161,136.641525269
2013-11-30T03:00:00+00:00,5161,133.707229614
2013-11-30T04:00:00+00:00,5161,126.037651062
2013-11-30T04:20:00+00:00,5161,134.422454834
2013-11-30T04:30:00+00:00,5161,143.427505493
2013-11-30T05:50:00+00:00,5161,148.073791504
2013-11-30T06:00:00+00:00,5161,145.79498291
2013-11-30T06:10:00+00:00,5161,144.507110596
2013-11-30T06:20:00+00:00,5161,152.461242676
2013-11-30T06:30:00+00:00,5161,291.857666016
2013-11-30T06:50:00+00:00,5161,157.083908081
2013-11-30T07:00:00+00:00,5161,181.479766846
2013-11-30T07:10:00+00:00,5161,206.257614136
2013-11-30T07:20:00+00:00,5161,196.220153809
2013-11-30T07:30:00+00:00,5161,319.437866211
2013-11-30T07:40:00+00:00,5161,278.536682129
2013-11-30T07:50:00+00:00,5161,290.230895996
2013-11-30T08:00:00+00:00,5161,340.789978027
2013-11-30T08:10:00+00:00,5161,448.461456299
2013-11-30T08:20:00+00:00,5161,636.40234375
2013-11-30T08:30:00+00:00,5161,727.113098145
2013-11-30T08:40:00+00:00,5161,698.606323242
2013-11-30T08:50:00+00:00,5161,730.054016113
2013-11-30T09:00:00+00:00,5161,1099.23486328
2013-11-30T09:10:00+00:00,5161,1038.31860352
2013-11-30T09:20:00+00:00,5161,1143.89428711
2013-11-30T09:30:00+00:00,5161,1414.04736328
2013-11-30T09:40:00+00:00,5161,1525.21472168
2013-11-30T09:50:00+00:00,5161,1892.78039551
2013-11-30T10:00:00+00:00,5161,1824.10375977
2013-11-30T10:10:00+00:00,5161,2235.15332031
2013-11-30T10:20:00+00:00,5161,2839.12060547
2013-11-30T10:30:00+00:00,5161,2390.93066406
2013-11-30T10:40:00+00:00,5161,2679.4402113
2013-11-30T10:50:00+00:00,5161,3433.34741211
2013-11-30T11:00:00+00:00,5161,2936.43579102
2013-11-30T11:10:00+00:00,5161,3180.37158203
2013-11-30T11:20:00+00:00,5161,2887.81059265
2013-11-30T11:30:00+00:00,5161,3449.38891602
2013-11-30T11:40:00+00:00,5161,3366.92358398
2013-11-30T11:50:00+00:00,5161,3461.77783203
2013-11-30T12:00:00+00:00,5161,3355.00537109
2013-11-30T12:10:00+00:00,5161,3174.26827335
2013-11-30T12:20:00+00:00,5161,3078.17988682
2013-11-30T12:30:00+00:00,5161,3496.94604492
2013-11-30T12:40:00+00:00,5161,3491.88256836
2013-11-30T12:50:00+00:00,5161,3810.12717223
2013-11-30T13:00:00+00:00,5161,4132.20361328
2013-11-30T13:10:00+00:00,5161,4155.69367576
2013-11-30T13:20:00+00:00,5161,3894.92474365
2013-11-30T13:30:00+00:00,5161,4678.64070892
2013-11-30T13:40:00+00:00,5161,4687.47412109
2013-11-30T13:50:00+00:00,5161,4444.89160156
2013-11-30T14:00:00+00:00,5161,4292.13037109
2013-11-30T14:10:00+00:00,5161,4558.06933594
2013-11-30T14:20:00+00:00,5161,5051.50484163
2013-11-30T14:30:00+00:00,5161,4820.6997261
2013-11-30T14:40:00+00:00,5161,4753.34716797
2013-11-30T14:50:00+00:00,5161,5306.74804688
2013-11-30T15:00:00+00:00,5161,5399.13085938
2013-11-30T15:10:00+00:00,5161,6226.57275867
2013-11-30T15:20:00+00:00,5161,5299.32014465
2013-11-30T15:30:00+00:00,5161,6129.21315837
2013-11-30T15:40:00+00:00,5161,5610.19915962
2013-11-30T15:50:00+00:00,5161,5424.86628723
2013-11-30T16:00:00+00:00,5161,6149.04833412
2013-11-30T16:10:00+00:00,5161,6110.33740234
2013-11-30T16:20:00+00:00,5161,5565.79199219
2013-11-30T16:30:00+00:00,5161,5919.76416016
2013-11-30T16:40:00+00:00,5161,5446.48144531
2013-11-30T16:50:00+00:00,5161,5502.99671555
2013-11-30T17:00:00+00:00,5161,5085.43603516
2013-11-30T17:10:00+00:00,5161,4687.51720428
2013-11-30T17:20:00+00:00,5161,5116.31347656
2013-11-30T17:30:00+00:00,5161,4447.27246094
2013-11-30T17:40:00+00:00,5161,4829.5625
2013-11-30T17:50:00+00:00,5161,4450.71533203
2013-11-30T18:00:00+00:00,5161,4614.76953125
2013-11-30T18:10:00+00:00,5161,4325.29615045
2013-11-30T18:20:00+00:00,5161,3679.10839844
2013-11-30T18:30:00+00:00,5161,3856.08203125
2013-11-30T18:40:00+00:00,5161,4335.13574219
2013-11-30T18:50:00+00:00,5161,2977.46386719
2013-11-30T19:00:00+00:00,5161,3638.86889648
2013-11-30T19:10:00+00:00,5161,2914.76708984
2013-11-30T19:20:00+00:00,5161,2595.92773438
2013-11-30T19:30:00+00:00,5161,2295.84033203
2013-11-30T19:40:00+00:00,5161,2334.86450195
2013-11-30T19:50:00+00:00,5161,2082.75390625
2013-11-30T20:00:00+00:00,5161,2117.88208008
2013-11-30T20:10:00+00:00,5161,2084.54125977
2013-11-30T20:20:00+00:00,5161,1581.82885742
2013-11-30T20:30:00+00:00,5161,1302.11767578
2013-11-30T20:40:00+00:00,5161,1575.54382324
2013-11-30T20:50:00+00:00,5161,1864.2824707
2013-11-30T21:00:00+00:00,5161,1690.09899902
2013-11-30T21:10:00+00:00,5161,1461.33618164
2013-11-30T21:20:00+00:00,5161,966.999511719
2013-11-30T21:30:00+00:00,5161,678.146606445
2013-11-30T21:40:00+00:00,5161,756.633117676
2013-11-30T21:50:00+00:00,5161,569.356323242
2013-11-30T22:00:00+00:00,5161,884.41986084
2013-11-30T22:10:00+00:00,5161,743.470031738
2013-11-30T22:20:00+00:00,5161,1009.85528564
2013-11-30T22:30:00+00:00,5161,723.668151855
2013-11-30T22:40:00+00:00,5161,743.267822266
2013-11-30T22:50:00+00:00,5161,618.423034668
2013-11-30T23:00:00+00:00,5161,891.696289062
2013-11-30T23:10:00+00:00,5161,706.027832031
2013-11-30T23:20:00+00:00,5161,490.258056641
2013-11-30T23:30:00+00:00,5161,525.369628906
2013-11-30T23:40:00+00:00,5161,417.635528564
2013-11-30T23:50:00+00:00,5161,314.561431885
2013-12-01T00:00:00+00:00,5161,326.034484863
2013-12-01T00:20:00+00:00,5161,360.268798828
2013-12-01T00:30:00+00:00,5161,174.578826904
2013-12-01T00:40:00+00:00,5161,226.337493896
2013-12-01T00:50:00+00:00,5161,176.79309082
2013-12-01T01:00:00+00:00,5161,163.547668457
2013-12-01T02:40:00+00:00,5161,110.131401062
2013-12-01T04:40:00+00:00,5161,149.25604248
2013-12-01T05:00:00+00:00,5161,196.946273804
2013-12-01T05:40:00+00:00,5161,120.519226074
2013-12-01T05:50:00+00:00,5161,164.266174316
2013-12-01T06:00:00+00:00,5161,128.503692627
2013-12-01T06:10:00+00:00,5161,133.191604614
2013-12-01T06:30:00+00:00,5161,180.633346558
2013-12-01T06:40:00+00:00,5161,145.142227173
2013-12-01T06:50:00+00:00,5161,120.200897217
2013-12-01T07:00:00+00:00,5161,289.415527344
2013-12-01T07:10:00+00:00,5161,370.540008545
2013-12-01T07:20:00+00:00,5161,207.819869995
2013-12-01T07:30:00+00:00,5161,242.351699829
2013-12-01T07:40:00+00:00,5161,201.203353882
2013-12-01T07:50:00+00:00,5161,257.038543701
2013-12-01T08:00:00+00:00,5161,306.135375977
2013-12-01T08:10:00+00:00,5161,333.652801514
2013-12-01T08:20:00+00:00,5161,351.551239014
2013-12-01T08:30:00+00:00,5161,534.679870605
2013-12-01T08:40:00+00:00,5161,620.446472168
2013-12-01T08:50:00+00:00,5161,747.722229004
2013-12-01T09:00:00+00:00,5161,894.895080566
2013-12-01T09:10:00+00:00,5161,1013.70074463
2013-12-01T09:20:00+00:00,5161,1333.46130371
2013-12-01T09:30:00+00:00,5161,1405.87280273
2013-12-01T09:40:00+00:00,5161,1943.38769531
2013-12-01T09:50:00+00:00,5161,1901.45200586
2013-12-01T10:00:00+00:00,5161,2192.72924805
2013-12-01T10:10:00+00:00,5161,2336.57373047
2013-12-01T10:20:00+00:00,5161,2703.35571289
2013-12-01T10:30:00+00:00,5161,3145.2455864
2013-12-01T10:40:00+00:00,5161,3771.86131477
2013-12-01T10:50:00+00:00,5161,4024.41796875
2013-12-01T11:00:00+00:00,5161,3693.60243273
2013-12-01T11:10:00+00:00,5161,4104.51953125
2013-12-01T11:20:00+00:00,5161,4603.546875
2013-12-01T11:30:00+00:00,5161,4489.38574219
2013-12-01T11:40:00+00:00,5161,4307.30093029
2013-12-01T11:50:00+00:00,5161,4583.92507792
2013-12-01T12:00:00+00:00,5161,4708.44352841
2013-12-01T12:10:00+00:00,5161,5469.09619141
2013-12-01T12:20:00+00:00,5161,4382.57226562
2013-12-01T12:30:00+00:00,5161,4315.16455078
2013-12-01T12:40:00+00:00,5161,4388.48193359
2013-12-01T12:50:00+00:00,5161,4510.68945312
2013-12-01T13:00:00+00:00,5161,4610.26269531
2013-12-01T13:10:00+00:00,5161,4664.60754776
2013-12-01T13:20:00+00:00,5161,5891.74023438
2013-12-01T13:30:00+00:00,5161,5490.7892828
2013-12-01T13:40:00+00:00,5161,5047.30224609
2013-12-01T13:50:00+00:00,5161,4744.35253906
2013-12-01T14:00:00+00:00,5161,4846.37109375
2013-12-01T14:10:00+00:00,5161,5303.54270554
2013-12-01T14:20:00+00:00,5161,5618.32373047
2013-12-01T14:30:00+00:00,5161,6299.56494141
2013-12-01T14:40:00+00:00,5161,6038.33837891
2013-12-01T14:50:00+00:00,5161,6200.80517578
2013-12-01T15:00:00+00:00,5161,6507.57666016
2013-12-01T15:10:00+00:00,5161,6480.27580142
2013-12-01T15:20:00+00:00,5161,6697.28956223
2013-12-01T15:30:00+00:00,5161,6635.125
2013-12-01T15:40:00+00:00,5161,6684.78125
2013-12-01T15:50:00+00:00,5161,6946.21289062
2013-12-01T16:00:00+00:00,5161,6613.04492188
2013-12-01T16:10:00+00:00,5161,6013.18798828
2013-12-01T16:20:00+00:00,5161,6372.63330078
2013-12-01T16:30:00+00:00,5161,6151.47021484
2013-12-01T16:40:00+00:00,5161,5591.40234375
2013-12-01T16:50:00+00:00,5161,6056.27862525
2013-12-01T17:00:00+00:00,5161,6408.59082508
2013-12-01T17:10:00+00:00,5161,5484.25830078
2013-12-01T17:20:00+00:00,5161,5780.99462891
2013-12-01T17:30:00+00:00,5161,6142.40576172
2013-12-01T17:40:00+00:00,5161,5166.86376953
2013-12-01T17:50:00+00:00,5161,4430.75634766
2013-12-01T18:00:00+00:00,5161,4118.73375098
2013-12-01T18:10:00+00:00,5161,4056.00268555
2013-12-01T18:20:00+00:00,5161,3812.36645508
2013-12-01T18:30:00+00:00,5161,3588.22021484
2013-12-01T18:40:00+00:00,5161,3055.29541016
2013-12-01T18:50:00+00:00,5161,2773.63916016
2013-12-01T19:00:00+00:00,5161,2681.85571289
2013-12-01T19:10:00+00:00,5161,2394.11669922
2013-12-01T19:20:00+00:00,5161,2288.95727539
2013-12-01T19:30:00+00:00,5161,2435.30786133
2013-12-01T19:40:00+00:00,5161,1638.96240234
2013-12-01T19:50:00+00:00,5161,1246.75341797
2013-12-01T20:00:00+00:00,5161,1191.2878418
2013-12-01T20:10:00+00:00,5161,1028.28198242
2013-12-01T20:20:00+00:00,5161,916.736938477
2013-12-01T20:30:00+00:00,5161,902.479248047
2013-12-01T20:40:00+00:00,5161,882.357788086
2013-12-01T20:50:00+00:00,5161,978.64074707
2013-12-01T21:00:00+00:00,5161,942.752624512
2013-12-01T21:10:00+00:00,5161,789.414672852
2013-12-01T21:20:00+00:00,5161,570.595153809
2013-12-01T21:30:00+00:00,5161,558.135803223
2013-12-01T21:40:00+00:00,5161,509.773498535
2013-12-01T21:50:00+00:00,5161,464.653808594
2013-12-01T22:00:00+00:00,5161,377.759368896
2013-12-01T22:10:00+00:00,5161,367.189453125
2013-12-01T22:20:00+00:00,5161,324.728759766
2013-12-01T22:30:00+00:00,5161,268.684112549
2013-12-01T22:40:00+00:00,5161,295.917572021
2013-12-01T23:00:00+00:00,5161,339.943237305
2013-12-01T23:20:00+00:00,5161,221.420562744
2013-12-01T23:30:00+00:00,5161,251.605484009
2013-12-02T00:10:00+00:00,5161,221.09425354
2013-12-02T01:40:00+00:00,5161,164.096084595
2013-12-02T04:50:00+00:00,5161,168.037994385
2013-12-02T05:40:00+00:00,5161,188.354751587
2013-12-02T05:50:00+00:00,5161,228.377105713
2013-12-02T06:00:00+00:00,5161,255.995910645
2013-12-02T06:10:00+00:00,5161,213.74446106
2013-12-02T06:20:00+00:00,5161,216.360229492
2013-12-02T06:30:00+00:00,5161,305.040161133
2013-12-02T06:40:00+00:00,5161,277.18157959
2013-12-02T06:50:00+00:00,5161,344.487365723
2013-12-02T07:00:00+00:00,5161,365.029510498
2013-12-02T07:10:00+00:00,5161,390.680938721
2013-12-02T07:20:00+00:00,5161,704.590148926
2013-12-02T07:30:00+00:00,5161,517.683166504
2013-12-02T07:40:00+00:00,5161,511.360351562
2013-12-02T07:50:00+00:00,5161,670.095153809
2013-12-02T08:00:00+00:00,5161,795.395446777
2013-12-02T08:10:00+00:00,5161,729.517211914
2013-12-02T08:20:00+00:00,5161,979.040771484
2013-12-02T08:30:00+00:00,5161,887.315063477
2013-12-02T08:40:00+00:00,5161,1006.06961608
2013-12-02T08:50:00+00:00,5161,977.976074219
2013-12-02T09:00:00+00:00,5161,1022.09338379
2013-12-02T09:10:00+00:00,5161,1273.49743652
2013-12-02T09:20:00+00:00,5161,1375.67102051
2013-12-02T09:30:00+00:00,5161,1407.40185547
2013-12-02T09:40:00+00:00,5161,1457.37329102
2013-12-02T09:50:00+00:00,5161,1755.34973145
2013-12-02T10:00:00+00:00,5161,1930.99694824
2013-12-02T10:10:00+00:00,5161,1871.27115452
2013-12-02T10:20:00+00:00,5161,2156.45117188
2013-12-02T10:30:00+00:00,5161,2041.31896973
2013-12-02T10:40:00+00:00,5161,2104.68170214
2013-12-02T10:50:00+00:00,5161,2362.09448242
2013-12-02T11:00:00+00:00,5161,2463.18139648
2013-12-02T11:10:00+00:00,5161,2576.37475586
2013-12-02T11:20:00+00:00,5161,2304.02636719
2013-12-02T11:30:00+00:00,5161,2236.89990234
2013-12-02T11:40:00+00:00,5161,2387.45336914
2013-12-02T11:50:00+00:00,5161,2830.15900826
2013-12-02T12:00:00+00:00,5161,2951.42435861
2013-12-02T12:10:00+00:00,5161,2708.52563477
2013-12-02T12:20:00+00:00,5161,3353.17749023
2013-12-02T12:30:00+00:00,5161,3101.3034668
2013-12-02T12:40:00+00:00,5161,3134.77661133
2013-12-02T12:50:00+00:00,5161,3136.13183594
2013-12-02T13:00:00+00:00,5161,3128.40551758
2013-12-02T13:10:00+00:00,5161,3037.92822266
2013-12-02T13:20:00+00:00,5161,3159.90942383
2013-12-02T13:30:00+00:00,5161,2822.85921407
2013-12-02T13:40:00+00:00,5161,2852.05664062
2013-12-02T13:50:00+00:00,5161,3053.24707031
2013-12-02T14:00:00+00:00,5161,2727.0390625
2013-12-02T14:10:00+00:00,5161,2696.7253418
2013-12-02T14:20:00+00:00,5161,2810.20947266
2013-12-02T14:30:00+00:00,5161,3205.73144531
2013-12-02T14:40:00+00:00,5161,3175.72647285
2013-12-02T14:50:00+00:00,5161,2520.53198242
2013-12-02T15:00:00+00:00,5161,2616.66650391
2013-12-02T15:10:00+00:00,5161,2476.38110352
2013-12-02T15:20:00+00:00,5161,2978.29223633
2013-12-02T15:30:00+00:00,5161,3203.84765625
2013-12-02T15:40:00+00:00,5161,2477.63598633
2013-12-02T15:50:00+00:00,5161,2912.63130474
2013-12-02T16:00:00+00:00,5161,2579.91634297
2013-12-02T16:10:00+00:00,5161,2776.46289062
2013-12-02T16:20:00+00:00,5161,2541.47265625
2013-12-02T16:30:00+00:00,5161,2189.72827148
2013-12-02T16:40:00+00:00,5161,2312.57250977
2013-12-02T16:50:00+00:00,5161,2172.12402344
2013-12-02T17:00:00+00:00,5161,2285.3269043
2013-12-02T17:10:00+00:00,5161,2217.19631219
2013-12-02T17:20:00+00:00,5161,2084.89892578
2013-12-02T17:30:00+00:00,5161,1921.65893555
2013-12-02T17:40:00+00:00,5161,2075.48461914
2013-12-02T17:50:00+00:00,5161,2071.85424805
2013-12-02T18:00:00+00:00,5161,2496.96020508
2013-12-02T18:10:00+00:00,5161,2326.32983398
2013-12-02T18:20:00+00:00,5161,1888.64343262
2013-12-02T18:30:00+00:00,5161,1759.63696289
2013-12-02T18:40:00+00:00,5161,1784.00363708
2013-12-02T18:50:00+00:00,5161,1908.13171387
2013-12-02T19:00:00+00:00,5161,2182.4675293
2013-12-02T19:10:00+00:00,5161,1321.96850586
2013-12-02T19:20:00+00:00,5161,1227.74560547
2013-12-02T19:30:00+00:00,5161,1441.36943102
2013-12-02T19:40:00+00:00,5161,874.73425293
2013-12-02T19:50:00+00:00,5161,867.87902832
2013-12-02T20:00:00+00:00,5161,898.856994629
2013-12-02T20:10:00+00:00,5161,775.193969727
2013-12-02T20:20:00+00:00,5161,796.250732422
2013-12-02T20:30:00+00:00,5161,748.869995117
2013-12-02T20:40:00+00:00,5161,805.080444336
2013-12-02T20:50:00+00:00,5161,1316.08239746
2013-12-02T21:00:00+00:00,5161,834.823059082
2013-12-02T21:10:00+00:00,5161,1355.25341797
2013-12-02T21:20:00+00:00,5161,917.601806641
2013-12-02T21:30:00+00:00,5161,853.153137207
2013-12-02T21:40:00+00:00,5161,870.857116699
2013-12-02T21:50:00+00:00,5161,723.18560791
2013-12-02T22:00:00+00:00,5161,592.274719238
2013-12-02T22:10:00+00:00,5161,496.354980469
2013-12-02T22:20:00+00:00,5161,504.471679688
2013-12-02T22:30:00+00:00,5161,401.714813232
2013-12-02T22:40:00+00:00,5161,749.918029785
2013-12-02T22:50:00+00:00,5161,820.250976562
2013-12-02T23:00:00+00:00,5161,529.612060547
2013-12-02T23:20:00+00:00,5161,293.794616699
2013-12-03T00:10:00+00:00,5161,217.276504517
2013-12-03T00:20:00+00:00,5161,230.113922119
2013-12-03T00:40:00+00:00,5161,183.593902588
2013-12-03T01:10:00+00:00,5161,163.720291138
2013-12-03T05:20:00+00:00,5161,155.809509277
2013-12-03T05:30:00+00:00,5161,169.953384399
2013-12-03T05:40:00+00:00,5161,180.476135254
2013-12-03T05:50:00+00:00,5161,168.745803833
2013-12-03T06:00:00+00:00,5161,200.914169312
2013-12-03T06:10:00+00:00,5161,286.237487793
2013-12-03T06:20:00+00:00,5161,291.183868408
2013-12-03T06:30:00+00:00,5161,247.97366333
2013-12-03T06:40:00+00:00,5161,369.550018311
2013-12-03T06:50:00+00:00,5161,265.882568359
2013-12-03T07:00:00+00:00,5161,360.287384033
2013-12-03T07:10:00+00:00,5161,441.026702881
2013-12-03T07:20:00+00:00,5161,469.635742188
2013-12-03T07:30:00+00:00,5161,601.726623535
2013-12-03T07:40:00+00:00,5161,615.624694824
2013-12-03T07:50:00+00:00,5161,797.627990723
2013-12-03T08:00:00+00:00,5161,885.58392334
2013-12-03T08:10:00+00:00,5161,879.22052002
2013-12-03T08:20:00+00:00,5161,1033.50842285
2013-12-03T08:30:00+00:00,5161,1045.96984863
2013-12-03T08:40:00+00:00,5161,1091.58666992
2013-12-03T08:50:00+00:00,5161,1067.11462402
2013-12-03T09:00:00+00:00,5161,1260.14624023
2013-12-03T09:10:00+00:00,5161,1308.40905762
2013-12-03T09:20:00+00:00,5161,1389.44873047
2013-12-03T09:30:00+00:00,5161,1655.25891113
2013-12-03T09:40:00+00:00,5161,1312.2779541
2013-12-03T09:50:00+00:00,5161,1726.24060059
2013-12-03T10:00:00+00:00,5161,2078.42236328
2013-12-03T10:10:00+00:00,5161,1835.72106934
2013-12-03T10:20:00+00:00,5161,2091.25805664
2013-12-03T10:30:00+00:00,5161,1911.04321289
2013-12-03T10:40:00+00:00,5161,1907.89978504
2013-12-03T10:50:00+00:00,5161,2159.4831543
2013-12-03T11:00:00+00:00,5161,2087.31713867
2013-12-03T11:10:00+00:00,5161,2191.59912109
2013-12-03T11:20:00+00:00,5161,2339.21826172
2013-12-03T11:30:00+00:00,5161,2331.0246582
2013-12-03T11:40:00+00:00,5161,2172.43383789
2013-12-03T11:50:00+00:00,5161,2479.39697266
2013-12-03T12:00:00+00:00,5161,2507.74145508
2013-12-03T12:10:00+00:00,5161,2572.19165039
2013-12-03T12:20:00+00:00,5161,2803.21331453
2013-12-03T12:30:00+00:00,5161,2604.76171875
2013-12-03T12:40:00+00:00,5161,3239.95092773
2013-12-03T12:50:00+00:00,5161,3145.31713867
2013-12-03T13:00:00+00:00,5161,3185.25512695
2013-12-03T13:10:00+00:00,5161,3262.49755859
2013-12-03T13:20:00+00:00,5161,3278.7556954
2013-12-03T13:30:00+00:00,5161,3128.53100586
2013-12-03T13:40:00+00:00,5161,2707.85449219
2013-12-03T13:50:00+00:00,5161,2559.33544922
2013-12-03T14:00:00+00:00,5161,2696.41259766
2013-12-03T14:10:00+00:00,5161,2887.04566956
2013-12-03T14:20:00+00:00,5161,2669.24975586
2013-12-03T14:30:00+00:00,5161,3002.11401367
2013-12-03T14:40:00+00:00,5161,3224.70895934
2013-12-03T14:50:00+00:00,5161,3582.21362305
2013-12-03T15:00:00+00:00,5161,2999.00639665
2013-12-03T15:10:00+00:00,5161,2858.85253906
2013-12-03T15:20:00+00:00,5161,2681.81616211
2013-12-03T15:30:00+00:00,5161,2899.49072266
2013-12-03T15:40:00+00:00,5161,2769.40416113
2013-12-03T15:50:00+00:00,5161,2538.30621624
2013-12-03T16:00:00+00:00,5161,2614.61303711
2013-12-03T16:10:00+00:00,5161,2819.41845703
2013-12-03T16:20:00+00:00,5161,2830.90872777
2013-12-03T16:30:00+00:00,5161,2620.61401367
2013-12-03T16:40:00+00:00,5161,2732.65649414
2013-12-03T16:50:00+00:00,5161,2322.03529787
2013-12-03T17:00:00+00:00,5161,2523.00537109
2013-12-03T17:10:00+00:00,5161,2563.41430664
2013-12-03T17:20:00+00:00,5161,2591.39355469
2013-12-03T17:30:00+00:00,5161,2265.31787109
2013-12-03T17:40:00+00:00,5161,2750.16674805
2013-12-03T17:50:00+00:00,5161,2087.25976562
2013-12-03T18:00:00+00:00,5161,1962.14868164
2013-12-03T18:10:00+00:00,5161,1983.49658203
2013-12-03T18:20:00+00:00,5161,1877.84265137
2013-12-03T18:30:00+00:00,5161,2433.14794922
2013-12-03T18:40:00+00:00,5161,1890.56005859
2013-12-03T18:50:00+00:00,5161,1699.92272949
2013-12-03T19:00:00+00:00,5161,1565.4864502
2013-12-03T19:10:00+00:00,5161,1433.09057617
2013-12-03T19:20:00+00:00,5161,1385.52148438
2013-12-03T19:30:00+00:00,5161,1171.62512207
2013-12-03T19:40:00+00:00,5161,1381.54333496
2013-12-03T19:50:00+00:00,5161,1357.67333984
2013-12-03T20:00:00+00:00,5161,996.265563965
2013-12-03T20:10:00+00:00,5161,881.097167969
2013-12-03T20:20:00+00:00,5161,880.969848633
2013-12-03T20:30:00+00:00,5161,1351.19909668
2013-12-03T20:40:00+00:00,5161,851.299194336
2013-12-03T20:50:00+00:00,5161,888.074401855
2013-12-03T21:00:00+00:00,5161,667.357299805
2013-12-03T21:10:00+00:00,5161,695.480895996
2013-12-03T21:20:00+00:00,5161,520.129211426
2013-12-03T21:30:00+00:00,5161,555.264892578
2013-12-03T21:40:00+00:00,5161,585.697753906
2013-12-03T21:50:00+00:00,5161,448.381530762
2013-12-03T22:00:00+00:00,5161,615.768615723
2013-12-03T22:10:00+00:00,5161,609.16015625
2013-12-03T22:20:00+00:00,5161,765.72052002
2013-12-03T22:30:00+00:00,5161,418.687408447
2013-12-03T22:40:00+00:00,5161,398.238739014
2013-12-03T22:50:00+00:00,5161,383.988372803
2013-12-03T23:00:00+00:00,5161,309.022888184
2013-12-03T23:10:00+00:00,5161,292.847167969
2013-12-03T23:20:00+00:00,5161,683.608032227
2013-12-03T23:30:00+00:00,5161,547.573791504
2013-12-03T23:40:00+00:00,5161,710.207824707
2013-12-03T23:50:00+00:00,5161,336.205047607
2013-12-04T05:10:00+00:00,5161,171.626220703
2013-12-04T05:20:00+00:00,5161,204.00151062
2013-12-04T05:50:00+00:00,5161,255.862136841
2013-12-04T06:00:00+00:00,5161,264.418701172
2013-12-04T06:10:00+00:00,5161,363.73828125
2013-12-04T06:20:00+00:00,5161,264.683441162
2013-12-04T06:30:00+00:00,5161,285.445739746
2013-12-04T06:40:00+00:00,5161,323.593353271
2013-12-04T06:50:00+00:00,5161,343.806915283
2013-12-04T07:00:00+00:00,5161,378.036102295
2013-12-04T07:10:00+00:00,5161,435.184387207
2013-12-04T07:20:00+00:00,5161,469.057800293
2013-12-04T07:30:00+00:00,5161,508.312469482
2013-12-04T07:40:00+00:00,5161,691.32611084
2013-12-04T07:50:00+00:00,5161,704.75579834
2013-12-04T08:00:00+00:00,5161,894.991699219
2013-12-04T08:10:00+00:00,5161,905.241271973
2013-12-04T08:20:00+00:00,5161,877.809997559
2013-12-04T08:30:00+00:00,5161,1095.94628906
2013-12-04T08:40:00+00:00,5161,1013.07177734
2013-12-04T08:50:00+00:00,5161,1180.44970703
2013-12-04T09:00:00+00:00,5161,1159.81787109
2013-12-04T09:10:00+00:00,5161,1392.73449707
2013-12-04T09:20:00+00:00,5161,1212.49060059
2013-12-04T09:30:00+00:00,5161,1802.8749144
2013-12-04T09:40:00+00:00,5161,1565.04614258
2013-12-04T09:50:00+00:00,5161,1881.5390625
2013-12-04T10:00:00+00:00,5161,1902.91589355
2013-12-04T10:10:00+00:00,5161,2035.56445312
2013-12-04T10:20:00+00:00,5161,2299.70654297
2013-12-04T10:30:00+00:00,5161,1990.51831055
2013-12-04T10:40:00+00:00,5161,2101.00463867
2013-12-04T10:50:00+00:00,5161,2305.3503418
2013-12-04T11:00:00+00:00,5161,2311.27026367
2013-12-04T11:10:00+00:00,5161,2257.54492188
2013-12-04T11:20:00+00:00,5161,2624.54663086
2013-12-04T11:30:00+00:00,5161,2574.54516602
2013-12-04T11:40:00+00:00,5161,3049.05379868
2013-12-04T11:50:00+00:00,5161,2868.37963867
2013-12-04T12:00:00+00:00,5161,2646.72949219
2013-12-04T12:10:00+00:00,5161,3635.49975586
2013-12-04T12:20:00+00:00,5161,3636.95849609
2013-12-04T12:30:00+00:00,5161,3511.27319336
2013-12-04T12:40:00+00:00,5161,3400.29418945
2013-12-04T12:50:00+00:00,5161,3650.97094727
2013-12-04T13:00:00+00:00,5161,3422.5150454
2013-12-04T13:10:00+00:00,5161,3041.85009766
2013-12-04T13:20:00+00:00,5161,2921.61987305
2013-12-04T13:30:00+00:00,5161,2914.42529297
2013-12-04T13:40:00+00:00,5161,2980.73535156
2013-12-04T13:50:00+00:00,5161,2934.28857422
2013-12-04T14:00:00+00:00,5161,2985.10253906
2013-12-04T14:10:00+00:00,5161,2785.97436523
2013-12-04T14:20:00+00:00,5161,2556.36376953
2013-12-04T14:30:00+00:00,5161,3098.23803711
2013-12-04T14:40:00+00:00,5161,3307.90161133
2013-12-04T14:50:00+00:00,5161,3048.70019531
2013-12-04T15:00:00+00:00,5161,2877.38500977
2013-12-04T15:10:00+00:00,5161,2853.12475586
2013-12-04T15:20:00+00:00,5161,2732.13178325
2013-12-04T15:30:00+00:00,5161,2715.60882068
2013-12-04T15:40:00+00:00,5161,2744.48608398
2013-12-04T15:50:00+00:00,5161,2525.47280785
2013-12-04T16:00:00+00:00,5161,2839.45947766
2013-12-04T16:10:00+00:00,5161,3089.74023438
2013-12-04T16:20:00+00:00,5161,2820.8269043
2013-12-04T16:30:00+00:00,5161,2757.39428711
2013-12-04T16:40:00+00:00,5161,2986.37353516
2013-12-04T16:50:00+00:00,5161,2989.18261719
2013-12-04T17:00:00+00:00,5161,2876.1237793
2013-12-04T17:10:00+00:00,5161,2805.38012695
2013-12-04T17:20:00+00:00,5161,2590.97192383
2013-12-04T17:30:00+00:00,5161,2513.33058643
2013-12-04T17:40:00+00:00,5161,2819.40408278
2013-12-04T17:50:00+00:00,5161,3386.20239258
2013-12-04T18:00:00+00:00,5161,3300.0234375
2013-12-04T18:10:00+00:00,5161,2807.46850586
2013-12-04T18:20:00+00:00,5161,2407.04052734
2013-12-04T18:30:00+00:00,5161,2730.69702148
2013-12-04T18:40:00+00:00,5161,2669.35400391
2013-12-04T18:50:00+00:00,5161,2422.99145508
2013-12-04T19:00:00+00:00,5161,2005.01306152
2013-12-04T19:10:00+00:00,5161,1768.2097168
2013-12-04T19:20:00+00:00,5161,1770.0814209
2013-12-04T19:30:00+00:00,5161,1967.79933286
2013-12-04T19:40:00+00:00,5161,1509.98986816
2013-12-04T19:50:00+00:00,5161,1443.93798828
2013-12-04T20:00:00+00:00,5161,1299.77746582
2013-12-04T20:10:00+00:00,5161,1259.26306152
2013-12-04T20:20:00+00:00,5161,1299.05480957
2013-12-04T20:30:00+00:00,5161,1591.15344238
2013-12-04T20:40:00+00:00,5161,1135.83972168
2013-12-04T20:50:00+00:00,5161,1010.66564941
2013-12-04T21:00:00+00:00,5161,898.251342773
2013-12-04T21:10:00+00:00,5161,793.179016113
2013-12-04T21:20:00+00:00,5161,857.536499023
2013-12-04T21:30:00+00:00,5161,670.368713379
2013-12-04T21:40:00+00:00,5161,603.519165039
2013-12-04T21:50:00+00:00,5161,575.530944824
2013-12-04T22:00:00+00:00,5161,461.832061768
2013-12-04T22:10:00+00:00,5161,490.624053955
2013-12-04T22:20:00+00:00,5161,529.772155762
2013-12-04T22:30:00+00:00,5161,388.351348877
2013-12-04T22:40:00+00:00,5161,417.817260742
2013-12-04T22:50:00+00:00,5161,402.536865234
2013-12-04T23:00:00+00:00,5161,439.615600586
2013-12-04T23:10:00+00:00,5161,353.721740723
2013-12-04T23:20:00+00:00,5161,369.98336792
2013-12-04T23:30:00+00:00,5161,257.141448975
2013-12-04T23:40:00+00:00,5161,287.918365479
2013-12-04T23:50:00+00:00,5161,301.383026123
2013-12-05T00:00:00+00:00,5161,296.314544678
2013-12-05T00:20:00+00:00,5161,263.551208496
2013-12-05T00:50:00+00:00,5161,335.128936768
2013-12-05T01:50:00+00:00,5161,183.817642212
2013-12-05T04:30:00+00:00,5161,198.217727661
2013-12-05T05:10:00+00:00,5161,228.73878479
2013-12-05T05:20:00+00:00,5161,237.085891724
2013-12-05T05:30:00+00:00,5161,235.267105103
2013-12-05T05:40:00+00:00,5161,257.96270752
2013-12-05T05:50:00+00:00,5161,224.28187561
2013-12-05T06:00:00+00:00,5161,270.263580322
2013-12-05T06:10:00+00:00,5161,257.46786499
2013-12-05T06:20:00+00:00,5161,315.348236084
2013-12-05T06:30:00+00:00,5161,287.532501221
2013-12-05T06:40:00+00:00,5161,290.891479492
2013-12-05T06:50:00+00:00,5161,357.936065674
2013-12-05T07:00:00+00:00,5161,391.406188965
2013-12-05T07:10:00+00:00,5161,454.100769043
2013-12-05T07:20:00+00:00,5161,552.72467041
2013-12-05T07:30:00+00:00,5161,527.710266113
2013-12-05T07:40:00+00:00,5161,586.938537598
2013-12-05T07:50:00+00:00,5161,789.461303711
2013-12-05T08:00:00+00:00,5161,779.337890625
2013-12-05T08:10:00+00:00,5161,846.045471191
2013-12-05T08:20:00+00:00,5161,1065.50354004
2013-12-05T08:30:00+00:00,5161,1007.32635498
2013-12-05T08:40:00+00:00,5161,1028.68493652
2013-12-05T08:50:00+00:00,5161,1102.40710449
2013-12-05T09:00:00+00:00,5161,1275.74511719
2013-12-05T09:10:00+00:00,5161,1417.76855469
2013-12-05T09:20:00+00:00,5161,1435.29406738
2013-12-05T09:30:00+00:00,5161,1672.82043457
2013-12-05T09:40:00+00:00,5161,1458.87524414
2013-12-05T09:50:00+00:00,5161,1732.49841309
2013-12-05T10:00:00+00:00,5161,1776.43029785
2013-12-05T10:10:00+00:00,5161,1764.11462402
2013-12-05T10:20:00+00:00,5161,2107.77026367
2013-12-05T10:30:00+00:00,5161,2157.40820312
2013-12-05T10:40:00+00:00,5161,2554.81884766
2013-12-05T10:50:00+00:00,5161,2524.05444336
2013-12-05T11:00:00+00:00,5161,2293.32863265
2013-12-05T11:10:00+00:00,5161,2462.57006836
2013-12-05T11:20:00+00:00,5161,2729.13110352
2013-12-05T11:30:00+00:00,5161,2713.01354551
2013-12-05T11:40:00+00:00,5161,2736.14697266
2013-12-05T11:50:00+00:00,5161,2689.8762207
2013-12-05T12:00:00+00:00,5161,2872.72924805
2013-12-05T12:10:00+00:00,5161,3201.51708984
2013-12-05T12:20:00+00:00,5161,3109.94140625
2013-12-05T12:30:00+00:00,5161,3203.58300781
2013-12-05T12:40:00+00:00,5161,3500.65307617
2013-12-05T12:50:00+00:00,5161,3404.50585938
2013-12-05T13:00:00+00:00,5161,3339.83129883
2013-12-05T13:10:00+00:00,5161,3344.48168945
2013-12-05T13:20:00+00:00,5161,3266.04345703
2013-12-05T13:30:00+00:00,5161,3395.29150391
2013-12-05T13:40:00+00:00,5161,2955.01879883
2013-12-05T13:50:00+00:00,5161,3028.48828125
2013-12-05T14:00:00+00:00,5161,2969.12158203
2013-12-05T14:10:00+00:00,5161,2875.8671875
2013-12-05T14:20:00+00:00,5161,3130.36935973
2013-12-05T14:30:00+00:00,5161,3044.68432617
2013-12-05T14:40:00+00:00,5161,2923.86083984
2013-12-05T14:50:00+00:00,5161,2874.39092618
2013-12-05T15:00:00+00:00,5161,2822.78735352
2013-12-05T15:10:00+00:00,5161,3627.19415188
2013-12-05T15:20:00+00:00,5161,2976.65780544
2013-12-05T15:30:00+00:00,5161,2614.50981665
2013-12-05T15:40:00+00:00,5161,2659.83837891
2013-12-05T15:50:00+00:00,5161,2666.98364258
2013-12-05T16:00:00+00:00,5161,2641.71679688
2013-12-05T16:10:00+00:00,5161,2394.77026367
2013-12-05T16:20:00+00:00,5161,2529.00987402
2013-12-05T16:30:00+00:00,5161,2439.55312777
2013-12-05T16:40:00+00:00,5161,2637.60253906
2013-12-05T16:50:00+00:00,5161,2501.74560547
2013-12-05T17:00:00+00:00,5161,2396.85644531
2013-12-05T17:10:00+00:00,5161,2945.36279297
2013-12-05T17:20:00+00:00,5161,2438.67724609
2013-12-05T17:30:00+00:00,5161,2275.96044922
2013-12-05T17:40:00+00:00,5161,2233.49121094
2013-12-05T17:50:00+00:00,5161,2236.5847168
2013-12-05T18:00:00+00:00,5161,2301.64526367
2013-12-05T18:10:00+00:00,5161,2159.14208984
2013-12-05T18:20:00+00:00,5161,2437.66162109
2013-12-05T18:30:00+00:00,5161,2278.69482422
2013-12-05T18:40:00+00:00,5161,2003.71325684
2013-12-05T18:50:00+00:00,5161,1892.96386719
2013-12-05T19:00:00+00:00,5161,1970.91711426
2013-12-05T19:10:00+00:00,5161,1471.93847656
2013-12-05T19:20:00+00:00,5161,1644.1940918
2013-12-05T19:30:00+00:00,5161,1279.12194824
2013-12-05T19:40:00+00:00,5161,1208.22363281
2013-12-05T19:50:00+00:00,5161,1060.04003906
2013-12-05T20:00:00+00:00,5161,1005.22454834
2013-12-05T20:10:00+00:00,5161,1034.27758789
2013-12-05T20:20:00+00:00,5161,852.670043945
2013-12-05T20:30:00+00:00,5161,1070.13720703
2013-12-05T20:40:00+00:00,5161,914.032287598
2013-12-05T20:50:00+00:00,5161,921.639770508
2013-12-05T21:00:00+00:00,5161,865.23614502
2013-12-05T21:10:00+00:00,5161,635.829956055
2013-12-05T21:20:00+00:00,5161,660.262878418
2013-12-05T21:30:00+00:00,5161,594.626647949
2013-12-05T21:40:00+00:00,5161,564.570556641
2013-12-05T21:50:00+00:00,5161,521.689819336
2013-12-05T22:00:00+00:00,5161,420.388702393
2013-12-05T22:10:00+00:00,5161,469.093048096
2013-12-05T22:20:00+00:00,5161,486.223358154
2013-12-05T22:30:00+00:00,5161,437.679016113
2013-12-05T22:40:00+00:00,5161,389.907470703
2013-12-05T22:50:00+00:00,5161,419.110839844
2013-12-05T23:00:00+00:00,5161,335.255706787
2013-12-05T23:10:00+00:00,5161,288.891448975
2013-12-05T23:20:00+00:00,5161,285.717346191
2013-12-05T23:50:00+00:00,5161,278.79800415
2013-12-06T00:20:00+00:00,5161,345.540008545
2013-12-06T00:30:00+00:00,5161,287.802429199
2013-12-06T00:40:00+00:00,5161,258.873382568
2013-12-06T02:00:00+00:00,5161,201.546188354
2013-12-06T04:50:00+00:00,5161,220.563262939
2013-12-06T05:30:00+00:00,5161,226.44291687
2013-12-06T05:50:00+00:00,5161,253.314331055
2013-12-06T06:00:00+00:00,5161,320.327545166
2013-12-06T06:10:00+00:00,5161,333.807128906
2013-12-06T06:20:00+00:00,5161,336.810180664
2013-12-06T06:30:00+00:00,5161,264.159332275
2013-12-06T06:40:00+00:00,5161,295.968811035
2013-12-06T06:50:00+00:00,5161,394.449249268
2013-12-06T07:00:00+00:00,5161,365.177093506
2013-12-06T07:10:00+00:00,5161,437.861083984
2013-12-06T07:20:00+00:00,5161,481.531005859
2013-12-06T07:30:00+00:00,5161,539.174804688
2013-12-06T07:40:00+00:00,5161,535.330322266
2013-12-06T07:50:00+00:00,5161,674.694824219
2013-12-06T08:00:00+00:00,5161,665.303771973
2013-12-06T08:10:00+00:00,5161,873.020507812
2013-12-06T08:20:00+00:00,5161,960.820068359
2013-12-06T08:30:00+00:00,5161,968.396606445
2013-12-06T08:40:00+00:00,5161,1030.73010254
2013-12-06T08:50:00+00:00,5161,1211.35314941
2013-12-06T09:00:00+00:00,5161,1225.85412598
2013-12-06T09:10:00+00:00,5161,1231.36132812
2013-12-06T09:20:00+00:00,5161,1342.06176758
2013-12-06T09:30:00+00:00,5161,1424.25048828
2013-12-06T09:40:00+00:00,5161,1722.32729797
2013-12-06T09:50:00+00:00,5161,1830.67739563
2013-12-06T10:00:00+00:00,5161,2031.10986328
2013-12-06T10:10:00+00:00,5161,2411.26038933
2013-12-06T10:20:00+00:00,5161,2227.15795898
2013-12-06T10:30:00+00:00,5161,2546.2800293
2013-12-06T10:40:00+00:00,5161,2407.35009766
2013-12-06T10:50:00+00:00,5161,2341.09205747
2013-12-06T11:00:00+00:00,5161,2458.19522119
2013-12-06T11:10:00+00:00,5161,2503.25261855
2013-12-06T11:20:00+00:00,5161,2492.12489033
2013-12-06T11:30:00+00:00,5161,2677.6394043
2013-12-06T11:40:00+00:00,5161,3430.05822945
2013-12-06T11:50:00+00:00,5161,2871.23632812
2013-12-06T12:00:00+00:00,5161,2939.31914639
2013-12-06T12:10:00+00:00,5161,3144.04248047
2013-12-06T12:20:00+00:00,5161,3541.92654943
2013-12-06T12:30:00+00:00,5161,3500.92724514
2013-12-06T12:40:00+00:00,5161,3349.19921875
2013-12-06T12:50:00+00:00,5161,3870.17509103
2013-12-06T13:00:00+00:00,5161,3669.93115234
2013-12-06T13:10:00+00:00,5161,3568.37036133
2013-12-06T13:20:00+00:00,5161,3713.06151533
2013-12-06T13:30:00+00:00,5161,3570.89306641
2013-12-06T13:40:00+00:00,5161,3714.00195312
2013-12-06T13:50:00+00:00,5161,3818.74487305
2013-12-06T14:00:00+00:00,5161,3472.13012695
2013-12-06T14:10:00+00:00,5161,3068.77026367
2013-12-06T14:20:00+00:00,5161,3461.73266602
2013-12-06T14:30:00+00:00,5161,3396.13647938
2013-12-06T14:40:00+00:00,5161,3217.54418945
2013-12-06T14:50:00+00:00,5161,3495.4699707
2013-12-06T15:00:00+00:00,5161,3136.91979438
2013-12-06T15:10:00+00:00,5161,3135.07421875
2013-12-06T15:20:00+00:00,5161,3111.81649208
2013-12-06T15:30:00+00:00,5161,3322.16796875
2013-12-06T15:40:00+00:00,5161,3080.02856445
2013-12-06T15:50:00+00:00,5161,3284.53027344
2013-12-06T16:00:00+00:00,5161,3538.46227109
2013-12-06T16:10:00+00:00,5161,3223.36986423
2013-12-06T16:20:00+00:00,5161,2986.68359375
2013-12-06T16:30:00+00:00,5161,3008.35436916
2013-12-06T16:40:00+00:00,5161,2779.49755859
2013-12-06T16:50:00+00:00,5161,2699.90527344
2013-12-06T17:00:00+00:00,5161,2838.59790039
2013-12-06T17:10:00+00:00,5161,2732.37670898
2013-12-06T17:20:00+00:00,5161,2688.59619141
2013-12-06T17:30:00+00:00,5161,2792.45092773
2013-12-06T17:40:00+00:00,5161,2848.86791992
2013-12-06T17:50:00+00:00,5161,2779.13613692
2013-12-06T18:00:00+00:00,5161,2394.19018555
2013-12-06T18:10:00+00:00,5161,2470.08349609
2013-12-06T18:20:00+00:00,5161,2354.70288086
2013-12-06T18:30:00+00:00,5161,2312.30297852
2013-12-06T18:40:00+00:00,5161,1935.93395996
2013-12-06T18:50:00+00:00,5161,1957.60400391
2013-12-06T19:00:00+00:00,5161,2007.34191895
2013-12-06T19:10:00+00:00,5161,1987.00585938
2013-12-06T19:20:00+00:00,5161,1846.30749512
2013-12-06T19:30:00+00:00,5161,1768.05078125
2013-12-06T19:40:00+00:00,5161,1593.72314453
2013-12-06T19:50:00+00:00,5161,1940.73266602
2013-12-06T20:00:00+00:00,5161,1413.98840332
2013-12-06T20:10:00+00:00,5161,1417.12902832
2013-12-06T20:20:00+00:00,5161,1403.52600098
2013-12-06T20:30:00+00:00,5161,835.457519531
2013-12-06T20:40:00+00:00,5161,865.818908691
2013-12-06T20:50:00+00:00,5161,828.213378906
2013-12-06T21:00:00+00:00,5161,857.542175293
2013-12-06T21:10:00+00:00,5161,712.073730469
2013-12-06T21:20:00+00:00,5161,628.285400391
2013-12-06T21:30:00+00:00,5161,607.114868164
2013-12-06T21:40:00+00:00,5161,559.898620605
2013-12-06T21:50:00+00:00,5161,516.103210449
2013-12-06T22:00:00+00:00,5161,435.545776367
2013-12-06T22:10:00+00:00,5161,471.688903809
2013-12-06T22:20:00+00:00,5161,343.3175354
2013-12-06T22:30:00+00:00,5161,350.273132324
2013-12-06T22:40:00+00:00,5161,1176.18701172
2013-12-06T22:50:00+00:00,5161,300.425689697
2013-12-06T23:00:00+00:00,5161,442.128448486
2013-12-06T23:10:00+00:00,5161,370.565368652
2013-12-06T23:20:00+00:00,5161,288.86315918
2013-12-06T23:30:00+00:00,5161,311.815460205
2013-12-06T23:50:00+00:00,5161,234.168136597
2013-12-07T00:00:00+00:00,5161,265.666015625
2013-12-07T00:10:00+00:00,5161,264.807617188
2013-12-07T00:30:00+00:00,5161,225.040893555
2013-12-07T00:40:00+00:00,5161,206.709701538
2013-12-07T00:50:00+00:00,5161,191.31288147
2013-12-07T01:00:00+00:00,5161,196.195571899
2013-12-07T01:30:00+00:00,5161,189.997375488
2013-12-07T01:50:00+00:00,5161,142.938415527
2013-12-07T02:00:00+00:00,5161,171.229522705
2013-12-07T02:30:00+00:00,5161,161.432601929
2013-12-07T05:40:00+00:00,5161,194.860870361
2013-12-07T05:50:00+00:00,5161,148.817977905
2013-12-07T06:00:00+00:00,5161,189.007003784
2013-12-07T06:20:00+00:00,5161,156.166061401
2013-12-07T06:30:00+00:00,5161,201.795654297
2013-12-07T06:40:00+00:00,5161,196.97416687
2013-12-07T06:50:00+00:00,5161,179.991912842
2013-12-07T07:00:00+00:00,5161,211.186431885
2013-12-07T07:10:00+00:00,5161,211.059661865
2013-12-07T07:20:00+00:00,5161,218.565261841
2013-12-07T07:30:00+00:00,5161,230.875152588
2013-12-07T07:40:00+00:00,5161,307.89613501
2013-12-07T07:50:00+00:00,5161,347.85144043
2013-12-07T08:00:00+00:00,5161,418.443328857
2013-12-07T08:10:00+00:00,5161,509.053924561
2013-12-07T08:20:00+00:00,5161,493.638153076
2013-12-07T08:30:00+00:00,5161,750.374145508
2013-12-07T08:40:00+00:00,5161,1011.18005371
2013-12-07T08:50:00+00:00,5161,943.938842773
2013-12-07T09:00:00+00:00,5161,1121.68200684
2013-12-07T09:10:00+00:00,5161,1233.57515645
2013-12-07T09:20:00+00:00,5161,1307.37243652
2013-12-07T09:30:00+00:00,5161,1602.04040527
2013-12-07T09:40:00+00:00,5161,1938.84399414
2013-12-07T09:50:00+00:00,5161,2173.3290863
2013-12-07T10:00:00+00:00,5161,2548.61767578
2013-12-07T10:10:00+00:00,5161,2604.75488281
2013-12-07T10:20:00+00:00,5161,3057.96972656
2013-12-07T10:30:00+00:00,5161,3284.70581055
2013-12-07T10:40:00+00:00,5161,3706.53393555
2013-12-07T10:50:00+00:00,5161,3410.78442383
2013-12-07T11:00:00+00:00,5161,3510.98510742
2013-12-07T11:10:00+00:00,5161,3844.76147461
2013-12-07T11:20:00+00:00,5161,3553.98856461
2013-12-07T11:30:00+00:00,5161,3843.95288086
2013-12-07T11:40:00+00:00,5161,3926.74731445
2013-12-07T11:50:00+00:00,5161,4022.12207031
2013-12-07T12:00:00+00:00,5161,3929.18212891
2013-12-07T12:10:00+00:00,5161,4441.89990234
2013-12-07T12:20:00+00:00,5161,4126.26661092
2013-12-07T12:30:00+00:00,5161,4445.72265625
2013-12-07T12:40:00+00:00,5161,4356.25
2013-12-07T12:50:00+00:00,5161,4828.28222656
2013-12-07T13:00:00+00:00,5161,4623.12597561
2013-12-07T13:10:00+00:00,5161,5027.31554794
2013-12-07T13:20:00+00:00,5161,5269.2421875
2013-12-07T13:30:00+00:00,5161,4761.86705017
2013-12-07T13:40:00+00:00,5161,5032.88671875
2013-12-07T13:50:00+00:00,5161,5374.0979352
2013-12-07T14:00:00+00:00,5161,5405.31183052
2013-12-07T14:10:00+00:00,5161,5596.47861814
2013-12-07T14:20:00+00:00,5161,5188.62597656
2013-12-07T14:30:00+00:00,5161,5318.78515625
2013-12-07T14:40:00+00:00,5161,5587.56564648
2013-12-07T14:50:00+00:00,5161,5481.91699219
2013-12-07T15:00:00+00:00,5161,5281.25753212
2013-12-07T15:10:00+00:00,5161,6025.21582031
2013-12-07T15:20:00+00:00,5161,5694.74414062
2013-12-07T15:30:00+00:00,5161,5929.38085938
2013-12-07T15:40:00+00:00,5161,5875.70748663
2013-12-07T15:50:00+00:00,5161,5539.55712891
2013-12-07T16:00:00+00:00,5161,5903.59011364
2013-12-07T16:10:00+00:00,5161,6090.75962988
2013-12-07T16:20:00+00:00,5161,5493.39892578
2013-12-07T16:30:00+00:00,5161,5501.43828058
2013-12-07T16:40:00+00:00,5161,5914.01904297
2013-12-07T16:50:00+00:00,5161,5674.80707884
2013-12-07T17:00:00+00:00,5161,5949.39697266
2013-12-07T17:10:00+00:00,5161,5393.61637095
2013-12-07T17:20:00+00:00,5161,5225.59006786
2013-12-07T17:30:00+00:00,5161,5312.86474609
2013-12-07T17:40:00+00:00,5161,4813.51220703
2013-12-07T17:50:00+00:00,5161,4645.87060547
2013-12-07T18:00:00+00:00,5161,4550.61474609
2013-12-07T18:10:00+00:00,5161,4502.66064453
2013-12-07T18:20:00+00:00,5161,4760.28417969
2013-12-07T18:30:00+00:00,5161,4207.17804527
2013-12-07T18:40:00+00:00,5161,4344.19824219
2013-12-07T18:50:00+00:00,5161,4077.91579914
2013-12-07T19:00:00+00:00,5161,3739.27172852
2013-12-07T19:10:00+00:00,5161,3182.37304688
2013-12-07T19:20:00+00:00,5161,3454.33544922
2013-12-07T19:30:00+00:00,5161,3205.57202148
2013-12-07T19:40:00+00:00,5161,2912.82648826
2013-12-07T19:50:00+00:00,5161,2508.02026367
2013-12-07T20:00:00+00:00,5161,2432.85449219
2013-12-07T20:10:00+00:00,5161,2552.46582031
2013-12-07T20:20:00+00:00,5161,2212.19311523
2013-12-07T20:30:00+00:00,5161,2292.21264648
2013-12-07T20:40:00+00:00,5161,2190.98706055
2013-12-07T20:50:00+00:00,5161,2050.19458008
2013-12-07T21:00:00+00:00,5161,1746.92175293
2013-12-07T21:10:00+00:00,5161,1475.81860352
2013-12-07T21:20:00+00:00,5161,1433.28210449
2013-12-07T21:30:00+00:00,5161,1329.75854492
2013-12-07T21:40:00+00:00,5161,1071.02111816
2013-12-07T21:50:00+00:00,5161,1020.83648682
2013-12-07T22:00:00+00:00,5161,1163.59777832
2013-12-07T22:10:00+00:00,5161,948.435668945
2013-12-07T22:20:00+00:00,5161,823.286682129
2013-12-07T22:30:00+00:00,5161,673.149597168
2013-12-07T22:40:00+00:00,5161,721.257263184
2013-12-07T22:50:00+00:00,5161,616.887268066
2013-12-07T23:00:00+00:00,5161,853.790466309
2013-12-07T23:10:00+00:00,5161,667.707458496
2013-12-07T23:20:00+00:00,5161,747.257873535
2013-12-07T23:30:00+00:00,5161,501.872833252
2013-12-07T23:40:00+00:00,5161,410.133056641
2013-12-07T23:50:00+00:00,5161,423.221374512
2013-12-08T00:00:00+00:00,5161,578.888671875
2013-12-08T00:10:00+00:00,5161,408.204589844
2013-12-08T00:20:00+00:00,5161,294.161956787
2013-12-08T00:30:00+00:00,5161,279.713287354
2013-12-08T01:00:00+00:00,5161,262.093566895
2013-12-08T02:10:00+00:00,5161,215.697494507
2013-12-08T04:10:00+00:00,5161,234.73840332
2013-12-08T05:30:00+00:00,5161,190.328414917
2013-12-08T06:10:00+00:00,5161,236.365203857
2013-12-08T06:20:00+00:00,5161,210.671829224
2013-12-08T06:40:00+00:00,5161,226.568252563
2013-12-08T06:50:00+00:00,5161,221.892623901
2013-12-08T07:00:00+00:00,5161,268.658599854
2013-12-08T07:10:00+00:00,5161,268.10458374
2013-12-08T07:20:00+00:00,5161,322.798675537
2013-12-08T07:30:00+00:00,5161,326.486968994
2013-12-08T07:40:00+00:00,5161,387.543548584
2013-12-08T07:50:00+00:00,5161,413.918365479
2013-12-08T08:00:00+00:00,5161,436.614196777
2013-12-08T08:10:00+00:00,5161,477.272186279
2013-12-08T08:20:00+00:00,5161,567.429748535
2013-12-08T08:30:00+00:00,5161,527.65246582
2013-12-08T08:40:00+00:00,5161,739.718078613
2013-12-08T08:50:00+00:00,5161,816.362279654
2013-12-08T09:00:00+00:00,5161,1226.24816895
2013-12-08T09:10:00+00:00,5161,1291.35192871
2013-12-08T09:20:00+00:00,5161,1720.88842773
2013-12-08T09:30:00+00:00,5161,1813.51013184
2013-12-08T09:40:00+00:00,5161,2034.43933105
2013-12-08T09:50:00+00:00,5161,2431.31640625
2013-12-08T10:00:00+00:00,5161,2980.32983398
2013-12-08T10:10:00+00:00,5161,3115.31005859
2013-12-08T10:20:00+00:00,5161,3208.26318359
2013-12-08T10:30:00+00:00,5161,3749.67797852
2013-12-08T10:40:00+00:00,5161,3775.52978516
2013-12-08T10:50:00+00:00,5161,4134.46240234
2013-12-08T11:00:00+00:00,5161,3957.35229492
2013-12-08T11:10:00+00:00,5161,4083.01782227
2013-12-08T11:20:00+00:00,5161,4244.75048828
2013-12-08T11:30:00+00:00,5161,4518.52539062
2013-12-08T11:40:00+00:00,5161,4558.38671875
2013-12-08T11:50:00+00:00,5161,4770.32861328
2013-12-08T12:00:00+00:00,5161,4283.35253906
2013-12-08T12:10:00+00:00,5161,4401.31542969
2013-12-08T12:20:00+00:00,5161,4419.27832031
2013-12-08T12:30:00+00:00,5161,4477.6875
2013-12-08T12:40:00+00:00,5161,4649.09960938
2013-12-08T12:50:00+00:00,5161,4734.06689453
2013-12-08T13:00:00+00:00,5161,4415.91503906
2013-12-08T13:10:00+00:00,5161,4975.59667969
2013-12-08T13:20:00+00:00,5161,5187.96435547
2013-12-08T13:30:00+00:00,5161,4823.97753906
2013-12-08T13:40:00+00:00,5161,4653.19970703
2013-12-08T13:50:00+00:00,5161,4502.83691406
2013-12-08T14:00:00+00:00,5161,4449.89161277
2013-12-08T14:10:00+00:00,5161,4625.23583984
2013-12-08T14:20:00+00:00,5161,5077.23709701
2013-12-08T14:30:00+00:00,5161,5085.69873047
2013-12-08T14:40:00+00:00,5161,4708.52099609
2013-12-08T14:50:00+00:00,5161,5257.18261719
2013-12-08T15:00:00+00:00,5161,5496.97548485
2013-12-08T15:10:00+00:00,5161,4743.37109375
2013-12-08T15:20:00+00:00,5161,4567.77148438
2013-12-08T15:30:00+00:00,5161,4739.3446269
2013-12-08T15:40:00+00:00,5161,4952.8203125
2013-12-08T15:50:00+00:00,5161,5333.07470703
2013-12-08T16:00:00+00:00,5161,4544.05712891
2013-12-08T16:10:00+00:00,5161,4770.61132812
2013-12-08T16:20:00+00:00,5161,4677.06070021
2013-12-08T16:30:00+00:00,5161,4121.69677734
2013-12-08T16:40:00+00:00,5161,4636.45654297
2013-12-08T16:50:00+00:00,5161,4315.37353516
2013-12-08T17:00:00+00:00,5161,4456.57373047
2013-12-08T17:10:00+00:00,5161,4207.34033203
2013-12-08T17:20:00+00:00,5161,4126.47949219
2013-12-08T17:30:00+00:00,5161,4032.15795898
2013-12-08T17:40:00+00:00,5161,3835.30810547
2013-12-08T17:50:00+00:00,5161,3649.57299805
2013-12-08T18:00:00+00:00,5161,3673.64208984
2013-12-08T18:10:00+00:00,5161,3277.86230469
2013-12-08T18:20:00+00:00,5161,3126.12768555
2013-12-08T18:30:00+00:00,5161,3115.64086914
2013-12-08T18:40:00+00:00,5161,2825.52856445
2013-12-08T18:50:00+00:00,5161,2474.95068359
2013-12-08T19:00:00+00:00,5161,2363.48217773
2013-12-08T19:10:00+00:00,5161,2316.88330078
2013-12-08T19:20:00+00:00,5161,2233.1706543
2013-12-08T19:30:00+00:00,5161,1675.80712891
2013-12-08T19:40:00+00:00,5161,1529.92944336
2013-12-08T19:50:00+00:00,5161,1187.93322754
2013-12-08T20:00:00+00:00,5161,1212.16442871
2013-12-08T20:10:00+00:00,5161,1003.72790527
2013-12-08T20:20:00+00:00,5161,1057.06958008
2013-12-08T20:30:00+00:00,5161,995.013305664
2013-12-08T20:40:00+00:00,5161,905.233032227
2013-12-08T20:50:00+00:00,5161,1130.53869629
2013-12-08T21:00:00+00:00,5161,987.591430664
2013-12-08T21:10:00+00:00,5161,876.855834961
2013-12-08T21:20:00+00:00,5161,884.975341797
2013-12-08T21:40:00+00:00,5161,827.448608398
2013-12-08T21:50:00+00:00,5161,564.491943359
2013-12-08T22:00:00+00:00,5161,449.063171387
2013-12-08T22:10:00+00:00,5161,345.449066162
2013-12-08T22:20:00+00:00,5161,333.444580078
2013-12-08T22:30:00+00:00,5161,295.489593506
2013-12-08T22:40:00+00:00,5161,351.909179688
2013-12-08T22:50:00+00:00,5161,338.813934326
2013-12-08T23:00:00+00:00,5161,311.741729736
2013-12-08T23:20:00+00:00,5161,342.812133789
2013-12-09T00:00:00+00:00,5161,221.604629517
2013-12-09T01:20:00+00:00,5161,201.114715576
2013-12-09T05:20:00+00:00,5161,235.061279297
2013-12-09T05:40:00+00:00,5161,201.584564209
2013-12-09T05:50:00+00:00,5161,236.59463501
2013-12-09T06:00:00+00:00,5161,279.318695068
2013-12-09T06:10:00+00:00,5161,255.877166748
2013-12-09T06:20:00+00:00,5161,274.984069824
2013-12-09T06:30:00+00:00,5161,289.270812988
2013-12-09T06:40:00+00:00,5161,333.110900879
2013-12-09T06:50:00+00:00,5161,336.034240723
2013-12-09T07:00:00+00:00,5161,385.113983154
2013-12-09T07:10:00+00:00,5161,404.064971924
2013-12-09T07:20:00+00:00,5161,511.791442871
2013-12-09T07:30:00+00:00,5161,525.38067627
2013-12-09T07:40:00+00:00,5161,569.638977051
2013-12-09T07:50:00+00:00,5161,789.183105469
2013-12-09T08:00:00+00:00,5161,680.703857422
2013-12-09T08:10:00+00:00,5161,843.634277344
2013-12-09T08:20:00+00:00,5161,862.623291016
2013-12-09T08:30:00+00:00,5161,822.615234375
2013-12-09T08:40:00+00:00,5161,923.959411621
2013-12-09T08:50:00+00:00,5161,1080.9420166
2013-12-09T09:00:00+00:00,5161,1215.36376953
2013-12-09T09:10:00+00:00,5161,1215.72094727
2013-12-09T09:20:00+00:00,5161,1386.62121582
2013-12-09T09:30:00+00:00,5161,1968.31225586
2013-12-09T09:40:00+00:00,5161,1656.80273438
2013-12-09T09:50:00+00:00,5161,1827.61682129
2013-12-09T10:00:00+00:00,5161,1973.66564941
2013-12-09T10:10:00+00:00,5161,1928.25061035
2013-12-09T10:20:00+00:00,5161,2365.06005859
2013-12-09T10:30:00+00:00,5161,2217.61256003
2013-12-09T10:40:00+00:00,5161,2433.484375
2013-12-09T10:50:00+00:00,5161,2686.25732422
2013-12-09T11:00:00+00:00,5161,3019.35766602
2013-12-09T11:10:00+00:00,5161,2933.77807617
2013-12-09T11:20:00+00:00,5161,2879.08691406
2013-12-09T11:30:00+00:00,5161,3171.14206982
2013-12-09T11:40:00+00:00,5161,3158.96582031
2013-12-09T11:50:00+00:00,5161,3035.39624023
2013-12-09T12:00:00+00:00,5161,3481.60327148
2013-12-09T12:10:00+00:00,5161,3121.74731445
2013-12-09T12:20:00+00:00,5161,3710.58816481
2013-12-09T12:30:00+00:00,5161,3452.01171875
2013-12-09T12:40:00+00:00,5161,3415.58203125
2013-12-09T12:50:00+00:00,5161,3552.29003906
2013-12-09T13:00:00+00:00,5161,3369.94091797
2013-12-09T13:10:00+00:00,5161,3277.14941406
2013-12-09T13:20:00+00:00,5161,3381.57693291
2013-12-09T13:30:00+00:00,5161,3934.22343487
2013-12-09T13:40:00+00:00,5161,3464.84741211
2013-12-09T13:50:00+00:00,5161,3316.3613503
2013-12-09T14:00:00+00:00,5161,3330.45825195
2013-12-09T14:10:00+00:00,5161,3551.45996094
2013-12-09T14:20:00+00:00,5161,3388.44702148
2013-12-09T14:30:00+00:00,5161,3240.9519043
2013-12-09T14:40:00+00:00,5161,3273.6784668
2013-12-09T14:50:00+00:00,5161,3171.20214844
2013-12-09T15:00:00+00:00,5161,3177.46679688
2013-12-09T15:10:00+00:00,5161,3379.0480957
2013-12-09T15:20:00+00:00,5161,3165.43725586
2013-12-09T15:30:00+00:00,5161,2922.15893555
2013-12-09T15:40:00+00:00,5161,3448.12985778
2013-12-09T15:50:00+00:00,5161,3076.35351562
2013-12-09T16:00:00+00:00,5161,3138.00415039
2013-12-09T16:10:00+00:00,5161,3053.52124023
2013-12-09T16:20:00+00:00,5161,2933.06103516
2013-12-09T16:30:00+00:00,5161,3028.96118164
2013-12-09T16:40:00+00:00,5161,2785.98999023
2013-12-09T16:50:00+00:00,5161,2864.71582031
2013-12-09T17:00:00+00:00,5161,2796.90989447
2013-12-09T17:10:00+00:00,5161,3159.59936523
2013-12-09T17:20:00+00:00,5161,3283.44848633
2013-12-09T17:30:00+00:00,5161,2988.24918345
2013-12-09T17:40:00+00:00,5161,2868.92992282
2013-12-09T17:50:00+00:00,5161,2381.9665277
2013-12-09T18:00:00+00:00,5161,2538.047508
2013-12-09T18:10:00+00:00,5161,2421.8815918
2013-12-09T18:20:00+00:00,5161,2400.53382966
2013-12-09T18:30:00+00:00,5161,2407.04223633
2013-12-09T18:40:00+00:00,5161,2350.79736328
2013-12-09T18:50:00+00:00,5161,2091.86499023
2013-12-09T19:00:00+00:00,5161,2002.43884277
2013-12-09T19:10:00+00:00,5161,1687.52514648
2013-12-09T19:20:00+00:00,5161,1760.13891602
2013-12-09T19:30:00+00:00,5161,1675.06326889
2013-12-09T19:40:00+00:00,5161,1321.40258789
2013-12-09T19:50:00+00:00,5161,1177.17712402
2013-12-09T20:00:00+00:00,5161,1037.10900879
2013-12-09T20:10:00+00:00,5161,1253.39160156
2013-12-09T20:20:00+00:00,5161,896.55480957
2013-12-09T20:30:00+00:00,5161,1162.34692383
2013-12-09T20:40:00+00:00,5161,1247.8782959
2013-12-09T20:50:00+00:00,5161,742.088745117
2013-12-09T21:00:00+00:00,5161,1088.75695801
2013-12-09T21:10:00+00:00,5161,734.498779297
2013-12-09T21:20:00+00:00,5161,599.383178711
2013-12-09T21:30:00+00:00,5161,506.702392578
2013-12-09T21:40:00+00:00,5161,485.290679932
2013-12-09T21:50:00+00:00,5161,519.387512207
2013-12-09T22:00:00+00:00,5161,607.634460449
2013-12-09T22:10:00+00:00,5161,666.980773926
2013-12-09T22:20:00+00:00,5161,488.962127686
2013-12-09T22:30:00+00:00,5161,365.150115967
2013-12-09T22:40:00+00:00,5161,335.0234375
2013-12-09T22:50:00+00:00,5161,360.471160889
2013-12-09T23:00:00+00:00,5161,314.990905762
2013-12-09T23:10:00+00:00,5161,282.956237793
2013-12-09T23:20:00+00:00,5161,265.757293701
2013-12-09T23:30:00+00:00,5161,231.640335083
2013-12-09T23:40:00+00:00,5161,297.755859375
2013-12-09T23:50:00+00:00,5161,276.698638916
2013-12-10T00:00:00+00:00,5161,220.665664673
2013-12-10T00:30:00+00:00,5161,207.544662476
2013-12-10T05:30:00+00:00,5161,187.57951355
2013-12-10T05:40:00+00:00,5161,227.803848267
2013-12-10T06:00:00+00:00,5161,262.249389648
2013-12-10T06:10:00+00:00,5161,274.971618652
2013-12-10T06:20:00+00:00,5161,354.953338623
2013-12-10T06:30:00+00:00,5161,313.379974365
2013-12-10T06:40:00+00:00,5161,333.694763184
2013-12-10T06:50:00+00:00,5161,372.478057861
2013-12-10T07:00:00+00:00,5161,446.519226074
2013-12-10T07:10:00+00:00,5161,464.987213135
2013-12-10T07:20:00+00:00,5161,568.619018555
2013-12-10T07:30:00+00:00,5161,663.310424805
2013-12-10T07:40:00+00:00,5161,734.532592773
2013-12-10T07:50:00+00:00,5161,1247.58630371
2013-12-10T08:00:00+00:00,5161,1025.87219238
2013-12-10T08:10:00+00:00,5161,982.471313477
2013-12-10T08:20:00+00:00,5161,1061.77416992
2013-12-10T08:30:00+00:00,5161,1174.14404297
2013-12-10T08:40:00+00:00,5161,1180.77001953
2013-12-10T08:50:00+00:00,5161,1300.83435059
2013-12-10T09:00:00+00:00,5161,1279.62597656
2013-12-10T09:10:00+00:00,5161,1500.54333496
2013-12-10T09:20:00+00:00,5161,1448.61352539
2013-12-10T09:30:00+00:00,5161,1581.66064453
2013-12-10T09:40:00+00:00,5161,1762.3104248
2013-12-10T09:50:00+00:00,5161,1865.84912109
2013-12-10T10:00:00+00:00,5161,2110.375
2013-12-10T10:10:00+00:00,5161,2019.92749023
2013-12-10T10:20:00+00:00,5161,2411.76660156
2013-12-10T10:30:00+00:00,5161,2405.83691406
2013-12-10T10:40:00+00:00,5161,2534.03955078
2013-12-10T10:50:00+00:00,5161,2476.52734375
2013-12-10T11:00:00+00:00,5161,2852.83959961
2013-12-10T11:10:00+00:00,5161,2833.03662109
2013-12-10T11:20:00+00:00,5161,2629.51000977
2013-12-10T11:30:00+00:00,5161,2933.69165039
2013-12-10T11:40:00+00:00,5161,2876.75415039
2013-12-10T11:50:00+00:00,5161,2887.32568359
2013-12-10T12:00:00+00:00,5161,2908.49804688
2013-12-10T12:10:00+00:00,5161,3118.51464844
2013-12-10T12:20:00+00:00,5161,3344.57836914
2013-12-10T12:30:00+00:00,5161,3197.54394531
2013-12-10T12:40:00+00:00,5161,3621.75073242
2013-12-10T12:50:00+00:00,5161,4021.40161133
2013-12-10T13:00:00+00:00,5161,3598.11279297
2013-12-10T13:10:00+00:00,5161,3442.87402344
2013-12-10T13:20:00+00:00,5161,3482.86889648
2013-12-10T13:30:00+00:00,5161,3088.15966797
2013-12-10T13:40:00+00:00,5161,3213.17553711
2013-12-10T13:50:00+00:00,5161,3055.05952644
2013-12-10T14:00:00+00:00,5161,3031.41772461
2013-12-10T14:10:00+00:00,5161,3149.98803711
2013-12-10T14:20:00+00:00,5161,3242.70385742
2013-12-10T14:30:00+00:00,5161,2957.84155273
2013-12-10T14:40:00+00:00,5161,3371.85131836
2013-12-10T14:50:00+00:00,5161,3101.35595703
2013-12-10T15:00:00+00:00,5161,2968.83276367
2013-12-10T15:10:00+00:00,5161,2787.76611328
2013-12-10T15:20:00+00:00,5161,2749.62475586
2013-12-10T15:30:00+00:00,5161,2886.35180664
2013-12-10T15:40:00+00:00,5161,2919.73364258
2013-12-10T15:50:00+00:00,5161,2789.20361328
2013-12-10T16:00:00+00:00,5161,3187.31860352
2013-12-10T16:10:00+00:00,5161,3341.33642578
2013-12-10T16:20:00+00:00,5161,3339.38354492
2013-12-10T16:30:00+00:00,5161,2820.61669922
2013-12-10T16:40:00+00:00,5161,2965.37158203
2013-12-10T16:50:00+00:00,5161,2748.42602539
2013-12-10T17:00:00+00:00,5161,2850.75038338
2013-12-10T17:10:00+00:00,5161,2678.11303711
2013-12-10T17:20:00+00:00,5161,2754.70288086
2013-12-10T17:30:00+00:00,5161,2620.60449219
2013-12-10T17:40:00+00:00,5161,2545.52514648
2013-12-10T17:50:00+00:00,5161,2211.54541016
2013-12-10T18:00:00+00:00,5161,2286.46704102
2013-12-10T18:10:00+00:00,5161,2343.26245117
2013-12-10T18:20:00+00:00,5161,2219.22338867
2013-12-10T18:30:00+00:00,5161,2220.18920898
2013-12-10T18:40:00+00:00,5161,2033.15637207
2013-12-10T18:50:00+00:00,5161,1958.58496094
2013-12-10T19:00:00+00:00,5161,1899.24291992
2013-12-10T19:10:00+00:00,5161,1744.00817871
2013-12-10T19:20:00+00:00,5161,1751.47875977
2013-12-10T19:30:00+00:00,5161,1458.71984863
2013-12-10T19:40:00+00:00,5161,1535.43518066
2013-12-10T19:50:00+00:00,5161,1341.6829834
2013-12-10T20:00:00+00:00,5161,1112.68591309
2013-12-10T20:10:00+00:00,5161,1058.82617188
2013-12-10T20:20:00+00:00,5161,1213.14001465
2013-12-10T20:30:00+00:00,5161,1285.2668457
2013-12-10T20:40:00+00:00,5161,1143.09155273
2013-12-10T20:50:00+00:00,5161,958.799987793
2013-12-10T21:00:00+00:00,5161,841.965087891
2013-12-10T21:10:00+00:00,5161,683.916687012
2013-12-10T21:20:00+00:00,5161,642.948425293
2013-12-10T21:30:00+00:00,5161,563.281311035
2013-12-10T21:40:00+00:00,5161,564.834472656
2013-12-10T21:50:00+00:00,5161,462.864990234
2013-12-10T22:00:00+00:00,5161,407.731018066
2013-12-10T22:10:00+00:00,5161,343.698913574
2013-12-10T22:20:00+00:00,5161,341.755706787
2013-12-10T22:30:00+00:00,5161,357.129333496
2013-12-10T22:40:00+00:00,5161,376.734558105
2013-12-10T22:50:00+00:00,5161,354.658294678
2013-12-11T23:00:00+00:00,5161,321.886871338
2013-12-11T23:10:00+00:00,5161,296.932006836
2013-12-11T23:20:00+00:00,5161,299.646759033
2013-12-11T23:30:00+00:00,5161,292.788848877
2013-12-11T23:40:00+00:00,5161,445.790649414
2013-12-11T23:50:00+00:00,5161,294.346466064
2013-12-12T00:00:00+00:00,5161,287.676452637
2013-12-12T00:20:00+00:00,5161,293.005554199
2013-12-12T00:50:00+00:00,5161,273.541015625
2013-12-12T01:10:00+00:00,5161,212.93963623
2013-12-12T01:30:00+00:00,5161,220.924804688
2013-12-12T05:10:00+00:00,5161,229.470947266
2013-12-12T05:30:00+00:00,5161,222.327423096
2013-12-12T05:50:00+00:00,5161,263.256744385
2013-12-12T06:00:00+00:00,5161,273.896514893
2013-12-12T06:10:00+00:00,5161,300.846588135
2013-12-12T06:20:00+00:00,5161,335.322418213
2013-12-12T06:30:00+00:00,5161,405.727844238
2013-12-12T06:40:00+00:00,5161,354.834594727
2013-12-12T06:50:00+00:00,5161,388.603118896
2013-12-12T07:00:00+00:00,5161,444.095550537
2013-12-12T07:10:00+00:00,5161,604.983398438
2013-12-12T07:20:00+00:00,5161,517.469787598
2013-12-12T07:30:00+00:00,5161,537.28137207
2013-12-12T07:40:00+00:00,5161,733.90826416
2013-12-12T07:50:00+00:00,5161,869.8515625
2013-12-12T08:00:00+00:00,5161,937.548461914
2013-12-12T08:10:00+00:00,5161,978.517456055
2013-12-12T08:20:00+00:00,5161,1161.12780762
2013-12-12T08:30:00+00:00,5161,1370.3026123
2013-12-12T08:40:00+00:00,5161,1198.7076416
2013-12-12T08:50:00+00:00,5161,1361.32727051
2013-12-12T09:00:00+00:00,5161,1428.97216797
2013-12-12T09:10:00+00:00,5161,1516.09057617
2013-12-12T09:20:00+00:00,5161,1796.19165039
2013-12-12T09:30:00+00:00,5161,1800.5300293
2013-12-12T09:40:00+00:00,5161,2147.17041016
2013-12-12T09:50:00+00:00,5161,2439.61230469
2013-12-12T10:00:00+00:00,5161,2387.8034668
2013-12-12T10:10:00+00:00,5161,2448.98266602
2013-12-12T10:20:00+00:00,5161,2487.05981445
2013-12-12T10:30:00+00:00,5161,2690.89746094
2013-12-12T10:40:00+00:00,5161,2817.33517122
2013-12-12T10:50:00+00:00,5161,2745.88256836
2013-12-12T11:00:00+00:00,5161,2729.65356445
2013-12-12T11:10:00+00:00,5161,3017.921875
2013-12-12T11:20:00+00:00,5161,3338.48193359
2013-12-12T11:30:00+00:00,5161,2556.97290039
2013-12-12T11:40:00+00:00,5161,2741.16748047
2013-12-12T11:50:00+00:00,5161,3763.31029129
2013-12-12T12:00:00+00:00,5161,3397.15212965
2013-12-12T12:10:00+00:00,5161,3409.88818359
2013-12-12T12:20:00+00:00,5161,3475.52026367
2013-12-12T12:30:00+00:00,5161,3522.57250977
2013-12-12T12:40:00+00:00,5161,3882.03149414
2013-12-12T12:50:00+00:00,5161,3919.07495117
2013-12-12T13:00:00+00:00,5161,4047.65185547
2013-12-12T13:10:00+00:00,5161,3680.29223633
2013-12-12T13:20:00+00:00,5161,3783.67236328
2013-12-12T13:30:00+00:00,5161,3679.82861328
2013-12-12T13:40:00+00:00,5161,3700.66577148
2013-12-12T13:50:00+00:00,5161,3374.24121094
2013-12-12T14:00:00+00:00,5161,3366.58837891
2013-12-12T14:10:00+00:00,5161,3335.43530273
2013-12-12T14:20:00+00:00,5161,3248.37084961
2013-12-12T14:30:00+00:00,5161,3096.37792969
2013-12-12T14:40:00+00:00,5161,3389.77473116
2013-12-12T14:50:00+00:00,5161,3295.16040039
2013-12-12T15:00:00+00:00,5161,3597.62817383
2013-12-12T15:10:00+00:00,5161,3362.82202148
2013-12-12T15:20:00+00:00,5161,3263.50959086
2013-12-12T15:30:00+00:00,5161,3147.56616211
2013-12-12T15:40:00+00:00,5161,3251.52929688
2013-12-12T15:50:00+00:00,5161,3245.26782227
2013-12-12T16:00:00+00:00,5161,3267.15706587
2013-12-12T16:10:00+00:00,5161,3342.80859375
2013-12-12T16:20:00+00:00,5161,3252.74609375
2013-12-12T16:30:00+00:00,5161,3349.14830625
2013-12-12T16:40:00+00:00,5161,3274.0456543
2013-12-12T16:50:00+00:00,5161,3075.8815918
2013-12-12T17:00:00+00:00,5161,3271.3046875
2013-12-12T17:10:00+00:00,5161,2866.72973633
2013-12-12T17:20:00+00:00,5161,2869.32983398
2013-12-12T17:30:00+00:00,5161,3035.06811523
2013-12-12T17:40:00+00:00,5161,2775.02148438
2013-12-12T17:50:00+00:00,5161,2674.14160156
2013-12-12T18:00:00+00:00,5161,2626.84692383
2013-12-12T18:10:00+00:00,5161,2702.90942383
2013-12-12T18:20:00+00:00,5161,2944.75418675
2013-12-12T18:30:00+00:00,5161,2712.02813864
2013-12-12T18:40:00+00:00,5161,2602.47631836
2013-12-12T18:50:00+00:00,5161,2714.26293945
2013-12-12T19:00:00+00:00,5161,2110.3996582
2013-12-12T19:10:00+00:00,5161,2170.84033203
2013-12-12T19:20:00+00:00,5161,1842.34326172
2013-12-12T19:30:00+00:00,5161,1703.11962891
2013-12-12T19:40:00+00:00,5161,1454.2590332
2013-12-12T19:50:00+00:00,5161,1407.81884766
2013-12-12T20:00:00+00:00,5161,1449.40393066
2013-12-12T20:10:00+00:00,5161,1324.08276367
2013-12-12T20:20:00+00:00,5161,1225.53735352
2013-12-12T20:30:00+00:00,5161,1216.70117188
2013-12-12T20:40:00+00:00,5161,1070.04589844
2013-12-12T20:50:00+00:00,5161,1055.2376709
2013-12-12T21:00:00+00:00,5161,957.614685059
2013-12-12T21:10:00+00:00,5161,754.072998047
2013-12-12T21:20:00+00:00,5161,756.26953125
2013-12-12T21:30:00+00:00,5161,655.595153809
2013-12-12T21:40:00+00:00,5161,553.379211426
2013-12-12T21:50:00+00:00,5161,578.444213867
2013-12-12T22:00:00+00:00,5161,524.22277832
2013-12-12T22:10:00+00:00,5161,552.425048828
2013-12-12T22:20:00+00:00,5161,634.667785645
2013-12-12T22:30:00+00:00,5161,518.821350098
2013-12-12T22:40:00+00:00,5161,449.660339355
2013-12-12T22:50:00+00:00,5161,444.23449707
2013-12-12T23:00:00+00:00,5161,420.042602539
2013-12-12T23:10:00+00:00,5161,369.955627441
2013-12-12T23:20:00+00:00,5161,345.404144287
2013-12-12T23:30:00+00:00,5161,369.37713623
2013-12-12T23:40:00+00:00,5161,289.010772705
2013-12-12T23:50:00+00:00,5161,292.101165771
2013-12-13T00:00:00+00:00,5161,280.252380371
2013-12-13T00:50:00+00:00,5161,238.793716431
2013-12-13T01:10:00+00:00,5161,241.554031372
2013-12-13T02:40:00+00:00,5161,191.076568604
2013-12-13T04:20:00+00:00,5161,203.000228882
2013-12-13T04:40:00+00:00,5161,195.714111328
2013-12-13T05:20:00+00:00,5161,245.233291626
2013-12-13T05:40:00+00:00,5161,223.786193848
2013-12-13T05:50:00+00:00,5161,266.963256836
2013-12-13T06:00:00+00:00,5161,333.388977051
2013-12-13T06:10:00+00:00,5161,287.86529541
2013-12-13T06:20:00+00:00,5161,324.068023682
2013-12-13T06:30:00+00:00,5161,359.274658203
2013-12-13T06:40:00+00:00,5161,343.858001709
2013-12-13T06:50:00+00:00,5161,358.163421631
2013-12-13T07:00:00+00:00,5161,428.779296875
2013-12-13T07:10:00+00:00,5161,508.467803955
2013-12-13T07:20:00+00:00,5161,489.490386963
2013-12-13T07:30:00+00:00,5161,674.556274414
2013-12-13T07:40:00+00:00,5161,652.50769043
2013-12-13T07:50:00+00:00,5161,798.594970703
2013-12-13T08:00:00+00:00,5161,802.589111328
2013-12-13T08:10:00+00:00,5161,782.606140137
2013-12-13T08:20:00+00:00,5161,951.602294922
2013-12-13T08:30:00+00:00,5161,1050.46887207
2013-12-13T08:40:00+00:00,5161,1096.15466309
2013-12-13T08:50:00+00:00,5161,1349.8918457
2013-12-13T09:00:00+00:00,5161,1573.19812012
2013-12-13T09:10:00+00:00,5161,1445.00537109
2013-12-13T09:20:00+00:00,5161,1724.82336426
2013-12-13T09:30:00+00:00,5161,1703.61523438
2013-12-13T09:40:00+00:00,5161,1805.46179199
2013-12-13T09:50:00+00:00,5161,2023.04528809
2013-12-13T10:00:00+00:00,5161,2263.4375
2013-12-13T10:10:00+00:00,5161,2186.69677734
2013-12-13T10:20:00+00:00,5161,2339.77783203
2013-12-13T10:30:00+00:00,5161,2653.9362793
2013-12-13T10:40:00+00:00,5161,2617.24487305
2013-12-13T10:50:00+00:00,5161,2599.6171875
2013-12-13T11:00:00+00:00,5161,2777.94580078
2013-12-13T11:10:00+00:00,5161,2553.01953125
2013-12-13T11:20:00+00:00,5161,2482.83032227
2013-12-13T11:30:00+00:00,5161,2850.25844982
2013-12-13T11:40:00+00:00,5161,2875.17675781
2013-12-13T11:50:00+00:00,5161,2881.87301302
2013-12-13T12:00:00+00:00,5161,3092.94946289
2013-12-13T12:10:00+00:00,5161,3480.16333008
2013-12-13T12:20:00+00:00,5161,3514.46899414
2013-12-13T12:30:00+00:00,5161,3564.03833008
2013-12-13T12:40:00+00:00,5161,3811.31958008
2013-12-13T12:50:00+00:00,5161,3468.61230469
2013-12-13T13:00:00+00:00,5161,3627.7194562
2013-12-13T13:10:00+00:00,5161,3158.12524414
2013-12-13T13:20:00+00:00,5161,3173.49658203
2013-12-13T13:30:00+00:00,5161,3592.63647461
2013-12-13T13:40:00+00:00,5161,3353.85253906
2013-12-13T13:50:00+00:00,5161,3501.1394043
2013-12-13T14:00:00+00:00,5161,3612.82885742
2013-12-13T14:10:00+00:00,5161,3439.82128906
2013-12-13T14:20:00+00:00,5161,3475.84936523
2013-12-13T14:30:00+00:00,5161,3387.71875
2013-12-13T14:40:00+00:00,5161,3350.74414062
2013-12-13T14:50:00+00:00,5161,3306.86318636
2013-12-13T15:00:00+00:00,5161,3697.30688477
2013-12-13T15:10:00+00:00,5161,3390.21240234
2013-12-13T15:20:00+00:00,5161,3662.29926634
2013-12-13T15:30:00+00:00,5161,3381.32495117
2013-12-13T15:40:00+00:00,5161,3243.44262695
2013-12-13T15:50:00+00:00,5161,3331.28833008
2013-12-13T16:00:00+00:00,5161,3282.19506836
2013-12-13T16:10:00+00:00,5161,3213.1171875
2013-12-13T16:20:00+00:00,5161,3321.71606445
2013-12-13T16:30:00+00:00,5161,3224.69335938
2013-12-13T16:40:00+00:00,5161,3328.18457031
2013-12-13T16:50:00+00:00,5161,3308.77661133
2013-12-13T17:00:00+00:00,5161,3327.3819561
2013-12-13T17:10:00+00:00,5161,3377.25146484
2013-12-13T17:20:00+00:00,5161,3383.79199219
2013-12-13T17:30:00+00:00,5161,2946.2434082
2013-12-13T17:40:00+00:00,5161,2694.78051758
2013-12-13T17:50:00+00:00,5161,2931.87451172
2013-12-13T18:00:00+00:00,5161,2718.40115941
2013-12-13T18:10:00+00:00,5161,2438.42114258
2013-12-13T18:20:00+00:00,5161,2448.47875977
2013-12-13T18:30:00+00:00,5161,2359.8684082
2013-12-13T18:40:00+00:00,5161,2223.45751953
2013-12-13T18:50:00+00:00,5161,2175.24584961
2013-12-13T19:00:00+00:00,5161,2086.01489258
2013-12-13T19:10:00+00:00,5161,1722.5982666
2013-12-13T19:20:00+00:00,5161,1771.89819336
2013-12-13T19:30:00+00:00,5161,1459.43676758
2013-12-13T19:40:00+00:00,5161,1568.84838867
2013-12-13T19:50:00+00:00,5161,1277.68566895
2013-12-13T20:00:00+00:00,5161,1346.32128906
2013-12-13T20:10:00+00:00,5161,1163.7636582
2013-12-13T20:20:00+00:00,5161,1032.24987793
2013-12-13T20:30:00+00:00,5161,918.277709961
2013-12-13T20:40:00+00:00,5161,903.645751953
2013-12-13T20:50:00+00:00,5161,916.582763672
2013-12-13T21:00:00+00:00,5161,951.04888916
2013-12-13T21:10:00+00:00,5161,1050.21447754
2013-12-13T21:20:00+00:00,5161,916.451660156
2013-12-13T21:30:00+00:00,5161,615.746948242
2013-12-13T21:40:00+00:00,5161,663.4453125
2013-12-13T21:50:00+00:00,5161,512.940917969
2013-12-13T22:00:00+00:00,5161,514.545837402
2013-12-13T22:10:00+00:00,5161,466.986602783
2013-12-13T22:20:00+00:00,5161,454.244140625
2013-12-13T22:30:00+00:00,5161,474.56842041
2013-12-13T22:40:00+00:00,5161,440.068878174
2013-12-13T22:50:00+00:00,5161,438.214080811
2013-12-13T23:00:00+00:00,5161,469.485015869
2013-12-13T23:10:00+00:00,5161,462.386413574
2013-12-13T23:20:00+00:00,5161,417.388519287
2013-12-13T23:30:00+00:00,5161,359.012634277
2013-12-14T00:00:00+00:00,5161,255.837646484
2013-12-14T00:10:00+00:00,5161,247.420501709
2013-12-14T00:30:00+00:00,5161,238.068054199
2013-12-14T01:20:00+00:00,5161,238.519607544
2013-12-14T01:40:00+00:00,5161,218.875442505
2013-12-14T02:10:00+00:00,5161,234.415176392
2013-12-14T02:40:00+00:00,5161,209.568084717
2013-12-14T02:50:00+00:00,5161,228.829238892
2013-12-14T04:40:00+00:00,5161,195.490127563
2013-12-14T06:00:00+00:00,5161,220.050857544
2013-12-14T06:20:00+00:00,5161,291.075561523
2013-12-14T06:30:00+00:00,5161,260.626220703
2013-12-14T06:40:00+00:00,5161,287.886322021
2013-12-14T06:50:00+00:00,5161,294.530609131
2013-12-14T07:00:00+00:00,5161,353.794036865
2013-12-14T07:10:00+00:00,5161,284.454772949
2013-12-14T07:20:00+00:00,5161,296.65512085
2013-12-14T07:30:00+00:00,5161,349.523590088
2013-12-14T07:40:00+00:00,5161,316.852905273
2013-12-14T07:50:00+00:00,5161,431.076934814
2013-12-14T08:00:00+00:00,5161,396.485992432
2013-12-14T08:10:00+00:00,5161,554.15423584
2013-12-14T08:20:00+00:00,5161,555.012207031
2013-12-14T08:30:00+00:00,5161,630.509216309
2013-12-14T08:40:00+00:00,5161,689.957763672
2013-12-14T08:50:00+00:00,5161,853.769287109
2013-12-14T09:00:00+00:00,5161,1048.71557617
2013-12-14T09:10:00+00:00,5161,1274.16162109
2013-12-14T09:20:00+00:00,5161,1449.70043945
2013-12-14T09:30:00+00:00,5161,1753.92175293
2013-12-14T09:40:00+00:00,5161,1863.43371582
2013-12-14T09:50:00+00:00,5161,2160.14306641
2013-12-14T10:00:00+00:00,5161,2582.72973633
2013-12-14T10:10:00+00:00,5161,2743.78320312
2013-12-14T10:20:00+00:00,5161,2925.24829102
2013-12-14T10:30:00+00:00,5161,3242.78710938
2013-12-14T10:40:00+00:00,5161,3430.49261808
2013-12-14T10:50:00+00:00,5161,3759.84887695
2013-12-14T11:00:00+00:00,5161,3868.53147554
2013-12-14T11:10:00+00:00,5161,3554.06103325
2013-12-14T11:20:00+00:00,5161,3617.40173101
2013-12-14T11:30:00+00:00,5161,3675.49584961
2013-12-14T11:40:00+00:00,5161,3932.63549805
2013-12-14T11:50:00+00:00,5161,4089.8034668
2013-12-14T12:00:00+00:00,5161,3816.04644585
2013-12-14T12:10:00+00:00,5161,3788.17427063
2013-12-14T12:20:00+00:00,5161,3808.4626646
2013-12-14T12:30:00+00:00,5161,3908.33740234
2013-12-14T12:40:00+00:00,5161,4222.69811094
2013-12-14T12:50:00+00:00,5161,3858.0246582
2013-12-14T13:00:00+00:00,5161,4072.51269531
2013-12-14T13:10:00+00:00,5161,4186.45214844
2013-12-14T13:20:00+00:00,5161,4064.77026367
2013-12-14T13:30:00+00:00,5161,4215.79785156
2013-12-14T13:40:00+00:00,5161,4311.99414062
2013-12-14T13:50:00+00:00,5161,4564.75537109
2013-12-14T14:00:00+00:00,5161,4886.23535156
2013-12-14T14:10:00+00:00,5161,5065.07958984
2013-12-14T14:20:00+00:00,5161,4981.11328125
2013-12-14T14:30:00+00:00,5161,4866.44238281
2013-12-14T14:40:00+00:00,5161,5018.06647396
2013-12-14T14:50:00+00:00,5161,4784.31542969
2013-12-14T15:00:00+00:00,5161,5000.54345703
2013-12-14T15:10:00+00:00,5161,5526.125597
2013-12-14T15:20:00+00:00,5161,5210.02197266
2013-12-14T15:30:00+00:00,5161,5497.73614272
2013-12-14T15:40:00+00:00,5161,5506.86083984
2013-12-14T15:50:00+00:00,5161,5595.72216797
2013-12-14T16:00:00+00:00,5161,5603.26036263
2013-12-14T16:10:00+00:00,5161,5716.70710254
2013-12-14T16:20:00+00:00,5161,5577.86914062
2013-12-14T16:30:00+00:00,5161,5664.9325161
2013-12-14T16:40:00+00:00,5161,5620.86376953
2013-12-14T16:50:00+00:00,5161,5168.30761719
2013-12-14T17:00:00+00:00,5161,4975.45381057
2013-12-14T17:10:00+00:00,5161,4983.02923417
2013-12-14T17:20:00+00:00,5161,4754.29052734
2013-12-14T17:30:00+00:00,5161,4812.48828125
2013-12-14T17:40:00+00:00,5161,4616.96484375
2013-12-14T17:50:00+00:00,5161,4375.21777344
2013-12-14T18:00:00+00:00,5161,3891.43334961
2013-12-14T18:10:00+00:00,5161,3690.19140625
2013-12-14T18:20:00+00:00,5161,3719.60693359
2013-12-14T18:30:00+00:00,5161,3722.49316406
2013-12-14T18:40:00+00:00,5161,3673.35205078
2013-12-14T18:50:00+00:00,5161,3539.65039062
2013-12-14T19:00:00+00:00,5161,3165.3371582
2013-12-14T19:10:00+00:00,5161,2930.02539062
2013-12-14T19:20:00+00:00,5161,2809.2578125
2013-12-14T19:30:00+00:00,5161,2500.87304688
2013-12-14T19:40:00+00:00,5161,2172.38378906
2013-12-14T19:50:00+00:00,5161,2192.36010742
2013-12-14T20:00:00+00:00,5161,2112.83813477
2013-12-14T20:10:00+00:00,5161,1652.98706055
2013-12-14T20:20:00+00:00,5161,1710.33007812
2013-12-14T20:30:00+00:00,5161,1800.00683594
2013-12-14T20:40:00+00:00,5161,1642.66467285
2013-12-14T20:50:00+00:00,5161,1561.7199707
2013-12-14T21:00:00+00:00,5161,1456.83398438
2013-12-14T21:10:00+00:00,5161,1219.01867676
2013-12-14T21:20:00+00:00,5161,1189.23596191
2013-12-14T21:30:00+00:00,5161,1224.58422852
2013-12-14T21:40:00+00:00,5161,940.69140625
2013-12-14T21:50:00+00:00,5161,1149.49377441
2013-12-14T22:00:00+00:00,5161,1067.74414062
2013-12-14T22:10:00+00:00,5161,836.405700684
2013-12-14T22:20:00+00:00,5161,757.163330078
2013-12-14T22:30:00+00:00,5161,692.899475098
2013-12-14T22:40:00+00:00,5161,593.223388672
2013-12-14T22:50:00+00:00,5161,642.471496582
2013-12-14T23:00:00+00:00,5161,617.060791016
2013-12-14T23:10:00+00:00,5161,518.460388184
2013-12-14T23:20:00+00:00,5161,494.060974121
2013-12-14T23:30:00+00:00,5161,422.023406982
2013-12-14T23:40:00+00:00,5161,396.205322266
2013-12-14T23:50:00+00:00,5161,365.825042725
2013-12-15T00:00:00+00:00,5161,333.007324219
2013-12-15T00:10:00+00:00,5161,315.283203125
2013-12-15T00:30:00+00:00,5161,307.342010498
2013-12-15T00:40:00+00:00,5161,279.139648438
2013-12-15T01:40:00+00:00,5161,261.155090332
2013-12-15T01:50:00+00:00,5161,364.073242188
2013-12-15T02:50:00+00:00,5161,245.766876221
2013-12-15T05:30:00+00:00,5161,253.33770752
2013-12-15T06:00:00+00:00,5161,246.819503784
2013-12-15T06:40:00+00:00,5161,276.530853271
2013-12-15T06:50:00+00:00,5161,280.819732666
2013-12-15T07:00:00+00:00,5161,266.696899414
2013-12-15T07:10:00+00:00,5161,291.76461792
2013-12-15T07:20:00+00:00,5161,329.524810791
2013-12-15T07:30:00+00:00,5161,352.931335449
2013-12-15T07:40:00+00:00,5161,362.703857422
2013-12-15T07:50:00+00:00,5161,439.587890625
2013-12-15T08:00:00+00:00,5161,474.722717285
2013-12-15T08:10:00+00:00,5161,505.676330566
2013-12-15T08:20:00+00:00,5161,690.480834961
2013-12-15T08:30:00+00:00,5161,628.452636719
2013-12-15T08:40:00+00:00,5161,702.517272949
2013-12-15T08:50:00+00:00,5161,880.852844238
2013-12-15T09:00:00+00:00,5161,1080.51794434
2013-12-15T09:10:00+00:00,5161,1204.68139648
2013-12-15T09:20:00+00:00,5161,1416.52502441
2013-12-15T09:30:00+00:00,5161,1631.72009277
2013-12-15T09:40:00+00:00,5161,1931.65129662
2013-12-15T09:50:00+00:00,5161,2155.23071289
2013-12-15T10:00:00+00:00,5161,2396.42016602
2013-12-15T10:10:00+00:00,5161,2671.74633789
2013-12-15T10:20:00+00:00,5161,2671.15649414
2013-12-15T10:30:00+00:00,5161,3043.00561523
2013-12-15T10:40:00+00:00,5161,3570.92724609
2013-12-15T10:50:00+00:00,5161,3943.48876953
2013-12-15T11:00:00+00:00,5161,3688.09448242
2013-12-15T11:10:00+00:00,5161,3921.35498047
2013-12-15T11:20:00+00:00,5161,4107.34960938
2013-12-15T11:30:00+00:00,5161,4660.08398438
2013-12-15T11:40:00+00:00,5161,4150.10986328
2013-12-15T11:50:00+00:00,5161,4293.89550781
2013-12-15T12:00:00+00:00,5161,4466.50495575
2013-12-15T12:10:00+00:00,5161,4200.00683594
2013-12-15T12:20:00+00:00,5161,4158.55175781
2013-12-15T12:30:00+00:00,5161,4554.79492188
2013-12-15T12:40:00+00:00,5161,4264.10449219
2013-12-15T12:50:00+00:00,5161,4623.68989468
2013-12-15T13:00:00+00:00,5161,4274.13623047
2013-12-15T13:10:00+00:00,5161,4436.20166016
2013-12-15T13:20:00+00:00,5161,4616.96777344
2013-12-15T13:30:00+00:00,5161,4624.92217827
2013-12-15T13:40:00+00:00,5161,4798.08691406
2013-12-15T13:50:00+00:00,5161,4733.91552734
2013-12-15T14:00:00+00:00,5161,5072.57199414
2013-12-15T14:10:00+00:00,5161,4858.84521484
2013-12-15T14:20:00+00:00,5161,4846.66162109
2013-12-15T14:30:00+00:00,5161,4937.58251953
2013-12-15T14:40:00+00:00,5161,5054.12890625
2013-12-15T14:50:00+00:00,5161,4926.30229044
2013-12-15T15:00:00+00:00,5161,5006.31738281
2013-12-15T15:10:00+00:00,5161,5468.56005859
2013-12-15T15:20:00+00:00,5161,5195.96435547
2013-12-15T15:30:00+00:00,5161,5186.74902344
2013-12-15T15:40:00+00:00,5161,4883.88574219
2013-12-15T15:50:00+00:00,5161,4844.65185547
2013-12-15T16:00:00+00:00,5161,5002.22265625
2013-12-15T16:10:00+00:00,5161,5038.17431641
2013-12-15T16:20:00+00:00,5161,4850.95117188
2013-12-15T16:30:00+00:00,5161,5058.44873047
2013-12-15T16:40:00+00:00,5161,4789.61572266
2013-12-15T16:50:00+00:00,5161,4580.78710938
2013-12-15T17:00:00+00:00,5161,4615.68066406
2013-12-15T17:10:00+00:00,5161,4210.14649963
2013-12-15T17:20:00+00:00,5161,4315.31005859
2013-12-15T17:30:00+00:00,5161,4510.03613281
2013-12-15T17:40:00+00:00,5161,4128.30517578
2013-12-15T17:50:00+00:00,5161,3984.09912109
2013-12-15T18:00:00+00:00,5161,3758.54077148
2013-12-15T18:10:00+00:00,5161,3581.10668945
2013-12-15T18:20:00+00:00,5161,3661.56494141
2013-12-15T18:30:00+00:00,5161,3195.15356445
2013-12-15T18:40:00+00:00,5161,2986.94897461
2013-12-15T18:50:00+00:00,5161,2553.24243164
2013-12-15T19:00:00+00:00,5161,2509.03295898
2013-12-15T19:10:00+00:00,5161,2444.66235352
2013-12-15T19:20:00+00:00,5161,2025.75622559
2013-12-15T19:30:00+00:00,5161,1818.29101562
2013-12-15T19:40:00+00:00,5161,1471.22509766
2013-12-15T19:50:00+00:00,5161,1466.06896973
2013-12-15T20:00:00+00:00,5161,1230.09094238
2013-12-15T20:10:00+00:00,5161,1142.47607422
2013-12-15T20:20:00+00:00,5161,1106.67541504
2013-12-15T20:30:00+00:00,5161,1075.0045166
2013-12-15T20:40:00+00:00,5161,1030.95227051
2013-12-15T20:50:00+00:00,5161,948.23272562
2013-12-15T21:00:00+00:00,5161,978.608459473
2013-12-15T21:10:00+00:00,5161,960.477050781
2013-12-15T21:20:00+00:00,5161,694.10534668
2013-12-15T21:30:00+00:00,5161,675.439575195
2013-12-15T21:40:00+00:00,5161,578.545837402
2013-12-15T21:50:00+00:00,5161,516.375854492
2013-12-15T22:00:00+00:00,5161,526.611755371
2013-12-15T22:10:00+00:00,5161,520.981323242
2013-12-15T22:20:00+00:00,5161,449.890350342
2013-12-15T22:30:00+00:00,5161,438.231445312
2013-12-15T22:40:00+00:00,5161,390.968902588
2013-12-15T22:50:00+00:00,5161,345.563079834
