timestamp,square_id,internet_traffic
2013-10-31T23:00:00+00:00,4159,224.801879883
2013-10-31T23:10:00+00:00,4159,183.499420166
2013-10-31T23:20:00+00:00,4159,204.4246521
2013-10-31T23:30:00+00:00,4159,211.946014404
2013-10-31T23:40:00+00:00,4159,195.286621094
2013-10-31T23:50:00+00:00,4159,211.847290039
2013-11-01T00:00:00+00:00,4159,218.107299805
2013-11-01T00:10:00+00:00,4159,261.194580078
2013-11-01T00:20:00+00:00,4159,175.921524048
2013-11-01T00:30:00+00:00,4159,204.935058594
2013-11-01T00:40:00+00:00,4159,175.945663452
2013-11-01T00:50:00+00:00,4159,188.504150391
2013-11-01T01:00:00+00:00,4159,185.845916748
2013-11-01T01:10:00+00:00,4159,210.156814575
2013-11-01T01:20:00+00:00,4159,193.321426392
2013-11-01T01:30:00+00:00,4159,180.632492065
2013-11-01T01:40:00+00:00,4159,193.034194946
2013-11-01T01:50:00+00:00,4159,179.210083008
2013-11-01T02:00:00+00:00,4159,178.504226685
2013-11-01T02:10:00+00:00,4159,213.127532959
2013-11-01T02:20:00+00:00,4159,206.810592651
2013-11-01T02:40:00+00:00,4159,196.191009521
2013-11-01T02:50:00+00:00,4159,168.972259521
2013-11-01T03:00:00+00:00,4159,164.462478638
2013-11-01T03:10:00+00:00,4159,158.980926514
2013-11-01T03:20:00+00:00,4159,168.796096802
2013-11-01T03:30:00+00:00,4159,149.315124512
2013-11-01T03:40:00+00:00,4159,168.447052002
2013-11-01T03:50:00+00:00,4159,155.032867432
2013-11-01T04:00:00+00:00,4159,155.574539185
2013-11-01T04:10:00+00:00,4159,199.374557495
2013-11-01T04:20:00+00:00,4159,147.690475464
2013-11-01T04:30:00+00:00,4159,144.119796753
2013-11-01T04:40:00+00:00,4159,159.812194824
2013-11-01T04:50:00+00:00,4159,137.873748779
2013-11-01T05:10:00+00:00,4159,148.213760376
2013-11-01T05:20:00+00:00,4159,141.272018433
2013-11-01T05:30:00+00:00,4159,124.593597412
2013-11-01T05:40:00+00:00,4159,165.191925049
2013-11-01T06:00:00+00:00,4159,125.734306335
2013-11-01T06:10:00+00:00,4159,130.987701416
2013-11-01T06:20:00+00:00,4159,127.054542542
2013-11-01T06:30:00+00:00,4159,136.491043091
2013-11-01T06:40:00+00:00,4159,128.365203857
2013-11-01T06:50:00+00:00,4159,122.514511108
2013-11-01T07:00:00+00:00,4159,120.360794067
2013-11-01T07:10:00+00:00,4159,128.566925049
2013-11-01T07:20:00+00:00,4159,147.394302368
2013-11-01T07:30:00+00:00,4159,133.761993408
2013-11-01T07:40:00+00:00,4159,130.942611694
2013-11-01T07:50:00+00:00,4159,134.447036743
2013-11-01T08:00:00+00:00,4159,139.119308472
2013-11-01T08:10:00+00:00,4159,130.937042236
2013-11-01T08:20:00+00:00,4159,146.478027344
2013-11-01T08:30:00+00:00,4159,139.272979736
2013-11-01T08:40:00+00:00,4159,153.121520996
2013-11-01T08:50:00+00:00,4159,148.285736084
2013-11-01T09:00:00+00:00,4159,174.576324463
2013-11-01T09:10:00+00:00,4159,219.755187988
2013-11-01T09:20:00+00:00,4159,136.438796997
2013-11-01T09:30:00+00:00,4159,141.838806152
2013-11-01T09:40:00+00:00,4159,142.274871826
2013-11-01T09:50:00+00:00,4159,126.687515259
2013-11-01T10:00:00+00:00,4159,158.625076294
2013-11-01T10:10:00+00:00,4159,207.246780396
2013-11-01T10:20:00+00:00,4159,177.128356934
2013-11-01T10:30:00+00:00,4159,180.269348145
2013-11-01T10:40:00+00:00,4159,184.702026367
2013-11-01T10:50:00+00:00,4159,125.492385864
2013-11-01T11:00:00+00:00,4159,141.970169067
2013-11-01T11:10:00+00:00,4159,157.162246704
2013-11-01T11:20:00+00:00,4159,172.784896851
2013-11-01T11:30:00+00:00,4159,194.093780518
2013-11-01T11:40:00+00:00,4159,175.648971558
2013-11-01T11:50:00+00:00,4159,139.469085693
2013-11-01T12:00:00+00:00,4159,180.653747559
2013-11-01T12:10:00+00:00,4159,165.599578857
2013-11-01T12:20:00+00:00,4159,157.789657593
2013-11-01T12:30:00+00:00,4159,132.078567505
2013-11-01T12:40:00+00:00,4159,147.85144043
2013-11-01T12:50:00+00:00,4159,151.092880249
2013-11-01T13:00:00+00:00,4159,148.907867432
2013-11-01T13:10:00+00:00,4159,139.598266602
2013-11-01T13:20:00+00:00,4159,157.933044434
2013-11-01T13:30:00+00:00,4159,203.505996704
2013-11-01T13:40:00+00:00,4159,195.375289917
2013-11-01T13:50:00+00:00,4159,188.85093689
2013-11-01T14:00:00+00:00,4159,151.519882202
2013-11-01T14:10:00+00:00,4159,203.159637451
2013-11-01T14:20:00+00:00,4159,145.050643921
2013-11-01T14:30:00+00:00,4159,165.306427002
2013-11-01T14:40:00+00:00,4159,183.69631958
2013-11-01T14:50:00+00:00,4159,184.59526062
2013-11-01T15:00:00+00:00,4159,195.75793457
2013-11-01T15:10:00+00:00,4159,176.226470947
2013-11-01T15:20:00+00:00,4159,192.333679199
2013-11-01T15:30:00+00:00,4159,168.158401489
2013-11-01T15:40:00+00:00,4159,187.02053833
2013-11-01T15:50:00+00:00,4159,238.083572388
2013-11-01T16:00:00+00:00,4159,232.43586731
2013-11-01T16:10:00+00:00,4159,220.273452759
2013-11-01T16:20:00+00:00,4159,165.532684326
2013-11-01T16:30:00+00:00,4159,203.51701355
2013-11-01T16:40:00+00:00,4159,166.384262085
2013-11-01T16:50:00+00:00,4159,130.762390137
2013-11-01T17:00:00+00:00,4159,122.963577271
2013-11-01T17:10:00+00:00,4159,134.462936401
2013-11-01T17:20:00+00:00,4159,123.586997986
2013-11-01T17:30:00+00:00,4159,175.694854736
2013-11-01T17:40:00+00:00,4159,160.507446289
2013-11-01T17:50:00+00:00,4159,147.895172119
2013-11-01T18:00:00+00:00,4159,134.699188232
2013-11-01T18:10:00+00:00,4159,140.169113159
2013-11-01T18:20:00+00:00,4159,164.844726562
2013-11-01T18:30:00+00:00,4159,147.721221924
2013-11-01T18:40:00+00:00,4159,176.199356079
2013-11-01T18:50:00+00:00,4159,132.648208618
2013-11-01T19:00:00+00:00,4159,140.687271118
2013-11-01T19:10:00+00:00,4159,172.429016113
2013-11-01T19:20:00+00:00,4159,145.496917725
2013-11-01T19:30:00+00:00,4159,200.459655762
2013-11-01T19:40:00+00:00,4159,139.361419678
2013-11-01T19:50:00+00:00,4159,148.127243042
2013-11-01T20:00:00+00:00,4159,137.630981445
2013-11-01T20:10:00+00:00,4159,149.762115479
2013-11-01T20:20:00+00:00,4159,138.398605347
2013-11-01T20:30:00+00:00,4159,151.926605225
2013-11-01T20:40:00+00:00,4159,168.343673706
2013-11-01T20:50:00+00:00,4159,139.624588013
2013-11-01T21:00:00+00:00,4159,129.303833008
2013-11-01T21:10:00+00:00,4159,147.387619019
2013-11-01T21:20:00+00:00,4159,141.613464355
2013-11-01T21:30:00+00:00,4159,136.113998413
2013-11-01T21:40:00+00:00,4159,129.521179199
2013-11-01T21:50:00+00:00,4159,139.685119629
2013-11-01T22:00:00+00:00,4159,145.989471436
2013-11-01T22:10:00+00:00,4159,207.309387207
2013-11-01T22:20:00+00:00,4159,161.906402588
2013-11-01T22:30:00+00:00,4159,147.606491089
2013-11-01T22:40:00+00:00,4159,145.563827515
2013-11-01T22:50:00+00:00,4159,143.410018921
2013-11-01T23:00:00+00:00,4159,189.511978149
2013-11-01T23:10:00+00:00,4159,144.222320557
2013-11-01T23:20:00+00:00,4159,166.8465271
2013-11-01T23:30:00+00:00,4159,180.968307495
2013-11-01T23:40:00+00:00,4159,164.301208496
2013-11-01T23:50:00+00:00,4159,140.342559814
2013-11-02T00:00:00+00:00,4159,151.297821045
2013-11-02T00:10:00+00:00,4159,146.01675415
2013-11-02T00:20:00+00:00,4159,127.655197144
2013-11-02T00:30:00+00:00,4159,133.583023071
2013-11-02T00:40:00+00:00,4159,115.982330322
2013-11-02T00:50:00+00:00,4159,112.567527771
2013-11-02T01:10:00+00:00,4159,109.409049988
2013-11-02T01:30:00+00:00,4159,112.065071106
2013-11-02T02:00:00+00:00,4159,105.701904297
2013-11-02T03:00:00+00:00,4159,94.7965927124
2013-11-02T03:10:00+00:00,4159,92.8913497925
2013-11-02T03:40:00+00:00,4159,89.952796936
2013-11-02T03:50:00+00:00,4159,88.76512146
2013-11-02T06:00:00+00:00,4159,86.4702911377
2013-11-02T06:10:00+00:00,4159,89.4150619507
2013-11-02T06:20:00+00:00,4159,100.23462677
2013-11-02T06:30:00+00:00,4159,99.7752075195
2013-11-02T06:40:00+00:00,4159,116.552749634
2013-11-02T06:50:00+00:00,4159,129.551361084
2013-11-02T07:00:00+00:00,4159,116.05480957
2013-11-02T07:10:00+00:00,4159,115.123031616
2013-11-02T07:20:00+00:00,4159,105.055458069
2013-11-02T07:30:00+00:00,4159,102.575378418
2013-11-02T07:40:00+00:00,4159,124.29032135
2013-11-02T07:50:00+00:00,4159,130.576538086
2013-11-02T08:00:00+00:00,4159,122.382080078
2013-11-02T08:10:00+00:00,4159,133.118621826
2013-11-02T08:20:00+00:00,4159,226.967559814
2013-11-02T08:30:00+00:00,4159,239.045593262
2013-11-02T08:40:00+00:00,4159,145.759368896
2013-11-02T08:50:00+00:00,4159,131.169418335
2013-11-02T09:00:00+00:00,4159,173.00881958
2013-11-02T09:10:00+00:00,4159,158.881942749
2013-11-02T09:20:00+00:00,4159,163.370071411
2013-11-02T09:30:00+00:00,4159,161.906616211
2013-11-02T09:40:00+00:00,4159,158.736221313
2013-11-02T09:50:00+00:00,4159,194.795913696
2013-11-02T10:00:00+00:00,4159,136.229705811
2013-11-02T10:10:00+00:00,4159,144.584289551
2013-11-02T10:20:00+00:00,4159,148.520431519
2013-11-02T10:30:00+00:00,4159,152.853012085
2013-11-02T10:40:00+00:00,4159,154.763015747
2013-11-02T10:50:00+00:00,4159,177.95741272
2013-11-02T11:00:00+00:00,4159,161.483047485
2013-11-02T11:10:00+00:00,4159,168.521392822
2013-11-02T11:20:00+00:00,4159,172.885238647
2013-11-02T11:30:00+00:00,4159,154.374771118
2013-11-02T11:40:00+00:00,4159,134.785705566
2013-11-02T11:50:00+00:00,4159,132.771896362
2013-11-02T12:00:00+00:00,4159,119.171676636
2013-11-02T12:10:00+00:00,4159,121.810127258
2013-11-02T12:20:00+00:00,4159,115.728286743
2013-11-02T12:30:00+00:00,4159,126.92956543
2013-11-02T12:40:00+00:00,4159,112.033294678
2013-11-02T12:50:00+00:00,4159,114.005058289
2013-11-02T13:00:00+00:00,4159,122.397613525
2013-11-02T13:10:00+00:00,4159,136.411346436
2013-11-02T13:20:00+00:00,4159,143.227890015
2013-11-02T13:30:00+00:00,4159,145.496429443
2013-11-02T13:40:00+00:00,4159,188.24420166
2013-11-02T13:50:00+00:00,4159,161.315429688
2013-11-02T14:00:00+00:00,4159,138.464279175
2013-11-02T14:10:00+00:00,4159,138.553146362
2013-11-02T14:20:00+00:00,4159,146.469680786
2013-11-02T14:30:00+00:00,4159,162.495666504
2013-11-02T14:40:00+00:00,4159,196.559539795
2013-11-02T14:50:00+00:00,4159,122.86743927
2013-11-02T15:00:00+00:00,4159,182.956558228
2013-11-02T15:10:00+00:00,4159,166.225906372
2013-11-02T15:20:00+00:00,4159,146.562103271
2013-11-02T15:30:00+00:00,4159,201.023452759
2013-11-02T15:40:00+00:00,4159,134.369003296
2013-11-02T15:50:00+00:00,4159,134.800979614
2013-11-02T16:00:00+00:00,4159,153.412353516
2013-11-02T16:10:00+00:00,4159,151.531646729
2013-11-02T16:20:00+00:00,4159,149.333999634
2013-11-02T16:30:00+00:00,4159,186.935577393
2013-11-02T16:40:00+00:00,4159,163.026870728
2013-11-02T16:50:00+00:00,4159,143.557098389
2013-11-02T17:00:00+00:00,4159,158.372024536
2013-11-02T17:10:00+00:00,4159,164.290344238
2013-11-02T17:20:00+00:00,4159,153.567047119
2013-11-02T17:30:00+00:00,4159,164.840148926
2013-11-02T17:40:00+00:00,4159,246.374176025
2013-11-02T17:50:00+00:00,4159,159.391479492
2013-11-02T18:00:00+00:00,4159,190.388198853
2013-11-02T18:10:00+00:00,4159,183.361694336
2013-11-02T18:20:00+00:00,4159,181.035568237
2013-11-02T18:30:00+00:00,4159,177.70300293
2013-11-02T18:40:00+00:00,4159,188.53012085
2013-11-02T18:50:00+00:00,4159,185.644363403
2013-11-02T19:00:00+00:00,4159,205.444717407
2013-11-02T19:10:00+00:00,4159,183.052947998
2013-11-02T19:20:00+00:00,4159,162.022247314
2013-11-02T19:30:00+00:00,4159,188.608657837
2013-11-02T19:40:00+00:00,4159,174.41645813
2013-11-02T19:50:00+00:00,4159,147.737945557
2013-11-02T20:00:00+00:00,4159,175.833908081
2013-11-02T20:10:00+00:00,4159,145.555557251
2013-11-02T20:20:00+00:00,4159,180.535232544
2013-11-02T20:30:00+00:00,4159,149.855667114
2013-11-02T20:40:00+00:00,4159,160.015258789
2013-11-02T20:50:00+00:00,4159,153.925872803
2013-11-02T21:00:00+00:00,4159,201.566177368
2013-11-02T21:10:00+00:00,4159,176.847824097
2013-11-02T21:20:00+00:00,4159,155.927520752
2013-11-02T21:30:00+00:00,4159,194.799987793
2013-11-02T21:40:00+00:00,4159,175.500213623
2013-11-02T21:50:00+00:00,4159,142.691452026
2013-11-02T22:00:00+00:00,4159,154.232330322
2013-11-02T22:10:00+00:00,4159,192.865951538
2013-11-02T22:20:00+00:00,4159,181.893325806
2013-11-02T22:30:00+00:00,4159,172.951980591
2013-11-02T22:40:00+00:00,4159,187.046630859
2013-11-02T22:50:00+00:00,4159,126.910835266
2013-11-02T23:00:00+00:00,4159,149.677703857
2013-11-02T23:10:00+00:00,4159,157.848190308
2013-11-02T23:20:00+00:00,4159,141.32762146
2013-11-02T23:30:00+00:00,4159,177.301437378
2013-11-02T23:40:00+00:00,4159,164.619186401
2013-11-02T23:50:00+00:00,4159,152.216918945
2013-11-03T00:00:00+00:00,4159,181.045211792
2013-11-03T00:10:00+00:00,4159,172.57069397
2013-11-03T00:20:00+00:00,4159,151.841079712
2013-11-03T00:30:00+00:00,4159,250.483352661
2013-11-03T00:40:00+00:00,4159,165.973602295
2013-11-03T00:50:00+00:00,4159,171.216339111
2013-11-03T01:00:00+00:00,4159,167.660369873
2013-11-03T01:10:00+00:00,4159,152.358428955
2013-11-03T01:20:00+00:00,4159,154.51852417
2013-11-03T01:30:00+00:00,4159,168.242462158
2013-11-03T01:40:00+00:00,4159,152.680511475
2013-11-03T01:50:00+00:00,4159,142.174789429
2013-11-03T02:00:00+00:00,4159,159.427017212
2013-11-03T02:20:00+00:00,4159,141.852294922
2013-11-03T02:40:00+00:00,4159,141.25213623
2013-11-03T02:50:00+00:00,4159,137.105819702
2013-11-03T03:00:00+00:00,4159,136.954437256
2013-11-03T03:10:00+00:00,4159,132.608169556
2013-11-03T03:20:00+00:00,4159,122.315490723
2013-11-03T03:30:00+00:00,4159,128.694946289
2013-11-03T03:40:00+00:00,4159,116.828613281
2013-11-03T03:50:00+00:00,4159,123.576461792
2013-11-03T04:00:00+00:00,4159,125.020149231
2013-11-03T04:10:00+00:00,4159,113.13710022
2013-11-03T04:30:00+00:00,4159,113.906448364
2013-11-03T04:40:00+00:00,4159,116.582489014
2013-11-03T05:40:00+00:00,4159,90.9460830688
2013-11-03T05:50:00+00:00,4159,101.382705688
2013-11-03T06:40:00+00:00,4159,95.9325408936
2013-11-03T06:50:00+00:00,4159,94.4542770386
2013-11-03T07:00:00+00:00,4159,93.0410995483
2013-11-03T07:10:00+00:00,4159,97.3542785645
2013-11-03T07:20:00+00:00,4159,102.944061279
2013-11-03T07:30:00+00:00,4159,106.638183594
2013-11-03T07:40:00+00:00,4159,99.856086731
2013-11-03T07:50:00+00:00,4159,106.588676453
2013-11-03T08:00:00+00:00,4159,134.534637451
2013-11-03T08:10:00+00:00,4159,115.131851196
2013-11-03T08:20:00+00:00,4159,131.95753479
2013-11-03T08:30:00+00:00,4159,133.38053894
2013-11-03T08:40:00+00:00,4159,116.216705322
2013-11-03T08:50:00+00:00,4159,143.0103302
2013-11-03T09:00:00+00:00,4159,140.660766602
2013-11-03T09:10:00+00:00,4159,123.134460449
2013-11-03T09:20:00+00:00,4159,122.624031067
2013-11-03T09:30:00+00:00,4159,170.754745483
2013-11-03T09:40:00+00:00,4159,131.285125732
2013-11-03T09:50:00+00:00,4159,189.665161133
2013-11-03T10:00:00+00:00,4159,132.387451172
2013-11-03T10:10:00+00:00,4159,191.91053772
2013-11-03T10:20:00+00:00,4159,156.345092773
2013-11-03T10:30:00+00:00,4159,134.134506226
2013-11-03T10:40:00+00:00,4159,147.444122314
2013-11-03T10:50:00+00:00,4159,182.088226318
2013-11-03T11:00:00+00:00,4159,140.750076294
2013-11-03T11:10:00+00:00,4159,149.816131592
2013-11-03T11:20:00+00:00,4159,145.631317139
2013-11-03T11:30:00+00:00,4159,159.056381226
2013-11-03T11:40:00+00:00,4159,156.222686768
2013-11-03T11:50:00+00:00,4159,163.255493164
2013-11-03T12:00:00+00:00,4159,180.968063354
2013-11-03T12:10:00+00:00,4159,171.404373169
2013-11-03T12:20:00+00:00,4159,174.919128418
2013-11-03T12:30:00+00:00,4159,142.840164185
2013-11-03T12:40:00+00:00,4159,150.593841553
2013-11-03T12:50:00+00:00,4159,160.284255981
2013-11-03T13:00:00+00:00,4159,160.209823608
2013-11-03T13:10:00+00:00,4159,163.00151062
2013-11-03T13:20:00+00:00,4159,177.631637573
2013-11-03T13:30:00+00:00,4159,193.473175049
2013-11-03T13:40:00+00:00,4159,174.368927002
2013-11-03T13:50:00+00:00,4159,179.375961304
2013-11-03T14:00:00+00:00,4159,175.356491089
2013-11-03T14:10:00+00:00,4159,158.331115723
2013-11-03T14:20:00+00:00,4159,149.094573975
2013-11-03T14:30:00+00:00,4159,166.038864136
2013-11-03T14:40:00+00:00,4159,136.242935181
2013-11-03T14:50:00+00:00,4159,190.894821167
2013-11-03T15:00:00+00:00,4159,204.501724243
2013-11-03T15:10:00+00:00,4159,167.928222656
2013-11-03T15:20:00+00:00,4159,149.475067139
2013-11-03T15:30:00+00:00,4159,246.936325073
2013-11-03T15:40:00+00:00,4159,165.109649658
2013-11-03T15:50:00+00:00,4159,176.828079224
2013-11-03T16:00:00+00:00,4159,195.932678223
2013-11-03T16:10:00+00:00,4159,175.383270264
2013-11-03T16:20:00+00:00,4159,185.080200195
2013-11-03T16:30:00+00:00,4159,175.049453735
2013-11-03T16:40:00+00:00,4159,176.204742432
2013-11-03T16:50:00+00:00,4159,178.90586853
2013-11-03T17:00:00+00:00,4159,213.258209229
2013-11-03T17:10:00+00:00,4159,177.073272705
2013-11-03T17:20:00+00:00,4159,216.611099243
2013-11-03T17:30:00+00:00,4159,197.800064087
2013-11-03T17:40:00+00:00,4159,192.90335083
2013-11-03T17:50:00+00:00,4159,181.007659912
2013-11-03T18:00:00+00:00,4159,201.192886353
2013-11-03T18:10:00+00:00,4159,179.984298706
2013-11-03T18:20:00+00:00,4159,195.689346313
2013-11-03T18:30:00+00:00,4159,192.941268921
2013-11-03T18:40:00+00:00,4159,219.515533447
2013-11-03T18:50:00+00:00,4159,185.34588623
2013-11-03T19:00:00+00:00,4159,214.743911743
2013-11-03T19:10:00+00:00,4159,232.000183105
2013-11-03T19:20:00+00:00,4159,187.443359375
2013-11-03T19:30:00+00:00,4159,205.62562561
2013-11-03T19:40:00+00:00,4159,221.313796997
2013-11-03T19:50:00+00:00,4159,261.449127197
2013-11-03T20:00:00+00:00,4159,204.303970337
2013-11-03T20:10:00+00:00,4159,219.303878784
2013-11-03T20:20:00+00:00,4159,220.350524902
2013-11-03T20:30:00+00:00,4159,353.004211426
2013-11-03T20:40:00+00:00,4159,282.136749268
2013-11-03T20:50:00+00:00,4159,204.519668579
2013-11-03T21:00:00+00:00,4159,204.048400879
2013-11-03T21:10:00+00:00,4159,234.293518066
2013-11-03T21:20:00+00:00,4159,183.781738281
2013-11-03T21:30:00+00:00,4159,226.050567627
2013-11-03T21:40:00+00:00,4159,234.05116272
2013-11-03T21:50:00+00:00,4159,189.839370728
2013-11-03T22:00:00+00:00,4159,196.310668945
2013-11-03T22:10:00+00:00,4159,204.82484436
2013-11-03T22:20:00+00:00,4159,227.244873047
2013-11-03T22:30:00+00:00,4159,228.49005127
2013-11-03T22:50:00+00:00,4159,164.794403076
2013-11-03T23:00:00+00:00,4159,198.736526489
2013-11-03T23:10:00+00:00,4159,163.946670532
2013-11-03T23:20:00+00:00,4159,172.670257568
2013-11-03T23:30:00+00:00,4159,191.319351196
2013-11-03T23:40:00+00:00,4159,173.009292603
2013-11-03T23:50:00+00:00,4159,163.726654053
2013-11-04T00:00:00+00:00,4159,151.507507324
2013-11-04T00:10:00+00:00,4159,173.585189819
2013-11-04T00:20:00+00:00,4159,149.70765686
2013-11-04T00:30:00+00:00,4159,154.4556427
2013-11-04T00:50:00+00:00,4159,146.120803833
2013-11-04T01:00:00+00:00,4159,147.67741394
2013-11-04T02:40:00+00:00,4159,147.239227295
2013-11-04T03:20:00+00:00,4159,132.986953735
2013-11-04T04:10:00+00:00,4159,121.131126404
2013-11-04T04:40:00+00:00,4159,123.771820068
2013-11-04T04:50:00+00:00,4159,128.874847412
2013-11-04T05:00:00+00:00,4159,136.214065552
2013-11-04T05:20:00+00:00,4159,138.904006958
2013-11-04T05:30:00+00:00,4159,148.62020874
2013-11-04T05:40:00+00:00,4159,143.309753418
2013-11-04T05:50:00+00:00,4159,153.450424194
2013-11-04T06:00:00+00:00,4159,176.014480591
2013-11-04T06:10:00+00:00,4159,182.880737305
2013-11-04T06:20:00+00:00,4159,197.794219971
2013-11-04T06:30:00+00:00,4159,217.470413208
2013-11-04T06:40:00+00:00,4159,231.001937866
2013-11-04T06:50:00+00:00,4159,265.762878418
2013-11-04T07:00:00+00:00,4159,382.523040771
2013-11-04T07:10:00+00:00,4159,284.873474121
2013-11-04T07:20:00+00:00,4159,419.263153076
2013-11-04T07:30:00+00:00,4159,526.645874023
2013-11-04T07:40:00+00:00,4159,429.964569092
2013-11-04T07:50:00+00:00,4159,468.266387939
2013-11-04T08:00:00+00:00,4159,482.287902832
2013-11-04T08:10:00+00:00,4159,339.623413086
2013-11-04T08:20:00+00:00,4159,425.614440918
2013-11-04T08:30:00+00:00,4159,437.9453125
2013-11-04T08:40:00+00:00,4159,414.931365967
2013-11-04T08:50:00+00:00,4159,456.157897949
2013-11-04T09:00:00+00:00,4159,456.029510498
2013-11-04T09:10:00+00:00,4159,499.524688721
2013-11-04T09:20:00+00:00,4159,584.578613281
2013-11-04T09:30:00+00:00,4159,541.853088379
2013-11-04T09:40:00+00:00,4159,472.565216064
2013-11-04T09:50:00+00:00,4159,528.355407715
2013-11-04T10:00:00+00:00,4159,533.582641602
2013-11-04T10:10:00+00:00,4159,491.231140137
2013-11-04T10:20:00+00:00,4159,491.261993408
2013-11-04T10:30:00+00:00,4159,526.5859375
2013-11-04T10:40:00+00:00,4159,477.536071777
2013-11-04T10:50:00+00:00,4159,525.698913574
2013-11-04T11:00:00+00:00,4159,639.321838379
2013-11-04T11:10:00+00:00,4159,590.621154785
2013-11-04T11:20:00+00:00,4159,702.443786621
2013-11-04T11:30:00+00:00,4159,691.665710449
2013-11-04T11:40:00+00:00,4159,620.628479004
2013-11-04T11:50:00+00:00,4159,618.20123291
2013-11-04T12:00:00+00:00,4159,660.141235352
2013-11-04T12:10:00+00:00,4159,591.982971191
2013-11-04T12:20:00+00:00,4159,681.864807129
2013-11-04T12:30:00+00:00,4159,629.92401123
2013-11-04T12:40:00+00:00,4159,592.230651855
2013-11-04T12:50:00+00:00,4159,738.045532227
2013-11-04T13:00:00+00:00,4159,758.82244873
2013-11-04T13:10:00+00:00,4159,665.919494629
2013-11-04T13:20:00+00:00,4159,676.54107666
2013-11-04T13:30:00+00:00,4159,643.666809082
2013-11-04T13:40:00+00:00,4159,603.261108398
2013-11-04T13:50:00+00:00,4159,574.728210449
2013-11-04T14:00:00+00:00,4159,594.857055664
2013-11-04T14:10:00+00:00,4159,598.202331543
2013-11-04T14:20:00+00:00,4159,620.868164062
2013-11-04T14:30:00+00:00,4159,527.241882324
2013-11-04T14:40:00+00:00,4159,509.596191406
2013-11-04T14:50:00+00:00,4159,570.240234375
2013-11-04T15:00:00+00:00,4159,610.201782227
2013-11-04T15:10:00+00:00,4159,706.957092285
2013-11-04T15:20:00+00:00,4159,570.137451172
2013-11-04T15:30:00+00:00,4159,566.280395508
2013-11-04T15:40:00+00:00,4159,504.213409424
2013-11-04T15:50:00+00:00,4159,479.485321045
2013-11-04T16:00:00+00:00,4159,520.811523438
2013-11-04T16:10:00+00:00,4159,491.022857666
2013-11-04T16:20:00+00:00,4159,474.419372559
2013-11-04T16:30:00+00:00,4159,516.147399902
2013-11-04T16:40:00+00:00,4159,564.80682373
2013-11-04T16:50:00+00:00,4159,522.663208008
2013-11-04T17:00:00+00:00,4159,488.110870361
2013-11-04T17:10:00+00:00,4159,849.277954102
2013-11-04T17:20:00+00:00,4159,515.659606934
2013-11-04T17:30:00+00:00,4159,422.385864258
2013-11-04T17:40:00+00:00,4159,444.36026001
2013-11-04T17:50:00+00:00,4159,498.57043457
2013-11-04T18:00:00+00:00,4159,503.347869873
2013-11-04T18:10:00+00:00,4159,632.235595703
2013-11-04T18:20:00+00:00,4159,461.336120605
2013-11-04T18:30:00+00:00,4159,386.544006348
2013-11-04T18:40:00+00:00,4159,360.707275391
2013-11-04T18:50:00+00:00,4159,421.243225098
2013-11-04T19:00:00+00:00,4159,414.266418457
2013-11-04T19:10:00+00:00,4159,357.483123779
2013-11-04T19:20:00+00:00,4159,270.345794678
2013-11-04T19:30:00+00:00,4159,317.050231934
2013-11-04T19:40:00+00:00,4159,276.492462158
2013-11-04T19:50:00+00:00,4159,337.244995117
2013-11-04T20:00:00+00:00,4159,417.627624512
2013-11-04T20:10:00+00:00,4159,307.694763184
2013-11-04T20:20:00+00:00,4159,240.218933105
2013-11-04T20:30:00+00:00,4159,341.425750732
2013-11-04T20:40:00+00:00,4159,314.840881348
2013-11-04T20:50:00+00:00,4159,386.224853516
2013-11-04T21:00:00+00:00,4159,348.048309326
2013-11-04T21:10:00+00:00,4159,324.691497803
2013-11-04T21:20:00+00:00,4159,278.582427979
2013-11-04T21:30:00+00:00,4159,295.81628418
2013-11-04T21:40:00+00:00,4159,333.983093262
2013-11-04T21:50:00+00:00,4159,306.974914551
2013-11-04T22:00:00+00:00,4159,283.028686523
2013-11-04T22:10:00+00:00,4159,228.102233887
2013-11-04T22:20:00+00:00,4159,236.360946655
2013-11-04T22:30:00+00:00,4159,276.710449219
2013-11-04T22:40:00+00:00,4159,236.980499268
2013-11-04T22:50:00+00:00,4159,237.708267212
2013-11-04T23:00:00+00:00,4159,207.476379395
2013-11-04T23:10:00+00:00,4159,200.354751587
2013-11-04T23:20:00+00:00,4159,192.649795532
2013-11-04T23:30:00+00:00,4159,215.401519775
2013-11-04T23:40:00+00:00,4159,160.514221191
2013-11-04T23:50:00+00:00,4159,165.626449585
2013-11-05T00:40:00+00:00,4159,146.057159424
2013-11-05T01:10:00+00:00,4159,144.895996094
2013-11-05T04:00:00+00:00,4159,139.358184814
2013-11-05T04:20:00+00:00,4159,120.849609375
2013-11-05T04:50:00+00:00,4159,161.469223022
2013-11-05T05:00:00+00:00,4159,146.412094116
2013-11-05T05:10:00+00:00,4159,137.067230225
2013-11-05T05:20:00+00:00,4159,140.911682129
2013-11-05T05:40:00+00:00,4159,159.474075317
2013-11-05T05:50:00+00:00,4159,159.164077759
2013-11-05T06:00:00+00:00,4159,217.183181763
2013-11-05T06:10:00+00:00,4159,183.553115845
2013-11-05T06:20:00+00:00,4159,236.309265137
2013-11-05T06:30:00+00:00,4159,237.070724487
2013-11-05T06:40:00+00:00,4159,243.235092163
2013-11-05T06:50:00+00:00,4159,312.563842773
2013-11-05T07:00:00+00:00,4159,336.658996582
2013-11-05T07:10:00+00:00,4159,294.046417236
2013-11-05T07:20:00+00:00,4159,290.019927979
2013-11-05T07:30:00+00:00,4159,355.451751709
2013-11-05T07:40:00+00:00,4159,384.332733154
2013-11-05T07:50:00+00:00,4159,495.698852539
2013-11-05T08:00:00+00:00,4159,471.70602417
2013-11-05T08:10:00+00:00,4159,469.950500488
2013-11-05T08:20:00+00:00,4159,514.897521973
2013-11-05T08:30:00+00:00,4159,438.644256592
2013-11-05T08:40:00+00:00,4159,451.910644531
2013-11-05T08:50:00+00:00,4159,435.766723633
2013-11-05T09:00:00+00:00,4159,465.151977539
2013-11-05T09:10:00+00:00,4159,523.414916992
2013-11-05T09:20:00+00:00,4159,576.437438965
2013-11-05T09:30:00+00:00,4159,541.026062012
2013-11-05T09:40:00+00:00,4159,530.110839844
2013-11-05T09:50:00+00:00,4159,542.825439453
2013-11-05T10:00:00+00:00,4159,493.300811768
2013-11-05T10:10:00+00:00,4159,491.31362915
2013-11-05T10:20:00+00:00,4159,571.575744629
2013-11-05T10:30:00+00:00,4159,534.109130859
2013-11-05T10:40:00+00:00,4159,562.190612793
2013-11-05T10:50:00+00:00,4159,626.452514648
2013-11-05T11:00:00+00:00,4159,671.040405273
2013-11-05T11:10:00+00:00,4159,622.479431152
2013-11-05T11:20:00+00:00,4159,590.123535156
2013-11-05T11:30:00+00:00,4159,566.312866211
2013-11-05T11:40:00+00:00,4159,563.374511719
2013-11-05T11:50:00+00:00,4159,561.351074219
2013-11-05T12:00:00+00:00,4159,598.877380371
2013-11-05T12:10:00+00:00,4159,556.051818848
2013-11-05T12:20:00+00:00,4159,538.306396484
2013-11-05T12:30:00+00:00,4159,524.203552246
2013-11-05T12:40:00+00:00,4159,535.119812012
2013-11-05T12:50:00+00:00,4159,605.538391113
2013-11-05T13:00:00+00:00,4159,622.677368164
2013-11-05T13:10:00+00:00,4159,609.66217041
2013-11-05T13:20:00+00:00,4159,694.994445801
2013-11-05T13:30:00+00:00,4159,560.854248047
2013-11-05T13:40:00+00:00,4159,605.307739258
2013-11-05T13:50:00+00:00,4159,524.424621582
2013-11-05T14:00:00+00:00,4159,593.454956055
2013-11-05T14:10:00+00:00,4159,558.479858398
2013-11-05T14:20:00+00:00,4159,481.90447998
2013-11-05T14:30:00+00:00,4159,501.518829346
2013-11-05T14:40:00+00:00,4159,512.610229492
2013-11-05T14:50:00+00:00,4159,505.371948242
2013-11-05T15:00:00+00:00,4159,631.328674316
2013-11-05T15:10:00+00:00,4159,620.421386719
2013-11-05T15:20:00+00:00,4159,526.374755859
2013-11-05T15:30:00+00:00,4159,501.89151001
2013-11-05T15:40:00+00:00,4159,578.929077148
2013-11-05T15:50:00+00:00,4159,522.028930664
2013-11-05T16:00:00+00:00,4159,580.504333496
2013-11-05T16:10:00+00:00,4159,614.601257324
2013-11-05T16:20:00+00:00,4159,594.968322754
2013-11-05T16:30:00+00:00,4159,603.56427002
2013-11-05T16:40:00+00:00,4159,565.20880127
2013-11-05T16:50:00+00:00,4159,580.853515625
2013-11-05T17:00:00+00:00,4159,661.174560547
2013-11-05T17:10:00+00:00,4159,529.282409668
2013-11-05T17:20:00+00:00,4159,503.340240479
2013-11-05T17:30:00+00:00,4159,474.325592041
2013-11-05T17:40:00+00:00,4159,492.531860352
2013-11-05T17:50:00+00:00,4159,531.537536621
2013-11-05T18:00:00+00:00,4159,449.713195801
2013-11-05T18:10:00+00:00,4159,435.898742676
2013-11-05T18:20:00+00:00,4159,383.208740234
2013-11-05T18:30:00+00:00,4159,372.977874756
2013-11-05T18:40:00+00:00,4159,327.027160645
2013-11-05T18:50:00+00:00,4159,323.752044678
2013-11-05T19:00:00+00:00,4159,353.112976074
2013-11-05T19:10:00+00:00,4159,298.35736084
2013-11-05T19:20:00+00:00,4159,294.130523682
2013-11-05T19:30:00+00:00,4159,288.970672607
2013-11-05T19:40:00+00:00,4159,255.206985474
2013-11-05T19:50:00+00:00,4159,271.175476074
2013-11-05T20:00:00+00:00,4159,357.648468018
2013-11-05T20:10:00+00:00,4159,256.446502686
2013-11-05T20:20:00+00:00,4159,280.167297363
2013-11-05T20:30:00+00:00,4159,321.743652344
2013-11-05T20:40:00+00:00,4159,357.61618042
2013-11-05T20:50:00+00:00,4159,281.357421875
2013-11-05T21:00:00+00:00,4159,260.45098877
2013-11-05T21:10:00+00:00,4159,275.358551025
2013-11-05T21:20:00+00:00,4159,306.151031494
2013-11-05T21:30:00+00:00,4159,415.623474121
2013-11-05T21:40:00+00:00,4159,301.280853271
2013-11-05T21:50:00+00:00,4159,282.275848389
2013-11-05T22:00:00+00:00,4159,221.28527832
2013-11-05T22:10:00+00:00,4159,218.886520386
2013-11-05T22:20:00+00:00,4159,246.864547729
2013-11-05T22:30:00+00:00,4159,287.369689941
2013-11-05T22:40:00+00:00,4159,212.107284546
2013-11-05T22:50:00+00:00,4159,222.259185791
2013-11-05T23:00:00+00:00,4159,233.203872681
2013-11-05T23:10:00+00:00,4159,184.392822266
2013-11-05T23:20:00+00:00,4159,207.128631592
2013-11-05T23:30:00+00:00,4159,242.515670776
2013-11-05T23:40:00+00:00,4159,196.88243103
2013-11-06T00:20:00+00:00,4159,171.286712646
2013-11-06T00:50:00+00:00,4159,169.499038696
2013-11-06T01:00:00+00:00,4159,158.763412476
2013-11-06T05:10:00+00:00,4159,132.203018188
2013-11-06T05:20:00+00:00,4159,133.364852905
2013-11-06T05:40:00+00:00,4159,162.197006226
2013-11-06T05:50:00+00:00,4159,158.71786499
2013-11-06T06:00:00+00:00,4159,168.265640259
2013-11-06T06:10:00+00:00,4159,178.105270386
2013-11-06T06:20:00+00:00,4159,184.731948853
2013-11-06T06:30:00+00:00,4159,217.342681885
2013-11-06T06:40:00+00:00,4159,247.513092041
2013-11-06T06:50:00+00:00,4159,262.972015381
2013-11-06T07:00:00+00:00,4159,382.553375244
2013-11-06T07:10:00+00:00,4159,331.236694336
2013-11-06T07:20:00+00:00,4159,337.213348389
2013-11-06T07:30:00+00:00,4159,493.327209473
2013-11-06T07:40:00+00:00,4159,472.403991699
2013-11-06T07:50:00+00:00,4159,428.696838379
2013-11-06T08:00:00+00:00,4159,449.312408447
2013-11-06T08:10:00+00:00,4159,472.61328125
2013-11-06T08:20:00+00:00,4159,482.670318604
2013-11-06T08:30:00+00:00,4159,489.645568848
2013-11-06T08:40:00+00:00,4159,499.787628174
2013-11-06T08:50:00+00:00,4159,509.4453125
2013-11-06T09:00:00+00:00,4159,490.94152832
2013-11-06T09:10:00+00:00,4159,559.43359375
2013-11-06T09:20:00+00:00,4159,691.924499512
2013-11-06T09:30:00+00:00,4159,615.959228516
2013-11-06T09:40:00+00:00,4159,625.770202637
2013-11-06T09:50:00+00:00,4159,608.771850586
2013-11-06T10:00:00+00:00,4159,612.710083008
2013-11-06T10:10:00+00:00,4159,574.260925293
2013-11-06T10:20:00+00:00,4159,544.034118652
2013-11-06T10:30:00+00:00,4159,556.084716797
2013-11-06T10:40:00+00:00,4159,526.746398926
2013-11-06T10:50:00+00:00,4159,618.093261719
2013-11-06T11:00:00+00:00,4159,789.491027832
2013-11-06T11:10:00+00:00,4159,731.101806641
2013-11-06T11:20:00+00:00,4159,671.456176758
2013-11-06T11:30:00+00:00,4159,697.987854004
2013-11-06T11:40:00+00:00,4159,640.698120117
2013-11-06T11:50:00+00:00,4159,603.193786621
2013-11-06T12:00:00+00:00,4159,693.842712402
2013-11-06T12:10:00+00:00,4159,675.718994141
2013-11-06T12:20:00+00:00,4159,716.049499512
2013-11-06T12:30:00+00:00,4159,663.866149902
2013-11-06T12:40:00+00:00,4159,717.561706543
2013-11-06T12:50:00+00:00,4159,752.013366699
2013-11-06T13:00:00+00:00,4159,731.445800781
2013-11-06T13:10:00+00:00,4159,635.25982666
2013-11-06T13:20:00+00:00,4159,668.780212402
2013-11-06T13:30:00+00:00,4159,625.835754395
2013-11-06T13:40:00+00:00,4159,640.77142334
2013-11-06T13:50:00+00:00,4159,624.133117676
2013-11-06T14:00:00+00:00,4159,592.281677246
2013-11-06T14:10:00+00:00,4159,620.132263184
2013-11-06T14:20:00+00:00,4159,630.740234375
2013-11-06T14:30:00+00:00,4159,581.882629395
2013-11-06T14:40:00+00:00,4159,607.64251709
2013-11-06T14:50:00+00:00,4159,599.876953125
2013-11-06T15:00:00+00:00,4159,641.682250977
2013-11-06T15:10:00+00:00,4159,673.094482422
2013-11-06T15:20:00+00:00,4159,646.207214355
2013-11-06T15:30:00+00:00,4159,559.546508789
2013-11-06T15:40:00+00:00,4159,610.210144043
2013-11-06T15:50:00+00:00,4159,607.573486328
2013-11-06T16:00:00+00:00,4159,514.912658691
2013-11-06T16:10:00+00:00,4159,543.727172852
2013-11-06T16:20:00+00:00,4159,579.547485352
2013-11-06T16:30:00+00:00,4159,546.786193848
2013-11-06T16:40:00+00:00,4159,623.963928223
2013-11-06T16:50:00+00:00,4159,601.389831543
2013-11-06T17:00:00+00:00,4159,526.677368164
2013-11-06T17:10:00+00:00,4159,559.222412109
2013-11-06T17:20:00+00:00,4159,476.480529785
2013-11-06T17:30:00+00:00,4159,448.767028809
2013-11-06T17:40:00+00:00,4159,439.396057129
2013-11-06T17:50:00+00:00,4159,399.466522217
2013-11-06T18:00:00+00:00,4159,443.21875
2013-11-06T18:10:00+00:00,4159,423.815917969
2013-11-06T18:20:00+00:00,4159,396.563415527
2013-11-06T18:30:00+00:00,4159,394.989929199
2013-11-06T18:40:00+00:00,4159,393.035339355
2013-11-06T18:50:00+00:00,4159,335.096130371
2013-11-06T19:00:00+00:00,4159,300.57208252
2013-11-06T19:10:00+00:00,4159,372.578033447
2013-11-06T19:20:00+00:00,4159,342.074371338
2013-11-06T19:30:00+00:00,4159,315.132415771
2013-11-06T19:40:00+00:00,4159,341.421875
2013-11-06T19:50:00+00:00,4159,395.30670166
2013-11-06T20:00:00+00:00,4159,288.290222168
2013-11-06T20:10:00+00:00,4159,324.660919189
2013-11-06T20:20:00+00:00,4159,305.400360107
2013-11-06T20:30:00+00:00,4159,286.275604248
2013-11-06T20:40:00+00:00,4159,296.800872803
2013-11-06T20:50:00+00:00,4159,333.042358398
2013-11-06T21:00:00+00:00,4159,246.31137085
2013-11-06T21:10:00+00:00,4159,255.427429199
2013-11-06T21:20:00+00:00,4159,265.881958008
2013-11-06T21:30:00+00:00,4159,244.179153442
2013-11-06T21:40:00+00:00,4159,305.75213623
2013-11-06T21:50:00+00:00,4159,268.024932861
2013-11-06T22:00:00+00:00,4159,236.445571899
2013-11-06T22:10:00+00:00,4159,299.643768311
2013-11-06T22:20:00+00:00,4159,236.13079834
2013-11-06T22:30:00+00:00,4159,234.014907837
2013-11-06T22:40:00+00:00,4159,250.90852356
2013-11-06T22:50:00+00:00,4159,248.163238525
2013-11-06T23:00:00+00:00,4159,267.161376953
2013-11-06T23:10:00+00:00,4159,284.974700928
2013-11-06T23:20:00+00:00,4159,255.902252197
2013-11-06T23:30:00+00:00,4159,217.611083984
2013-11-06T23:40:00+00:00,4159,221.463378906
2013-11-06T23:50:00+00:00,4159,223.015228271
2013-11-07T00:00:00+00:00,4159,225.816650391
2013-11-07T00:10:00+00:00,4159,172.121704102
2013-11-07T00:20:00+00:00,4159,152.673934937
2013-11-07T00:30:00+00:00,4159,156.887191772
2013-11-07T00:40:00+00:00,4159,158.899215698
2013-11-07T01:00:00+00:00,4159,146.914093018
2013-11-07T01:10:00+00:00,4159,142.994781494
2013-11-07T02:50:00+00:00,4159,130.165603638
2013-11-07T03:00:00+00:00,4159,123.805999756
2013-11-07T04:00:00+00:00,4159,155.419540405
2013-11-07T04:50:00+00:00,4159,121.878822327
2013-11-07T05:10:00+00:00,4159,128.822891235
2013-11-07T05:20:00+00:00,4159,127.016197205
2013-11-07T05:30:00+00:00,4159,131.780853271
2013-11-07T05:40:00+00:00,4159,154.635360718
2013-11-07T05:50:00+00:00,4159,147.994094849
2013-11-07T06:00:00+00:00,4159,164.760757446
2013-11-07T06:10:00+00:00,4159,200.079986572
2013-11-07T06:20:00+00:00,4159,176.178253174
2013-11-07T06:30:00+00:00,4159,222.143157959
2013-11-07T06:40:00+00:00,4159,227.210922241
2013-11-07T06:50:00+00:00,4159,294.337890625
2013-11-07T07:00:00+00:00,4159,307.98550415
2013-11-07T07:10:00+00:00,4159,307.802459717
2013-11-07T07:20:00+00:00,4159,323.712005615
2013-11-07T07:30:00+00:00,4159,347.317993164
2013-11-07T07:40:00+00:00,4159,430.54019165
2013-11-07T07:50:00+00:00,4159,454.242828369
2013-11-07T08:00:00+00:00,4159,405.912200928
2013-11-07T08:10:00+00:00,4159,450.385101318
2013-11-07T08:20:00+00:00,4159,469.511749268
2013-11-07T08:30:00+00:00,4159,433.574737549
2013-11-07T08:40:00+00:00,4159,462.286956787
2013-11-07T08:50:00+00:00,4159,507.590789795
2013-11-07T09:00:00+00:00,4159,459.35067749
2013-11-07T09:10:00+00:00,4159,630.745056152
2013-11-07T09:20:00+00:00,4159,641.325561523
2013-11-07T09:30:00+00:00,4159,602.268432617
2013-11-07T09:40:00+00:00,4159,560.573852539
2013-11-07T09:50:00+00:00,4159,614.235961914
2013-11-07T10:00:00+00:00,4159,505.508117676
2013-11-07T10:10:00+00:00,4159,501.39050293
2013-11-07T10:20:00+00:00,4159,498.676574707
2013-11-07T10:30:00+00:00,4159,530.128112793
2013-11-07T10:40:00+00:00,4159,545.079406738
2013-11-07T10:50:00+00:00,4159,522.961975098
2013-11-07T11:00:00+00:00,4159,644.096496582
2013-11-07T11:10:00+00:00,4159,611.171325684
2013-11-07T11:20:00+00:00,4159,763.304931641
2013-11-07T11:30:00+00:00,4159,742.327270508
2013-11-07T11:40:00+00:00,4159,698.442321777
2013-11-07T11:50:00+00:00,4159,784.732299805
2013-11-07T12:00:00+00:00,4159,690.511535645
2013-11-07T12:10:00+00:00,4159,664.276489258
2013-11-07T12:20:00+00:00,4159,634.613342285
2013-11-07T12:30:00+00:00,4159,624.901611328
2013-11-07T12:40:00+00:00,4159,677.797790527
2013-11-07T12:50:00+00:00,4159,639.948120117
2013-11-07T13:00:00+00:00,4159,706.605773926
2013-11-07T13:10:00+00:00,4159,795.024780273
2013-11-07T13:20:00+00:00,4159,728.19934082
2013-11-07T13:30:00+00:00,4159,610.724487305
2013-11-07T13:40:00+00:00,4159,715.789672852
2013-11-07T13:50:00+00:00,4159,692.117980957
2013-11-07T14:00:00+00:00,4159,569.491271973
2013-11-07T14:10:00+00:00,4159,661.818725586
2013-11-07T14:20:00+00:00,4159,575.133056641
2013-11-07T14:30:00+00:00,4159,643.500976562
2013-11-07T14:40:00+00:00,4159,719.541503906
2013-11-07T14:50:00+00:00,4159,631.476074219
2013-11-07T15:00:00+00:00,4159,631.375244141
2013-11-07T15:10:00+00:00,4159,782.933349609
2013-11-07T15:20:00+00:00,4159,564.662597656
2013-11-07T15:30:00+00:00,4159,522.621276855
2013-11-07T15:40:00+00:00,4159,584.492797852
2013-11-07T15:50:00+00:00,4159,531.61932373
2013-11-07T16:00:00+00:00,4159,528.351318359
2013-11-07T16:10:00+00:00,4159,503.104278564
2013-11-07T16:20:00+00:00,4159,490.728393555
2013-11-07T16:30:00+00:00,4159,563.169799805
2013-11-07T16:40:00+00:00,4159,599.1953125
2013-11-07T16:50:00+00:00,4159,583.579406738
2013-11-07T17:00:00+00:00,4159,647.199951172
2013-11-07T17:10:00+00:00,4159,547.440734863
2013-11-07T17:20:00+00:00,4159,574.377441406
2013-11-07T17:30:00+00:00,4159,428.055511475
2013-11-07T17:40:00+00:00,4159,490.612304688
2013-11-07T17:50:00+00:00,4159,447.916229248
2013-11-07T18:00:00+00:00,4159,467.529968262
2013-11-07T18:10:00+00:00,4159,492.688201904
2013-11-07T18:20:00+00:00,4159,451.733886719
2013-11-07T18:30:00+00:00,4159,434.322692871
2013-11-07T18:40:00+00:00,4159,365.286102295
2013-11-07T18:50:00+00:00,4159,385.438171387
2013-11-07T19:00:00+00:00,4159,317.655853271
2013-11-07T19:10:00+00:00,4159,393.011169434
2013-11-07T19:20:00+00:00,4159,293.056518555
2013-11-07T19:30:00+00:00,4159,307.068695068
2013-11-07T19:40:00+00:00,4159,417.626678467
2013-11-07T19:50:00+00:00,4159,290.358642578
2013-11-07T20:00:00+00:00,4159,285.56930542
2013-11-07T20:10:00+00:00,4159,301.867797852
2013-11-07T20:20:00+00:00,4159,268.140869141
2013-11-07T20:30:00+00:00,4159,334.354156494
2013-11-07T20:40:00+00:00,4159,265.72756958
2013-11-07T20:50:00+00:00,4159,294.204772949
2013-11-07T21:00:00+00:00,4159,234.252151489
2013-11-07T21:10:00+00:00,4159,264.440185547
2013-11-07T21:20:00+00:00,4159,323.312255859
2013-11-07T21:30:00+00:00,4159,278.574890137
2013-11-07T21:40:00+00:00,4159,242.058242798
2013-11-07T21:50:00+00:00,4159,250.220413208
2013-11-07T22:00:00+00:00,4159,251.935714722
2013-11-07T22:10:00+00:00,4159,295.822662354
2013-11-07T22:20:00+00:00,4159,269.450805664
2013-11-07T22:30:00+00:00,4159,217.447479248
2013-11-07T22:40:00+00:00,4159,256.893615723
2013-11-07T22:50:00+00:00,4159,245.974945068
2013-11-07T23:00:00+00:00,4159,269.726989746
2013-11-07T23:10:00+00:00,4159,261.173492432
2013-11-07T23:20:00+00:00,4159,298.205108643
2013-11-07T23:30:00+00:00,4159,206.129150391
2013-11-07T23:40:00+00:00,4159,197.576721191
2013-11-07T23:50:00+00:00,4159,185.035690308
2013-11-08T00:00:00+00:00,4159,178.342956543
2013-11-08T00:10:00+00:00,4159,224.257202148
2013-11-08T00:20:00+00:00,4159,169.691741943
2013-11-08T00:30:00+00:00,4159,163.396392822
2013-11-08T00:40:00+00:00,4159,200.152114868
2013-11-08T00:50:00+00:00,4159,183.244506836
2013-11-08T01:00:00+00:00,4159,155.763259888
2013-11-08T02:00:00+00:00,4159,270.441375732
2013-11-08T02:20:00+00:00,4159,141.03364563
2013-11-08T03:20:00+00:00,4159,133.223052979
2013-11-08T05:00:00+00:00,4159,136.514907837
2013-11-08T05:20:00+00:00,4159,143.359680176
2013-11-08T05:30:00+00:00,4159,133.425094604
2013-11-08T05:40:00+00:00,4159,168.550598145
2013-11-08T05:50:00+00:00,4159,160.334289551
2013-11-08T06:00:00+00:00,4159,182.380508423
2013-11-08T06:10:00+00:00,4159,204.78503418
2013-11-08T06:20:00+00:00,4159,210.222091675
2013-11-08T06:30:00+00:00,4159,239.028167725
2013-11-08T06:40:00+00:00,4159,244.102828979
2013-11-08T06:50:00+00:00,4159,239.495361328
2013-11-08T07:00:00+00:00,4159,276.987426758
2013-11-08T07:10:00+00:00,4159,312.596191406
2013-11-08T07:20:00+00:00,4159,279.13192749
2013-11-08T07:30:00+00:00,4159,373.085144043
2013-11-08T07:40:00+00:00,4159,484.098266602
2013-11-08T07:50:00+00:00,4159,485.150543213
2013-11-08T08:00:00+00:00,4159,448.050140381
2013-11-08T08:10:00+00:00,4159,481.303070068
2013-11-08T08:20:00+00:00,4159,400.555419922
2013-11-08T08:30:00+00:00,4159,451.384490967
2013-11-08T08:40:00+00:00,4159,450.812347412
2013-11-08T08:50:00+00:00,4159,494.366699219
2013-11-08T09:00:00+00:00,4159,563.393920898
2013-11-08T09:10:00+00:00,4159,560.248413086
2013-11-08T09:20:00+00:00,4159,590.308654785
2013-11-08T09:30:00+00:00,4159,485.606048584
2013-11-08T09:40:00+00:00,4159,556.261413574
2013-11-08T09:50:00+00:00,4159,517.598999023
2013-11-08T10:00:00+00:00,4159,554.764221191
2013-11-08T10:10:00+00:00,4159,536.832885742
2013-11-08T10:20:00+00:00,4159,539.750427246
2013-11-08T10:30:00+00:00,4159,518.896606445
2013-11-08T10:40:00+00:00,4159,533.186889648
2013-11-08T10:50:00+00:00,4159,567.991577148
2013-11-08T11:00:00+00:00,4159,612.558898926
2013-11-08T11:10:00+00:00,4159,617.059265137
2013-11-08T11:20:00+00:00,4159,679.838806152
2013-11-08T11:30:00+00:00,4159,597.032470703
2013-11-08T11:40:00+00:00,4159,629.040588379
2013-11-08T11:50:00+00:00,4159,606.264953613
2013-11-08T12:00:00+00:00,4159,810.16619873
2013-11-08T12:10:00+00:00,4159,629.02532959
2013-11-08T12:20:00+00:00,4159,650.470092773
2013-11-08T12:30:00+00:00,4159,714.448974609
2013-11-08T12:40:00+00:00,4159,658.862487793
2013-11-08T12:50:00+00:00,4159,577.190368652
2013-11-08T13:00:00+00:00,4159,602.010131836
2013-11-08T13:10:00+00:00,4159,645.834594727
2013-11-08T13:20:00+00:00,4159,684.301391602
2013-11-08T13:30:00+00:00,4159,595.719055176
2013-11-08T13:40:00+00:00,4159,568.106628418
2013-11-08T13:50:00+00:00,4159,558.109436035
2013-11-08T14:00:00+00:00,4159,500.671325684
2013-11-08T14:10:00+00:00,4159,550.295654297
2013-11-08T14:20:00+00:00,4159,476.926116943
2013-11-08T14:30:00+00:00,4159,512.719116211
2013-11-08T14:40:00+00:00,4159,572.767822266
2013-11-08T14:50:00+00:00,4159,483.66317749
2013-11-08T15:00:00+00:00,4159,515.468200684
2013-11-08T15:10:00+00:00,4159,503.728302002
2013-11-08T15:20:00+00:00,4159,562.251647949
2013-11-08T15:30:00+00:00,4159,486.311035156
2013-11-08T15:40:00+00:00,4159,547.924133301
2013-11-08T15:50:00+00:00,4159,510.982666016
2013-11-08T16:00:00+00:00,4159,453.09576416
2013-11-08T16:10:00+00:00,4159,511.728515625
2013-11-08T16:20:00+00:00,4159,470.473266602
2013-11-08T16:30:00+00:00,4159,594.529907227
2013-11-08T16:40:00+00:00,4159,539.364135742
2013-11-08T16:50:00+00:00,4159,423.517425537
2013-11-08T17:00:00+00:00,4159,426.338195801
2013-11-08T17:10:00+00:00,4159,395.806213379
2013-11-08T17:20:00+00:00,4159,489.681213379
2013-11-08T17:30:00+00:00,4159,435.504058838
2013-11-08T17:40:00+00:00,4159,378.589294434
2013-11-08T17:50:00+00:00,4159,347.526824951
2013-11-08T18:00:00+00:00,4159,367.761444092
2013-11-08T18:10:00+00:00,4159,347.386047363
2013-11-08T18:20:00+00:00,4159,356.605285645
2013-11-08T18:30:00+00:00,4159,343.897369385
2013-11-08T18:40:00+00:00,4159,319.328369141
2013-11-08T18:50:00+00:00,4159,294.110351562
2013-11-08T19:00:00+00:00,4159,325.456542969
2013-11-08T19:10:00+00:00,4159,312.135009766
2013-11-08T19:20:00+00:00,4159,293.717773438
2013-11-08T19:30:00+00:00,4159,264.973632812
2013-11-08T19:40:00+00:00,4159,313.279144287
2013-11-08T19:50:00+00:00,4159,255.388717651
2013-11-08T20:00:00+00:00,4159,241.763961792
2013-11-08T20:10:00+00:00,4159,230.186630249
2013-11-08T20:20:00+00:00,4159,306.280822754
2013-11-08T20:30:00+00:00,4159,224.476974487
2013-11-08T20:40:00+00:00,4159,278.279449463
2013-11-08T20:50:00+00:00,4159,244.843170166
2013-11-08T21:00:00+00:00,4159,209.706726074
2013-11-08T21:10:00+00:00,4159,268.3543396
2013-11-08T21:20:00+00:00,4159,255.251602173
2013-11-08T21:30:00+00:00,4159,253.795974731
2013-11-08T21:40:00+00:00,4159,211.547943115
2013-11-08T21:50:00+00:00,4159,216.674179077
2013-11-08T22:00:00+00:00,4159,196.972091675
2013-11-08T22:10:00+00:00,4159,203.448898315
2013-11-08T22:20:00+00:00,4159,211.86781311
2013-11-08T22:30:00+00:00,4159,259.006134033
2013-11-08T22:40:00+00:00,4159,218.241928101
2013-11-08T22:50:00+00:00,4159,221.541870117
2013-11-08T23:00:00+00:00,4159,232.77130127
2013-11-08T23:10:00+00:00,4159,233.789550781
2013-11-08T23:20:00+00:00,4159,224.801177979
2013-11-08T23:30:00+00:00,4159,210.20463562
2013-11-08T23:40:00+00:00,4159,258.160614014
2013-11-08T23:50:00+00:00,4159,194.71723938
2013-11-09T00:00:00+00:00,4159,191.420150757
2013-11-09T00:10:00+00:00,4159,269.852905273
2013-11-09T00:20:00+00:00,4159,216.828140259
2013-11-09T00:30:00+00:00,4159,188.970367432
2013-11-09T00:40:00+00:00,4159,187.698867798
2013-11-09T01:00:00+00:00,4159,160.90524292
2013-11-09T01:10:00+00:00,4159,173.704147339
2013-11-09T01:20:00+00:00,4159,161.55166626
2013-11-09T01:30:00+00:00,4159,183.405654907
2013-11-09T01:50:00+00:00,4159,165.079193115
2013-11-09T02:00:00+00:00,4159,163.760818481
2013-11-09T02:10:00+00:00,4159,168.874725342
2013-11-09T02:20:00+00:00,4159,156.97076416
2013-11-09T02:30:00+00:00,4159,150.765457153
2013-11-09T02:40:00+00:00,4159,147.07270813
2013-11-09T02:50:00+00:00,4159,145.655181885
2013-11-09T03:10:00+00:00,4159,152.725708008
2013-11-09T03:50:00+00:00,4159,134.959503174
2013-11-09T04:00:00+00:00,4159,140.804367065
2013-11-09T04:20:00+00:00,4159,134.781692505
2013-11-09T04:40:00+00:00,4159,128.744186401
2013-11-09T05:00:00+00:00,4159,122.863044739
2013-11-09T05:30:00+00:00,4159,128.718856812
2013-11-09T05:40:00+00:00,4159,134.749969482
2013-11-09T06:10:00+00:00,4159,148.709381104
2013-11-09T06:20:00+00:00,4159,147.995513916
2013-11-09T06:30:00+00:00,4159,157.536102295
2013-11-09T06:40:00+00:00,4159,149.974639893
2013-11-09T06:50:00+00:00,4159,181.198043823
2013-11-09T07:00:00+00:00,4159,193.4947052
2013-11-09T07:10:00+00:00,4159,206.278167725
2013-11-09T07:20:00+00:00,4159,173.196548462
2013-11-09T07:30:00+00:00,4159,183.038726807
2013-11-09T07:40:00+00:00,4159,214.191009521
2013-11-09T07:50:00+00:00,4159,202.960906982
2013-11-09T08:00:00+00:00,4159,187.086776733
2013-11-09T08:10:00+00:00,4159,195.054885864
2013-11-09T08:20:00+00:00,4159,216.12538147
2013-11-09T08:30:00+00:00,4159,233.067901611
2013-11-09T08:40:00+00:00,4159,218.467849731
2013-11-09T08:50:00+00:00,4159,261.372619629
2013-11-09T09:00:00+00:00,4159,192.756637573
2013-11-09T09:10:00+00:00,4159,253.35319519
2013-11-09T09:20:00+00:00,4159,248.075927734
2013-11-09T09:30:00+00:00,4159,236.87260437
2013-11-09T09:40:00+00:00,4159,250.40184021
2013-11-09T09:50:00+00:00,4159,219.747787476
2013-11-09T10:00:00+00:00,4159,257.816467285
2013-11-09T10:10:00+00:00,4159,244.566360474
2013-11-09T10:20:00+00:00,4159,345.253997803
2013-11-09T10:30:00+00:00,4159,328.183105469
2013-11-09T10:40:00+00:00,4159,314.026367188
2013-11-09T10:50:00+00:00,4159,291.378417969
2013-11-09T11:00:00+00:00,4159,317.297454834
2013-11-09T11:10:00+00:00,4159,295.871063232
2013-11-09T11:20:00+00:00,4159,284.778991699
2013-11-09T11:30:00+00:00,4159,339.476348877
2013-11-09T11:40:00+00:00,4159,315.069000244
2013-11-09T11:50:00+00:00,4159,350.673583984
2013-11-09T12:00:00+00:00,4159,278.338867188
2013-11-09T12:10:00+00:00,4159,285.779174805
2013-11-09T12:20:00+00:00,4159,307.227386475
2013-11-09T12:30:00+00:00,4159,251.430252075
2013-11-09T12:40:00+00:00,4159,293.859863281
2013-11-09T12:50:00+00:00,4159,250.874786377
2013-11-09T13:00:00+00:00,4159,255.181350708
2013-11-09T13:10:00+00:00,4159,282.560577393
2013-11-09T13:20:00+00:00,4159,263.252227783
2013-11-09T13:30:00+00:00,4159,258.684539795
2013-11-09T13:40:00+00:00,4159,253.989074707
2013-11-09T13:50:00+00:00,4159,284.846557617
2013-11-09T14:00:00+00:00,4159,285.200744629
2013-11-09T14:10:00+00:00,4159,274.557922363
2013-11-09T14:20:00+00:00,4159,269.917022705
2013-11-09T14:30:00+00:00,4159,251.864837646
2013-11-09T14:40:00+00:00,4159,235.207885742
2013-11-09T14:50:00+00:00,4159,270.071746826
2013-11-09T15:00:00+00:00,4159,244.60987854
2013-11-09T15:10:00+00:00,4159,271.970611572
2013-11-09T15:20:00+00:00,4159,259.917114258
2013-11-09T15:30:00+00:00,4159,250.150924683
2013-11-09T15:40:00+00:00,4159,294.195281982
2013-11-09T15:50:00+00:00,4159,359.170776367
2013-11-09T16:00:00+00:00,4159,300.679931641
2013-11-09T16:10:00+00:00,4159,278.448425293
2013-11-09T16:20:00+00:00,4159,250.787872314
2013-11-09T16:30:00+00:00,4159,243.130554199
2013-11-09T16:40:00+00:00,4159,310.602233887
2013-11-09T16:50:00+00:00,4159,283.181915283
2013-11-09T17:00:00+00:00,4159,292.521362305
2013-11-09T17:10:00+00:00,4159,263.305603027
2013-11-09T17:20:00+00:00,4159,253.994125366
2013-11-09T17:30:00+00:00,4159,343.61050415
2013-11-09T17:40:00+00:00,4159,268.135009766
2013-11-09T17:50:00+00:00,4159,280.664550781
2013-11-09T18:00:00+00:00,4159,271.396331787
2013-11-09T18:10:00+00:00,4159,263.007629395
2013-11-09T18:20:00+00:00,4159,235.574798584
2013-11-09T18:30:00+00:00,4159,240.752502441
2013-11-09T18:40:00+00:00,4159,251.932052612
2013-11-09T18:50:00+00:00,4159,224.82081604
2013-11-09T19:00:00+00:00,4159,232.830566406
2013-11-09T19:10:00+00:00,4159,273.372314453
2013-11-09T19:20:00+00:00,4159,254.994750977
2013-11-09T19:30:00+00:00,4159,248.887786865
2013-11-09T19:40:00+00:00,4159,234.285842896
2013-11-09T19:50:00+00:00,4159,248.773513794
2013-11-09T20:00:00+00:00,4159,203.976959229
2013-11-09T20:10:00+00:00,4159,223.513305664
2013-11-09T20:20:00+00:00,4159,216.01574707
2013-11-09T20:30:00+00:00,4159,197.917831421
2013-11-09T20:40:00+00:00,4159,214.83026123
2013-11-09T20:50:00+00:00,4159,229.248031616
2013-11-09T21:00:00+00:00,4159,211.53175354
2013-11-09T21:10:00+00:00,4159,207.4090271
2013-11-09T21:20:00+00:00,4159,202.719192505
2013-11-09T21:30:00+00:00,4159,296.878234863
2013-11-09T21:40:00+00:00,4159,261.80960083
2013-11-09T21:50:00+00:00,4159,228.437683105
2013-11-09T22:00:00+00:00,4159,209.980453491
2013-11-09T22:10:00+00:00,4159,240.922805786
2013-11-09T22:20:00+00:00,4159,242.184707642
2013-11-09T22:30:00+00:00,4159,221.964645386
2013-11-09T22:40:00+00:00,4159,219.675567627
2013-11-09T22:50:00+00:00,4159,247.507110596
2013-11-09T23:00:00+00:00,4159,244.837768555
2013-11-09T23:10:00+00:00,4159,233.439682007
2013-11-09T23:20:00+00:00,4159,254.040542603
2013-11-09T23:30:00+00:00,4159,221.172409058
2013-11-09T23:40:00+00:00,4159,220.268264771
2013-11-09T23:50:00+00:00,4159,312.342315674
2013-11-10T00:00:00+00:00,4159,270.809844971
2013-11-10T00:10:00+00:00,4159,218.953735352
2013-11-10T00:20:00+00:00,4159,255.109680176
2013-11-10T00:30:00+00:00,4159,232.45425415
2013-11-10T00:40:00+00:00,4159,290.641265869
2013-11-10T00:50:00+00:00,4159,234.87902832
2013-11-10T01:00:00+00:00,4159,238.127120972
2013-11-10T01:10:00+00:00,4159,203.980957031
2013-11-10T01:20:00+00:00,4159,206.638137817
2013-11-10T01:30:00+00:00,4159,198.202667236
2013-11-10T01:40:00+00:00,4159,198.08581543
2013-11-10T01:50:00+00:00,4159,218.201507568
2013-11-10T02:00:00+00:00,4159,237.914123535
2013-11-10T02:10:00+00:00,4159,159.499008179
2013-11-10T02:30:00+00:00,4159,191.357299805
2013-11-10T02:40:00+00:00,4159,188.177337646
2013-11-10T03:00:00+00:00,4159,153.294296265
2013-11-10T03:10:00+00:00,4159,208.415740967
2013-11-10T04:00:00+00:00,4159,132.758377075
2013-11-10T04:10:00+00:00,4159,120.160232544
2013-11-10T05:20:00+00:00,4159,135.043380737
2013-11-10T06:10:00+00:00,4159,133.462142944
2013-11-10T06:20:00+00:00,4159,134.330581665
2013-11-10T06:40:00+00:00,4159,141.749191284
2013-11-10T07:00:00+00:00,4159,159.014404297
2013-11-10T07:10:00+00:00,4159,156.851272583
2013-11-10T07:20:00+00:00,4159,159.454879761
2013-11-10T07:30:00+00:00,4159,156.052383423
2013-11-10T07:40:00+00:00,4159,191.710296631
2013-11-10T07:50:00+00:00,4159,165.067489624
2013-11-10T08:00:00+00:00,4159,218.386291504
2013-11-10T08:10:00+00:00,4159,433.95602417
2013-11-10T08:20:00+00:00,4159,222.237243652
2013-11-10T08:30:00+00:00,4159,172.830093384
2013-11-10T08:40:00+00:00,4159,186.542541504
2013-11-10T08:50:00+00:00,4159,168.87361145
2013-11-10T09:00:00+00:00,4159,241.990631104
2013-11-10T09:10:00+00:00,4159,319.444732666
2013-11-10T09:20:00+00:00,4159,216.160766602
2013-11-10T09:30:00+00:00,4159,247.415206909
2013-11-10T09:40:00+00:00,4159,240.275894165
2013-11-10T09:50:00+00:00,4159,218.708648682
2013-11-10T10:00:00+00:00,4159,228.913894653
2013-11-10T10:10:00+00:00,4159,288.664093018
2013-11-10T10:20:00+00:00,4159,311.872192383
2013-11-10T10:30:00+00:00,4159,271.516723633
2013-11-10T10:40:00+00:00,4159,266.421081543
2013-11-10T10:50:00+00:00,4159,183.354904175
2013-11-10T11:00:00+00:00,4159,196.242263794
2013-11-10T11:10:00+00:00,4159,204.127120972
2013-11-10T11:20:00+00:00,4159,197.924728394
2013-11-10T11:30:00+00:00,4159,203.420166016
2013-11-10T11:40:00+00:00,4159,263.231384277
2013-11-10T11:50:00+00:00,4159,200.400192261
2013-11-10T12:00:00+00:00,4159,223.934539795
2013-11-10T12:10:00+00:00,4159,240.734542847
2013-11-10T12:20:00+00:00,4159,219.514938354
2013-11-10T12:30:00+00:00,4159,274.016662598
2013-11-10T12:40:00+00:00,4159,244.868759155
2013-11-10T12:50:00+00:00,4159,207.259414673
2013-11-10T13:00:00+00:00,4159,295.38369751
2013-11-10T13:10:00+00:00,4159,220.792327881
2013-11-10T13:20:00+00:00,4159,218.381027222
2013-11-10T13:30:00+00:00,4159,223.128738403
2013-11-10T13:40:00+00:00,4159,224.483581543
2013-11-10T13:50:00+00:00,4159,219.946289062
2013-11-10T14:00:00+00:00,4159,211.162612915
2013-11-10T14:10:00+00:00,4159,194.928649902
2013-11-10T14:20:00+00:00,4159,216.112228394
2013-11-10T14:30:00+00:00,4159,223.779067993
2013-11-10T14:40:00+00:00,4159,207.846618652
2013-11-10T14:50:00+00:00,4159,258.281829834
2013-11-10T15:00:00+00:00,4159,181.290878296
2013-11-10T15:10:00+00:00,4159,236.979690552
2013-11-10T15:20:00+00:00,4159,250.722366333
2013-11-10T15:30:00+00:00,4159,224.52331543
2013-11-10T15:40:00+00:00,4159,255.788101196
2013-11-10T15:50:00+00:00,4159,247.49206543
2013-11-10T16:00:00+00:00,4159,264.880279541
2013-11-10T16:10:00+00:00,4159,223.451522827
2013-11-10T16:20:00+00:00,4159,247.728881836
2013-11-10T16:30:00+00:00,4159,243.369537354
2013-11-10T16:40:00+00:00,4159,234.746032715
2013-11-10T16:50:00+00:00,4159,258.652252197
2013-11-10T17:00:00+00:00,4159,278.378845215
2013-11-10T17:10:00+00:00,4159,233.09135437
2013-11-10T17:20:00+00:00,4159,273.867950439
2013-11-10T17:30:00+00:00,4159,266.020874023
2013-11-10T17:40:00+00:00,4159,272.705352783
2013-11-10T17:50:00+00:00,4159,236.773742676
2013-11-10T18:00:00+00:00,4159,312.711700439
2013-11-10T18:10:00+00:00,4159,263.376586914
2013-11-10T18:20:00+00:00,4159,233.600234985
2013-11-10T18:30:00+00:00,4159,242.902832031
2013-11-10T18:40:00+00:00,4159,270.441558838
2013-11-10T18:50:00+00:00,4159,342.491668701
2013-11-10T19:00:00+00:00,4159,259.21963501
2013-11-10T19:10:00+00:00,4159,236.990570068
2013-11-10T19:20:00+00:00,4159,225.814422607
2013-11-10T19:30:00+00:00,4159,226.664031982
2013-11-10T19:40:00+00:00,4159,265.126342773
2013-11-10T19:50:00+00:00,4159,246.629272461
2013-11-10T20:00:00+00:00,4159,250.372650146
2013-11-10T20:10:00+00:00,4159,241.951004028
2013-11-10T20:20:00+00:00,4159,201.993377686
2013-11-10T20:30:00+00:00,4159,244.991882324
2013-11-10T20:40:00+00:00,4159,226.196060181
2013-11-10T20:50:00+00:00,4159,207.669082642
2013-11-10T21:00:00+00:00,4159,238.672561646
2013-11-10T21:10:00+00:00,4159,242.58265686
2013-11-10T21:20:00+00:00,4159,225.496749878
2013-11-10T21:30:00+00:00,4159,259.932769775
2013-11-10T21:40:00+00:00,4159,240.03578186
2013-11-10T21:50:00+00:00,4159,253.018554688
2013-11-10T22:00:00+00:00,4159,263.533050537
2013-11-10T22:10:00+00:00,4159,225.262405396
2013-11-10T22:20:00+00:00,4159,242.422714233
2013-11-10T22:30:00+00:00,4159,206.87890625
2013-11-10T22:40:00+00:00,4159,191.361740112
2013-11-10T22:50:00+00:00,4159,212.820770264
2013-11-10T23:00:00+00:00,4159,192.772476196
2013-11-10T23:10:00+00:00,4159,191.660964966
2013-11-10T23:20:00+00:00,4159,197.628372192
2013-11-10T23:30:00+00:00,4159,185.53503418
2013-11-10T23:40:00+00:00,4159,191.903884888
2013-11-11T00:00:00+00:00,4159,150.954193115
2013-11-11T00:10:00+00:00,4159,143.559524536
2013-11-11T00:40:00+00:00,4159,155.890548706
2013-11-11T04:30:00+00:00,4159,136.97013855
2013-11-11T05:00:00+00:00,4159,130.637527466
2013-11-11T05:10:00+00:00,4159,138.17678833
2013-11-11T05:30:00+00:00,4159,154.632278442
2013-11-11T05:50:00+00:00,4159,150.404586792
2013-11-11T06:00:00+00:00,4159,148.653198242
2013-11-11T06:10:00+00:00,4159,158.137863159
2013-11-11T06:20:00+00:00,4159,174.338287354
2013-11-11T06:30:00+00:00,4159,201.245529175
2013-11-11T06:40:00+00:00,4159,236.422271729
2013-11-11T06:50:00+00:00,4159,235.066299438
2013-11-11T07:00:00+00:00,4159,263.796081543
2013-11-11T07:10:00+00:00,4159,335.566436768
2013-11-11T07:20:00+00:00,4159,329.919555664
2013-11-11T07:30:00+00:00,4159,344.099578857
2013-11-11T07:40:00+00:00,4159,372.07635498
2013-11-11T07:50:00+00:00,4159,411.369140625
2013-11-11T08:00:00+00:00,4159,410.961273193
2013-11-11T08:10:00+00:00,4159,422.242004395
2013-11-11T08:20:00+00:00,4159,427.008605957
2013-11-11T08:30:00+00:00,4159,402.733032227
2013-11-11T08:40:00+00:00,4159,466.851318359
2013-11-11T08:50:00+00:00,4159,461.410797119
2013-11-11T09:00:00+00:00,4159,520.558776855
2013-11-11T09:10:00+00:00,4159,629.738037109
2013-11-11T09:20:00+00:00,4159,737.468994141
2013-11-11T09:30:00+00:00,4159,552.294799805
2013-11-11T09:40:00+00:00,4159,500.172973633
2013-11-11T09:50:00+00:00,4159,565.671569824
2013-11-11T10:00:00+00:00,4159,503.172149658
2013-11-11T10:10:00+00:00,4159,527.31427002
2013-11-11T10:20:00+00:00,4159,537.325866699
2013-11-11T10:30:00+00:00,4159,531.964477539
2013-11-11T10:40:00+00:00,4159,570.576293945
2013-11-11T10:50:00+00:00,4159,540.323181152
2013-11-11T11:00:00+00:00,4159,654.011108398
2013-11-11T11:10:00+00:00,4159,678.625183105
2013-11-11T11:20:00+00:00,4159,683.484802246
2013-11-11T11:30:00+00:00,4159,604.447875977
2013-11-11T11:40:00+00:00,4159,651.01171875
2013-11-11T11:50:00+00:00,4159,628.767883301
2013-11-11T12:00:00+00:00,4159,601.17401123
2013-11-11T12:10:00+00:00,4159,691.209472656
2013-11-11T12:20:00+00:00,4159,545.998413086
2013-11-11T12:30:00+00:00,4159,679.380432129
2013-11-11T12:40:00+00:00,4159,705.982727051
2013-11-11T12:50:00+00:00,4159,630.216247559
2013-11-11T13:00:00+00:00,4159,718.893981934
2013-11-11T13:10:00+00:00,4159,630.118225098
2013-11-11T13:20:00+00:00,4159,645.459594727
2013-11-11T13:30:00+00:00,4159,630.659606934
2013-11-11T13:40:00+00:00,4159,709.951599121
2013-11-11T13:50:00+00:00,4159,633.776062012
2013-11-11T14:00:00+00:00,4159,589.380859375
2013-11-11T14:10:00+00:00,4159,617.675109863
2013-11-11T14:20:00+00:00,4159,577.613525391
2013-11-11T14:30:00+00:00,4159,615.922790527
2013-11-11T14:40:00+00:00,4159,577.773132324
2013-11-11T14:50:00+00:00,4159,612.287475586
2013-11-11T15:00:00+00:00,4159,735.318664551
2013-11-11T15:10:00+00:00,4159,793.357116699
2013-11-11T15:20:00+00:00,4159,646.341674805
2013-11-11T15:30:00+00:00,4159,625.97833252
2013-11-11T15:40:00+00:00,4159,717.030517578
2013-11-11T15:50:00+00:00,4159,588.51965332
2013-11-11T16:00:00+00:00,4159,543.288452148
2013-11-11T16:10:00+00:00,4159,639.982727051
2013-11-11T16:20:00+00:00,4159,673.829162598
2013-11-11T16:30:00+00:00,4159,652.263427734
2013-11-11T16:40:00+00:00,4159,627.340026855
2013-11-11T16:50:00+00:00,4159,614.018310547
2013-11-11T17:00:00+00:00,4159,616.769470215
2013-11-11T17:10:00+00:00,4159,639.58001709
2013-11-11T17:20:00+00:00,4159,494.681549072
2013-11-11T17:30:00+00:00,4159,558.315063477
2013-11-11T17:40:00+00:00,4159,484.091278076
2013-11-11T17:50:00+00:00,4159,519.387145996
2013-11-11T18:00:00+00:00,4159,519.041809082
2013-11-11T18:10:00+00:00,4159,467.619445801
2013-11-11T18:20:00+00:00,4159,425.207946777
2013-11-11T18:30:00+00:00,4159,482.313690186
2013-11-11T18:40:00+00:00,4159,459.903259277
2013-11-11T18:50:00+00:00,4159,397.59854126
2013-11-11T19:00:00+00:00,4159,355.832611084
2013-11-11T19:10:00+00:00,4159,337.155395508
2013-11-11T19:20:00+00:00,4159,338.307250977
2013-11-11T19:30:00+00:00,4159,309.523742676
2013-11-11T19:40:00+00:00,4159,348.257598877
2013-11-11T19:50:00+00:00,4159,436.887634277
2013-11-11T20:00:00+00:00,4159,343.633209229
2013-11-11T20:10:00+00:00,4159,316.989959717
2013-11-11T20:20:00+00:00,4159,317.825073242
2013-11-11T20:30:00+00:00,4159,316.562652588
2013-11-11T20:40:00+00:00,4159,348.786712646
2013-11-11T20:50:00+00:00,4159,344.39654541
2013-11-11T21:00:00+00:00,4159,306.562683105
2013-11-11T21:10:00+00:00,4159,343.416870117
2013-11-11T21:20:00+00:00,4159,314.65814209
2013-11-11T21:30:00+00:00,4159,283.224914551
2013-11-11T21:40:00+00:00,4159,254.010925293
2013-11-11T21:50:00+00:00,4159,247.913665771
2013-11-11T22:00:00+00:00,4159,323.956085205
2013-11-11T22:10:00+00:00,4159,253.617736816
2013-11-11T22:20:00+00:00,4159,224.795837402
2013-11-11T22:30:00+00:00,4159,278.461303711
2013-11-11T22:40:00+00:00,4159,294.834747314
2013-11-11T22:50:00+00:00,4159,238.357559204
2013-11-11T23:00:00+00:00,4159,223.205154419
2013-11-11T23:10:00+00:00,4159,228.518722534
2013-11-11T23:20:00+00:00,4159,234.676803589
2013-11-11T23:30:00+00:00,4159,196.513916016
2013-11-11T23:40:00+00:00,4159,194.873809814
2013-11-12T00:00:00+00:00,4159,182.367111206
2013-11-12T00:10:00+00:00,4159,186.216262817
2013-11-12T00:50:00+00:00,4159,182.663497925
2013-11-12T01:20:00+00:00,4159,156.955886841
2013-11-12T04:00:00+00:00,4159,143.806091309
2013-11-12T04:30:00+00:00,4159,146.43888855
2013-11-12T05:00:00+00:00,4159,144.205490112
2013-11-12T05:10:00+00:00,4159,149.795120239
2013-11-12T05:20:00+00:00,4159,144.947723389
2013-11-12T05:30:00+00:00,4159,151.576538086
2013-11-12T05:50:00+00:00,4159,150.479644775
2013-11-12T06:00:00+00:00,4159,185.812957764
2013-11-12T06:10:00+00:00,4159,211.885894775
2013-11-12T06:20:00+00:00,4159,176.580932617
2013-11-12T06:30:00+00:00,4159,207.216369629
2013-11-12T06:40:00+00:00,4159,228.707992554
2013-11-12T06:50:00+00:00,4159,282.018432617
2013-11-12T07:00:00+00:00,4159,324.242431641
2013-11-12T07:10:00+00:00,4159,358.102813721
2013-11-12T07:20:00+00:00,4159,339.118499756
2013-11-12T07:30:00+00:00,4159,402.929626465
2013-11-12T07:40:00+00:00,4159,452.602813721
2013-11-12T07:50:00+00:00,4159,523.241577148
2013-11-12T08:00:00+00:00,4159,458.488311768
2013-11-12T08:10:00+00:00,4159,465.807006836
2013-11-12T08:20:00+00:00,4159,523.104003906
2013-11-12T08:30:00+00:00,4159,600.380859375
2013-11-12T08:40:00+00:00,4159,581.501403809
2013-11-12T08:50:00+00:00,4159,639.184509277
2013-11-12T09:00:00+00:00,4159,573.275024414
2013-11-12T09:10:00+00:00,4159,599.053466797
2013-11-12T09:20:00+00:00,4159,713.856933594
2013-11-12T09:30:00+00:00,4159,639.569824219
2013-11-12T09:40:00+00:00,4159,620.203125
2013-11-12T09:50:00+00:00,4159,677.840637207
2013-11-12T10:00:00+00:00,4159,593.657897949
2013-11-12T10:10:00+00:00,4159,598.774841309
2013-11-12T10:20:00+00:00,4159,643.654296875
2013-11-12T10:30:00+00:00,4159,666.48815918
2013-11-12T10:40:00+00:00,4159,688.503540039
2013-11-12T10:50:00+00:00,4159,680.259094238
2013-11-12T11:00:00+00:00,4159,720.568237305
2013-11-12T11:10:00+00:00,4159,669.845458984
2013-11-12T11:20:00+00:00,4159,677.722290039
2013-11-12T11:30:00+00:00,4159,659.51751709
2013-11-12T11:40:00+00:00,4159,668.012145996
2013-11-12T11:50:00+00:00,4159,672.230407715
2013-11-12T12:00:00+00:00,4159,744.790344238
2013-11-12T12:10:00+00:00,4159,721.545043945
2013-11-12T12:20:00+00:00,4159,666.592651367
2013-11-12T12:30:00+00:00,4159,648.903076172
2013-11-12T12:40:00+00:00,4159,632.997314453
2013-11-12T12:50:00+00:00,4159,581.189086914
2013-11-12T13:00:00+00:00,4159,676.005981445
2013-11-12T13:10:00+00:00,4159,698.59387207
2013-11-12T13:20:00+00:00,4159,741.241088867
2013-11-12T13:30:00+00:00,4159,687.904968262
2013-11-12T13:40:00+00:00,4159,640.203491211
2013-11-12T13:50:00+00:00,4159,635.698913574
2013-11-12T14:00:00+00:00,4159,606.96887207
2013-11-12T14:10:00+00:00,4159,588.147888184
2013-11-12T14:20:00+00:00,4159,587.621520996
2013-11-12T14:30:00+00:00,4159,677.018371582
2013-11-12T14:40:00+00:00,4159,649.232177734
2013-11-12T14:50:00+00:00,4159,586.05847168
2013-11-12T15:00:00+00:00,4159,683.893005371
2013-11-12T15:10:00+00:00,4159,736.365966797
2013-11-12T15:20:00+00:00,4159,708.626525879
2013-11-12T15:30:00+00:00,4159,603.151367188
2013-11-12T15:40:00+00:00,4159,722.697814941
2013-11-12T15:50:00+00:00,4159,683.062683105
2013-11-12T16:00:00+00:00,4159,569.055114746
2013-11-12T16:10:00+00:00,4159,755.092590332
2013-11-12T16:20:00+00:00,4159,656.776184082
2013-11-12T16:30:00+00:00,4159,572.571777344
2013-11-12T16:40:00+00:00,4159,646.463928223
2013-11-12T16:50:00+00:00,4159,640.182556152
2013-11-12T17:00:00+00:00,4159,609.075622559
2013-11-12T17:10:00+00:00,4159,611.349853516
2013-11-12T17:20:00+00:00,4159,557.483581543
2013-11-12T17:30:00+00:00,4159,570.487426758
2013-11-12T17:40:00+00:00,4159,515.095825195
2013-11-12T17:50:00+00:00,4159,519.289855957
2013-11-12T18:00:00+00:00,4159,457.785064697
2013-11-12T18:10:00+00:00,4159,474.445251465
2013-11-12T18:20:00+00:00,4159,447.003356934
2013-11-12T18:30:00+00:00,4159,414.800506592
2013-11-12T18:40:00+00:00,4159,469.336914062
2013-11-12T18:50:00+00:00,4159,526.981079102
2013-11-12T19:00:00+00:00,4159,449.641906738
2013-11-12T19:10:00+00:00,4159,362.463012695
2013-11-12T19:20:00+00:00,4159,357.122955322
2013-11-12T19:30:00+00:00,4159,358.284240723
2013-11-12T19:40:00+00:00,4159,404.330047607
2013-11-12T19:50:00+00:00,4159,349.887573242
2013-11-12T20:00:00+00:00,4159,308.788208008
2013-11-12T20:10:00+00:00,4159,319.968444824
2013-11-12T20:20:00+00:00,4159,318.39855957
2013-11-12T20:30:00+00:00,4159,307.70791626
2013-11-12T20:40:00+00:00,4159,305.485443115
2013-11-12T20:50:00+00:00,4159,327.268951416
2013-11-12T21:00:00+00:00,4159,332.310516357
2013-11-12T21:10:00+00:00,4159,340.52331543
2013-11-12T21:20:00+00:00,4159,266.738067627
2013-11-12T21:30:00+00:00,4159,261.483032227
2013-11-12T21:40:00+00:00,4159,273.208312988
2013-11-12T21:50:00+00:00,4159,260.506011963
2013-11-12T22:00:00+00:00,4159,259.387542725
2013-11-12T22:10:00+00:00,4159,228.207229614
2013-11-12T22:20:00+00:00,4159,221.315856934
2013-11-12T22:30:00+00:00,4159,247.329406738
2013-11-12T22:40:00+00:00,4159,204.238464355
2013-11-12T22:50:00+00:00,4159,219.831802368
2013-11-12T23:00:00+00:00,4159,217.474319458
2013-11-12T23:10:00+00:00,4159,212.053283691
2013-11-12T23:20:00+00:00,4159,180.797546387
2013-11-12T23:30:00+00:00,4159,190.936050415
2013-11-12T23:40:00+00:00,4159,180.51159668
2013-11-12T23:50:00+00:00,4159,183.200775146
2013-11-13T00:00:00+00:00,4159,176.046813965
2013-11-13T00:20:00+00:00,4159,185.191894531
2013-11-13T00:30:00+00:00,4159,180.717163086
2013-11-13T00:50:00+00:00,4159,164.378952026
2013-11-13T01:10:00+00:00,4159,267.915802002
2013-11-13T02:00:00+00:00,4159,150.597091675
2013-11-13T04:20:00+00:00,4159,125.838493347
2013-11-13T04:30:00+00:00,4159,125.647628784
2013-11-13T05:20:00+00:00,4159,134.307922363
2013-11-13T05:30:00+00:00,4159,154.252059937
2013-11-13T05:50:00+00:00,4159,150.050582886
2013-11-13T06:00:00+00:00,4159,165.379501343
2013-11-13T06:10:00+00:00,4159,175.910095215
2013-11-13T06:20:00+00:00,4159,181.604125977
2013-11-13T06:30:00+00:00,4159,203.796661377
2013-11-13T06:40:00+00:00,4159,223.542251587
2013-11-13T06:50:00+00:00,4159,231.828887939
2013-11-13T07:00:00+00:00,4159,340.45993042
2013-11-13T07:10:00+00:00,4159,280.833343506
2013-11-13T07:20:00+00:00,4159,333.984222412
2013-11-13T07:30:00+00:00,4159,387.487426758
2013-11-13T07:40:00+00:00,4159,467.741149902
2013-11-13T07:50:00+00:00,4159,390.365570068
2013-11-13T08:00:00+00:00,4159,462.714233398
2013-11-13T08:10:00+00:00,4159,458.969970703
2013-11-13T08:20:00+00:00,4159,449.676025391
2013-11-13T08:30:00+00:00,4159,470.7706604
2013-11-13T08:40:00+00:00,4159,527.292907715
2013-11-13T08:50:00+00:00,4159,498.8203125
2013-11-13T09:00:00+00:00,4159,578.306945801
2013-11-13T09:10:00+00:00,4159,654.439086914
2013-11-13T09:20:00+00:00,4159,682.30682373
2013-11-13T09:30:00+00:00,4159,660.133300781
2013-11-13T09:40:00+00:00,4159,594.788085938
2013-11-13T09:50:00+00:00,4159,533.254638672
2013-11-13T10:00:00+00:00,4159,570.431274414
2013-11-13T10:10:00+00:00,4159,526.119140625
2013-11-13T10:20:00+00:00,4159,563.359008789
2013-11-13T10:30:00+00:00,4159,549.529785156
2013-11-13T10:40:00+00:00,4159,545.190124512
2013-11-13T10:50:00+00:00,4159,686.237854004
2013-11-13T11:00:00+00:00,4159,742.780395508
2013-11-13T11:10:00+00:00,4159,777.573242188
2013-11-13T11:20:00+00:00,4159,701.655273438
2013-11-13T11:30:00+00:00,4159,655.404174805
2013-11-13T11:40:00+00:00,4159,665.398742676
2013-11-13T11:50:00+00:00,4159,628.515014648
2013-11-13T12:00:00+00:00,4159,715.557861328
2013-11-13T12:10:00+00:00,4159,665.200561523
2013-11-13T12:20:00+00:00,4159,684.131408691
2013-11-13T12:30:00+00:00,4159,672.197387695
2013-11-13T12:40:00+00:00,4159,692.324462891
2013-11-13T12:50:00+00:00,4159,684.345703125
2013-11-13T13:00:00+00:00,4159,699.70916748
2013-11-13T13:10:00+00:00,4159,697.279418945
2013-11-13T13:20:00+00:00,4159,711.104736328
2013-11-13T13:30:00+00:00,4159,815.377807617
2013-11-13T13:40:00+00:00,4159,577.296508789
2013-11-13T13:50:00+00:00,4159,566.133544922
2013-11-13T14:00:00+00:00,4159,608.465393066
2013-11-13T14:10:00+00:00,4159,662.4765625
2013-11-13T14:20:00+00:00,4159,555.204284668
2013-11-13T14:30:00+00:00,4159,709.118408203
2013-11-13T14:40:00+00:00,4159,602.176025391
2013-11-13T14:50:00+00:00,4159,642.385986328
2013-11-13T15:00:00+00:00,4159,674.281860352
2013-11-13T15:10:00+00:00,4159,730.91619873
2013-11-13T15:20:00+00:00,4159,721.40637207
2013-11-13T15:30:00+00:00,4159,765.385375977
2013-11-13T15:40:00+00:00,4159,660.355041504
2013-11-13T15:50:00+00:00,4159,597.25958252
2013-11-13T16:00:00+00:00,4159,574.785217285
2013-11-13T16:10:00+00:00,4159,584.988342285
2013-11-13T16:20:00+00:00,4159,606.420776367
2013-11-13T16:30:00+00:00,4159,589.264526367
2013-11-13T16:40:00+00:00,4159,636.758911133
2013-11-13T16:50:00+00:00,4159,553.623779297
2013-11-13T17:00:00+00:00,4159,537.264282227
2013-11-13T17:10:00+00:00,4159,505.366210938
2013-11-13T17:20:00+00:00,4159,525.722595215
2013-11-13T17:30:00+00:00,4159,523.643737793
2013-11-13T17:40:00+00:00,4159,461.171020508
2013-11-13T17:50:00+00:00,4159,469.508483887
2013-11-13T18:00:00+00:00,4159,473.603210449
2013-11-13T18:10:00+00:00,4159,499.762664795
2013-11-13T18:20:00+00:00,4159,462.372375488
2013-11-13T18:30:00+00:00,4159,435.530548096
2013-11-13T18:40:00+00:00,4159,467.125915527
2013-11-13T18:50:00+00:00,4159,378.495758057
2013-11-13T19:00:00+00:00,4159,384.394226074
2013-11-13T19:10:00+00:00,4159,375.039367676
2013-11-13T19:20:00+00:00,4159,314.252166748
2013-11-13T19:30:00+00:00,4159,277.015319824
2013-11-13T19:40:00+00:00,4159,292.102416992
2013-11-13T19:50:00+00:00,4159,288.163146973
2013-11-13T20:00:00+00:00,4159,278.76385498
2013-11-13T20:10:00+00:00,4159,349.39855957
2013-11-13T20:20:00+00:00,4159,334.024505615
2013-11-13T20:30:00+00:00,4159,296.952056885
2013-11-13T20:40:00+00:00,4159,271.192901611
2013-11-13T20:50:00+00:00,4159,261.05871582
2013-11-13T21:00:00+00:00,4159,250.281356812
2013-11-13T21:10:00+00:00,4159,244.790115356
2013-11-13T21:20:00+00:00,4159,322.195159912
2013-11-13T21:30:00+00:00,4159,266.837646484
2013-11-13T21:40:00+00:00,4159,285.025665283
2013-11-13T21:50:00+00:00,4159,372.64755249
2013-11-13T22:00:00+00:00,4159,247.673736572
2013-11-13T22:10:00+00:00,4159,239.997894287
2013-11-13T22:20:00+00:00,4159,224.686203003
2013-11-13T22:30:00+00:00,4159,220.570663452
2013-11-13T22:40:00+00:00,4159,223.759460449
2013-11-13T22:50:00+00:00,4159,268.881072998
2013-11-13T23:00:00+00:00,4159,234.840286255
2013-11-13T23:10:00+00:00,4159,237.320510864
2013-11-13T23:20:00+00:00,4159,200.529495239
2013-11-13T23:30:00+00:00,4159,285.221405029
2013-11-13T23:40:00+00:00,4159,388.651824951
2013-11-13T23:50:00+00:00,4159,193.41696167
2013-11-14T00:00:00+00:00,4159,237.784805298
2013-11-14T00:20:00+00:00,4159,191.587783813
2013-11-14T00:30:00+00:00,4159,193.475708008
2013-11-14T00:40:00+00:00,4159,230.770080566
2013-11-14T00:50:00+00:00,4159,248.792831421
2013-11-14T01:00:00+00:00,4159,224.114517212
2013-11-14T01:10:00+00:00,4159,147.618240356
2013-11-14T03:10:00+00:00,4159,127.703346252
2013-11-14T03:50:00+00:00,4159,133.361633301
2013-11-14T05:00:00+00:00,4159,124.538063049
2013-11-14T05:10:00+00:00,4159,131.411315918
2013-11-14T05:20:00+00:00,4159,135.016647339
2013-11-14T05:30:00+00:00,4159,129.95300293
2013-11-14T05:40:00+00:00,4159,140.450408936
2013-11-14T06:00:00+00:00,4159,176.361679077
2013-11-14T06:10:00+00:00,4159,161.322952271
2013-11-14T06:20:00+00:00,4159,186.509490967
2013-11-14T06:30:00+00:00,4159,222.456939697
2013-11-14T06:40:00+00:00,4159,252.570983887
2013-11-14T06:50:00+00:00,4159,224.898574829
2013-11-14T07:00:00+00:00,4159,267.069671631
2013-11-14T07:10:00+00:00,4159,319.519561768
2013-11-14T07:20:00+00:00,4159,320.681793213
2013-11-14T07:30:00+00:00,4159,364.797637939
2013-11-14T07:40:00+00:00,4159,426.64163208
2013-11-14T07:50:00+00:00,4159,436.70098877
2013-11-14T08:00:00+00:00,4159,468.677124023
2013-11-14T08:10:00+00:00,4159,464.522583008
2013-11-14T08:20:00+00:00,4159,489.071502686
2013-11-14T08:30:00+00:00,4159,448.744445801
2013-11-14T08:40:00+00:00,4159,471.032653809
2013-11-14T08:50:00+00:00,4159,494.162719727
2013-11-14T09:00:00+00:00,4159,523.329772949
2013-11-14T09:10:00+00:00,4159,540.754821777
2013-11-14T09:20:00+00:00,4159,596.599243164
2013-11-14T09:30:00+00:00,4159,643.641174316
2013-11-14T09:40:00+00:00,4159,646.148742676
2013-11-14T09:50:00+00:00,4159,584.353027344
2013-11-14T10:00:00+00:00,4159,559.899780273
2013-11-14T10:10:00+00:00,4159,510.877197266
2013-11-14T10:20:00+00:00,4159,535.718383789
2013-11-14T10:30:00+00:00,4159,533.077880859
2013-11-14T10:40:00+00:00,4159,581.967956543
2013-11-14T10:50:00+00:00,4159,565.039916992
2013-11-14T11:00:00+00:00,4159,634.039245605
2013-11-14T11:10:00+00:00,4159,723.468444824
2013-11-14T11:20:00+00:00,4159,695.387084961
2013-11-14T11:30:00+00:00,4159,672.915649414
2013-11-14T11:40:00+00:00,4159,777.942260742
2013-11-14T11:50:00+00:00,4159,794.183959961
2013-11-14T12:00:00+00:00,4159,731.656860352
2013-11-14T12:10:00+00:00,4159,801.034301758
2013-11-14T12:20:00+00:00,4159,628.513366699
2013-11-14T12:30:00+00:00,4159,617.225524902
2013-11-14T12:40:00+00:00,4159,642.846008301
2013-11-14T12:50:00+00:00,4159,633.289733887
2013-11-14T13:00:00+00:00,4159,664.54309082
2013-11-14T13:10:00+00:00,4159,679.611999512
2013-11-14T13:20:00+00:00,4159,682.070983887
2013-11-14T13:30:00+00:00,4159,715.862854004
2013-11-14T13:40:00+00:00,4159,668.506469727
2013-11-14T13:50:00+00:00,4159,576.02557373
2013-11-14T14:00:00+00:00,4159,584.816711426
2013-11-14T14:10:00+00:00,4159,647.075561523
2013-11-14T14:20:00+00:00,4159,555.575378418
2013-11-14T14:30:00+00:00,4159,533.69934082
2013-11-14T14:40:00+00:00,4159,546.103637695
2013-11-14T14:50:00+00:00,4159,615.55291748
2013-11-14T15:00:00+00:00,4159,630.316223145
2013-11-14T15:10:00+00:00,4159,669.236999512
2013-11-14T15:20:00+00:00,4159,624.40045166
2013-11-14T15:30:00+00:00,4159,605.33013916
2013-11-14T15:40:00+00:00,4159,665.018981934
2013-11-14T15:50:00+00:00,4159,547.223205566
2013-11-14T16:00:00+00:00,4159,566.87701416
2013-11-14T16:10:00+00:00,4159,589.917480469
2013-11-14T16:20:00+00:00,4159,586.457275391
2013-11-14T16:30:00+00:00,4159,550.473815918
2013-11-14T16:40:00+00:00,4159,588.072937012
2013-11-14T16:50:00+00:00,4159,668.844543457
2013-11-14T17:00:00+00:00,4159,580.366210938
2013-11-14T17:10:00+00:00,4159,546.858642578
2013-11-14T17:20:00+00:00,4159,502.580291748
2013-11-14T17:30:00+00:00,4159,500.961700439
2013-11-14T17:40:00+00:00,4159,546.05847168
2013-11-14T17:50:00+00:00,4159,505.533935547
2013-11-14T18:00:00+00:00,4159,503.960144043
2013-11-14T18:10:00+00:00,4159,551.548278809
2013-11-14T18:20:00+00:00,4159,510.341430664
2013-11-14T18:30:00+00:00,4159,453.167602539
2013-11-14T18:40:00+00:00,4159,491.65423584
2013-11-14T18:50:00+00:00,4159,390.895629883
2013-11-14T19:00:00+00:00,4159,351.017089844
2013-11-14T19:10:00+00:00,4159,331.819061279
2013-11-14T19:20:00+00:00,4159,334.200622559
2013-11-14T19:30:00+00:00,4159,308.884521484
2013-11-14T19:40:00+00:00,4159,297.923583984
2013-11-14T19:50:00+00:00,4159,329.929229736
2013-11-14T20:00:00+00:00,4159,300.983001709
2013-11-14T20:10:00+00:00,4159,340.326202393
2013-11-14T20:20:00+00:00,4159,306.857543945
2013-11-14T20:30:00+00:00,4159,351.813262939
2013-11-14T20:40:00+00:00,4159,359.222930908
2013-11-14T20:50:00+00:00,4159,340.251434326
2013-11-14T21:00:00+00:00,4159,361.098297119
2013-11-14T21:10:00+00:00,4159,509.621887207
2013-11-14T21:20:00+00:00,4159,325.773010254
2013-11-14T21:30:00+00:00,4159,309.608734131
2013-11-14T21:40:00+00:00,4159,305.256347656
2013-11-14T21:50:00+00:00,4159,243.659133911
2013-11-14T22:00:00+00:00,4159,259.257843018
2013-11-14T22:10:00+00:00,4159,281.074401855
2013-11-14T22:20:00+00:00,4159,289.158843994
2013-11-14T22:30:00+00:00,4159,412.507385254
2013-11-14T22:40:00+00:00,4159,307.47668457
2013-11-14T22:50:00+00:00,4159,300.824615479
2013-11-14T23:00:00+00:00,4159,218.87612915
2013-11-14T23:10:00+00:00,4159,218.424835205
2013-11-14T23:20:00+00:00,4159,223.332336426
2013-11-14T23:30:00+00:00,4159,221.619628906
2013-11-14T23:40:00+00:00,4159,200.79901123
2013-11-14T23:50:00+00:00,4159,188.314590454
2013-11-15T00:00:00+00:00,4159,187.715621948
2013-11-15T00:10:00+00:00,4159,178.444396973
2013-11-15T00:20:00+00:00,4159,169.000762939
2013-11-15T00:50:00+00:00,4159,148.595794678
2013-11-15T02:50:00+00:00,4159,141.117050171
2013-11-15T03:40:00+00:00,4159,141.175796509
2013-11-15T05:00:00+00:00,4159,169.564544678
2013-11-15T05:10:00+00:00,4159,127.971031189
2013-11-15T05:40:00+00:00,4159,139.901611328
2013-11-15T05:50:00+00:00,4159,156.16796875
2013-11-15T06:00:00+00:00,4159,167.740219116
2013-11-15T06:10:00+00:00,4159,174.900054932
2013-11-15T06:20:00+00:00,4159,221.424850464
2013-11-15T06:30:00+00:00,4159,281.3565979
2013-11-15T06:40:00+00:00,4159,204.95135498
2013-11-15T06:50:00+00:00,4159,239.503707886
2013-11-15T07:00:00+00:00,4159,243.795776367
2013-11-15T07:10:00+00:00,4159,276.559387207
2013-11-15T07:20:00+00:00,4159,296.777770996
2013-11-15T07:30:00+00:00,4159,321.87902832
2013-11-15T07:40:00+00:00,4159,511.961486816
2013-11-15T07:50:00+00:00,4159,398.800506592
2013-11-15T08:00:00+00:00,4159,484.454101562
2013-11-15T08:10:00+00:00,4159,447.73059082
2013-11-15T08:20:00+00:00,4159,446.312164307
2013-11-15T08:30:00+00:00,4159,437.069946289
2013-11-15T08:40:00+00:00,4159,445.919036865
2013-11-15T08:50:00+00:00,4159,431.23034668
2013-11-15T09:00:00+00:00,4159,531.405273438
2013-11-15T09:10:00+00:00,4159,585.347412109
2013-11-15T09:20:00+00:00,4159,557.622802734
2013-11-15T09:30:00+00:00,4159,583.521972656
2013-11-15T09:40:00+00:00,4159,564.032165527
2013-11-15T09:50:00+00:00,4159,561.941650391
2013-11-15T10:00:00+00:00,4159,536.626098633
2013-11-15T10:10:00+00:00,4159,583.309143066
2013-11-15T10:20:00+00:00,4159,662.63848877
2013-11-15T10:30:00+00:00,4159,502.432495117
2013-11-15T10:40:00+00:00,4159,580.414978027
2013-11-15T10:50:00+00:00,4159,572.709777832
2013-11-15T11:00:00+00:00,4159,628.911560059
2013-11-15T11:10:00+00:00,4159,576.307128906
2013-11-15T11:20:00+00:00,4159,611.229675293
2013-11-15T11:30:00+00:00,4159,665.30657959
2013-11-15T11:40:00+00:00,4159,596.482666016
2013-11-15T11:50:00+00:00,4159,581.248718262
2013-11-15T12:00:00+00:00,4159,658.167724609
2013-11-15T12:10:00+00:00,4159,673.531616211
2013-11-15T12:20:00+00:00,4159,607.049743652
2013-11-15T12:30:00+00:00,4159,610.197814941
2013-11-15T12:40:00+00:00,4159,715.138977051
2013-11-15T12:50:00+00:00,4159,580.381347656
2013-11-15T13:00:00+00:00,4159,637.202209473
2013-11-15T13:10:00+00:00,4159,594.393554688
2013-11-15T13:20:00+00:00,4159,571.235534668
2013-11-15T13:30:00+00:00,4159,576.821899414
2013-11-15T13:40:00+00:00,4159,575.221435547
2013-11-15T13:50:00+00:00,4159,581.356079102
2013-11-15T14:00:00+00:00,4159,580.794494629
2013-11-15T14:10:00+00:00,4159,501.583282471
2013-11-15T14:20:00+00:00,4159,472.066741943
2013-11-15T14:30:00+00:00,4159,518.037658691
2013-11-15T14:40:00+00:00,4159,519.942871094
2013-11-15T14:50:00+00:00,4159,494.577209473
2013-11-15T15:00:00+00:00,4159,540.407287598
2013-11-15T15:10:00+00:00,4159,527.375061035
2013-11-15T15:20:00+00:00,4159,468.15222168
2013-11-15T15:30:00+00:00,4159,498.630493164
2013-11-15T15:40:00+00:00,4159,484.613250732
2013-11-15T15:50:00+00:00,4159,492.124267578
2013-11-15T16:00:00+00:00,4159,581.013427734
2013-11-15T16:10:00+00:00,4159,501.990722656
2013-11-15T16:20:00+00:00,4159,465.186309814
2013-11-15T16:30:00+00:00,4159,491.777252197
2013-11-15T16:40:00+00:00,4159,489.408874512
2013-11-15T16:50:00+00:00,4159,582.800720215
2013-11-15T17:00:00+00:00,4159,449.104614258
2013-11-15T17:10:00+00:00,4159,702.688781738
2013-11-15T17:20:00+00:00,4159,426.497741699
2013-11-15T17:30:00+00:00,4159,357.374145508
2013-11-15T17:40:00+00:00,4159,446.236175537
2013-11-15T17:50:00+00:00,4159,381.327270508
2013-11-15T18:00:00+00:00,4159,357.697113037
2013-11-15T18:10:00+00:00,4159,322.034179688
2013-11-15T18:20:00+00:00,4159,313.411560059
2013-11-15T18:30:00+00:00,4159,341.776947021
2013-11-15T18:40:00+00:00,4159,316.019714355
2013-11-15T18:50:00+00:00,4159,461.946838379
2013-11-15T19:00:00+00:00,4159,358.181274414
2013-11-15T19:10:00+00:00,4159,265.902587891
2013-11-15T19:20:00+00:00,4159,326.312866211
2013-11-15T19:30:00+00:00,4159,275.568634033
2013-11-15T19:40:00+00:00,4159,244.472961426
2013-11-15T19:50:00+00:00,4159,280.057189941
2013-11-15T20:00:00+00:00,4159,475.202331543
2013-11-15T20:10:00+00:00,4159,364.488006592
2013-11-15T20:20:00+00:00,4159,273.566223145
2013-11-15T20:30:00+00:00,4159,232.49559021
2013-11-15T20:40:00+00:00,4159,235.293136597
2013-11-15T20:50:00+00:00,4159,245.280426025
2013-11-15T21:00:00+00:00,4159,236.239776611
2013-11-15T21:10:00+00:00,4159,252.835861206
2013-11-15T21:20:00+00:00,4159,328.445556641
2013-11-15T21:30:00+00:00,4159,288.575775146
2013-11-15T21:40:00+00:00,4159,276.274108887
2013-11-15T21:50:00+00:00,4159,308.693481445
2013-11-15T22:00:00+00:00,4159,248.721817017
2013-11-15T22:10:00+00:00,4159,221.965026855
2013-11-15T22:20:00+00:00,4159,244.366851807
2013-11-15T22:30:00+00:00,4159,242.774932861
2013-11-15T22:40:00+00:00,4159,184.58215332
2013-11-15T22:50:00+00:00,4159,190.670013428
2013-11-15T23:00:00+00:00,4159,199.71081543
2013-11-15T23:10:00+00:00,4159,170.621917725
2013-11-15T23:20:00+00:00,4159,267.47958374
2013-11-15T23:30:00+00:00,4159,192.239212036
2013-11-15T23:40:00+00:00,4159,154.680709839
2013-11-15T23:50:00+00:00,4159,190.948760986
2013-11-16T00:00:00+00:00,4159,190.465499878
2013-11-16T00:10:00+00:00,4159,186.165847778
2013-11-16T00:20:00+00:00,4159,179.909378052
2013-11-16T00:30:00+00:00,4159,173.008895874
2013-11-16T00:40:00+00:00,4159,156.765625
2013-11-16T00:50:00+00:00,4159,165.538925171
2013-11-16T01:00:00+00:00,4159,160.638778687
2013-11-16T01:20:00+00:00,4159,155.330780029
2013-11-16T02:10:00+00:00,4159,122.562957764
2013-11-16T02:20:00+00:00,4159,157.378997803
2013-11-16T02:30:00+00:00,4159,175.71824646
2013-11-16T03:00:00+00:00,4159,133.497802734
2013-11-16T03:20:00+00:00,4159,146.455429077
2013-11-16T04:00:00+00:00,4159,128.131332397
2013-11-16T04:40:00+00:00,4159,110.806167603
2013-11-16T05:30:00+00:00,4159,122.01008606
2013-11-16T05:40:00+00:00,4159,113.798774719
2013-11-16T06:10:00+00:00,4159,125.149009705
2013-11-16T06:20:00+00:00,4159,132.730621338
2013-11-16T06:30:00+00:00,4159,164.513793945
2013-11-16T06:40:00+00:00,4159,145.801422119
2013-11-16T06:50:00+00:00,4159,176.704803467
2013-11-16T07:00:00+00:00,4159,163.363037109
2013-11-16T07:10:00+00:00,4159,164.731506348
2013-11-16T07:20:00+00:00,4159,169.937576294
2013-11-16T07:30:00+00:00,4159,196.697998047
2013-11-16T07:40:00+00:00,4159,223.072952271
2013-11-16T07:50:00+00:00,4159,228.457305908
2013-11-16T08:00:00+00:00,4159,209.192504883
2013-11-16T08:10:00+00:00,4159,279.902099609
2013-11-16T08:20:00+00:00,4159,208.965499878
2013-11-16T08:30:00+00:00,4159,199.252975464
2013-11-16T08:40:00+00:00,4159,193.986343384
2013-11-16T08:50:00+00:00,4159,229.812973022
2013-11-16T09:00:00+00:00,4159,248.113388062
2013-11-16T09:10:00+00:00,4159,223.137405396
2013-11-16T09:20:00+00:00,4159,267.971160889
2013-11-16T09:30:00+00:00,4159,284.466369629
2013-11-16T09:40:00+00:00,4159,314.677825928
2013-11-16T09:50:00+00:00,4159,251.276702881
2013-11-16T10:00:00+00:00,4159,247.110061646
2013-11-16T10:10:00+00:00,4159,265.301818848
2013-11-16T10:20:00+00:00,4159,283.722595215
2013-11-16T10:30:00+00:00,4159,244.596603394
2013-11-16T10:40:00+00:00,4159,226.676452637
2013-11-16T10:50:00+00:00,4159,246.720779419
2013-11-16T11:00:00+00:00,4159,255.195922852
2013-11-16T11:10:00+00:00,4159,291.861297607
2013-11-16T11:20:00+00:00,4159,281.326660156
2013-11-16T11:30:00+00:00,4159,213.08934021
2013-11-16T11:40:00+00:00,4159,252.962799072
2013-11-16T11:50:00+00:00,4159,263.201080322
2013-11-16T12:00:00+00:00,4159,336.47076416
2013-11-16T12:10:00+00:00,4159,250.831939697
2013-11-16T12:20:00+00:00,4159,258.770446777
2013-11-16T12:30:00+00:00,4159,264.118713379
2013-11-16T12:40:00+00:00,4159,266.537261963
2013-11-16T12:50:00+00:00,4159,281.899780273
2013-11-16T13:00:00+00:00,4159,272.399200439
2013-11-16T13:10:00+00:00,4159,299.581604004
2013-11-16T13:20:00+00:00,4159,345.388061523
2013-11-16T13:30:00+00:00,4159,308.983734131
2013-11-16T13:40:00+00:00,4159,248.403030396
2013-11-16T13:50:00+00:00,4159,256.033630371
2013-11-16T14:00:00+00:00,4159,303.789337158
2013-11-16T14:10:00+00:00,4159,251.521179199
2013-11-16T14:20:00+00:00,4159,332.287780762
2013-11-16T14:30:00+00:00,4159,259.613220215
2013-11-16T14:40:00+00:00,4159,255.332168579
2013-11-16T14:50:00+00:00,4159,284.786010742
2013-11-16T15:00:00+00:00,4159,311.634796143
2013-11-16T15:10:00+00:00,4159,299.861480713
2013-11-16T15:20:00+00:00,4159,317.688812256
2013-11-16T15:30:00+00:00,4159,304.771148682
2013-11-16T15:40:00+00:00,4159,284.648590088
2013-11-16T15:50:00+00:00,4159,271.01852417
2013-11-16T16:00:00+00:00,4159,310.344970703
2013-11-16T16:10:00+00:00,4159,320.129211426
2013-11-16T16:20:00+00:00,4159,321.5831604
2013-11-16T16:30:00+00:00,4159,294.327270508
2013-11-16T16:40:00+00:00,4159,345.782897949
2013-11-16T16:50:00+00:00,4159,281.464996338
2013-11-16T17:00:00+00:00,4159,344.184997559
2013-11-16T17:10:00+00:00,4159,246.535400391
2013-11-16T17:20:00+00:00,4159,268.160339355
2013-11-16T17:30:00+00:00,4159,395.885437012
2013-11-16T17:40:00+00:00,4159,234.771377563
2013-11-16T17:50:00+00:00,4159,250.631515503
2013-11-16T18:00:00+00:00,4159,257.262390137
2013-11-16T18:10:00+00:00,4159,224.587966919
2013-11-16T18:20:00+00:00,4159,233.490219116
2013-11-16T18:30:00+00:00,4159,212.936767578
2013-11-16T18:40:00+00:00,4159,266.359588623
2013-11-16T18:50:00+00:00,4159,211.718170166
2013-11-16T19:00:00+00:00,4159,221.449432373
2013-11-16T19:10:00+00:00,4159,230.252822876
2013-11-16T19:20:00+00:00,4159,249.651641846
2013-11-16T19:30:00+00:00,4159,227.531509399
2013-11-16T19:40:00+00:00,4159,239.76512146
2013-11-16T19:50:00+00:00,4159,211.326278687
2013-11-16T20:00:00+00:00,4159,262.42565918
2013-11-16T20:10:00+00:00,4159,279.432342529
2013-11-16T20:20:00+00:00,4159,225.256637573
2013-11-16T20:30:00+00:00,4159,219.957199097
2013-11-16T20:40:00+00:00,4159,199.148651123
2013-11-16T20:50:00+00:00,4159,219.538833618
2013-11-16T21:00:00+00:00,4159,208.62322998
2013-11-16T21:10:00+00:00,4159,196.686676025
2013-11-16T21:20:00+00:00,4159,215.445037842
2013-11-16T21:30:00+00:00,4159,215.221160889
2013-11-16T21:40:00+00:00,4159,209.555145264
2013-11-16T21:50:00+00:00,4159,194.256988525
2013-11-16T22:00:00+00:00,4159,218.347824097
2013-11-16T22:10:00+00:00,4159,243.901504517
2013-11-16T22:20:00+00:00,4159,220.927810669
2013-11-16T22:30:00+00:00,4159,237.181869507
2013-11-16T22:40:00+00:00,4159,209.815185547
2013-11-16T22:50:00+00:00,4159,216.990081787
2013-11-16T23:00:00+00:00,4159,260.446044922
2013-11-16T23:10:00+00:00,4159,224.766845703
2013-11-16T23:20:00+00:00,4159,251.362533569
2013-11-16T23:30:00+00:00,4159,207.629455566
2013-11-16T23:40:00+00:00,4159,235.91468811
2013-11-16T23:50:00+00:00,4159,237.037460327
2013-11-17T00:00:00+00:00,4159,383.828186035
2013-11-17T00:10:00+00:00,4159,239.879928589
2013-11-17T00:20:00+00:00,4159,229.752029419
2013-11-17T00:30:00+00:00,4159,222.174530029
2013-11-17T00:40:00+00:00,4159,219.172927856
2013-11-17T00:50:00+00:00,4159,236.400756836
2013-11-17T01:00:00+00:00,4159,221.472808838
2013-11-17T01:10:00+00:00,4159,216.642349243
2013-11-17T01:20:00+00:00,4159,225.563613892
2013-11-17T01:30:00+00:00,4159,224.568771362
2013-11-17T01:40:00+00:00,4159,245.998779297
2013-11-17T01:50:00+00:00,4159,239.803329468
2013-11-17T02:00:00+00:00,4159,233.054534912
2013-11-17T02:10:00+00:00,4159,222.649505615
2013-11-17T02:20:00+00:00,4159,214.503372192
2013-11-17T02:30:00+00:00,4159,211.053604126
2013-11-17T02:40:00+00:00,4159,195.082763672
2013-11-17T02:50:00+00:00,4159,208.756896973
2013-11-17T03:00:00+00:00,4159,212.464599609
2013-11-17T03:10:00+00:00,4159,182.872299194
2013-11-17T03:20:00+00:00,4159,187.245773315
2013-11-17T03:30:00+00:00,4159,225.429702759
2013-11-17T03:40:00+00:00,4159,159.830505371
2013-11-17T03:50:00+00:00,4159,161.924850464
2013-11-17T04:00:00+00:00,4159,153.301635742
2013-11-17T04:10:00+00:00,4159,156.117797852
2013-11-17T04:20:00+00:00,4159,131.164886475
2013-11-17T04:30:00+00:00,4159,162.298660278
2013-11-17T04:40:00+00:00,4159,145.614242554
2013-11-17T04:50:00+00:00,4159,125.368225098
2013-11-17T05:00:00+00:00,4159,143.264373779
2013-11-17T06:00:00+00:00,4159,114.409973145
2013-11-17T06:20:00+00:00,4159,108.792709351
2013-11-17T06:40:00+00:00,4159,114.964637756
2013-11-17T07:00:00+00:00,4159,129.474029541
2013-11-17T07:10:00+00:00,4159,117.576568604
2013-11-17T07:20:00+00:00,4159,116.706291199
2013-11-17T07:30:00+00:00,4159,141.696853638
2013-11-17T07:40:00+00:00,4159,123.388938904
2013-11-17T07:50:00+00:00,4159,122.15397644
2013-11-17T08:00:00+00:00,4159,131.318191528
2013-11-17T08:10:00+00:00,4159,137.777526855
2013-11-17T08:20:00+00:00,4159,131.005157471
2013-11-17T08:30:00+00:00,4159,177.779998779
2013-11-17T08:40:00+00:00,4159,160.565917969
2013-11-17T08:50:00+00:00,4159,131.778167725
2013-11-17T09:00:00+00:00,4159,148.734817505
2013-11-17T09:10:00+00:00,4159,164.977142334
2013-11-17T09:20:00+00:00,4159,181.451034546
2013-11-17T09:30:00+00:00,4159,184.495651245
2013-11-17T09:40:00+00:00,4159,157.396713257
2013-11-17T09:50:00+00:00,4159,173.224807739
2013-11-17T10:00:00+00:00,4159,166.805465698
2013-11-17T10:10:00+00:00,4159,177.608551025
2013-11-17T10:20:00+00:00,4159,185.824645996
2013-11-17T10:30:00+00:00,4159,198.671646118
2013-11-17T10:40:00+00:00,4159,195.654159546
2013-11-17T10:50:00+00:00,4159,206.264984131
2013-11-17T11:00:00+00:00,4159,208.772888184
2013-11-17T11:10:00+00:00,4159,238.798568726
2013-11-17T11:20:00+00:00,4159,187.933151245
2013-11-17T11:30:00+00:00,4159,171.712005615
2013-11-17T11:40:00+00:00,4159,171.958023071
2013-11-17T11:50:00+00:00,4159,193.825897217
2013-11-17T12:00:00+00:00,4159,192.400299072
2013-11-17T12:10:00+00:00,4159,188.033874512
2013-11-17T12:20:00+00:00,4159,193.863235474
2013-11-17T12:30:00+00:00,4159,233.20552063
2013-11-17T12:40:00+00:00,4159,248.762054443
2013-11-17T12:50:00+00:00,4159,191.319869995
2013-11-17T13:00:00+00:00,4159,190.864868164
2013-11-17T13:10:00+00:00,4159,178.313812256
2013-11-17T13:20:00+00:00,4159,182.16078186
2013-11-17T13:30:00+00:00,4159,205.516571045
2013-11-17T13:40:00+00:00,4159,216.266769409
2013-11-17T13:50:00+00:00,4159,239.450042725
2013-11-17T14:00:00+00:00,4159,244.67086792
2013-11-17T14:10:00+00:00,4159,239.302993774
2013-11-17T14:20:00+00:00,4159,248.39994812
2013-11-17T14:30:00+00:00,4159,247.750869751
2013-11-17T14:40:00+00:00,4159,231.669876099
2013-11-17T14:50:00+00:00,4159,230.455566406
2013-11-17T15:00:00+00:00,4159,200.656448364
2013-11-17T15:10:00+00:00,4159,226.094696045
2013-11-17T15:20:00+00:00,4159,204.207885742
2013-11-17T15:30:00+00:00,4159,236.38923645
2013-11-17T15:40:00+00:00,4159,311.204193115
2013-11-17T15:50:00+00:00,4159,281.12612915
2013-11-17T16:00:00+00:00,4159,205.657897949
2013-11-17T16:10:00+00:00,4159,220.650802612
2013-11-17T16:20:00+00:00,4159,266.519622803
2013-11-17T16:30:00+00:00,4159,190.496566772
2013-11-17T16:40:00+00:00,4159,216.241790771
2013-11-17T16:50:00+00:00,4159,199.391967773
2013-11-17T17:00:00+00:00,4159,211.761779785
2013-11-17T17:10:00+00:00,4159,205.919387817
2013-11-17T17:20:00+00:00,4159,190.369857788
2013-11-17T17:30:00+00:00,4159,207.168273926
2013-11-17T17:40:00+00:00,4159,213.460678101
2013-11-17T17:50:00+00:00,4159,213.685897827
2013-11-17T18:00:00+00:00,4159,215.234832764
2013-11-17T18:10:00+00:00,4159,274.56262207
2013-11-17T18:20:00+00:00,4159,239.365341187
2013-11-17T18:30:00+00:00,4159,299.974151611
2013-11-17T18:40:00+00:00,4159,235.786987305
2013-11-17T18:50:00+00:00,4159,227.310745239
2013-11-17T19:00:00+00:00,4159,304.390686035
2013-11-17T19:10:00+00:00,4159,230.410675049
2013-11-17T19:20:00+00:00,4159,243.420150757
2013-11-17T19:30:00+00:00,4159,258.484863281
2013-11-17T19:40:00+00:00,4159,292.304351807
2013-11-17T19:50:00+00:00,4159,245.535369873
2013-11-17T20:00:00+00:00,4159,228.041717529
2013-11-17T20:10:00+00:00,4159,218.01109314
2013-11-17T20:20:00+00:00,4159,229.622238159
2013-11-17T20:30:00+00:00,4159,262.682220459
2013-11-17T20:40:00+00:00,4159,350.114257812
2013-11-17T20:50:00+00:00,4159,380.436645508
2013-11-17T21:00:00+00:00,4159,243.146118164
2013-11-17T21:10:00+00:00,4159,209.835464478
2013-11-17T21:20:00+00:00,4159,206.744110107
2013-11-17T21:30:00+00:00,4159,221.452972412
2013-11-17T21:40:00+00:00,4159,215.429702759
2013-11-17T21:50:00+00:00,4159,209.027801514
2013-11-17T22:00:00+00:00,4159,200.703063965
2013-11-17T22:10:00+00:00,4159,192.118682861
2013-11-17T22:20:00+00:00,4159,192.663818359
2013-11-17T22:30:00+00:00,4159,199.718353271
2013-11-17T22:40:00+00:00,4159,211.667053223
2013-11-17T22:50:00+00:00,4159,187.912002563
2013-11-17T23:00:00+00:00,4159,160.689941406
2013-11-17T23:10:00+00:00,4159,193.329544067
2013-11-17T23:20:00+00:00,4159,154.522613525
2013-11-17T23:30:00+00:00,4159,223.103759766
2013-11-17T23:40:00+00:00,4159,227.35887146
2013-11-17T23:50:00+00:00,4159,163.393264771
2013-11-18T00:00:00+00:00,4159,152.069595337
2013-11-18T00:10:00+00:00,4159,176.615341187
2013-11-18T00:30:00+00:00,4159,179.080169678
2013-11-18T00:50:00+00:00,4159,135.076828003
2013-11-18T01:00:00+00:00,4159,133.305084229
2013-11-18T01:10:00+00:00,4159,124.374694824
2013-11-18T02:00:00+00:00,4159,121.78842926
2013-11-18T04:30:00+00:00,4159,110.470489502
2013-11-18T04:50:00+00:00,4159,126.928947449
2013-11-18T05:00:00+00:00,4159,116.000099182
2013-11-18T05:10:00+00:00,4159,116.868461609
2013-11-18T05:20:00+00:00,4159,122.868286133
2013-11-18T05:30:00+00:00,4159,135.723114014
2013-11-18T05:40:00+00:00,4159,135.553619385
2013-11-18T05:50:00+00:00,4159,126.966827393
2013-11-18T06:00:00+00:00,4159,152.847549438
2013-11-18T06:10:00+00:00,4159,204.445602417
2013-11-18T06:20:00+00:00,4159,170.29083252
2013-11-18T06:30:00+00:00,4159,188.7265625
2013-11-18T06:40:00+00:00,4159,210.609680176
2013-11-18T06:50:00+00:00,4159,219.107284546
2013-11-18T07:00:00+00:00,4159,239.220474243
2013-11-18T07:10:00+00:00,4159,295.034973145
2013-11-18T07:20:00+00:00,4159,304.868865967
2013-11-18T07:30:00+00:00,4159,352.807800293
2013-11-18T07:40:00+00:00,4159,360.130065918
2013-11-18T07:50:00+00:00,4159,394.078491211
2013-11-18T08:00:00+00:00,4159,420.154754639
2013-11-18T08:10:00+00:00,4159,425.667938232
2013-11-18T08:20:00+00:00,4159,478.817718506
2013-11-18T08:30:00+00:00,4159,486.1925354
2013-11-18T08:40:00+00:00,4159,450.16897583
2013-11-18T08:50:00+00:00,4159,495.892730713
2013-11-18T09:00:00+00:00,4159,508.916137695
2013-11-18T09:10:00+00:00,4159,627.97845459
2013-11-18T09:20:00+00:00,4159,655.448669434
2013-11-18T09:30:00+00:00,4159,632.438903809
2013-11-18T09:40:00+00:00,4159,610.835205078
2013-11-18T09:50:00+00:00,4159,551.702087402
2013-11-18T10:00:00+00:00,4159,606.213684082
2013-11-18T10:10:00+00:00,4159,621.341125488
2013-11-18T10:20:00+00:00,4159,588.885375977
2013-11-18T10:30:00+00:00,4159,570.78137207
2013-11-18T10:40:00+00:00,4159,687.11151123
2013-11-18T10:50:00+00:00,4159,610.845275879
2013-11-18T11:00:00+00:00,4159,680.296020508
2013-11-18T11:10:00+00:00,4159,719.901977539
2013-11-18T11:20:00+00:00,4159,626.519775391
2013-11-18T11:30:00+00:00,4159,622.481994629
2013-11-18T11:40:00+00:00,4159,618.211425781
2013-11-18T11:50:00+00:00,4159,758.129394531
2013-11-18T12:00:00+00:00,4159,743.527038574
2013-11-18T12:10:00+00:00,4159,733.913574219
2013-11-18T12:20:00+00:00,4159,726.436157227
2013-11-18T12:30:00+00:00,4159,649.425048828
2013-11-18T12:40:00+00:00,4159,707.981262207
2013-11-18T12:50:00+00:00,4159,783.233703613
2013-11-18T13:00:00+00:00,4159,798.586547852
2013-11-18T13:10:00+00:00,4159,785.980895996
2013-11-18T13:20:00+00:00,4159,715.117736816
2013-11-18T13:30:00+00:00,4159,676.419616699
2013-11-18T13:40:00+00:00,4159,620.077209473
2013-11-18T13:50:00+00:00,4159,645.242492676
2013-11-18T14:00:00+00:00,4159,593.831481934
2013-11-18T14:10:00+00:00,4159,632.889343262
2013-11-18T14:20:00+00:00,4159,625.791992188
2013-11-18T14:30:00+00:00,4159,587.881103516
2013-11-18T14:40:00+00:00,4159,577.80871582
2013-11-18T14:50:00+00:00,4159,669.802368164
2013-11-18T15:00:00+00:00,4159,732.386230469
2013-11-18T15:10:00+00:00,4159,743.807922363
2013-11-18T15:20:00+00:00,4159,621.101501465
2013-11-18T15:30:00+00:00,4159,720.271911621
2013-11-18T15:40:00+00:00,4159,663.934936523
2013-11-18T15:50:00+00:00,4159,699.414489746
2013-11-18T16:00:00+00:00,4159,631.382263184
2013-11-18T16:10:00+00:00,4159,586.550048828
2013-11-18T16:20:00+00:00,4159,597.128417969
2013-11-18T16:30:00+00:00,4159,633.212036133
2013-11-18T16:40:00+00:00,4159,697.140075684
2013-11-18T16:50:00+00:00,4159,673.371582031
2013-11-18T17:00:00+00:00,4159,578.456970215
2013-11-18T17:10:00+00:00,4159,615.934020996
2013-11-18T17:20:00+00:00,4159,547.133666992
2013-11-18T17:30:00+00:00,4159,487.530212402
2013-11-18T17:40:00+00:00,4159,485.164672852
2013-11-18T17:50:00+00:00,4159,437.835357666
2013-11-18T18:00:00+00:00,4159,497.401092529
2013-11-18T18:10:00+00:00,4159,437.68536377
2013-11-18T18:20:00+00:00,4159,402.582946777
2013-11-18T18:30:00+00:00,4159,508.288116455
2013-11-18T18:40:00+00:00,4159,426.01574707
2013-11-18T18:50:00+00:00,4159,359.532318115
2013-11-18T19:00:00+00:00,4159,412.416595459
2013-11-18T19:10:00+00:00,4159,347.727478027
2013-11-18T19:20:00+00:00,4159,316.837738037
2013-11-18T19:30:00+00:00,4159,324.51550293
2013-11-18T19:40:00+00:00,4159,302.655487061
2013-11-18T19:50:00+00:00,4159,287.943267822
2013-11-18T20:00:00+00:00,4159,327.751983643
2013-11-18T20:10:00+00:00,4159,382.685302734
2013-11-18T20:20:00+00:00,4159,264.317260742
2013-11-18T20:30:00+00:00,4159,310.993621826
2013-11-18T20:40:00+00:00,4159,271.379730225
2013-11-18T20:50:00+00:00,4159,283.905609131
2013-11-18T21:00:00+00:00,4159,267.959777832
2013-11-18T21:10:00+00:00,4159,282.14074707
2013-11-18T21:20:00+00:00,4159,246.367584229
2013-11-18T21:30:00+00:00,4159,285.265228271
2013-11-18T21:40:00+00:00,4159,249.697784424
2013-11-18T21:50:00+00:00,4159,236.385223389
2013-11-18T22:00:00+00:00,4159,231.599411011
2013-11-18T22:10:00+00:00,4159,220.948348999
2013-11-18T22:20:00+00:00,4159,261.009155273
2013-11-18T22:30:00+00:00,4159,227.592712402
2013-11-18T22:40:00+00:00,4159,228.74822998
2013-11-18T22:50:00+00:00,4159,212.046813965
2013-11-18T23:00:00+00:00,4159,207.484802246
2013-11-18T23:10:00+00:00,4159,214.517471313
2013-11-18T23:20:00+00:00,4159,284.855529785
2013-11-18T23:30:00+00:00,4159,193.854141235
2013-11-18T23:40:00+00:00,4159,185.882125854
2013-11-18T23:50:00+00:00,4159,164.532470703
2013-11-19T00:20:00+00:00,4159,154.763092041
2013-11-19T00:40:00+00:00,4159,162.338470459
2013-11-19T01:00:00+00:00,4159,143.390762329
2013-11-19T01:20:00+00:00,4159,157.316436768
2013-11-19T01:40:00+00:00,4159,136.043960571
2013-11-19T04:00:00+00:00,4159,116.018203735
2013-11-19T04:10:00+00:00,4159,121.656661987
2013-11-19T05:00:00+00:00,4159,118.920524597
2013-11-19T05:10:00+00:00,4159,123.743392944
2013-11-19T05:20:00+00:00,4159,131.696517944
2013-11-19T05:30:00+00:00,4159,137.278594971
2013-11-19T05:50:00+00:00,4159,159.599731445
2013-11-19T06:00:00+00:00,4159,153.411315918
2013-11-19T06:10:00+00:00,4159,189.661483765
2013-11-19T06:20:00+00:00,4159,169.934295654
2013-11-19T06:30:00+00:00,4159,193.512329102
2013-11-19T06:40:00+00:00,4159,209.649368286
2013-11-19T06:50:00+00:00,4159,239.291885376
2013-11-19T07:00:00+00:00,4159,252.945617676
2013-11-19T07:10:00+00:00,4159,303.73651123
2013-11-19T07:20:00+00:00,4159,320.386138916
2013-11-19T07:30:00+00:00,4159,313.619537354
2013-11-19T07:40:00+00:00,4159,419.59362793
2013-11-19T07:50:00+00:00,4159,395.823425293
2013-11-19T08:00:00+00:00,4159,453.496124268
2013-11-19T08:10:00+00:00,4159,445.126861572
2013-11-19T08:20:00+00:00,4159,491.816467285
2013-11-19T08:30:00+00:00,4159,492.849639893
2013-11-19T08:40:00+00:00,4159,474.248321533
2013-11-19T08:50:00+00:00,4159,573.97644043
2013-11-19T09:00:00+00:00,4159,554.063110352
2013-11-19T09:10:00+00:00,4159,650.973815918
2013-11-19T09:20:00+00:00,4159,697.092651367
2013-11-19T09:30:00+00:00,4159,680.840820312
2013-11-19T09:40:00+00:00,4159,607.304321289
2013-11-19T09:50:00+00:00,4159,675.727355957
2013-11-19T10:00:00+00:00,4159,647.901367188
2013-11-19T10:10:00+00:00,4159,628.522521973
2013-11-19T10:20:00+00:00,4159,637.975830078
2013-11-19T10:30:00+00:00,4159,688.592651367
2013-11-19T10:40:00+00:00,4159,617.411315918
2013-11-19T10:50:00+00:00,4159,708.53894043
2013-11-19T11:00:00+00:00,4159,722.569091797
2013-11-19T11:10:00+00:00,4159,732.157226562
2013-11-19T11:20:00+00:00,4159,800.06463623
2013-11-19T11:30:00+00:00,4159,836.640136719
2013-11-19T11:40:00+00:00,4159,894.251342773
2013-11-19T11:50:00+00:00,4159,773.84753418
2013-11-19T12:00:00+00:00,4159,832.716796875
2013-11-19T12:10:00+00:00,4159,711.865600586
2013-11-19T12:20:00+00:00,4159,649.327636719
2013-11-19T12:30:00+00:00,4159,704.952270508
2013-11-19T12:40:00+00:00,4159,634.773864746
2013-11-19T12:50:00+00:00,4159,850.942443848
2013-11-19T13:00:00+00:00,4159,867.160766602
2013-11-19T13:10:00+00:00,4159,713.001159668
2013-11-19T13:20:00+00:00,4159,664.411193848
2013-11-19T13:30:00+00:00,4159,660.12121582
2013-11-19T13:40:00+00:00,4159,641.184814453
2013-11-19T13:50:00+00:00,4159,574.684753418
2013-11-19T14:00:00+00:00,4159,621.716003418
2013-11-19T14:10:00+00:00,4159,652.169494629
2013-11-19T14:20:00+00:00,4159,630.317138672
2013-11-19T14:30:00+00:00,4159,611.440551758
2013-11-19T14:40:00+00:00,4159,617.645935059
2013-11-19T14:50:00+00:00,4159,646.961730957
2013-11-19T15:00:00+00:00,4159,709.126708984
2013-11-19T15:10:00+00:00,4159,712.028625488
2013-11-19T15:20:00+00:00,4159,637.681091309
2013-11-19T15:30:00+00:00,4159,609.587890625
2013-11-19T15:40:00+00:00,4159,712.728820801
2013-11-19T15:50:00+00:00,4159,629.384338379
2013-11-19T16:00:00+00:00,4159,618.039550781
2013-11-19T16:10:00+00:00,4159,620.263916016
2013-11-19T16:20:00+00:00,4159,615.840820312
2013-11-19T16:30:00+00:00,4159,596.558166504
2013-11-19T16:40:00+00:00,4159,697.235107422
2013-11-19T16:50:00+00:00,4159,657.932861328
2013-11-19T17:00:00+00:00,4159,617.952941895
2013-11-19T17:10:00+00:00,4159,558.127502441
2013-11-19T17:20:00+00:00,4159,498.594726562
2013-11-19T17:30:00+00:00,4159,496.128570557
2013-11-19T17:40:00+00:00,4159,500.366699219
2013-11-19T17:50:00+00:00,4159,463.960174561
2013-11-19T18:00:00+00:00,4159,469.480377197
2013-11-19T18:10:00+00:00,4159,444.658996582
2013-11-19T18:20:00+00:00,4159,436.095123291
2013-11-19T18:30:00+00:00,4159,425.006195068
2013-11-19T18:40:00+00:00,4159,383.212615967
2013-11-19T18:50:00+00:00,4159,466.341522217
2013-11-19T19:00:00+00:00,4159,343.225402832
2013-11-19T19:10:00+00:00,4159,346.090759277
2013-11-19T19:20:00+00:00,4159,333.023376465
2013-11-19T19:30:00+00:00,4159,343.809234619
2013-11-19T19:40:00+00:00,4159,299.640716553
2013-11-19T19:50:00+00:00,4159,305.056060791
2013-11-19T20:00:00+00:00,4159,303.460662842
2013-11-19T20:10:00+00:00,4159,287.19354248
2013-11-19T20:20:00+00:00,4159,281.109100342
2013-11-19T20:30:00+00:00,4159,286.96194458
2013-11-19T20:40:00+00:00,4159,257.742156982
2013-11-19T20:50:00+00:00,4159,283.409729004
2013-11-19T21:00:00+00:00,4159,298.878479004
2013-11-19T21:10:00+00:00,4159,330.67980957
2013-11-19T21:20:00+00:00,4159,305.670532227
2013-11-19T21:30:00+00:00,4159,308.727508545
2013-11-19T21:40:00+00:00,4159,284.72164917
2013-11-19T21:50:00+00:00,4159,291.59072876
2013-11-19T22:00:00+00:00,4159,292.481719971
2013-11-19T22:10:00+00:00,4159,229.486526489
2013-11-19T22:20:00+00:00,4159,244.497695923
2013-11-19T22:30:00+00:00,4159,273.719207764
2013-11-19T22:40:00+00:00,4159,251.938995361
2013-11-19T22:50:00+00:00,4159,269.335235596
2013-11-19T23:00:00+00:00,4159,288.914398193
2013-11-19T23:10:00+00:00,4159,204.440246582
2013-11-19T23:20:00+00:00,4159,216.25100708
2013-11-19T23:30:00+00:00,4159,183.305480957
2013-11-19T23:40:00+00:00,4159,178.624740601
2013-11-19T23:50:00+00:00,4159,190.785446167
2013-11-20T00:00:00+00:00,4159,174.21522522
2013-11-20T00:10:00+00:00,4159,175.682189941
2013-11-20T00:20:00+00:00,4159,167.152664185
2013-11-20T00:30:00+00:00,4159,152.763778687
2013-11-20T00:40:00+00:00,4159,166.485717773
2013-11-20T04:40:00+00:00,4159,123.589179993
2013-11-20T05:10:00+00:00,4159,124.990493774
2013-11-20T05:20:00+00:00,4159,133.483718872
2013-11-20T05:30:00+00:00,4159,137.357452393
2013-11-20T05:40:00+00:00,4159,144.4112854
2013-11-20T05:50:00+00:00,4159,150.144805908
2013-11-20T06:00:00+00:00,4159,176.210235596
2013-11-20T06:10:00+00:00,4159,186.726165771
2013-11-20T06:20:00+00:00,4159,220.617904663
2013-11-20T06:30:00+00:00,4159,196.953918457
2013-11-20T06:40:00+00:00,4159,256.084289551
2013-11-20T06:50:00+00:00,4159,266.968994141
2013-11-20T07:00:00+00:00,4159,285.049194336
2013-11-20T07:10:00+00:00,4159,326.738708496
2013-11-20T07:20:00+00:00,4159,309.383300781
2013-11-20T07:30:00+00:00,4159,423.203063965
2013-11-20T07:40:00+00:00,4159,476.541473389
2013-11-20T07:50:00+00:00,4159,378.994476318
2013-11-20T08:00:00+00:00,4159,395.968688965
2013-11-20T08:10:00+00:00,4159,409.088134766
2013-11-20T08:20:00+00:00,4159,471.839263916
2013-11-20T08:30:00+00:00,4159,547.998901367
2013-11-20T08:40:00+00:00,4159,484.467376709
2013-11-20T08:50:00+00:00,4159,531.024291992
2013-11-20T09:00:00+00:00,4159,634.858093262
2013-11-20T09:10:00+00:00,4159,567.75201416
2013-11-20T09:20:00+00:00,4159,702.887084961
2013-11-20T09:30:00+00:00,4159,626.639404297
2013-11-20T09:40:00+00:00,4159,650.022216797
2013-11-20T09:50:00+00:00,4159,659.323181152
2013-11-20T10:00:00+00:00,4159,593.866699219
2013-11-20T10:10:00+00:00,4159,632.493896484
2013-11-20T10:20:00+00:00,4159,637.00177002
2013-11-20T10:30:00+00:00,4159,576.571289062
2013-11-20T10:40:00+00:00,4159,598.196716309
2013-11-20T10:50:00+00:00,4159,655.353881836
2013-11-20T11:00:00+00:00,4159,675.792480469
2013-11-20T11:10:00+00:00,4159,748.121582031
2013-11-20T11:20:00+00:00,4159,803.727600098
2013-11-20T11:30:00+00:00,4159,735.141235352
2013-11-20T11:40:00+00:00,4159,683.758300781
2013-11-20T11:50:00+00:00,4159,605.588745117
2013-11-20T12:00:00+00:00,4159,693.862121582
2013-11-20T12:10:00+00:00,4159,636.18371582
2013-11-20T12:20:00+00:00,4159,627.143920898
2013-11-20T12:30:00+00:00,4159,657.800109863
2013-11-20T12:40:00+00:00,4159,680.299499512
2013-11-20T12:50:00+00:00,4159,712.018249512
2013-11-20T13:00:00+00:00,4159,687.796142578
2013-11-20T13:10:00+00:00,4159,747.288391113
2013-11-20T13:20:00+00:00,4159,769.433349609
2013-11-20T13:30:00+00:00,4159,753.936523438
2013-11-20T13:40:00+00:00,4159,629.063781738
2013-11-20T13:50:00+00:00,4159,574.126831055
2013-11-20T14:00:00+00:00,4159,567.016174316
2013-11-20T14:10:00+00:00,4159,581.813842773
2013-11-20T14:20:00+00:00,4159,570.403015137
2013-11-20T14:30:00+00:00,4159,585.64276123
2013-11-20T14:40:00+00:00,4159,544.206726074
2013-11-20T14:50:00+00:00,4159,592.8828125
2013-11-20T15:00:00+00:00,4159,723.991210938
2013-11-20T15:10:00+00:00,4159,660.949462891
2013-11-20T15:20:00+00:00,4159,620.993896484
2013-11-20T15:30:00+00:00,4159,579.955566406
2013-11-20T15:40:00+00:00,4159,589.86126709
2013-11-20T15:50:00+00:00,4159,571.887329102
2013-11-20T16:00:00+00:00,4159,589.375427246
2013-11-20T16:10:00+00:00,4159,546.573364258
2013-11-20T16:20:00+00:00,4159,615.567810059
2013-11-20T16:30:00+00:00,4159,584.163696289
2013-11-20T16:40:00+00:00,4159,590.223754883
2013-11-20T16:50:00+00:00,4159,578.861450195
2013-11-20T17:00:00+00:00,4159,660.587341309
2013-11-20T17:10:00+00:00,4159,504.761993408
2013-11-20T17:20:00+00:00,4159,507.76940918
2013-11-20T17:30:00+00:00,4159,499.229675293
2013-11-20T17:40:00+00:00,4159,658.620178223
2013-11-20T17:50:00+00:00,4159,489.208831787
2013-11-20T18:00:00+00:00,4159,512.985534668
2013-11-20T18:10:00+00:00,4159,465.815307617
2013-11-20T18:20:00+00:00,4159,465.388641357
2013-11-20T18:30:00+00:00,4159,473.177215576
2013-11-20T18:40:00+00:00,4159,464.267730713
2013-11-20T18:50:00+00:00,4159,403.619293213
2013-11-20T19:00:00+00:00,4159,385.72467041
2013-11-20T19:10:00+00:00,4159,354.9921875
2013-11-20T19:20:00+00:00,4159,456.684387207
2013-11-20T19:30:00+00:00,4159,355.195770264
2013-11-20T19:40:00+00:00,4159,433.196380615
2013-11-20T19:50:00+00:00,4159,357.696258545
2013-11-20T20:00:00+00:00,4159,343.79385376
2013-11-20T20:10:00+00:00,4159,317.561279297
2013-11-20T20:20:00+00:00,4159,342.48147583
2013-11-20T20:30:00+00:00,4159,375.796661377
2013-11-20T20:40:00+00:00,4159,366.086578369
2013-11-20T20:50:00+00:00,4159,272.66204834
2013-11-20T21:00:00+00:00,4159,291.734527588
2013-11-20T21:10:00+00:00,4159,285.524963379
2013-11-20T21:20:00+00:00,4159,331.002746582
2013-11-20T21:30:00+00:00,4159,325.09161377
2013-11-20T21:40:00+00:00,4159,303.384521484
2013-11-20T21:50:00+00:00,4159,287.689025879
2013-11-20T22:00:00+00:00,4159,263.851470947
2013-11-20T22:10:00+00:00,4159,267.453796387
2013-11-20T22:20:00+00:00,4159,255.949584961
2013-11-20T22:30:00+00:00,4159,228.343292236
2013-11-20T22:40:00+00:00,4159,495.655151367
2013-11-20T22:50:00+00:00,4159,246.962783813
2013-11-20T23:00:00+00:00,4159,229.869338989
2013-11-20T23:10:00+00:00,4159,254.181304932
2013-11-20T23:20:00+00:00,4159,247.685577393
2013-11-20T23:30:00+00:00,4159,181.226089478
2013-11-20T23:40:00+00:00,4159,176.094924927
2013-11-20T23:50:00+00:00,4159,194.369750977
2013-11-21T00:00:00+00:00,4159,195.267333984
2013-11-21T00:10:00+00:00,4159,187.970932007
2013-11-21T00:20:00+00:00,4159,205.895950317
2013-11-21T00:30:00+00:00,4159,145.844009399
2013-11-21T00:40:00+00:00,4159,148.614120483
2013-11-21T01:00:00+00:00,4159,158.309555054
2013-11-21T01:20:00+00:00,4159,153.608398438
2013-11-21T05:10:00+00:00,4159,132.6065979
2013-11-21T05:30:00+00:00,4159,140.406524658
2013-11-21T05:40:00+00:00,4159,160.350723267
2013-11-21T05:50:00+00:00,4159,153.717926025
2013-11-21T06:00:00+00:00,4159,154.034881592
2013-11-21T06:10:00+00:00,4159,174.369720459
2013-11-21T06:20:00+00:00,4159,180.39175415
2013-11-21T06:30:00+00:00,4159,247.384185791
2013-11-21T06:40:00+00:00,4159,203.721817017
2013-11-21T06:50:00+00:00,4159,237.248764038
2013-11-21T07:00:00+00:00,4159,272.050018311
2013-11-21T07:10:00+00:00,4159,298.216766357
2013-11-21T07:20:00+00:00,4159,337.753112793
2013-11-21T07:30:00+00:00,4159,328.368011475
2013-11-21T07:40:00+00:00,4159,391
2013-11-21T07:50:00+00:00,4159,414.587280273
2013-11-21T08:00:00+00:00,4159,407.694671631
2013-11-21T08:10:00+00:00,4159,449.611053467
2013-11-21T08:20:00+00:00,4159,431.272644043
2013-11-21T08:30:00+00:00,4159,498.762756348
2013-11-21T08:40:00+00:00,4159,541.085266113
2013-11-21T08:50:00+00:00,4159,592.237915039
2013-11-21T09:00:00+00:00,4159,533.656494141
2013-11-21T09:10:00+00:00,4159,565.888122559
2013-11-21T09:20:00+00:00,4159,618.249145508
2013-11-21T09:30:00+00:00,4159,555.900512695
2013-11-21T09:40:00+00:00,4159,558.40802002
2013-11-21T09:50:00+00:00,4159,562.193359375
2013-11-21T10:00:00+00:00,4159,551.405517578
2013-11-21T10:10:00+00:00,4159,579.672119141
2013-11-21T10:20:00+00:00,4159,598.387512207
2013-11-21T10:30:00+00:00,4159,580.448120117
2013-11-21T10:40:00+00:00,4159,582.775878906
2013-11-21T10:50:00+00:00,4159,666.030212402
2013-11-21T11:00:00+00:00,4159,732.474060059
2013-11-21T11:10:00+00:00,4159,776.32019043
2013-11-21T11:20:00+00:00,4159,734.350402832
2013-11-21T11:30:00+00:00,4159,706.979675293
2013-11-21T11:40:00+00:00,4159,723.134643555
2013-11-21T11:50:00+00:00,4159,689.571044922
2013-11-21T12:00:00+00:00,4159,832.003051758
2013-11-21T12:10:00+00:00,4159,762.859130859
2013-11-21T12:20:00+00:00,4159,631.823608398
2013-11-21T12:30:00+00:00,4159,691.476623535
2013-11-21T12:40:00+00:00,4159,675.306030273
2013-11-21T12:50:00+00:00,4159,753.623046875
2013-11-21T13:00:00+00:00,4159,731.403686523
2013-11-21T13:10:00+00:00,4159,714.09777832
2013-11-21T13:20:00+00:00,4159,864.764831543
2013-11-21T13:30:00+00:00,4159,671.709777832
2013-11-21T13:40:00+00:00,4159,633.635742188
2013-11-21T13:50:00+00:00,4159,649.934936523
2013-11-21T14:00:00+00:00,4159,642.666687012
2013-11-21T14:10:00+00:00,4159,775.272033691
2013-11-21T14:20:00+00:00,4159,685.632141113
2013-11-21T14:30:00+00:00,4159,696.426818848
2013-11-21T14:40:00+00:00,4159,665.744018555
2013-11-21T14:50:00+00:00,4159,938.81640625
2013-11-21T15:00:00+00:00,4159,749.483764648
2013-11-21T15:10:00+00:00,4159,854.708679199
2013-11-21T15:20:00+00:00,4159,807.119995117
2013-11-21T15:30:00+00:00,4159,774.092834473
2013-11-21T15:40:00+00:00,4159,763.199890137
2013-11-21T15:50:00+00:00,4159,690.596008301
2013-11-21T16:00:00+00:00,4159,655.335571289
2013-11-21T16:10:00+00:00,4159,670.763244629
2013-11-21T16:20:00+00:00,4159,624.775939941
2013-11-21T16:30:00+00:00,4159,624.049255371
2013-11-21T16:40:00+00:00,4159,653.308959961
2013-11-21T16:50:00+00:00,4159,630.688293457
2013-11-21T17:00:00+00:00,4159,574.702636719
2013-11-21T17:10:00+00:00,4159,567.338012695
2013-11-21T17:20:00+00:00,4159,603.980407715
2013-11-21T17:30:00+00:00,4159,544.773132324
2013-11-21T17:40:00+00:00,4159,494.826019287
2013-11-21T17:50:00+00:00,4159,452.191375732
2013-11-21T18:00:00+00:00,4159,535.844787598
2013-11-21T18:10:00+00:00,4159,577.418395996
2013-11-21T18:20:00+00:00,4159,477.448455811
2013-11-21T18:30:00+00:00,4159,430.208984375
2013-11-21T18:40:00+00:00,4159,505.921173096
2013-11-21T18:50:00+00:00,4159,421.555267334
2013-11-21T19:00:00+00:00,4159,438.599151611
2013-11-21T19:10:00+00:00,4159,468.81552124
2013-11-21T19:20:00+00:00,4159,329.139282227
2013-11-21T19:30:00+00:00,4159,333.504241943
2013-11-21T19:40:00+00:00,4159,331.8230896
2013-11-21T19:50:00+00:00,4159,287.846710205
2013-11-21T20:00:00+00:00,4159,282.688476562
2013-11-21T20:10:00+00:00,4159,322.649688721
2013-11-21T20:20:00+00:00,4159,320.151550293
2013-11-21T20:30:00+00:00,4159,308.584259033
2013-11-21T20:40:00+00:00,4159,287.476287842
2013-11-21T20:50:00+00:00,4159,280.080444336
2013-11-21T21:00:00+00:00,4159,267.019775391
2013-11-21T21:10:00+00:00,4159,249.53994751
2013-11-21T21:20:00+00:00,4159,270.755889893
2013-11-21T21:30:00+00:00,4159,244.365310669
2013-11-21T21:40:00+00:00,4159,268.921569824
2013-11-21T21:50:00+00:00,4159,232.318374634
2013-11-21T22:00:00+00:00,4159,209.011856079
2013-11-21T22:10:00+00:00,4159,221.902893066
2013-11-21T22:20:00+00:00,4159,222.835906982
2013-11-21T22:30:00+00:00,4159,240.773834229
2013-11-21T22:40:00+00:00,4159,239.397491455
2013-11-21T22:50:00+00:00,4159,255.117752075
2013-11-21T23:00:00+00:00,4159,240.510223389
2013-11-21T23:10:00+00:00,4159,220.583297729
2013-11-21T23:20:00+00:00,4159,202.342666626
2013-11-21T23:30:00+00:00,4159,195.041625977
2013-11-21T23:40:00+00:00,4159,186.608886719
2013-11-21T23:50:00+00:00,4159,178.798583984
2013-11-22T00:00:00+00:00,4159,190.300674438
2013-11-22T00:20:00+00:00,4159,153.157150269
2013-11-22T00:30:00+00:00,4159,180.530517578
2013-11-22T00:40:00+00:00,4159,155.738006592
2013-11-22T00:50:00+00:00,4159,156.257461548
2013-11-22T01:10:00+00:00,4159,157.881317139
2013-11-22T01:40:00+00:00,4159,172.387374878
2013-11-22T02:10:00+00:00,4159,139.486907959
2013-11-22T02:40:00+00:00,4159,137.481506348
2013-11-22T04:10:00+00:00,4159,119.375205994
2013-11-22T04:30:00+00:00,4159,137.111953735
2013-11-22T05:20:00+00:00,4159,126.993682861
2013-11-22T05:30:00+00:00,4159,141.737854004
2013-11-22T05:40:00+00:00,4159,138.24156189
2013-11-22T05:50:00+00:00,4159,153.141998291
2013-11-22T06:00:00+00:00,4159,191.542556763
2013-11-22T06:10:00+00:00,4159,180.822631836
2013-11-22T06:20:00+00:00,4159,166.54133606
2013-11-22T06:30:00+00:00,4159,197.197219849
2013-11-22T06:40:00+00:00,4159,222.378097534
2013-11-22T06:50:00+00:00,4159,259.184844971
2013-11-22T07:00:00+00:00,4159,272.128479004
2013-11-22T07:10:00+00:00,4159,330.596069336
2013-11-22T07:20:00+00:00,4159,309.120056152
2013-11-22T07:30:00+00:00,4159,373.268218994
2013-11-22T07:40:00+00:00,4159,380.464935303
2013-11-22T07:50:00+00:00,4159,423.878295898
2013-11-22T08:00:00+00:00,4159,512.133605957
2013-11-22T08:10:00+00:00,4159,517.491455078
2013-11-22T08:20:00+00:00,4159,489.207458496
2013-11-22T08:30:00+00:00,4159,512.389709473
2013-11-22T08:40:00+00:00,4159,467.137878418
2013-11-22T08:50:00+00:00,4159,458.445343018
2013-11-22T09:00:00+00:00,4159,447.044281006
2013-11-22T09:10:00+00:00,4159,614.99005127
2013-11-22T09:20:00+00:00,4159,612.092163086
2013-11-22T09:30:00+00:00,4159,567.838256836
2013-11-22T09:40:00+00:00,4159,642.083557129
2013-11-22T09:50:00+00:00,4159,621.674926758
2013-11-22T10:00:00+00:00,4159,553.431152344
2013-11-22T10:10:00+00:00,4159,544.559204102
2013-11-22T10:20:00+00:00,4159,520.095336914
2013-11-22T10:30:00+00:00,4159,489.81918335
2013-11-22T10:40:00+00:00,4159,575.343444824
2013-11-22T10:50:00+00:00,4159,531.637817383
2013-11-22T11:00:00+00:00,4159,630.757873535
2013-11-22T11:10:00+00:00,4159,688.46496582
2013-11-22T11:20:00+00:00,4159,630.661499023
2013-11-22T11:30:00+00:00,4159,638.130493164
2013-11-22T11:40:00+00:00,4159,685.087524414
2013-11-22T11:50:00+00:00,4159,725.353820801
2013-11-22T12:00:00+00:00,4159,719.48828125
2013-11-22T12:10:00+00:00,4159,652.353149414
2013-11-22T12:20:00+00:00,4159,693.704101562
2013-11-22T12:30:00+00:00,4159,824.879699707
2013-11-22T12:40:00+00:00,4159,718.169433594
2013-11-22T12:50:00+00:00,4159,722.720458984
2013-11-22T13:00:00+00:00,4159,754.663208008
2013-11-22T13:10:00+00:00,4159,638.908752441
2013-11-22T13:20:00+00:00,4159,737.131774902
2013-11-22T13:30:00+00:00,4159,636.381469727
2013-11-22T13:40:00+00:00,4159,572.711669922
2013-11-22T13:50:00+00:00,4159,637.904418945
2013-11-22T14:00:00+00:00,4159,619.949035645
2013-11-22T14:10:00+00:00,4159,574.163330078
2013-11-22T14:20:00+00:00,4159,615.18548584
2013-11-22T14:30:00+00:00,4159,636.963989258
2013-11-22T14:40:00+00:00,4159,533.48840332
2013-11-22T14:50:00+00:00,4159,549.349304199
2013-11-22T15:00:00+00:00,4159,576.428405762
2013-11-22T15:10:00+00:00,4159,640.156066895
2013-11-22T15:20:00+00:00,4159,650.748901367
2013-11-22T15:30:00+00:00,4159,592.784179688
2013-11-22T15:40:00+00:00,4159,564.053222656
2013-11-22T15:50:00+00:00,4159,548.997070312
2013-11-22T16:00:00+00:00,4159,449.749298096
2013-11-22T16:10:00+00:00,4159,495.948974609
2013-11-22T16:20:00+00:00,4159,470.004302979
2013-11-22T16:30:00+00:00,4159,548.362060547
2013-11-22T16:40:00+00:00,4159,447.456542969
2013-11-22T16:50:00+00:00,4159,425.315979004
2013-11-22T17:00:00+00:00,4159,389.422515869
2013-11-22T17:10:00+00:00,4159,369.298706055
2013-11-22T17:20:00+00:00,4159,412.409515381
2013-11-22T17:30:00+00:00,4159,401.023101807
2013-11-22T17:40:00+00:00,4159,387.802642822
2013-11-22T17:50:00+00:00,4159,360.855743408
2013-11-22T18:00:00+00:00,4159,330.763366699
2013-11-22T18:10:00+00:00,4159,358.832092285
2013-11-22T18:20:00+00:00,4159,332.590301514
2013-11-22T18:30:00+00:00,4159,358.342041016
2013-11-22T18:40:00+00:00,4159,326.438598633
2013-11-22T18:50:00+00:00,4159,294.724304199
2013-11-22T19:00:00+00:00,4159,357.486816406
2013-11-22T19:10:00+00:00,4159,280.399688721
2013-11-22T19:20:00+00:00,4159,279.820770264
2013-11-22T19:30:00+00:00,4159,263.545135498
2013-11-22T19:40:00+00:00,4159,273.236175537
2013-11-22T19:50:00+00:00,4159,267.765258789
2013-11-22T20:00:00+00:00,4159,317.864013672
2013-11-22T20:10:00+00:00,4159,263.235778809
2013-11-22T20:20:00+00:00,4159,228.405349731
2013-11-22T20:30:00+00:00,4159,234.58581543
2013-11-22T20:40:00+00:00,4159,255.369613647
2013-11-22T20:50:00+00:00,4159,231.079421997
2013-11-22T21:00:00+00:00,4159,260.582672119
2013-11-22T21:10:00+00:00,4159,283.823974609
2013-11-22T21:20:00+00:00,4159,255.390319824
2013-11-22T21:30:00+00:00,4159,237.833328247
2013-11-22T21:40:00+00:00,4159,236.36730957
2013-11-22T21:50:00+00:00,4159,221.92137146
2013-11-22T22:00:00+00:00,4159,201.247283936
2013-11-22T22:10:00+00:00,4159,205.48298645
2013-11-22T22:20:00+00:00,4159,212.948532104
2013-11-22T22:30:00+00:00,4159,236.422424316
2013-11-22T22:40:00+00:00,4159,215.954376221
2013-11-22T22:50:00+00:00,4159,216.924545288
2013-11-22T23:00:00+00:00,4159,243.178695679
2013-11-22T23:10:00+00:00,4159,214.324523926
2013-11-22T23:20:00+00:00,4159,192.608612061
2013-11-22T23:30:00+00:00,4159,176.246810913
2013-11-22T23:40:00+00:00,4159,169.4947052
2013-11-22T23:50:00+00:00,4159,193.016189575
2013-11-23T00:00:00+00:00,4159,178.558013916
2013-11-23T00:10:00+00:00,4159,173.023117065
2013-11-23T00:20:00+00:00,4159,193.87979126
2013-11-23T00:30:00+00:00,4159,157.4087677
2013-11-23T00:40:00+00:00,4159,165.058837891
2013-11-23T00:50:00+00:00,4159,150.090881348
2013-11-23T01:00:00+00:00,4159,144.489868164
2013-11-23T01:10:00+00:00,4159,153.078125
2013-11-23T01:20:00+00:00,4159,133.146972656
2013-11-23T01:30:00+00:00,4159,125.432914734
2013-11-23T01:40:00+00:00,4159,140.317977905
2013-11-23T01:50:00+00:00,4159,133.383468628
2013-11-23T02:00:00+00:00,4159,131.982559204
2013-11-23T03:10:00+00:00,4159,172.281707764
2013-11-23T04:50:00+00:00,4159,114.069480896
2013-11-23T05:30:00+00:00,4159,116.037620544
2013-11-23T06:00:00+00:00,4159,128.748016357
2013-11-23T06:10:00+00:00,4159,130.004745483
2013-11-23T06:20:00+00:00,4159,127.075210571
2013-11-23T06:30:00+00:00,4159,124.33972168
2013-11-23T06:40:00+00:00,4159,152.775558472
2013-11-23T06:50:00+00:00,4159,144.043884277
2013-11-23T07:00:00+00:00,4159,153.827194214
2013-11-23T07:10:00+00:00,4159,172.176345825
2013-11-23T07:20:00+00:00,4159,198.673126221
2013-11-23T07:30:00+00:00,4159,241.377059937
2013-11-23T07:40:00+00:00,4159,262.700073242
2013-11-23T07:50:00+00:00,4159,261.892089844
2013-11-23T08:00:00+00:00,4159,291.732971191
2013-11-23T08:10:00+00:00,4159,419.593780518
2013-11-23T08:20:00+00:00,4159,469.596557617
2013-11-23T08:30:00+00:00,4159,408.91418457
2013-11-23T08:40:00+00:00,4159,463.98449707
2013-11-23T08:50:00+00:00,4159,401.15234375
2013-11-23T09:00:00+00:00,4159,394.930389404
2013-11-23T09:10:00+00:00,4159,458.216674805
2013-11-23T09:20:00+00:00,4159,368.165435791
2013-11-23T09:30:00+00:00,4159,383.603271484
2013-11-23T09:40:00+00:00,4159,482.592132568
2013-11-23T09:50:00+00:00,4159,400.610626221
2013-11-23T10:00:00+00:00,4159,422.948730469
2013-11-23T10:10:00+00:00,4159,381.878112793
2013-11-23T10:20:00+00:00,4159,497.856018066
2013-11-23T10:30:00+00:00,4159,390.970214844
2013-11-23T10:40:00+00:00,4159,386.286132812
2013-11-23T10:50:00+00:00,4159,455.495880127
2013-11-23T11:00:00+00:00,4159,465.772949219
2013-11-23T11:10:00+00:00,4159,415.816497803
2013-11-23T11:20:00+00:00,4159,504.753662109
2013-11-23T11:30:00+00:00,4159,397.196075439
2013-11-23T11:40:00+00:00,4159,484.406890869
2013-11-23T11:50:00+00:00,4159,394.730804443
2013-11-23T12:00:00+00:00,4159,486.752380371
2013-11-23T12:10:00+00:00,4159,419.698303223
2013-11-23T12:20:00+00:00,4159,320.765930176
2013-11-23T12:30:00+00:00,4159,384.860046387
2013-11-23T12:40:00+00:00,4159,411.991546631
2013-11-23T12:50:00+00:00,4159,308.001098633
2013-11-23T13:00:00+00:00,4159,415.202026367
2013-11-23T13:10:00+00:00,4159,312.112365723
2013-11-23T13:20:00+00:00,4159,313.627197266
2013-11-23T13:30:00+00:00,4159,296.988433838
2013-11-23T13:40:00+00:00,4159,408.767944336
2013-11-23T13:50:00+00:00,4159,268.867523193
2013-11-23T14:00:00+00:00,4159,342.868774414
2013-11-23T14:10:00+00:00,4159,366.962005615
2013-11-23T14:20:00+00:00,4159,386.522125244
2013-11-23T14:30:00+00:00,4159,293.627471924
2013-11-23T14:40:00+00:00,4159,288.526641846
2013-11-23T14:50:00+00:00,4159,352.046447754
2013-11-23T15:00:00+00:00,4159,313.619842529
2013-11-23T15:10:00+00:00,4159,330.95614624
2013-11-23T15:20:00+00:00,4159,283.210723877
2013-11-23T15:30:00+00:00,4159,324.594390869
2013-11-23T15:40:00+00:00,4159,326.480865479
2013-11-23T15:50:00+00:00,4159,296.620178223
2013-11-23T16:00:00+00:00,4159,289.537506104
2013-11-23T16:10:00+00:00,4159,342.535736084
2013-11-23T16:20:00+00:00,4159,284.015014648
2013-11-23T16:30:00+00:00,4159,300.097198486
2013-11-23T16:40:00+00:00,4159,288.949371338
2013-11-23T16:50:00+00:00,4159,303.01385498
2013-11-23T17:00:00+00:00,4159,324.476379395
2013-11-23T17:10:00+00:00,4159,264.803466797
2013-11-23T17:20:00+00:00,4159,310.289611816
2013-11-23T17:30:00+00:00,4159,288.144439697
2013-11-23T17:40:00+00:00,4159,335.889709473
2013-11-23T17:50:00+00:00,4159,282.917724609
2013-11-23T18:00:00+00:00,4159,246.432403564
2013-11-23T18:10:00+00:00,4159,289.88659668
2013-11-23T18:20:00+00:00,4159,245.50289917
2013-11-23T18:30:00+00:00,4159,280.711090088
2013-11-23T18:40:00+00:00,4159,289.2059021
2013-11-23T18:50:00+00:00,4159,284.793823242
2013-11-23T19:00:00+00:00,4159,229.788711548
2013-11-23T19:10:00+00:00,4159,230.382781982
2013-11-23T19:20:00+00:00,4159,340.342010498
2013-11-23T19:30:00+00:00,4159,237.112854004
2013-11-23T19:40:00+00:00,4159,283.394317627
2013-11-23T19:50:00+00:00,4159,211.623641968
2013-11-23T20:00:00+00:00,4159,218.863357544
2013-11-23T20:10:00+00:00,4159,194.251113892
2013-11-23T20:20:00+00:00,4159,247.186172485
2013-11-23T20:30:00+00:00,4159,251.946929932
2013-11-23T20:40:00+00:00,4159,214.431900024
2013-11-23T20:50:00+00:00,4159,223.966140747
2013-11-23T21:00:00+00:00,4159,231.533462524
2013-11-23T21:10:00+00:00,4159,234.897918701
2013-11-23T21:20:00+00:00,4159,211.902786255
2013-11-23T21:30:00+00:00,4159,244.84211731
2013-11-23T21:40:00+00:00,4159,246.839904785
2013-11-23T21:50:00+00:00,4159,247.976242065
2013-11-23T22:00:00+00:00,4159,219.505264282
2013-11-23T22:10:00+00:00,4159,202.773376465
2013-11-23T22:20:00+00:00,4159,189.088973999
2013-11-23T22:30:00+00:00,4159,219.7762146
2013-11-23T22:40:00+00:00,4159,206.29864502
2013-11-23T22:50:00+00:00,4159,237.332275391
2013-11-23T23:00:00+00:00,4159,213.799865723
2013-11-23T23:10:00+00:00,4159,234.670440674
2013-11-23T23:20:00+00:00,4159,207.864578247
2013-11-23T23:30:00+00:00,4159,208.644287109
2013-11-23T23:40:00+00:00,4159,212.250244141
2013-11-23T23:50:00+00:00,4159,212.971786499
2013-11-24T00:00:00+00:00,4159,227.398345947
2013-11-24T00:10:00+00:00,4159,194.785736084
2013-11-24T00:20:00+00:00,4159,198.667282104
2013-11-24T00:30:00+00:00,4159,203.777908325
2013-11-24T00:40:00+00:00,4159,197.206130981
2013-11-24T00:50:00+00:00,4159,186.127975464
2013-11-24T01:00:00+00:00,4159,182.452545166
2013-11-24T01:10:00+00:00,4159,177.922439575
2013-11-24T01:20:00+00:00,4159,199.256469727
2013-11-24T01:30:00+00:00,4159,180.092559814
2013-11-24T01:40:00+00:00,4159,165.853042603
2013-11-24T01:50:00+00:00,4159,167.282714844
2013-11-24T02:00:00+00:00,4159,157.070602417
2013-11-24T02:10:00+00:00,4159,159.023376465
2013-11-24T02:30:00+00:00,4159,156.442626953
2013-11-24T02:40:00+00:00,4159,155.477340698
2013-11-24T02:50:00+00:00,4159,139.73298645
2013-11-24T03:00:00+00:00,4159,148.185577393
2013-11-24T03:10:00+00:00,4159,154.227416992
2013-11-24T03:20:00+00:00,4159,139.574447632
2013-11-24T03:30:00+00:00,4159,159.125335693
2013-11-24T03:40:00+00:00,4159,156.118087769
2013-11-24T03:50:00+00:00,4159,205.71496582
2013-11-24T04:20:00+00:00,4159,123.635322571
2013-11-24T04:30:00+00:00,4159,217.537414551
2013-11-24T04:50:00+00:00,4159,125.924232483
2013-11-24T05:00:00+00:00,4159,135.247924805
2013-11-24T05:10:00+00:00,4159,130.852752686
2013-11-24T05:40:00+00:00,4159,147.176147461
2013-11-24T06:40:00+00:00,4159,129.544525146
2013-11-24T06:50:00+00:00,4159,135.999328613
2013-11-24T07:10:00+00:00,4159,145.199432373
2013-11-24T07:20:00+00:00,4159,142.060562134
2013-11-24T07:30:00+00:00,4159,143.994216919
2013-11-24T07:40:00+00:00,4159,156.922637939
2013-11-24T07:50:00+00:00,4159,148.745788574
2013-11-24T08:00:00+00:00,4159,154.163238525
2013-11-24T08:10:00+00:00,4159,166.669036865
2013-11-24T08:20:00+00:00,4159,209.712860107
2013-11-24T08:30:00+00:00,4159,200.758392334
2013-11-24T08:40:00+00:00,4159,178.565246582
2013-11-24T08:50:00+00:00,4159,186.133239746
2013-11-24T09:00:00+00:00,4159,168.966934204
2013-11-24T09:10:00+00:00,4159,206.390930176
2013-11-24T09:20:00+00:00,4159,186.611083984
2013-11-24T09:30:00+00:00,4159,168.943466187
2013-11-24T09:40:00+00:00,4159,207.94758606
2013-11-24T09:50:00+00:00,4159,227.995513916
2013-11-24T10:00:00+00:00,4159,189.75453186
2013-11-24T10:10:00+00:00,4159,167.79385376
2013-11-24T10:20:00+00:00,4159,196.062545776
2013-11-24T10:30:00+00:00,4159,207.007751465
2013-11-24T10:40:00+00:00,4159,196.020507812
2013-11-24T10:50:00+00:00,4159,251.655059814
2013-11-24T11:00:00+00:00,4159,264.046203613
2013-11-24T11:10:00+00:00,4159,199.929779053
2013-11-24T11:20:00+00:00,4159,193.319061279
2013-11-24T11:30:00+00:00,4159,212.407531738
2013-11-24T11:40:00+00:00,4159,262.080657959
2013-11-24T11:50:00+00:00,4159,295.652587891
2013-11-24T12:00:00+00:00,4159,229.833740234
2013-11-24T12:10:00+00:00,4159,182.071838379
2013-11-24T12:20:00+00:00,4159,165.968978882
2013-11-24T12:30:00+00:00,4159,180.441711426
2013-11-24T12:40:00+00:00,4159,208.700973511
2013-11-24T12:50:00+00:00,4159,223.022964478
2013-11-24T13:00:00+00:00,4159,194.710586548
2013-11-24T13:10:00+00:00,4159,177.277694702
2013-11-24T13:20:00+00:00,4159,214.199584961
2013-11-24T13:30:00+00:00,4159,212.8177948
2013-11-24T13:40:00+00:00,4159,214.145477295
2013-11-24T13:50:00+00:00,4159,225.223480225
2013-11-24T14:00:00+00:00,4159,237.389602661
2013-11-24T14:10:00+00:00,4159,240.334854126
2013-11-24T14:20:00+00:00,4159,193.510360718
2013-11-24T14:30:00+00:00,4159,187.236755371
2013-11-24T14:40:00+00:00,4159,216.191741943
2013-11-24T14:50:00+00:00,4159,216.03565979
2013-11-24T15:00:00+00:00,4159,181.389862061
2013-11-24T15:10:00+00:00,4159,225.833511353
2013-11-24T15:20:00+00:00,4159,228.963638306
2013-11-24T15:30:00+00:00,4159,178.033187866
2013-11-24T15:40:00+00:00,4159,193.269271851
2013-11-24T15:50:00+00:00,4159,187.63369751
2013-11-24T16:00:00+00:00,4159,196.43572998
2013-11-24T16:10:00+00:00,4159,176.864059448
2013-11-24T16:20:00+00:00,4159,172.866470337
2013-11-24T16:30:00+00:00,4159,206.739013672
2013-11-24T16:40:00+00:00,4159,215.657684326
2013-11-24T16:50:00+00:00,4159,188.703369141
2013-11-24T17:00:00+00:00,4159,214.848449707
2013-11-24T17:10:00+00:00,4159,221.613235474
2013-11-24T17:20:00+00:00,4159,171.742294312
2013-11-24T17:30:00+00:00,4159,207.189147949
2013-11-24T17:40:00+00:00,4159,202.735794067
2013-11-24T17:50:00+00:00,4159,198.507171631
2013-11-24T18:00:00+00:00,4159,217.369216919
2013-11-24T18:10:00+00:00,4159,235.847808838
2013-11-24T18:20:00+00:00,4159,208.568206787
2013-11-24T18:30:00+00:00,4159,211.479370117
2013-11-24T18:40:00+00:00,4159,241.176452637
2013-11-24T18:50:00+00:00,4159,186.840103149
2013-11-24T19:00:00+00:00,4159,262.383361816
2013-11-24T19:10:00+00:00,4159,294.967834473
2013-11-24T19:20:00+00:00,4159,235.663238525
2013-11-24T19:30:00+00:00,4159,207.43536377
2013-11-24T19:40:00+00:00,4159,210.129837036
2013-11-24T19:50:00+00:00,4159,227.309066772
2013-11-24T20:00:00+00:00,4159,229.369140625
2013-11-24T20:10:00+00:00,4159,201.933334351
2013-11-24T20:20:00+00:00,4159,214.690246582
2013-11-24T20:30:00+00:00,4159,201.777999878
2013-11-24T20:40:00+00:00,4159,216.215179443
2013-11-24T20:50:00+00:00,4159,211.866989136
2013-11-24T21:00:00+00:00,4159,276.14755249
2013-11-24T21:10:00+00:00,4159,244.437789917
2013-11-24T21:20:00+00:00,4159,224.632781982
2013-11-24T21:30:00+00:00,4159,242.151062012
2013-11-24T21:40:00+00:00,4159,254.414230347
2013-11-24T21:50:00+00:00,4159,231.687408447
2013-11-24T22:00:00+00:00,4159,202.176986694
2013-11-24T22:10:00+00:00,4159,215.605484009
2013-11-24T22:20:00+00:00,4159,179.909683228
2013-11-24T22:30:00+00:00,4159,173.311813354
2013-11-24T22:40:00+00:00,4159,174.932876587
2013-11-24T22:50:00+00:00,4159,181.574691772
2013-11-24T23:00:00+00:00,4159,206.17906189
2013-11-24T23:10:00+00:00,4159,170.604431152
2013-11-24T23:20:00+00:00,4159,156.049758911
2013-11-24T23:30:00+00:00,4159,156.080657959
2013-11-24T23:40:00+00:00,4159,153.249465942
2013-11-24T23:50:00+00:00,4159,144.176803589
2013-11-25T00:10:00+00:00,4159,135.811401367
2013-11-25T00:20:00+00:00,4159,155.963150024
2013-11-25T00:40:00+00:00,4159,153.846206665
2013-11-25T01:00:00+00:00,4159,145.663467407
2013-11-25T01:10:00+00:00,4159,150.015090942
2013-11-25T02:00:00+00:00,4159,129.194229126
2013-11-25T04:50:00+00:00,4159,115.080596924
2013-11-25T05:20:00+00:00,4159,128.087539673
2013-11-25T05:30:00+00:00,4159,143.458557129
2013-11-25T05:40:00+00:00,4159,145.883453369
2013-11-25T05:50:00+00:00,4159,138.558578491
2013-11-25T06:00:00+00:00,4159,159.510925293
2013-11-25T06:10:00+00:00,4159,169.726211548
2013-11-25T06:20:00+00:00,4159,178.75177002
2013-11-25T06:30:00+00:00,4159,209.448745728
2013-11-25T06:40:00+00:00,4159,216.452835083
2013-11-25T06:50:00+00:00,4159,215.39453125
2013-11-25T07:00:00+00:00,4159,289.472991943
2013-11-25T07:10:00+00:00,4159,334.401855469
2013-11-25T07:20:00+00:00,4159,268.808929443
2013-11-25T07:30:00+00:00,4159,345.415771484
2013-11-25T07:40:00+00:00,4159,366.597015381
2013-11-25T07:50:00+00:00,4159,342.446624756
2013-11-25T08:00:00+00:00,4159,428.495422363
2013-11-25T08:10:00+00:00,4159,402.21975708
2013-11-25T08:20:00+00:00,4159,499.357757568
2013-11-25T08:30:00+00:00,4159,479.965698242
2013-11-25T08:40:00+00:00,4159,503.962280273
2013-11-25T08:50:00+00:00,4159,476.676269531
2013-11-25T09:00:00+00:00,4159,490.324066162
2013-11-25T09:10:00+00:00,4159,507.600341797
2013-11-25T09:20:00+00:00,4159,574.432495117
2013-11-25T09:30:00+00:00,4159,574.643493652
2013-11-25T09:40:00+00:00,4159,523.746032715
2013-11-25T09:50:00+00:00,4159,545.083984375
2013-11-25T10:00:00+00:00,4159,648.486999512
2013-11-25T10:10:00+00:00,4159,513.02947998
2013-11-25T10:20:00+00:00,4159,614.564697266
2013-11-25T10:30:00+00:00,4159,600.172729492
2013-11-25T10:40:00+00:00,4159,569.38684082
2013-11-25T10:50:00+00:00,4159,600.71484375
2013-11-25T11:00:00+00:00,4159,642.249450684
2013-11-25T11:10:00+00:00,4159,592.102294922
2013-11-25T11:20:00+00:00,4159,656.142089844
2013-11-25T11:30:00+00:00,4159,614.625244141
2013-11-25T11:40:00+00:00,4159,573.785461426
2013-11-25T11:50:00+00:00,4159,566.486816406
2013-11-25T12:00:00+00:00,4159,583.993103027
2013-11-25T12:10:00+00:00,4159,580.516845703
2013-11-25T12:20:00+00:00,4159,556.427185059
2013-11-25T12:30:00+00:00,4159,606.777954102
2013-11-25T12:40:00+00:00,4159,612.869140625
2013-11-25T12:50:00+00:00,4159,625.894775391
2013-11-25T13:00:00+00:00,4159,678.433898926
2013-11-25T13:10:00+00:00,4159,683.94128418
2013-11-25T13:20:00+00:00,4159,632.784851074
2013-11-25T13:30:00+00:00,4159,638.155334473
2013-11-25T13:40:00+00:00,4159,646.187561035
2013-11-25T13:50:00+00:00,4159,586.344665527
2013-11-25T14:00:00+00:00,4159,769.708435059
2013-11-25T14:10:00+00:00,4159,608.127319336
2013-11-25T14:20:00+00:00,4159,591.16796875
2013-11-25T14:30:00+00:00,4159,636.585449219
2013-11-25T14:40:00+00:00,4159,680.353881836
2013-11-25T14:50:00+00:00,4159,788.419311523
2013-11-25T15:00:00+00:00,4159,709.019897461
2013-11-25T15:10:00+00:00,4159,726.073303223
2013-11-25T15:20:00+00:00,4159,595.757507324
2013-11-25T15:30:00+00:00,4159,599.858398438
2013-11-25T15:40:00+00:00,4159,684.990478516
2013-11-25T15:50:00+00:00,4159,609.205810547
2013-11-25T16:00:00+00:00,4159,560.66784668
2013-11-25T16:10:00+00:00,4159,608.734008789
2013-11-25T16:20:00+00:00,4159,587.006591797
2013-11-25T16:30:00+00:00,4159,535.984619141
2013-11-25T16:40:00+00:00,4159,632.241333008
2013-11-25T16:50:00+00:00,4159,687.201721191
2013-11-25T17:00:00+00:00,4159,580.024902344
2013-11-25T17:10:00+00:00,4159,559.352111816
2013-11-25T17:20:00+00:00,4159,554.024230957
2013-11-25T17:30:00+00:00,4159,476.163421631
2013-11-25T17:40:00+00:00,4159,435.985961914
2013-11-25T17:50:00+00:00,4159,445.874237061
2013-11-25T18:00:00+00:00,4159,493.556121826
2013-11-25T18:10:00+00:00,4159,403.016174316
2013-11-25T18:20:00+00:00,4159,402.706787109
2013-11-25T18:30:00+00:00,4159,392.822692871
2013-11-25T18:40:00+00:00,4159,421.02130127
2013-11-25T18:50:00+00:00,4159,318.858703613
2013-11-25T19:00:00+00:00,4159,339.593658447
2013-11-25T19:10:00+00:00,4159,355.814178467
2013-11-25T19:20:00+00:00,4159,322.557800293
2013-11-25T19:30:00+00:00,4159,297.094177246
2013-11-25T19:40:00+00:00,4159,321.795471191
2013-11-25T19:50:00+00:00,4159,334.029205322
2013-11-25T20:00:00+00:00,4159,317.988464355
2013-11-25T20:10:00+00:00,4159,288.678771973
2013-11-25T20:20:00+00:00,4159,300.763885498
2013-11-25T20:30:00+00:00,4159,304.887756348
2013-11-25T20:40:00+00:00,4159,299.680755615
2013-11-25T20:50:00+00:00,4159,300.935882568
2013-11-25T21:00:00+00:00,4159,277.831634521
2013-11-25T21:10:00+00:00,4159,304.672637939
2013-11-25T21:20:00+00:00,4159,307.916046143
2013-11-25T21:30:00+00:00,4159,311.264678955
2013-11-25T21:40:00+00:00,4159,284.163208008
2013-11-25T21:50:00+00:00,4159,262.11038208
2013-11-25T22:00:00+00:00,4159,231.211578369
2013-11-25T22:10:00+00:00,4159,227.50491333
2013-11-25T22:20:00+00:00,4159,213.42010498
2013-11-25T22:30:00+00:00,4159,247.125640869
2013-11-25T22:40:00+00:00,4159,215.337677002
2013-11-25T22:50:00+00:00,4159,210.793197632
2013-11-25T23:00:00+00:00,4159,217.038070679
2013-11-25T23:10:00+00:00,4159,209.428833008
2013-11-25T23:20:00+00:00,4159,220.889099121
2013-11-25T23:30:00+00:00,4159,213.958114624
2013-11-25T23:40:00+00:00,4159,204.40562439
2013-11-25T23:50:00+00:00,4159,209.606674194
2013-11-26T00:10:00+00:00,4159,185.115402222
2013-11-26T00:20:00+00:00,4159,171.796279907
2013-11-26T00:40:00+00:00,4159,173.732208252
2013-11-26T01:10:00+00:00,4159,151.886398315
2013-11-26T01:30:00+00:00,4159,145.956130981
2013-11-26T03:00:00+00:00,4159,137.54296875
2013-11-26T03:10:00+00:00,4159,132.677001953
2013-11-26T04:00:00+00:00,4159,133.554901123
2013-11-26T04:20:00+00:00,4159,137.177902222
2013-11-26T04:30:00+00:00,4159,144.155761719
2013-11-26T04:40:00+00:00,4159,126.259895325
2013-11-26T04:50:00+00:00,4159,139.038757324
2013-11-26T05:00:00+00:00,4159,127.186080933
2013-11-26T05:10:00+00:00,4159,137.981201172
2013-11-26T05:20:00+00:00,4159,142.572372437
2013-11-26T05:30:00+00:00,4159,154.515213013
2013-11-26T05:40:00+00:00,4159,146.427200317
2013-11-26T05:50:00+00:00,4159,144.265090942
2013-11-26T06:00:00+00:00,4159,178.365768433
2013-11-26T06:10:00+00:00,4159,164.176773071
2013-11-26T06:20:00+00:00,4159,193.852706909
2013-11-26T06:30:00+00:00,4159,205.170700073
2013-11-26T06:40:00+00:00,4159,204.137161255
2013-11-26T06:50:00+00:00,4159,227.281555176
2013-11-26T07:00:00+00:00,4159,279.774169922
2013-11-26T07:10:00+00:00,4159,317.155792236
2013-11-26T07:20:00+00:00,4159,296.821777344
2013-11-26T07:30:00+00:00,4159,337.119415283
2013-11-26T07:40:00+00:00,4159,432.469543457
2013-11-26T07:50:00+00:00,4159,421.718841553
2013-11-26T08:00:00+00:00,4159,449.539306641
2013-11-26T08:10:00+00:00,4159,490.037078857
2013-11-26T08:20:00+00:00,4159,476.880981445
2013-11-26T08:30:00+00:00,4159,504.172393799
2013-11-26T08:40:00+00:00,4159,496.164581299
2013-11-26T08:50:00+00:00,4159,457.49887085
2013-11-26T09:00:00+00:00,4159,478.577850342
2013-11-26T09:10:00+00:00,4159,531.250854492
2013-11-26T09:20:00+00:00,4159,511.665435791
2013-11-26T09:30:00+00:00,4159,476.249755859
2013-11-26T09:40:00+00:00,4159,495.270202637
2013-11-26T09:50:00+00:00,4159,485.237701416
2013-11-26T10:00:00+00:00,4159,514.233459473
2013-11-26T10:10:00+00:00,4159,527.365356445
2013-11-26T10:20:00+00:00,4159,468.540496826
2013-11-26T10:30:00+00:00,4159,461.869110107
2013-11-26T10:40:00+00:00,4159,493.741760254
2013-11-26T10:50:00+00:00,4159,492.661956787
2013-11-26T11:00:00+00:00,4159,645.619384766
2013-11-26T11:10:00+00:00,4159,588.963745117
2013-11-26T11:20:00+00:00,4159,555.927734375
2013-11-26T11:30:00+00:00,4159,625.286865234
2013-11-26T11:40:00+00:00,4159,489.450378418
2013-11-26T11:50:00+00:00,4159,527.799194336
2013-11-26T12:00:00+00:00,4159,604.922424316
2013-11-26T12:10:00+00:00,4159,524.403442383
2013-11-26T12:20:00+00:00,4159,562.264526367
2013-11-26T12:30:00+00:00,4159,508.954589844
2013-11-26T12:40:00+00:00,4159,519.511169434
2013-11-26T12:50:00+00:00,4159,505.674804688
2013-11-26T13:00:00+00:00,4159,582.606628418
2013-11-26T13:10:00+00:00,4159,538.53692627
2013-11-26T13:20:00+00:00,4159,583.239501953
2013-11-26T13:30:00+00:00,4159,651.979492188
2013-11-26T13:40:00+00:00,4159,557.790771484
2013-11-26T13:50:00+00:00,4159,496.679840088
2013-11-26T14:00:00+00:00,4159,511.555633545
2013-11-26T14:10:00+00:00,4159,553.317016602
2013-11-26T14:20:00+00:00,4159,629.574768066
2013-11-26T14:30:00+00:00,4159,499.34487915
2013-11-26T14:40:00+00:00,4159,533.934753418
2013-11-26T14:50:00+00:00,4159,571.584777832
2013-11-26T15:00:00+00:00,4159,592.74041748
2013-11-26T15:10:00+00:00,4159,662.585388184
2013-11-26T15:20:00+00:00,4159,621.894348145
2013-11-26T15:30:00+00:00,4159,678.960571289
2013-11-26T15:40:00+00:00,4159,515.028808594
2013-11-26T15:50:00+00:00,4159,553.12487793
2013-11-26T16:00:00+00:00,4159,574.144470215
2013-11-26T16:10:00+00:00,4159,515.311706543
2013-11-26T16:20:00+00:00,4159,502.832885742
2013-11-26T16:30:00+00:00,4159,494.874450684
2013-11-26T16:40:00+00:00,4159,505.369842529
2013-11-26T16:50:00+00:00,4159,614.991699219
2013-11-26T17:00:00+00:00,4159,576.807189941
2013-11-26T17:10:00+00:00,4159,513.747619629
2013-11-26T17:20:00+00:00,4159,584.427368164
2013-11-26T17:30:00+00:00,4159,419.320495605
2013-11-26T17:40:00+00:00,4159,465.246795654
2013-11-26T17:50:00+00:00,4159,457.737976074
2013-11-26T18:00:00+00:00,4159,507.627655029
2013-11-26T18:10:00+00:00,4159,451.424804688
2013-11-26T18:20:00+00:00,4159,400.070861816
2013-11-26T18:30:00+00:00,4159,381.406433105
2013-11-26T18:40:00+00:00,4159,402.291168213
2013-11-26T18:50:00+00:00,4159,377.64642334
2013-11-26T19:00:00+00:00,4159,358.370422363
2013-11-26T19:10:00+00:00,4159,357.578704834
2013-11-26T19:20:00+00:00,4159,375.300231934
2013-11-26T19:30:00+00:00,4159,300.137054443
2013-11-26T19:40:00+00:00,4159,275.904418945
2013-11-26T19:50:00+00:00,4159,305.223937988
2013-11-26T20:00:00+00:00,4159,295.071166992
2013-11-26T20:10:00+00:00,4159,267.411590576
2013-11-26T20:20:00+00:00,4159,330.203979492
2013-11-26T20:30:00+00:00,4159,290.445648193
2013-11-26T20:40:00+00:00,4159,257.151855469
2013-11-26T20:50:00+00:00,4159,343.838409424
2013-11-26T21:00:00+00:00,4159,299.789123535
2013-11-26T21:10:00+00:00,4159,294.938751221
2013-11-26T21:20:00+00:00,4159,397.026550293
2013-11-26T21:30:00+00:00,4159,466.489318848
2013-11-26T21:40:00+00:00,4159,386.578979492
2013-11-26T21:50:00+00:00,4159,278.434204102
2013-11-26T22:00:00+00:00,4159,301.712158203
2013-11-26T22:10:00+00:00,4159,251.130813599
2013-11-26T22:20:00+00:00,4159,316.080291748
2013-11-26T22:30:00+00:00,4159,298.240844727
2013-11-26T22:40:00+00:00,4159,223.268417358
2013-11-26T22:50:00+00:00,4159,296.616790771
2013-11-26T23:00:00+00:00,4159,215.870239258
2013-11-26T23:10:00+00:00,4159,237.113479614
2013-11-26T23:20:00+00:00,4159,245.5753479
2013-11-26T23:30:00+00:00,4159,206.512054443
2013-11-26T23:40:00+00:00,4159,213.557250977
2013-11-26T23:50:00+00:00,4159,168.106628418
2013-11-27T00:00:00+00:00,4159,361.880218506
2013-11-27T00:10:00+00:00,4159,142.507720947
2013-11-27T00:20:00+00:00,4159,177.622329712
2013-11-27T00:30:00+00:00,4159,153.633636475
2013-11-27T00:40:00+00:00,4159,143.128250122
2013-11-27T00:50:00+00:00,4159,162.649688721
2013-11-27T04:40:00+00:00,4159,135.493164062
2013-11-27T05:00:00+00:00,4159,147.131134033
2013-11-27T05:10:00+00:00,4159,136.077041626
2013-11-27T05:40:00+00:00,4159,141.9375
2013-11-27T05:50:00+00:00,4159,159.041366577
2013-11-27T06:00:00+00:00,4159,173.830780029
2013-11-27T06:10:00+00:00,4159,173.473373413
2013-11-27T06:20:00+00:00,4159,161.558242798
2013-11-27T06:30:00+00:00,4159,222.7837677
2013-11-27T06:40:00+00:00,4159,207.533203125
2013-11-27T06:50:00+00:00,4159,230.161437988
2013-11-27T07:00:00+00:00,4159,278.397644043
2013-11-27T07:10:00+00:00,4159,289.888793945
2013-11-27T07:20:00+00:00,4159,299.729644775
2013-11-27T07:30:00+00:00,4159,383.447631836
2013-11-27T07:40:00+00:00,4159,474.195648193
2013-11-27T07:50:00+00:00,4159,418.078674316
2013-11-27T08:00:00+00:00,4159,430.34475708
2013-11-27T08:10:00+00:00,4159,441.150726318
2013-11-27T08:20:00+00:00,4159,439.955383301
2013-11-27T08:30:00+00:00,4159,538.498840332
2013-11-27T08:40:00+00:00,4159,641.593505859
2013-11-27T08:50:00+00:00,4159,529.713989258
2013-11-27T09:00:00+00:00,4159,547.458251953
2013-11-27T09:10:00+00:00,4159,573.711303711
2013-11-27T09:20:00+00:00,4159,672.029785156
2013-11-27T09:30:00+00:00,4159,630.944763184
2013-11-27T09:40:00+00:00,4159,660.018676758
2013-11-27T09:50:00+00:00,4159,533.786071777
2013-11-27T10:00:00+00:00,4159,570.746826172
2013-11-27T10:10:00+00:00,4159,504.047637939
2013-11-27T10:20:00+00:00,4159,459.039642334
2013-11-27T10:30:00+00:00,4159,470.998931885
2013-11-27T10:40:00+00:00,4159,492.374084473
2013-11-27T10:50:00+00:00,4159,507.109344482
2013-11-27T11:00:00+00:00,4159,636.643798828
2013-11-27T11:10:00+00:00,4159,741.166931152
2013-11-27T11:20:00+00:00,4159,680.78338623
2013-11-27T11:30:00+00:00,4159,679.779663086
2013-11-27T11:40:00+00:00,4159,689.265930176
2013-11-27T11:50:00+00:00,4159,672.284423828
2013-11-27T12:00:00+00:00,4159,702.404968262
2013-11-27T12:10:00+00:00,4159,649.501281738
2013-11-27T12:20:00+00:00,4159,685.744750977
2013-11-27T12:30:00+00:00,4159,647.515197754
2013-11-27T12:40:00+00:00,4159,700.289306641
2013-11-27T12:50:00+00:00,4159,642.358825684
2013-11-27T13:00:00+00:00,4159,692.929504395
2013-11-27T13:10:00+00:00,4159,688.858703613
2013-11-27T13:20:00+00:00,4159,661.865234375
2013-11-27T13:30:00+00:00,4159,638.728149414
2013-11-27T13:40:00+00:00,4159,612.831054688
2013-11-27T13:50:00+00:00,4159,564.006958008
2013-11-27T14:00:00+00:00,4159,708.77130127
2013-11-27T14:10:00+00:00,4159,667.378723145
2013-11-27T14:20:00+00:00,4159,580.844665527
2013-11-27T14:30:00+00:00,4159,699.213928223
2013-11-27T14:40:00+00:00,4159,697.481506348
2013-11-27T14:50:00+00:00,4159,640.947570801
2013-11-27T15:00:00+00:00,4159,714.288391113
2013-11-27T15:10:00+00:00,4159,753.44342041
2013-11-27T15:20:00+00:00,4159,702.745300293
2013-11-27T15:30:00+00:00,4159,639.480285645
2013-11-27T15:40:00+00:00,4159,571.748046875
2013-11-27T15:50:00+00:00,4159,536.327636719
2013-11-27T16:00:00+00:00,4159,545.149047852
2013-11-27T16:10:00+00:00,4159,552.263061523
2013-11-27T16:20:00+00:00,4159,553.10168457
2013-11-27T16:30:00+00:00,4159,615.324279785
2013-11-27T16:40:00+00:00,4159,624.898254395
2013-11-27T16:50:00+00:00,4159,610.168395996
2013-11-27T17:00:00+00:00,4159,555.131774902
2013-11-27T17:10:00+00:00,4159,523.270324707
2013-11-27T17:20:00+00:00,4159,515.731933594
2013-11-27T17:30:00+00:00,4159,460.726226807
2013-11-27T17:40:00+00:00,4159,497.694793701
2013-11-27T17:50:00+00:00,4159,512.43572998
2013-11-27T18:00:00+00:00,4159,437.394805908
2013-11-27T18:10:00+00:00,4159,499.106933594
2013-11-27T18:20:00+00:00,4159,451.236022949
2013-11-27T18:30:00+00:00,4159,453.764556885
2013-11-27T18:40:00+00:00,4159,488.570098877
2013-11-27T18:50:00+00:00,4159,396.482849121
2013-11-27T19:00:00+00:00,4159,377.6171875
2013-11-27T19:10:00+00:00,4159,398.549530029
2013-11-27T19:20:00+00:00,4159,354.451812744
2013-11-27T19:30:00+00:00,4159,368.332336426
2013-11-27T19:40:00+00:00,4159,418.496643066
2013-11-27T19:50:00+00:00,4159,421.820800781
2013-11-27T20:00:00+00:00,4159,338.725463867
2013-11-27T20:10:00+00:00,4159,443.933654785
2013-11-27T20:20:00+00:00,4159,366.975952148
2013-11-27T20:30:00+00:00,4159,383.404510498
2013-11-27T20:40:00+00:00,4159,295.74508667
2013-11-27T20:50:00+00:00,4159,361.894897461
2013-11-27T21:00:00+00:00,4159,350.25982666
2013-11-27T21:10:00+00:00,4159,371.661254883
2013-11-27T21:20:00+00:00,4159,349.534515381
2013-11-27T21:30:00+00:00,4159,360.675292969
2013-11-27T21:40:00+00:00,4159,283.289428711
2013-11-27T21:50:00+00:00,4159,274.697418213
2013-11-27T22:00:00+00:00,4159,272.045349121
2013-11-27T22:10:00+00:00,4159,241.119918823
2013-11-27T22:20:00+00:00,4159,251.633239746
2013-11-27T22:30:00+00:00,4159,235.874267578
2013-11-27T22:40:00+00:00,4159,236.195739746
2013-11-27T22:50:00+00:00,4159,238.083877563
2013-11-27T23:00:00+00:00,4159,235.944473267
2013-11-27T23:10:00+00:00,4159,209.590103149
2013-11-27T23:20:00+00:00,4159,220.014831543
2013-11-27T23:30:00+00:00,4159,195.716415405
2013-11-27T23:40:00+00:00,4159,172.722305298
2013-11-27T23:50:00+00:00,4159,201.170959473
2013-11-28T00:00:00+00:00,4159,179.51914978
2013-11-28T00:10:00+00:00,4159,178.878265381
2013-11-28T00:20:00+00:00,4159,162.72038269
2013-11-28T00:30:00+00:00,4159,180.228561401
2013-11-28T00:40:00+00:00,4159,161.170272827
2013-11-28T00:50:00+00:00,4159,151.918060303
2013-11-28T01:00:00+00:00,4159,156.734466553
2013-11-28T01:20:00+00:00,4159,144.590896606
2013-11-28T04:00:00+00:00,4159,112.271659851
2013-11-28T04:50:00+00:00,4159,135.453765869
2013-11-28T05:20:00+00:00,4159,131.059265137
2013-11-28T05:30:00+00:00,4159,143.259414673
2013-11-28T05:40:00+00:00,4159,131.068145752
2013-11-28T05:50:00+00:00,4159,140.079071045
2013-11-28T06:00:00+00:00,4159,155.867904663
2013-11-28T06:10:00+00:00,4159,168.284835815
2013-11-28T06:20:00+00:00,4159,166.628204346
2013-11-28T06:30:00+00:00,4159,202.188613892
2013-11-28T06:40:00+00:00,4159,200.263061523
2013-11-28T06:50:00+00:00,4159,269.525360107
2013-11-28T07:00:00+00:00,4159,263.834197998
2013-11-28T07:10:00+00:00,4159,272.010467529
2013-11-28T07:20:00+00:00,4159,303.650115967
2013-11-28T07:30:00+00:00,4159,362.933044434
2013-11-28T07:40:00+00:00,4159,414.638000488
2013-11-28T07:50:00+00:00,4159,450.713592529
2013-11-28T08:00:00+00:00,4159,410.137512207
2013-11-28T08:10:00+00:00,4159,465.00592041
2013-11-28T08:20:00+00:00,4159,449.720306396
2013-11-28T08:30:00+00:00,4159,482.052154541
2013-11-28T08:40:00+00:00,4159,444.219299316
2013-11-28T08:50:00+00:00,4159,496.196746826
2013-11-28T09:00:00+00:00,4159,503.337249756
2013-11-28T09:10:00+00:00,4159,610.537658691
2013-11-28T09:20:00+00:00,4159,654.496887207
2013-11-28T09:30:00+00:00,4159,659.897827148
2013-11-28T09:40:00+00:00,4159,530.661132812
2013-11-28T09:50:00+00:00,4159,618.106689453
2013-11-28T10:00:00+00:00,4159,633.473266602
2013-11-28T10:10:00+00:00,4159,693.358886719
2013-11-28T10:20:00+00:00,4159,702.093322754
2013-11-28T10:30:00+00:00,4159,605.093200684
2013-11-28T10:40:00+00:00,4159,643.825439453
2013-11-28T10:50:00+00:00,4159,590.617370605
2013-11-28T11:00:00+00:00,4159,673.55645752
2013-11-28T11:10:00+00:00,4159,748.225280762
2013-11-28T11:20:00+00:00,4159,725.056091309
2013-11-28T11:30:00+00:00,4159,666.504333496
2013-11-28T11:40:00+00:00,4159,626.201782227
2013-11-28T11:50:00+00:00,4159,623.660522461
2013-11-28T12:00:00+00:00,4159,638.328735352
2013-11-28T12:10:00+00:00,4159,635.918823242
2013-11-28T12:20:00+00:00,4159,621.295532227
2013-11-28T12:30:00+00:00,4159,662.763916016
2013-11-28T12:40:00+00:00,4159,703.686035156
2013-11-28T12:50:00+00:00,4159,681.519287109
2013-11-28T13:00:00+00:00,4159,642.696228027
2013-11-28T13:10:00+00:00,4159,653.79309082
2013-11-28T13:20:00+00:00,4159,647.265869141
2013-11-28T13:30:00+00:00,4159,633.458435059
2013-11-28T13:40:00+00:00,4159,629.322143555
2013-11-28T13:50:00+00:00,4159,561.843261719
2013-11-28T14:00:00+00:00,4159,555.682678223
2013-11-28T14:10:00+00:00,4159,614.772094727
2013-11-28T14:20:00+00:00,4159,582.429504395
2013-11-28T14:30:00+00:00,4159,565.659118652
2013-11-28T14:40:00+00:00,4159,562.894348145
2013-11-28T14:50:00+00:00,4159,599.093078613
2013-11-28T15:00:00+00:00,4159,656.541870117
2013-11-28T15:10:00+00:00,4159,626.880432129
2013-11-28T15:20:00+00:00,4159,615.758178711
2013-11-28T15:30:00+00:00,4159,648.023742676
2013-11-28T15:40:00+00:00,4159,558.738708496
2013-11-28T15:50:00+00:00,4159,544.717102051
2013-11-28T16:00:00+00:00,4159,533.911132812
2013-11-28T16:10:00+00:00,4159,557.351989746
2013-11-28T16:20:00+00:00,4159,536.004516602
2013-11-28T16:30:00+00:00,4159,536.838256836
2013-11-28T16:40:00+00:00,4159,564.144897461
2013-11-28T16:50:00+00:00,4159,595.386474609
2013-11-28T17:00:00+00:00,4159,647.765625
2013-11-28T17:10:00+00:00,4159,517.356140137
2013-11-28T17:20:00+00:00,4159,584.15222168
2013-11-28T17:30:00+00:00,4159,542.097106934
2013-11-28T17:40:00+00:00,4159,506.938781738
2013-11-28T17:50:00+00:00,4159,419.559936523
2013-11-28T18:00:00+00:00,4159,435.789855957
2013-11-28T18:10:00+00:00,4159,476.34185791
2013-11-28T18:20:00+00:00,4159,454.318389893
2013-11-28T18:30:00+00:00,4159,433.528076172
2013-11-28T18:40:00+00:00,4159,431.588623047
2013-11-28T18:50:00+00:00,4159,373.342071533
2013-11-28T19:00:00+00:00,4159,379.103118896
2013-11-28T19:10:00+00:00,4159,373.750457764
2013-11-28T19:20:00+00:00,4159,320.470611572
2013-11-28T19:30:00+00:00,4159,322.974273682
2013-11-28T19:40:00+00:00,4159,297.693054199
2013-11-28T19:50:00+00:00,4159,328.05267334
2013-11-28T20:00:00+00:00,4159,313.331237793
2013-11-28T20:10:00+00:00,4159,294.845611572
2013-11-28T20:20:00+00:00,4159,294.956329346
2013-11-28T20:30:00+00:00,4159,299.243927002
2013-11-28T20:40:00+00:00,4159,303.412750244
2013-11-28T20:50:00+00:00,4159,321.199005127
2013-11-28T21:00:00+00:00,4159,279.044250488
2013-11-28T21:10:00+00:00,4159,228.112503052
2013-11-28T21:20:00+00:00,4159,247.651245117
2013-11-28T21:30:00+00:00,4159,254.436477661
2013-11-28T21:40:00+00:00,4159,221.557998657
2013-11-28T21:50:00+00:00,4159,359.053497314
2013-11-28T22:00:00+00:00,4159,264.188781738
2013-11-28T22:10:00+00:00,4159,322.852264404
2013-11-28T22:20:00+00:00,4159,249.621826172
2013-11-28T22:30:00+00:00,4159,218.183868408
2013-11-28T22:40:00+00:00,4159,212.866455078
2013-11-28T22:50:00+00:00,4159,221.409622192
2013-11-28T23:00:00+00:00,4159,217.368804932
2013-11-28T23:10:00+00:00,4159,206.968734741
2013-11-28T23:20:00+00:00,4159,204.234603882
2013-11-28T23:30:00+00:00,4159,275.474517822
2013-11-28T23:40:00+00:00,4159,292.539764404
2013-11-28T23:50:00+00:00,4159,290.365997314
2013-11-29T00:10:00+00:00,4159,166.163986206
2013-11-29T00:20:00+00:00,4159,150.059143066
2013-11-29T00:30:00+00:00,4159,151.315155029
2013-11-29T00:40:00+00:00,4159,154.276504517
2013-11-29T01:10:00+00:00,4159,149.557434082
2013-11-29T01:20:00+00:00,4159,166.662841797
2013-11-29T02:40:00+00:00,4159,140.874237061
2013-11-29T02:50:00+00:00,4159,145.01763916
2013-11-29T04:50:00+00:00,4159,145.013366699
2013-11-29T05:00:00+00:00,4159,157.846343994
2013-11-29T05:30:00+00:00,4159,174.885803223
2013-11-29T05:40:00+00:00,4159,156.725997925
2013-11-29T05:50:00+00:00,4159,172.396789551
2013-11-29T06:00:00+00:00,4159,187.6769104
2013-11-29T06:10:00+00:00,4159,176.837112427
2013-11-29T06:20:00+00:00,4159,190.465515137
2013-11-29T06:30:00+00:00,4159,281.166290283
2013-11-29T06:40:00+00:00,4159,285.182067871
2013-11-29T06:50:00+00:00,4159,338.319793701
2013-11-29T07:00:00+00:00,4159,399.395385742
2013-11-29T07:10:00+00:00,4159,297.555603027
2013-11-29T07:20:00+00:00,4159,318.087799072
2013-11-29T07:30:00+00:00,4159,337.323913574
2013-11-29T07:40:00+00:00,4159,396.103271484
2013-11-29T07:50:00+00:00,4159,403.245483398
2013-11-29T08:00:00+00:00,4159,428.668121338
2013-11-29T08:10:00+00:00,4159,457.123382568
2013-11-29T08:20:00+00:00,4159,420.650787354
2013-11-29T08:30:00+00:00,4159,454.454223633
2013-11-29T08:40:00+00:00,4159,438.008880615
2013-11-29T08:50:00+00:00,4159,447.485687256
2013-11-29T09:00:00+00:00,4159,491.438751221
2013-11-29T09:10:00+00:00,4159,504.647827148
2013-11-29T09:20:00+00:00,4159,616.478027344
2013-11-29T09:30:00+00:00,4159,577.404602051
2013-11-29T09:40:00+00:00,4159,530.731384277
2013-11-29T09:50:00+00:00,4159,562.947875977
2013-11-29T10:00:00+00:00,4159,495.440032959
2013-11-29T10:10:00+00:00,4159,478.930358887
2013-11-29T10:20:00+00:00,4159,508.742004395
2013-11-29T10:30:00+00:00,4159,535.821105957
2013-11-29T10:40:00+00:00,4159,572.143310547
2013-11-29T10:50:00+00:00,4159,515.817749023
2013-11-29T11:00:00+00:00,4159,603.055480957
2013-11-29T11:10:00+00:00,4159,589.092895508
2013-11-29T11:20:00+00:00,4159,540.059265137
2013-11-29T11:30:00+00:00,4159,651.181030273
2013-11-29T11:40:00+00:00,4159,610.434204102
2013-11-29T11:50:00+00:00,4159,550.639709473
2013-11-29T12:00:00+00:00,4159,692.377441406
2013-11-29T12:10:00+00:00,4159,630.933288574
2013-11-29T12:20:00+00:00,4159,607.290466309
2013-11-29T12:30:00+00:00,4159,821.995361328
2013-11-29T12:40:00+00:00,4159,632.663452148
2013-11-29T12:50:00+00:00,4159,564.179931641
2013-11-29T13:00:00+00:00,4159,631.319763184
2013-11-29T13:10:00+00:00,4159,590.861572266
2013-11-29T13:20:00+00:00,4159,521.244506836
2013-11-29T13:30:00+00:00,4159,632.110534668
2013-11-29T13:40:00+00:00,4159,627.544189453
2013-11-29T13:50:00+00:00,4159,619.686035156
2013-11-29T14:00:00+00:00,4159,600.45300293
2013-11-29T14:10:00+00:00,4159,638.963439941
2013-11-29T14:20:00+00:00,4159,632.207336426
2013-11-29T14:30:00+00:00,4159,567.72265625
2013-11-29T14:40:00+00:00,4159,552.101318359
2013-11-29T14:50:00+00:00,4159,512.604187012
2013-11-29T15:00:00+00:00,4159,638.205810547
2013-11-29T15:10:00+00:00,4159,537.452636719
2013-11-29T15:20:00+00:00,4159,589.606018066
2013-11-29T15:30:00+00:00,4159,553.978088379
2013-11-29T15:40:00+00:00,4159,495.891876221
2013-11-29T15:50:00+00:00,4159,467.869293213
2013-11-29T16:00:00+00:00,4159,528.813171387
2013-11-29T16:10:00+00:00,4159,472.41217041
2013-11-29T16:20:00+00:00,4159,464.805938721
2013-11-29T16:30:00+00:00,4159,521.14263916
2013-11-29T16:40:00+00:00,4159,469.03805542
2013-11-29T16:50:00+00:00,4159,492.67199707
2013-11-29T17:00:00+00:00,4159,603.62890625
2013-11-29T17:10:00+00:00,4159,492.393157959
2013-11-29T17:20:00+00:00,4159,426.871520996
2013-11-29T17:30:00+00:00,4159,412.264099121
2013-11-29T17:40:00+00:00,4159,442.234954834
2013-11-29T17:50:00+00:00,4159,367.124389648
2013-11-29T18:00:00+00:00,4159,432.881134033
2013-11-29T18:10:00+00:00,4159,384.698883057
2013-11-29T18:20:00+00:00,4159,323.546478271
2013-11-29T18:30:00+00:00,4159,405.010772705
2013-11-29T18:40:00+00:00,4159,365.261230469
2013-11-29T18:50:00+00:00,4159,338.345794678
2013-11-29T19:00:00+00:00,4159,338.417419434
2013-11-29T19:10:00+00:00,4159,308.096618652
2013-11-29T19:20:00+00:00,4159,314.046661377
2013-11-29T19:30:00+00:00,4159,276.457214355
2013-11-29T19:40:00+00:00,4159,725.925354004
2013-11-29T19:50:00+00:00,4159,823.279907227
2013-11-29T20:00:00+00:00,4159,811.030273438
2013-11-29T20:10:00+00:00,4159,259.341186523
2013-11-29T20:20:00+00:00,4159,283.263580322
2013-11-29T20:30:00+00:00,4159,310.972290039
2013-11-29T20:40:00+00:00,4159,261.442932129
2013-11-29T20:50:00+00:00,4159,251.06980896
2013-11-29T21:00:00+00:00,4159,231.466903687
2013-11-29T21:10:00+00:00,4159,246.055252075
2013-11-29T21:20:00+00:00,4159,253.065612793
2013-11-29T21:30:00+00:00,4159,222.771102905
2013-11-29T21:40:00+00:00,4159,235.513061523
2013-11-29T21:50:00+00:00,4159,217.38520813
2013-11-29T22:00:00+00:00,4159,238.896865845
2013-11-29T22:10:00+00:00,4159,254.013534546
2013-11-29T22:20:00+00:00,4159,227.806381226
2013-11-29T22:30:00+00:00,4159,230.517059326
2013-11-29T22:40:00+00:00,4159,250.673080444
2013-11-29T22:50:00+00:00,4159,222.253692627
2013-11-29T23:00:00+00:00,4159,239.606216431
2013-11-29T23:10:00+00:00,4159,204.691970825
2013-11-29T23:20:00+00:00,4159,217.392929077
2013-11-29T23:30:00+00:00,4159,295.345489502
2013-11-29T23:40:00+00:00,4159,232.790771484
2013-11-29T23:50:00+00:00,4159,196.926467896
2013-11-30T00:00:00+00:00,4159,197.037567139
2013-11-30T00:10:00+00:00,4159,236.919570923
2013-11-30T00:20:00+00:00,4159,221.256591797
2013-11-30T00:30:00+00:00,4159,242.180969238
2013-11-30T00:40:00+00:00,4159,286.266601562
2013-11-30T00:50:00+00:00,4159,250.835693359
2013-11-30T01:10:00+00:00,4159,161.497817993
2013-11-30T01:20:00+00:00,4159,147.924575806
2013-11-30T01:30:00+00:00,4159,160.958877563
2013-11-30T01:40:00+00:00,4159,189.410644531
2013-11-30T01:50:00+00:00,4159,145.704238892
2013-11-30T02:00:00+00:00,4159,160.011032104
2013-11-30T02:10:00+00:00,4159,151.667434692
2013-11-30T02:30:00+00:00,4159,157.115966797
2013-11-30T02:50:00+00:00,4159,143.635513306
2013-11-30T03:00:00+00:00,4159,164.528549194
2013-11-30T03:20:00+00:00,4159,147.763687134
2013-11-30T04:10:00+00:00,4159,129.168884277
2013-11-30T04:30:00+00:00,4159,139.869293213
2013-11-30T04:40:00+00:00,4159,129.619384766
2013-11-30T04:50:00+00:00,4159,120.799812317
2013-11-30T05:20:00+00:00,4159,119.567489624
2013-11-30T05:30:00+00:00,4159,127.402694702
2013-11-30T05:40:00+00:00,4159,136.972381592
2013-11-30T06:00:00+00:00,4159,176.153289795
2013-11-30T06:10:00+00:00,4159,145.030319214
2013-11-30T06:20:00+00:00,4159,131.504730225
2013-11-30T06:30:00+00:00,4159,156.238922119
2013-11-30T06:40:00+00:00,4159,156.539993286
2013-11-30T06:50:00+00:00,4159,143.070083618
2013-11-30T07:00:00+00:00,4159,167.605575562
2013-11-30T07:10:00+00:00,4159,154.898635864
2013-11-30T07:20:00+00:00,4159,149.983612061
2013-11-30T07:30:00+00:00,4159,187.186096191
2013-11-30T07:40:00+00:00,4159,181.074981689
2013-11-30T07:50:00+00:00,4159,213.937713623
2013-11-30T08:00:00+00:00,4159,214.784225464
2013-11-30T08:10:00+00:00,4159,218.321350098
2013-11-30T08:20:00+00:00,4159,209.078613281
2013-11-30T08:30:00+00:00,4159,231.848602295
2013-11-30T08:40:00+00:00,4159,259.868408203
2013-11-30T08:50:00+00:00,4159,274.413238525
2013-11-30T09:00:00+00:00,4159,260.980285645
2013-11-30T09:10:00+00:00,4159,271.249511719
2013-11-30T09:20:00+00:00,4159,248.754440308
2013-11-30T09:30:00+00:00,4159,302.72769165
2013-11-30T09:40:00+00:00,4159,305.962677002
2013-11-30T09:50:00+00:00,4159,306.303619385
2013-11-30T10:00:00+00:00,4159,307.485900879
2013-11-30T10:10:00+00:00,4159,290.580352783
2013-11-30T10:20:00+00:00,4159,270.352386475
2013-11-30T10:30:00+00:00,4159,309.799133301
2013-11-30T10:40:00+00:00,4159,296.860809326
2013-11-30T10:50:00+00:00,4159,284.574798584
2013-11-30T11:00:00+00:00,4159,295.106719971
2013-11-30T11:10:00+00:00,4159,302.464477539
2013-11-30T11:20:00+00:00,4159,294.931884766
2013-11-30T11:30:00+00:00,4159,294.15057373
2013-11-30T11:40:00+00:00,4159,283.824462891
2013-11-30T11:50:00+00:00,4159,346.026580811
2013-11-30T12:00:00+00:00,4159,429.533752441
2013-11-30T12:10:00+00:00,4159,328.474700928
2013-11-30T12:20:00+00:00,4159,341.192657471
2013-11-30T12:30:00+00:00,4159,348.024871826
2013-11-30T12:40:00+00:00,4159,339.192718506
2013-11-30T12:50:00+00:00,4159,302.188323975
2013-11-30T13:00:00+00:00,4159,353.414978027
2013-11-30T13:10:00+00:00,4159,304.614532471
2013-11-30T13:20:00+00:00,4159,436.085540771
2013-11-30T13:30:00+00:00,4159,356.56262207
2013-11-30T13:40:00+00:00,4159,318.963317871
2013-11-30T13:50:00+00:00,4159,275.290161133
2013-11-30T14:00:00+00:00,4159,280.581207275
2013-11-30T14:10:00+00:00,4159,310.657531738
2013-11-30T14:20:00+00:00,4159,270.758270264
2013-11-30T14:30:00+00:00,4159,296.688598633
2013-11-30T14:40:00+00:00,4159,316.683197021
2013-11-30T14:50:00+00:00,4159,287.034942627
2013-11-30T15:00:00+00:00,4159,334.650970459
2013-11-30T15:10:00+00:00,4159,416.094573975
2013-11-30T15:20:00+00:00,4159,284.572875977
2013-11-30T15:30:00+00:00,4159,332.90335083
2013-11-30T15:40:00+00:00,4159,286.285369873
2013-11-30T15:50:00+00:00,4159,356.279205322
2013-11-30T16:00:00+00:00,4159,312.009063721
2013-11-30T16:10:00+00:00,4159,373.977020264
2013-11-30T16:20:00+00:00,4159,309.279998779
2013-11-30T16:30:00+00:00,4159,269.476196289
2013-11-30T16:40:00+00:00,4159,276.616516113
2013-11-30T16:50:00+00:00,4159,287.361358643
2013-11-30T17:00:00+00:00,4159,296.184906006
2013-11-30T17:10:00+00:00,4159,248.978134155
2013-11-30T17:20:00+00:00,4159,274.661010742
2013-11-30T17:30:00+00:00,4159,308.705780029
2013-11-30T17:40:00+00:00,4159,233.261184692
2013-11-30T17:50:00+00:00,4159,214.789093018
2013-11-30T18:00:00+00:00,4159,231.865402222
2013-11-30T18:10:00+00:00,4159,280.974609375
2013-11-30T18:20:00+00:00,4159,254.890930176
2013-11-30T18:30:00+00:00,4159,247.250610352
2013-11-30T18:40:00+00:00,4159,211.685195923
2013-11-30T18:50:00+00:00,4159,213.607116699
2013-11-30T19:00:00+00:00,4159,229.618164062
2013-11-30T19:10:00+00:00,4159,239.525863647
2013-11-30T19:20:00+00:00,4159,225.519256592
2013-11-30T19:30:00+00:00,4159,245.837600708
2013-11-30T19:40:00+00:00,4159,261.666564941
2013-11-30T19:50:00+00:00,4159,211.260421753
2013-11-30T20:00:00+00:00,4159,233.203659058
2013-11-30T20:10:00+00:00,4159,226.643417358
2013-11-30T20:20:00+00:00,4159,381.226928711
2013-11-30T20:30:00+00:00,4159,214.880187988
2013-11-30T20:40:00+00:00,4159,201.470489502
2013-11-30T20:50:00+00:00,4159,209.038345337
2013-11-30T21:00:00+00:00,4159,232.091812134
2013-11-30T21:10:00+00:00,4159,256.712799072
2013-11-30T21:20:00+00:00,4159,233.532394409
2013-11-30T21:30:00+00:00,4159,249.672958374
2013-11-30T21:40:00+00:00,4159,235.446640015
2013-11-30T21:50:00+00:00,4159,244.801986694
2013-11-30T22:00:00+00:00,4159,234.396896362
2013-11-30T22:10:00+00:00,4159,276.152709961
2013-11-30T22:20:00+00:00,4159,242.792175293
2013-11-30T22:30:00+00:00,4159,234.078704834
2013-11-30T22:40:00+00:00,4159,270.601379395
2013-11-30T22:50:00+00:00,4159,218.024841309
2013-11-30T23:00:00+00:00,4159,241.999282837
2013-11-30T23:10:00+00:00,4159,274.812530518
2013-11-30T23:20:00+00:00,4159,236.262664795
2013-11-30T23:30:00+00:00,4159,230.581314087
2013-11-30T23:40:00+00:00,4159,232.481201172
2013-11-30T23:50:00+00:00,4159,199.663101196
2013-12-01T00:00:00+00:00,4159,204.51701355
2013-12-01T00:10:00+00:00,4159,197.575531006
2013-12-01T00:20:00+00:00,4159,227.221099854
2013-12-01T00:30:00+00:00,4159,193.301422119
2013-12-01T00:40:00+00:00,4159,200.877044678
2013-12-01T00:50:00+00:00,4159,195.518768311
2013-12-01T01:00:00+00:00,4159,201.614700317
2013-12-01T01:10:00+00:00,4159,239.778533936
2013-12-01T01:20:00+00:00,4159,190.46270752
2013-12-01T01:30:00+00:00,4159,171.165664673
2013-12-01T01:40:00+00:00,4159,168.480178833
2013-12-01T01:50:00+00:00,4159,147.200378418
2013-12-01T02:00:00+00:00,4159,148.611541748
2013-12-01T02:10:00+00:00,4159,167.894760132
2013-12-01T02:20:00+00:00,4159,135.647399902
2013-12-01T02:30:00+00:00,4159,147.177536011
2013-12-01T02:50:00+00:00,4159,149.31652832
2013-12-01T03:00:00+00:00,4159,138.872299194
2013-12-01T03:20:00+00:00,4159,134.389892578
2013-12-01T03:30:00+00:00,4159,119.32636261
2013-12-01T05:10:00+00:00,4159,114.027885437
2013-12-01T05:30:00+00:00,4159,105.782806396
2013-12-01T06:00:00+00:00,4159,111.488563538
2013-12-01T06:10:00+00:00,4159,112.390823364
2013-12-01T06:20:00+00:00,4159,121.621948242
2013-12-01T06:30:00+00:00,4159,112.510719299
2013-12-01T06:50:00+00:00,4159,118.859428406
2013-12-01T07:00:00+00:00,4159,113.474609375
2013-12-01T07:10:00+00:00,4159,125.780952454
2013-12-01T07:20:00+00:00,4159,117.949829102
2013-12-01T07:30:00+00:00,4159,116.403213501
2013-12-01T07:40:00+00:00,4159,142.148101807
2013-12-01T07:50:00+00:00,4159,144.020568848
2013-12-01T08:00:00+00:00,4159,133.576080322
2013-12-01T08:10:00+00:00,4159,218.970214844
2013-12-01T08:20:00+00:00,4159,147.636444092
2013-12-01T08:30:00+00:00,4159,143.943267822
2013-12-01T08:40:00+00:00,4159,156.111373901
2013-12-01T08:50:00+00:00,4159,167.35975647
2013-12-01T09:00:00+00:00,4159,283.799530029
2013-12-01T09:10:00+00:00,4159,534.661560059
2013-12-01T09:20:00+00:00,4159,195.186462402
2013-12-01T09:30:00+00:00,4159,177.566574097
2013-12-01T09:40:00+00:00,4159,167.749298096
2013-12-01T09:50:00+00:00,4159,176.602752686
2013-12-01T10:00:00+00:00,4159,140.752319336
2013-12-01T10:10:00+00:00,4159,162.002746582
2013-12-01T10:20:00+00:00,4159,166.143218994
2013-12-01T10:30:00+00:00,4159,170.464050293
2013-12-01T10:40:00+00:00,4159,217.689224243
2013-12-01T10:50:00+00:00,4159,155.58152771
2013-12-01T11:00:00+00:00,4159,160.374603271
2013-12-01T11:10:00+00:00,4159,163.182067871
2013-12-01T11:20:00+00:00,4159,135.932952881
2013-12-01T11:30:00+00:00,4159,158.813598633
2013-12-01T11:40:00+00:00,4159,168.014221191
2013-12-01T11:50:00+00:00,4159,152.034408569
2013-12-01T12:00:00+00:00,4159,178.919250488
2013-12-01T12:10:00+00:00,4159,181.715286255
2013-12-01T12:20:00+00:00,4159,131.457687378
2013-12-01T12:30:00+00:00,4159,177.710372925
2013-12-01T12:40:00+00:00,4159,198.636749268
2013-12-01T12:50:00+00:00,4159,166.602386475
2013-12-01T13:00:00+00:00,4159,212.507797241
2013-12-01T13:10:00+00:00,4159,220.085083008
2013-12-01T13:20:00+00:00,4159,195.15612793
2013-12-01T13:30:00+00:00,4159,201.543930054
2013-12-01T13:40:00+00:00,4159,162.309707642
2013-12-01T13:50:00+00:00,4159,152.187103271
2013-12-01T14:00:00+00:00,4159,184.950088501
2013-12-01T14:10:00+00:00,4159,256.352661133
2013-12-01T14:20:00+00:00,4159,233.181594849
2013-12-01T14:30:00+00:00,4159,207.42074585
2013-12-01T14:40:00+00:00,4159,234.574111938
2013-12-01T14:50:00+00:00,4159,180.149917603
2013-12-01T15:00:00+00:00,4159,196.563369751
2013-12-01T15:10:00+00:00,4159,223.826934814
2013-12-01T15:20:00+00:00,4159,242.661499023
2013-12-01T15:30:00+00:00,4159,220.121551514
2013-12-01T15:40:00+00:00,4159,180.252044678
2013-12-01T15:50:00+00:00,4159,196.662200928
2013-12-01T16:00:00+00:00,4159,207.630996704
2013-12-01T16:10:00+00:00,4159,213.890228271
2013-12-01T16:20:00+00:00,4159,211.106506348
2013-12-01T16:30:00+00:00,4159,207.344360352
2013-12-01T16:40:00+00:00,4159,201.836105347
2013-12-01T16:50:00+00:00,4159,205.144256592
2013-12-01T17:00:00+00:00,4159,201.345794678
2013-12-01T17:10:00+00:00,4159,200.811447144
2013-12-01T17:20:00+00:00,4159,219.580123901
2013-12-01T17:30:00+00:00,4159,190.004425049
2013-12-01T17:40:00+00:00,4159,199.986755371
2013-12-01T17:50:00+00:00,4159,193.396224976
2013-12-01T18:00:00+00:00,4159,220.650497437
2013-12-01T18:10:00+00:00,4159,213.848068237
2013-12-01T18:20:00+00:00,4159,212.254394531
2013-12-01T18:30:00+00:00,4159,321.127960205
2013-12-01T18:40:00+00:00,4159,226.080444336
2013-12-01T18:50:00+00:00,4159,204.032791138
2013-12-01T19:00:00+00:00,4159,209.867126465
2013-12-01T19:10:00+00:00,4159,282.767059326
2013-12-01T19:20:00+00:00,4159,207.531402588
2013-12-01T19:30:00+00:00,4159,201.966278076
2013-12-01T19:40:00+00:00,4159,191.791763306
2013-12-01T19:50:00+00:00,4159,172.770950317
2013-12-01T20:00:00+00:00,4159,163.240325928
2013-12-01T20:10:00+00:00,4159,204.878692627
2013-12-01T20:20:00+00:00,4159,227.030502319
2013-12-01T20:30:00+00:00,4159,174.68737793
2013-12-01T20:40:00+00:00,4159,196.072799683
2013-12-01T20:50:00+00:00,4159,209.159729004
2013-12-01T21:00:00+00:00,4159,216.038711548
2013-12-01T21:10:00+00:00,4159,202.722244263
2013-12-01T21:20:00+00:00,4159,196.276550293
2013-12-01T21:30:00+00:00,4159,197.630157471
2013-12-01T21:40:00+00:00,4159,203.498062134
2013-12-01T21:50:00+00:00,4159,219.667907715
2013-12-01T22:00:00+00:00,4159,193.725021362
2013-12-01T22:10:00+00:00,4159,238.216903687
2013-12-01T22:20:00+00:00,4159,203.547805786
2013-12-01T22:30:00+00:00,4159,180.456771851
2013-12-01T22:40:00+00:00,4159,153.303955078
2013-12-01T22:50:00+00:00,4159,149.406707764
2013-12-01T23:00:00+00:00,4159,185.005569458
2013-12-01T23:10:00+00:00,4159,168.638549805
2013-12-01T23:20:00+00:00,4159,149.610671997
2013-12-01T23:30:00+00:00,4159,166.09463501
2013-12-01T23:40:00+00:00,4159,179.15927124
2013-12-01T23:50:00+00:00,4159,170.273071289
2013-12-02T04:40:00+00:00,4159,105.054298401
2013-12-02T05:00:00+00:00,4159,105.918281555
2013-12-02T05:20:00+00:00,4159,123.13319397
2013-12-02T05:30:00+00:00,4159,111.328422546
2013-12-02T05:40:00+00:00,4159,124.908920288
2013-12-02T06:00:00+00:00,4159,132.199356079
2013-12-02T06:10:00+00:00,4159,135.458175659
2013-12-02T06:20:00+00:00,4159,182.317321777
2013-12-02T06:30:00+00:00,4159,187.858581543
2013-12-02T06:40:00+00:00,4159,198.858184814
2013-12-02T06:50:00+00:00,4159,243.350845337
2013-12-02T07:00:00+00:00,4159,227.122879028
2013-12-02T07:10:00+00:00,4159,272.70135498
2013-12-02T07:20:00+00:00,4159,314.238342285
2013-12-02T07:30:00+00:00,4159,335.886749268
2013-12-02T07:40:00+00:00,4159,397.250030518
2013-12-02T07:50:00+00:00,4159,364.511657715
2013-12-02T08:00:00+00:00,4159,420.158935547
2013-12-02T08:10:00+00:00,4159,442.32901001
2013-12-02T08:20:00+00:00,4159,439.196258545
2013-12-02T08:30:00+00:00,4159,437.783752441
2013-12-02T08:40:00+00:00,4159,487.509399414
2013-12-02T08:50:00+00:00,4159,447.161437988
2013-12-02T09:00:00+00:00,4159,452.737854004
2013-12-02T09:10:00+00:00,4159,471.830444336
2013-12-02T09:20:00+00:00,4159,655.617614746
2013-12-02T09:30:00+00:00,4159,564.715026855
2013-12-02T09:40:00+00:00,4159,530.496276855
2013-12-02T09:50:00+00:00,4159,535.301086426
2013-12-02T10:00:00+00:00,4159,549.642578125
2013-12-02T10:10:00+00:00,4159,558.885986328
2013-12-02T10:20:00+00:00,4159,609.181640625
2013-12-02T10:30:00+00:00,4159,577.64465332
2013-12-02T10:40:00+00:00,4159,597.335021973
2013-12-02T10:50:00+00:00,4159,669.432495117
2013-12-02T11:00:00+00:00,4159,655.96496582
2013-12-02T11:10:00+00:00,4159,709.755615234
2013-12-02T11:20:00+00:00,4159,708.095703125
2013-12-02T11:30:00+00:00,4159,660.985656738
2013-12-02T11:40:00+00:00,4159,688.600952148
2013-12-02T11:50:00+00:00,4159,679.898010254
2013-12-02T12:00:00+00:00,4159,652.438476562
2013-12-02T12:10:00+00:00,4159,708.442382812
2013-12-02T12:20:00+00:00,4159,662.31652832
2013-12-02T12:30:00+00:00,4159,718.832397461
2013-12-02T12:40:00+00:00,4159,634.842712402
2013-12-02T12:50:00+00:00,4159,616.24822998
2013-12-02T13:00:00+00:00,4159,747.927429199
2013-12-02T13:10:00+00:00,4159,769.153015137
2013-12-02T13:20:00+00:00,4159,676.566040039
2013-12-02T13:30:00+00:00,4159,637.824768066
2013-12-02T13:40:00+00:00,4159,693.566040039
2013-12-02T13:50:00+00:00,4159,617.916809082
2013-12-02T14:00:00+00:00,4159,600.87902832
2013-12-02T14:10:00+00:00,4159,595.814453125
2013-12-02T14:20:00+00:00,4159,646.817993164
2013-12-02T14:30:00+00:00,4159,559.742492676
2013-12-02T14:40:00+00:00,4159,558.11517334
2013-12-02T14:50:00+00:00,4159,596.613220215
2013-12-02T15:00:00+00:00,4159,744.530517578
2013-12-02T15:10:00+00:00,4159,683.372741699
2013-12-02T15:20:00+00:00,4159,600.160644531
2013-12-02T15:30:00+00:00,4159,589.914367676
2013-12-02T15:40:00+00:00,4159,553.33972168
2013-12-02T15:50:00+00:00,4159,588.325317383
2013-12-02T16:00:00+00:00,4159,533.899963379
2013-12-02T16:10:00+00:00,4159,626.971679688
2013-12-02T16:20:00+00:00,4159,556.935241699
2013-12-02T16:30:00+00:00,4159,523.751953125
2013-12-02T16:40:00+00:00,4159,560.307678223
2013-12-02T16:50:00+00:00,4159,604.841430664
2013-12-02T17:00:00+00:00,4159,533.252868652
2013-12-02T17:10:00+00:00,4159,509.14163208
2013-12-02T17:20:00+00:00,4159,535.48815918
2013-12-02T17:30:00+00:00,4159,585.371887207
2013-12-02T17:40:00+00:00,4159,479.826812744
2013-12-02T17:50:00+00:00,4159,485.193969727
2013-12-02T18:00:00+00:00,4159,479.532043457
2013-12-02T18:10:00+00:00,4159,530.422119141
2013-12-02T18:20:00+00:00,4159,489.87121582
2013-12-02T18:30:00+00:00,4159,470.828155518
2013-12-02T18:40:00+00:00,4159,508.63293457
2013-12-02T18:50:00+00:00,4159,408.475250244
2013-12-02T19:00:00+00:00,4159,387.357574463
2013-12-02T19:10:00+00:00,4159,359.526123047
2013-12-02T19:20:00+00:00,4159,337.727355957
2013-12-02T19:30:00+00:00,4159,348.048797607
2013-12-02T19:40:00+00:00,4159,399.056518555
2013-12-02T19:50:00+00:00,4159,361.212341309
2013-12-02T20:00:00+00:00,4159,378.464904785
2013-12-02T20:10:00+00:00,4159,343.507110596
2013-12-02T20:20:00+00:00,4159,295.888977051
2013-12-02T20:30:00+00:00,4159,288.768310547
2013-12-02T20:40:00+00:00,4159,326.127838135
2013-12-02T20:50:00+00:00,4159,350.803436279
2013-12-02T21:00:00+00:00,4159,396.684783936
2013-12-02T21:10:00+00:00,4159,291.358886719
2013-12-02T21:20:00+00:00,4159,275.261749268
2013-12-02T21:30:00+00:00,4159,285.354522705
2013-12-02T21:40:00+00:00,4159,258.707580566
2013-12-02T21:50:00+00:00,4159,275.580535889
2013-12-02T22:00:00+00:00,4159,237.77520752
2013-12-02T22:10:00+00:00,4159,314.183380127
2013-12-02T22:20:00+00:00,4159,268.227508545
2013-12-02T22:30:00+00:00,4159,298.565551758
2013-12-02T22:40:00+00:00,4159,293.292388916
2013-12-02T22:50:00+00:00,4159,280.064788818
2013-12-02T23:00:00+00:00,4159,316.115844727
2013-12-02T23:10:00+00:00,4159,217.5259552
2013-12-02T23:20:00+00:00,4159,215.818374634
2013-12-02T23:30:00+00:00,4159,219.184692383
2013-12-02T23:40:00+00:00,4159,192.942932129
2013-12-03T00:00:00+00:00,4159,195.641403198
2013-12-03T00:10:00+00:00,4159,434.323791504
2013-12-03T00:20:00+00:00,4159,132.978607178
2013-12-03T00:40:00+00:00,4159,210.935333252
2013-12-03T01:00:00+00:00,4159,159.396972656
2013-12-03T01:10:00+00:00,4159,167.809524536
2013-12-03T01:50:00+00:00,4159,134.849304199
2013-12-03T04:20:00+00:00,4159,134.117996216
2013-12-03T04:40:00+00:00,4159,143.1275177
2013-12-03T05:10:00+00:00,4159,145.874725342
2013-12-03T05:30:00+00:00,4159,152.485961914
2013-12-03T05:40:00+00:00,4159,137.651855469
2013-12-03T05:50:00+00:00,4159,159.636550903
2013-12-03T06:00:00+00:00,4159,166.046890259
2013-12-03T06:10:00+00:00,4159,158.377334595
2013-12-03T06:20:00+00:00,4159,175.056137085
2013-12-03T06:30:00+00:00,4159,196.179458618
2013-12-03T06:40:00+00:00,4159,210.684616089
2013-12-03T06:50:00+00:00,4159,320.336914062
2013-12-03T07:00:00+00:00,4159,234.286743164
2013-12-03T07:10:00+00:00,4159,286.402557373
2013-12-03T07:20:00+00:00,4159,344.245117188
2013-12-03T07:30:00+00:00,4159,309.887908936
2013-12-03T07:40:00+00:00,4159,486.950317383
2013-12-03T07:50:00+00:00,4159,351.290344238
2013-12-03T08:00:00+00:00,4159,405.766998291
2013-12-03T08:10:00+00:00,4159,462.948272705
2013-12-03T08:20:00+00:00,4159,465.746429443
2013-12-03T08:30:00+00:00,4159,469.589599609
2013-12-03T08:40:00+00:00,4159,458.634002686
2013-12-03T08:50:00+00:00,4159,449.938110352
2013-12-03T09:00:00+00:00,4159,510.269073486
2013-12-03T09:10:00+00:00,4159,548.116760254
2013-12-03T09:20:00+00:00,4159,602.453735352
2013-12-03T09:30:00+00:00,4159,618.094482422
2013-12-03T09:40:00+00:00,4159,645.88079834
2013-12-03T09:50:00+00:00,4159,639.856445312
2013-12-03T10:00:00+00:00,4159,596.940124512
2013-12-03T10:10:00+00:00,4159,619.323791504
2013-12-03T10:20:00+00:00,4159,598.515686035
2013-12-03T10:30:00+00:00,4159,625.750549316
2013-12-03T10:40:00+00:00,4159,678.549499512
2013-12-03T10:50:00+00:00,4159,642.426330566
2013-12-03T11:00:00+00:00,4159,742.831726074
2013-12-03T11:10:00+00:00,4159,740.737609863
2013-12-03T11:20:00+00:00,4159,684.181335449
2013-12-03T11:30:00+00:00,4159,709.86706543
2013-12-03T11:40:00+00:00,4159,610.029724121
2013-12-03T11:50:00+00:00,4159,613.125305176
2013-12-03T12:00:00+00:00,4159,649.915283203
2013-12-03T12:10:00+00:00,4159,590.983947754
2013-12-03T12:20:00+00:00,4159,643.133361816
2013-12-03T12:30:00+00:00,4159,547.735290527
2013-12-03T12:40:00+00:00,4159,606.281066895
2013-12-03T12:50:00+00:00,4159,605.24041748
2013-12-03T13:00:00+00:00,4159,695.841308594
2013-12-03T13:10:00+00:00,4159,780.487548828
2013-12-03T13:20:00+00:00,4159,629.381286621
2013-12-03T13:30:00+00:00,4159,634.028381348
2013-12-03T13:40:00+00:00,4159,566.521972656
2013-12-03T13:50:00+00:00,4159,554.556762695
2013-12-03T14:00:00+00:00,4159,643.31451416
2013-12-03T14:10:00+00:00,4159,617.006530762
2013-12-03T14:20:00+00:00,4159,528.754150391
2013-12-03T14:30:00+00:00,4159,548.933288574
2013-12-03T14:40:00+00:00,4159,534.015380859
2013-12-03T14:50:00+00:00,4159,528.596252441
2013-12-03T15:00:00+00:00,4159,641.399597168
2013-12-03T15:10:00+00:00,4159,668.742675781
2013-12-03T15:20:00+00:00,4159,628.708496094
2013-12-03T15:30:00+00:00,4159,620.062744141
2013-12-03T15:40:00+00:00,4159,599.523986816
2013-12-03T15:50:00+00:00,4159,552.592834473
2013-12-03T16:00:00+00:00,4159,589.847045898
2013-12-03T16:10:00+00:00,4159,629.986816406
2013-12-03T16:20:00+00:00,4159,574.294128418
2013-12-03T16:30:00+00:00,4159,688.924621582
2013-12-03T16:40:00+00:00,4159,648.206726074
2013-12-03T16:50:00+00:00,4159,624.838684082
2013-12-03T17:00:00+00:00,4159,661.405029297
2013-12-03T17:10:00+00:00,4159,574.996765137
2013-12-03T17:20:00+00:00,4159,497.356414795
2013-12-03T17:30:00+00:00,4159,485.245666504
2013-12-03T17:40:00+00:00,4159,501.808807373
2013-12-03T17:50:00+00:00,4159,449.875152588
2013-12-03T18:00:00+00:00,4159,439.560699463
2013-12-03T18:10:00+00:00,4159,464.372558594
2013-12-03T18:20:00+00:00,4159,453.763763428
2013-12-03T18:30:00+00:00,4159,431.636444092
2013-12-03T18:40:00+00:00,4159,405.008636475
2013-12-03T18:50:00+00:00,4159,390.036468506
2013-12-03T19:00:00+00:00,4159,496.007843018
2013-12-03T19:10:00+00:00,4159,345.862426758
2013-12-03T19:20:00+00:00,4159,434.048614502
2013-12-03T19:30:00+00:00,4159,332.608825684
2013-12-03T19:40:00+00:00,4159,406.8699646
2013-12-03T19:50:00+00:00,4159,306.151397705
2013-12-03T20:00:00+00:00,4159,337.256866455
2013-12-03T20:10:00+00:00,4159,416.272979736
2013-12-03T20:20:00+00:00,4159,299.648498535
2013-12-03T20:30:00+00:00,4159,280.02053833
2013-12-03T20:40:00+00:00,4159,342.9871521
2013-12-03T20:50:00+00:00,4159,360.087188721
2013-12-03T21:00:00+00:00,4159,264.134002686
2013-12-03T21:10:00+00:00,4159,397.39151001
2013-12-03T21:20:00+00:00,4159,298.028045654
2013-12-03T21:30:00+00:00,4159,264.481201172
2013-12-03T21:40:00+00:00,4159,263.990570068
2013-12-03T21:50:00+00:00,4159,229.32975769
2013-12-03T22:00:00+00:00,4159,237.921508789
2013-12-03T22:10:00+00:00,4159,285.010162354
2013-12-03T22:20:00+00:00,4159,270.809204102
2013-12-03T22:30:00+00:00,4159,242.017242432
2013-12-03T22:40:00+00:00,4159,254.389633179
2013-12-03T22:50:00+00:00,4159,243.801864624
2013-12-03T23:00:00+00:00,4159,303.725738525
2013-12-03T23:10:00+00:00,4159,236.586898804
2013-12-03T23:20:00+00:00,4159,203.415176392
2013-12-03T23:30:00+00:00,4159,195.607833862
2013-12-03T23:40:00+00:00,4159,170.68637085
2013-12-03T23:50:00+00:00,4159,167.133865356
2013-12-04T00:20:00+00:00,4159,158.663650513
2013-12-04T00:40:00+00:00,4159,153.805084229
2013-12-04T00:50:00+00:00,4159,176.453689575
2013-12-04T01:50:00+00:00,4159,117.50881958
2013-12-04T02:20:00+00:00,4159,121.116470337
2013-12-04T04:50:00+00:00,4159,111.504867554
2013-12-04T05:00:00+00:00,4159,120.844261169
2013-12-04T05:40:00+00:00,4159,140.356414795
2013-12-04T05:50:00+00:00,4159,141.725814819
2013-12-04T06:00:00+00:00,4159,156.452789307
2013-12-04T06:10:00+00:00,4159,153.817321777
2013-12-04T06:20:00+00:00,4159,159.142318726
2013-12-04T06:30:00+00:00,4159,322.240234375
2013-12-04T06:40:00+00:00,4159,214.23866272
2013-12-04T06:50:00+00:00,4159,226.474365234
2013-12-04T07:00:00+00:00,4159,257.804992676
2013-12-04T07:10:00+00:00,4159,308.813201904
2013-12-04T07:20:00+00:00,4159,288.545440674
2013-12-04T07:30:00+00:00,4159,337.764251709
2013-12-04T07:40:00+00:00,4159,424.672363281
2013-12-04T07:50:00+00:00,4159,380.664245605
2013-12-04T08:00:00+00:00,4159,454.236877441
2013-12-04T08:10:00+00:00,4159,439.524780273
2013-12-04T08:20:00+00:00,4159,466.115600586
2013-12-04T08:30:00+00:00,4159,478.343902588
2013-12-04T08:40:00+00:00,4159,435.471038818
2013-12-04T08:50:00+00:00,4159,442.183624268
2013-12-04T09:00:00+00:00,4159,450.872894287
2013-12-04T09:10:00+00:00,4159,528.938598633
2013-12-04T09:20:00+00:00,4159,616.769104004
2013-12-04T09:30:00+00:00,4159,577.952514648
2013-12-04T09:40:00+00:00,4159,560.381591797
2013-12-04T09:50:00+00:00,4159,519.841186523
2013-12-04T10:00:00+00:00,4159,506.147674561
2013-12-04T10:10:00+00:00,4159,506.335510254
2013-12-04T10:20:00+00:00,4159,508.084747314
2013-12-04T10:30:00+00:00,4159,499.143432617
2013-12-04T10:40:00+00:00,4159,527.434265137
2013-12-04T10:50:00+00:00,4159,523.81036377
2013-12-04T11:00:00+00:00,4159,600.301086426
2013-12-04T11:10:00+00:00,4159,642.206115723
2013-12-04T11:20:00+00:00,4159,657.232177734
2013-12-04T11:30:00+00:00,4159,685.22857666
2013-12-04T11:40:00+00:00,4159,606.76574707
2013-12-04T11:50:00+00:00,4159,562.987121582
2013-12-04T12:00:00+00:00,4159,680.162475586
2013-12-04T12:10:00+00:00,4159,583.721130371
2013-12-04T12:20:00+00:00,4159,555.169067383
2013-12-04T12:30:00+00:00,4159,608.446289062
2013-12-04T12:40:00+00:00,4159,537.684997559
2013-12-04T12:50:00+00:00,4159,609.827270508
2013-12-04T13:00:00+00:00,4159,647.66418457
2013-12-04T13:10:00+00:00,4159,683.727478027
2013-12-04T13:20:00+00:00,4159,587.508422852
2013-12-04T13:30:00+00:00,4159,577.577331543
2013-12-04T13:40:00+00:00,4159,530.315673828
2013-12-04T13:50:00+00:00,4159,570.975463867
2013-12-04T14:00:00+00:00,4159,564.746398926
2013-12-04T14:10:00+00:00,4159,528.718444824
2013-12-04T14:20:00+00:00,4159,559.839477539
2013-12-04T14:30:00+00:00,4159,576.77722168
2013-12-04T14:40:00+00:00,4159,561.53862977
2013-12-04T14:50:00+00:00,4159,581.625610352
2013-12-04T15:00:00+00:00,4159,627.693115234
2013-12-04T15:10:00+00:00,4159,607.754821777
2013-12-04T15:20:00+00:00,4159,563.858886719
2013-12-04T15:30:00+00:00,4159,530.58996582
2013-12-04T15:40:00+00:00,4159,549.491271973
2013-12-04T15:50:00+00:00,4159,559.172912598
2013-12-04T16:00:00+00:00,4159,500.909820557
2013-12-04T16:10:00+00:00,4159,504.090026855
2013-12-04T16:20:00+00:00,4159,520.734191895
2013-12-04T16:30:00+00:00,4159,545.723571777
2013-12-04T16:40:00+00:00,4159,570.030090332
2013-12-04T16:50:00+00:00,4159,582.95892334
2013-12-04T17:00:00+00:00,4159,564.055725098
2013-12-04T17:10:00+00:00,4159,495.909118652
2013-12-04T17:20:00+00:00,4159,419.017120361
2013-12-04T17:30:00+00:00,4159,470.642272949
2013-12-04T17:40:00+00:00,4159,429.706542969
2013-12-04T17:50:00+00:00,4159,448.776885986
2013-12-04T18:00:00+00:00,4159,436.877563477
2013-12-04T18:10:00+00:00,4159,382.824859619
2013-12-04T18:20:00+00:00,4159,415.733520508
2013-12-04T18:30:00+00:00,4159,397.568328857
2013-12-04T18:40:00+00:00,4159,404.661956787
2013-12-04T18:50:00+00:00,4159,400.174865723
2013-12-04T19:00:00+00:00,4159,344.396972656
2013-12-04T19:10:00+00:00,4159,306.6640625
2013-12-04T19:20:00+00:00,4159,335.181213379
2013-12-04T19:30:00+00:00,4159,330.268737793
2013-12-04T19:40:00+00:00,4159,301.536743164
2013-12-04T19:50:00+00:00,4159,292.054351807
2013-12-04T20:00:00+00:00,4159,287.803283691
2013-12-04T20:10:00+00:00,4159,293.844024658
2013-12-04T20:20:00+00:00,4159,346.604797363
2013-12-04T20:30:00+00:00,4159,423.581970215
2013-12-04T20:40:00+00:00,4159,326.680786133
2013-12-04T20:50:00+00:00,4159,287.553253174
2013-12-04T21:00:00+00:00,4159,230.986663818
2013-12-04T21:10:00+00:00,4159,265.713256836
2013-12-04T21:20:00+00:00,4159,262.1434021
2013-12-04T21:30:00+00:00,4159,261.700317383
2013-12-04T21:40:00+00:00,4159,230.393173218
2013-12-04T21:50:00+00:00,4159,215.173278809
2013-12-04T22:00:00+00:00,4159,249.274520874
2013-12-04T22:10:00+00:00,4159,221.553817749
2013-12-04T22:20:00+00:00,4159,218.427352905
2013-12-04T22:30:00+00:00,4159,199.165924072
2013-12-04T22:40:00+00:00,4159,219.214935303
2013-12-04T22:50:00+00:00,4159,192.347930908
2013-12-04T23:00:00+00:00,4159,189.154067993
2013-12-04T23:10:00+00:00,4159,189.069885254
2013-12-04T23:20:00+00:00,4159,204.376907349
2013-12-04T23:30:00+00:00,4159,212.339889526
2013-12-04T23:40:00+00:00,4159,162.342605591
2013-12-04T23:50:00+00:00,4159,171.392379761
2013-12-05T00:00:00+00:00,4159,239.236343384
2013-12-05T00:10:00+00:00,4159,163.799926758
2013-12-05T00:30:00+00:00,4159,144.904296875
2013-12-05T00:40:00+00:00,4159,140.027664185
2013-12-05T00:50:00+00:00,4159,155.248214722
2013-12-05T01:00:00+00:00,4159,149.423568726
2013-12-05T01:20:00+00:00,4159,138.352706909
2013-12-05T01:40:00+00:00,4159,152.006576538
2013-12-05T02:20:00+00:00,4159,128.899597168
2013-12-05T03:10:00+00:00,4159,138.467514038
2013-12-05T03:50:00+00:00,4159,153.26852417
2013-12-05T04:10:00+00:00,4159,145.84866333
2013-12-05T04:20:00+00:00,4159,124.456771851
2013-12-05T05:20:00+00:00,4159,127.230110168
2013-12-05T05:30:00+00:00,4159,157.005981445
2013-12-05T05:40:00+00:00,4159,153.181747437
2013-12-05T05:50:00+00:00,4159,155.164428711
2013-12-05T06:00:00+00:00,4159,179.367355347
2013-12-05T06:10:00+00:00,4159,200.442733765
2013-12-05T06:20:00+00:00,4159,170.683822632
2013-12-05T06:30:00+00:00,4159,205.514709473
2013-12-05T06:40:00+00:00,4159,219.636672974
2013-12-05T06:50:00+00:00,4159,229.405990601
2013-12-05T07:00:00+00:00,4159,280.059356689
2013-12-05T07:10:00+00:00,4159,359.355133057
2013-12-05T07:20:00+00:00,4159,304.712554932
2013-12-05T07:30:00+00:00,4159,365.650787354
2013-12-05T07:40:00+00:00,4159,415.145751953
2013-12-05T07:50:00+00:00,4159,369.34552002
2013-12-05T08:00:00+00:00,4159,426.491149902
2013-12-05T08:10:00+00:00,4159,457.561157227
2013-12-05T08:20:00+00:00,4159,441.275299072
2013-12-05T08:30:00+00:00,4159,490.902832031
2013-12-05T08:40:00+00:00,4159,538.84161377
2013-12-05T08:50:00+00:00,4159,542.517883301
2013-12-05T09:00:00+00:00,4159,518.507568359
2013-12-05T09:10:00+00:00,4159,576.454040527
2013-12-05T09:20:00+00:00,4159,595.077087402
2013-12-05T09:30:00+00:00,4159,685.915466309
2013-12-05T09:40:00+00:00,4159,585.936096191
2013-12-05T09:50:00+00:00,4159,541.525085449
2013-12-05T10:00:00+00:00,4159,573.240478516
2013-12-05T10:10:00+00:00,4159,557.141540527
2013-12-05T10:20:00+00:00,4159,536.254089355
2013-12-05T10:30:00+00:00,4159,543.590454102
2013-12-05T10:40:00+00:00,4159,547.881835938
2013-12-05T10:50:00+00:00,4159,661.976257324
2013-12-05T11:00:00+00:00,4159,676.179443359
2013-12-05T11:10:00+00:00,4159,690.092102051
2013-12-05T11:20:00+00:00,4159,665.646484375
2013-12-05T11:30:00+00:00,4159,705.371337891
2013-12-05T11:40:00+00:00,4159,659.270630062
2013-12-05T11:50:00+00:00,4159,691.284606934
2013-12-05T12:00:00+00:00,4159,717.651733398
2013-12-05T12:10:00+00:00,4159,639.914916992
2013-12-05T12:20:00+00:00,4159,650.444274902
2013-12-05T12:30:00+00:00,4159,615.442626953
2013-12-05T12:40:00+00:00,4159,665.859802246
2013-12-05T12:50:00+00:00,4159,723.800048828
2013-12-05T13:00:00+00:00,4159,673.164611816
2013-12-05T13:10:00+00:00,4159,663.218933105
2013-12-05T13:20:00+00:00,4159,638.962890625
2013-12-05T13:30:00+00:00,4159,630.318725586
2013-12-05T13:40:00+00:00,4159,597.053588867
2013-12-05T13:50:00+00:00,4159,594.732971191
2013-12-05T14:00:00+00:00,4159,623.57989502
2013-12-05T14:10:00+00:00,4159,580.077697754
2013-12-05T14:20:00+00:00,4159,566.705871582
2013-12-05T14:30:00+00:00,4159,566.761047363
2013-12-05T14:40:00+00:00,4159,591.430480957
2013-12-05T14:50:00+00:00,4159,614.806274414
2013-12-05T15:00:00+00:00,4159,661.984130859
2013-12-05T15:10:00+00:00,4159,625.26348877
2013-12-05T15:20:00+00:00,4159,608.873474121
2013-12-05T15:30:00+00:00,4159,544.950073242
2013-12-05T15:40:00+00:00,4159,543.644897461
2013-12-05T15:50:00+00:00,4159,545.430603027
2013-12-05T16:00:00+00:00,4159,567.59576416
2013-12-05T16:10:00+00:00,4159,544.299194336
2013-12-05T16:20:00+00:00,4159,582.524597168
2013-12-05T16:30:00+00:00,4159,527.10559082
2013-12-05T16:40:00+00:00,4159,493.159240723
2013-12-05T16:50:00+00:00,4159,699.778381348
2013-12-05T17:00:00+00:00,4159,522.457763672
2013-12-05T17:10:00+00:00,4159,527.097900391
2013-12-05T17:20:00+00:00,4159,485.606658936
2013-12-05T17:30:00+00:00,4159,489.506896973
2013-12-05T17:40:00+00:00,4159,466.833068848
2013-12-05T17:50:00+00:00,4159,495.459716797
2013-12-05T18:00:00+00:00,4159,492.322906494
2013-12-05T18:10:00+00:00,4159,458.306030273
2013-12-05T18:20:00+00:00,4159,435.5859375
2013-12-05T18:30:00+00:00,4159,410.288482666
2013-12-05T18:40:00+00:00,4159,417.702209473
2013-12-05T18:50:00+00:00,4159,360.959350586
2013-12-05T19:00:00+00:00,4159,371.561309814
2013-12-05T19:10:00+00:00,4159,391.46987915
2013-12-05T19:20:00+00:00,4159,347.620910645
2013-12-05T19:30:00+00:00,4159,370.395843506
2013-12-05T19:40:00+00:00,4159,313.545593262
2013-12-05T19:50:00+00:00,4159,295.132720947
2013-12-05T20:00:00+00:00,4159,334.410705566
2013-12-05T20:10:00+00:00,4159,332.539367676
2013-12-05T20:20:00+00:00,4159,341.675323486
2013-12-05T20:30:00+00:00,4159,329.499023438
2013-12-05T20:40:00+00:00,4159,298.760894775
2013-12-05T20:50:00+00:00,4159,294.468170166
2013-12-05T21:00:00+00:00,4159,298.409515381
2013-12-05T21:10:00+00:00,4159,303.370544434
2013-12-05T21:20:00+00:00,4159,285.718170166
2013-12-05T21:30:00+00:00,4159,300.542938232
2013-12-05T21:40:00+00:00,4159,260.39553833
2013-12-05T21:50:00+00:00,4159,246.65713501
2013-12-05T22:00:00+00:00,4159,230.837203979
2013-12-05T22:10:00+00:00,4159,211.206390381
2013-12-05T22:20:00+00:00,4159,208.35067749
2013-12-05T22:30:00+00:00,4159,229.837890625
2013-12-05T22:40:00+00:00,4159,226.879013062
2013-12-05T22:50:00+00:00,4159,266.698791504
2013-12-05T23:00:00+00:00,4159,206.98526001
2013-12-05T23:10:00+00:00,4159,207.993713379
2013-12-05T23:20:00+00:00,4159,196.104415894
2013-12-05T23:30:00+00:00,4159,189.939666748
2013-12-05T23:40:00+00:00,4159,194.204666138
2013-12-05T23:50:00+00:00,4159,186.592163086
2013-12-06T00:00:00+00:00,4159,179.858581543
2013-12-06T00:10:00+00:00,4159,176.412811279
2013-12-06T00:20:00+00:00,4159,173.089324951
2013-12-06T00:30:00+00:00,4159,161.845916748
2013-12-06T00:40:00+00:00,4159,179.962203979
2013-12-06T00:50:00+00:00,4159,169.503799438
2013-12-06T01:00:00+00:00,4159,156.344802856
2013-12-06T01:10:00+00:00,4159,161.863861084
2013-12-06T01:40:00+00:00,4159,147.586410522
2013-12-06T02:00:00+00:00,4159,142.263656616
2013-12-06T02:20:00+00:00,4159,125.630233765
2013-12-06T04:10:00+00:00,4159,128.029144287
2013-12-06T04:30:00+00:00,4159,146.467712402
2013-12-06T04:40:00+00:00,4159,124.226966858
2013-12-06T05:30:00+00:00,4159,139.629699707
2013-12-06T05:40:00+00:00,4159,147.277206421
2013-12-06T05:50:00+00:00,4159,148.325668335
2013-12-06T06:00:00+00:00,4159,167.988510132
2013-12-06T06:10:00+00:00,4159,163.483627319
2013-12-06T06:20:00+00:00,4159,179.806289673
2013-12-06T06:30:00+00:00,4159,202.087051392
2013-12-06T06:40:00+00:00,4159,216.483444214
2013-12-06T06:50:00+00:00,4159,274.971740723
2013-12-06T07:00:00+00:00,4159,268.201385498
2013-12-06T07:10:00+00:00,4159,281.131317139
2013-12-06T07:20:00+00:00,4159,287.416717529
2013-12-06T07:30:00+00:00,4159,315.766815186
2013-12-06T07:40:00+00:00,4159,358.250305176
2013-12-06T07:50:00+00:00,4159,368.970001221
2013-12-06T08:00:00+00:00,4159,387.389892578
2013-12-06T08:10:00+00:00,4159,411.461212158
2013-12-06T08:20:00+00:00,4159,412.528320312
2013-12-06T08:30:00+00:00,4159,449.349487305
2013-12-06T08:40:00+00:00,4159,454.861877441
2013-12-06T08:50:00+00:00,4159,485.204681396
2013-12-06T09:00:00+00:00,4159,461.593963623
2013-12-06T09:10:00+00:00,4159,620.937316895
2013-12-06T09:20:00+00:00,4159,601.781616211
2013-12-06T09:30:00+00:00,4159,541.2109375
2013-12-06T09:40:00+00:00,4159,531.857971191
2013-12-06T09:50:00+00:00,4159,522.836791992
2013-12-06T10:00:00+00:00,4159,509.901428223
2013-12-06T10:10:00+00:00,4159,501.908447266
2013-12-06T10:20:00+00:00,4159,534.878234863
2013-12-06T10:30:00+00:00,4159,514.567321777
2013-12-06T10:40:00+00:00,4159,492.854827881
2013-12-06T10:50:00+00:00,4159,591.590820312
2013-12-06T11:00:00+00:00,4159,544.855163574
2013-12-06T11:10:00+00:00,4159,578.904785156
2013-12-06T11:20:00+00:00,4159,557.52166748
2013-12-06T11:30:00+00:00,4159,614.178283691
2013-12-06T11:40:00+00:00,4159,557.816345215
2013-12-06T11:50:00+00:00,4159,575.910095215
2013-12-06T12:00:00+00:00,4159,641.812561035
2013-12-06T12:10:00+00:00,4159,615.209289551
2013-12-06T12:20:00+00:00,4159,540.647644043
2013-12-06T12:30:00+00:00,4159,546.0390625
2013-12-06T12:40:00+00:00,4159,540.940124512
2013-12-06T12:50:00+00:00,4159,581.224304199
2013-12-06T13:00:00+00:00,4159,533.865234375
2013-12-06T13:10:00+00:00,4159,520.574890137
2013-12-06T13:20:00+00:00,4159,485.528106689
2013-12-06T13:30:00+00:00,4159,475.704559326
2013-12-06T13:40:00+00:00,4159,462.912750244
2013-12-06T13:50:00+00:00,4159,560.07244873
2013-12-06T14:00:00+00:00,4159,443.374023438
2013-12-06T14:10:00+00:00,4159,440.048034668
2013-12-06T14:20:00+00:00,4159,402.384674072
2013-12-06T14:30:00+00:00,4159,496.416015625
2013-12-06T14:40:00+00:00,4159,454.644744873
2013-12-06T14:50:00+00:00,4159,454.622802734
2013-12-06T15:00:00+00:00,4159,504.055999756
2013-12-06T15:10:00+00:00,4159,534.057922363
2013-12-06T15:20:00+00:00,4159,478.802734375
2013-12-06T15:30:00+00:00,4159,444.306182861
2013-12-06T15:40:00+00:00,4159,596.37109375
2013-12-06T15:50:00+00:00,4159,546.42767334
2013-12-06T16:00:00+00:00,4159,448.699920654
2013-12-06T16:10:00+00:00,4159,440.137298584
2013-12-06T16:20:00+00:00,4159,421.410797119
2013-12-06T16:30:00+00:00,4159,444.857818604
2013-12-06T16:40:00+00:00,4159,407.568511963
2013-12-06T16:50:00+00:00,4159,493.451080322
2013-12-06T17:00:00+00:00,4159,512.045349121
2013-12-06T17:10:00+00:00,4159,432.383453369
2013-12-06T17:20:00+00:00,4159,432.000213623
2013-12-06T17:30:00+00:00,4159,429.088195801
2013-12-06T17:40:00+00:00,4159,368.385986328
2013-12-06T17:50:00+00:00,4159,324.675628662
2013-12-06T18:00:00+00:00,4159,388.79574585
2013-12-06T18:10:00+00:00,4159,343.566101074
2013-12-06T18:20:00+00:00,4159,361.280090332
2013-12-06T18:30:00+00:00,4159,344.246246338
2013-12-06T18:40:00+00:00,4159,340.98614502
2013-12-06T18:50:00+00:00,4159,304.858428955
2013-12-06T19:00:00+00:00,4159,302.714630127
2013-12-06T19:10:00+00:00,4159,268.672149658
2013-12-06T19:20:00+00:00,4159,310.57522583
2013-12-06T19:30:00+00:00,4159,296.34286499
2013-12-06T19:40:00+00:00,4159,246.235809326
2013-12-06T19:50:00+00:00,4159,428.204711914
2013-12-06T20:00:00+00:00,4159,238.044723511
2013-12-06T20:10:00+00:00,4159,262.101623535
2013-12-06T20:20:00+00:00,4159,256.304992676
2013-12-06T20:30:00+00:00,4159,188.380737305
2013-12-06T20:40:00+00:00,4159,239.791030884
2013-12-06T20:50:00+00:00,4159,229.239852905
2013-12-06T21:00:00+00:00,4159,217.330749512
2013-12-06T21:10:00+00:00,4159,271.30456543
2013-12-06T21:20:00+00:00,4159,228.458618164
2013-12-06T21:30:00+00:00,4159,210.057876587
2013-12-06T21:40:00+00:00,4159,238.674453735
2013-12-06T21:50:00+00:00,4159,218.22013855
2013-12-06T22:00:00+00:00,4159,202.211700439
2013-12-06T22:10:00+00:00,4159,206.771133423
2013-12-06T22:20:00+00:00,4159,191.231216431
2013-12-06T22:30:00+00:00,4159,171.289932251
2013-12-06T22:40:00+00:00,4159,191.22996521
2013-12-06T22:50:00+00:00,4159,190.357437134
2013-12-06T23:00:00+00:00,4159,238.09803772
2013-12-06T23:10:00+00:00,4159,193.535552979
2013-12-06T23:20:00+00:00,4159,170.317153931
2013-12-06T23:30:00+00:00,4159,171.647872925
2013-12-06T23:40:00+00:00,4159,176.544372559
2013-12-06T23:50:00+00:00,4159,186.170791626
2013-12-07T00:00:00+00:00,4159,170.332092285
2013-12-07T00:10:00+00:00,4159,180.818099976
2013-12-07T00:20:00+00:00,4159,171.092895508
2013-12-07T00:30:00+00:00,4159,165.216186523
2013-12-07T00:40:00+00:00,4159,190.824951172
2013-12-07T00:50:00+00:00,4159,220.723403931
2013-12-07T01:00:00+00:00,4159,149.59727478
2013-12-07T01:10:00+00:00,4159,229.593521118
2013-12-07T01:40:00+00:00,4159,160.519073486
2013-12-07T01:50:00+00:00,4159,140.151275635
2013-12-07T02:00:00+00:00,4159,148.962051392
2013-12-07T02:10:00+00:00,4159,153.883331299
2013-12-07T02:40:00+00:00,4159,149.605010986
2013-12-07T03:30:00+00:00,4159,137.503662109
2013-12-07T04:00:00+00:00,4159,128.590759277
2013-12-07T04:10:00+00:00,4159,140.9584198
2013-12-07T04:40:00+00:00,4159,135.847915649
2013-12-07T04:50:00+00:00,4159,114.056022644
2013-12-07T05:20:00+00:00,4159,120.810012817
2013-12-07T05:50:00+00:00,4159,116.068992615
2013-12-07T06:00:00+00:00,4159,122.650344849
2013-12-07T06:10:00+00:00,4159,127.643302917
2013-12-07T06:30:00+00:00,4159,127.246681213
2013-12-07T06:40:00+00:00,4159,132.775939941
2013-12-07T06:50:00+00:00,4159,122.895698547
2013-12-07T07:00:00+00:00,4159,125.312896729
2013-12-07T07:10:00+00:00,4159,142.445327759
2013-12-07T07:20:00+00:00,4159,130.675704956
2013-12-07T07:30:00+00:00,4159,126.824966431
2013-12-07T07:40:00+00:00,4159,152.118453979
2013-12-07T07:50:00+00:00,4159,141.024642944
2013-12-07T08:00:00+00:00,4159,148.253005981
2013-12-07T08:10:00+00:00,4159,166.351654053
2013-12-07T08:20:00+00:00,4159,152.894744873
2013-12-07T08:30:00+00:00,4159,151.659255981
2013-12-07T08:40:00+00:00,4159,189.039077759
2013-12-07T08:50:00+00:00,4159,188.110290527
2013-12-07T09:00:00+00:00,4159,216.960662842
2013-12-07T09:10:00+00:00,4159,209.917114258
2013-12-07T09:20:00+00:00,4159,186.017578125
2013-12-07T09:30:00+00:00,4159,196.815933228
2013-12-07T09:40:00+00:00,4159,241.70362854
2013-12-07T09:50:00+00:00,4159,208.382629395
2013-12-07T10:00:00+00:00,4159,210.149642944
2013-12-07T10:10:00+00:00,4159,221.639709473
2013-12-07T10:20:00+00:00,4159,208.486129761
2013-12-07T10:30:00+00:00,4159,212.649749756
2013-12-07T10:40:00+00:00,4159,232.300033569
2013-12-07T10:50:00+00:00,4159,174.544128418
2013-12-07T11:00:00+00:00,4159,198.239547729
2013-12-07T11:10:00+00:00,4159,193.394226074
2013-12-07T11:20:00+00:00,4159,180.292373657
2013-12-07T11:30:00+00:00,4159,180.745666504
2013-12-07T11:40:00+00:00,4159,194.060913086
2013-12-07T11:50:00+00:00,4159,179.723083496
2013-12-07T12:00:00+00:00,4159,217.855194092
2013-12-07T12:10:00+00:00,4159,182.964752197
2013-12-07T12:20:00+00:00,4159,165.204833984
2013-12-07T12:30:00+00:00,4159,182.04045105
2013-12-07T12:40:00+00:00,4159,212.020767212
2013-12-07T12:50:00+00:00,4159,205.304367065
2013-12-07T13:00:00+00:00,4159,203.196594238
2013-12-07T13:10:00+00:00,4159,239.092285156
2013-12-07T13:20:00+00:00,4159,249.338439941
2013-12-07T13:30:00+00:00,4159,227.67880249
2013-12-07T13:40:00+00:00,4159,245.850311279
2013-12-07T13:50:00+00:00,4159,226.616607666
2013-12-07T14:00:00+00:00,4159,217.283233643
2013-12-07T14:10:00+00:00,4159,198.689407349
2013-12-07T14:20:00+00:00,4159,212.198486328
2013-12-07T14:30:00+00:00,4159,237.800842285
2013-12-07T14:40:00+00:00,4159,281.362915039
2013-12-07T14:50:00+00:00,4159,240.967391968
2013-12-07T15:00:00+00:00,4159,205.664413452
2013-12-07T15:10:00+00:00,4159,203.475875854
2013-12-07T15:20:00+00:00,4159,197.199249268
2013-12-07T15:30:00+00:00,4159,206.455337524
2013-12-07T15:40:00+00:00,4159,194.186950684
2013-12-07T15:50:00+00:00,4159,177.540222168
2013-12-07T16:00:00+00:00,4159,212.183685303
2013-12-07T16:10:00+00:00,4159,198.56086731
2013-12-07T16:20:00+00:00,4159,187.624008179
2013-12-07T16:30:00+00:00,4159,213.616928101
2013-12-07T16:40:00+00:00,4159,221.9609375
2013-12-07T16:50:00+00:00,4159,203.547546387
2013-12-07T17:00:00+00:00,4159,215.759658813
2013-12-07T17:10:00+00:00,4159,205.350112915
2013-12-07T17:20:00+00:00,4159,224.819717407
2013-12-07T17:30:00+00:00,4159,201.792510986
2013-12-07T17:40:00+00:00,4159,225.980957031
2013-12-07T17:50:00+00:00,4159,248.188644409
2013-12-07T18:00:00+00:00,4159,228.999908447
2013-12-07T18:10:00+00:00,4159,214.126083374
2013-12-07T18:20:00+00:00,4159,221.244659424
2013-12-07T18:30:00+00:00,4159,186.930465698
2013-12-07T18:40:00+00:00,4159,207.885696411
2013-12-07T18:50:00+00:00,4159,233.194030762
2013-12-07T19:00:00+00:00,4159,253.006561279
2013-12-07T19:10:00+00:00,4159,234.737289429
2013-12-07T19:20:00+00:00,4159,226.422576904
2013-12-07T19:30:00+00:00,4159,230.163497925
2013-12-07T19:40:00+00:00,4159,217.340866089
2013-12-07T19:50:00+00:00,4159,242.922393799
2013-12-07T20:00:00+00:00,4159,225.852981567
2013-12-07T20:10:00+00:00,4159,299.817382812
2013-12-07T20:20:00+00:00,4159,226.950332642
2013-12-07T20:30:00+00:00,4159,258.878692627
2013-12-07T20:40:00+00:00,4159,249.730453491
2013-12-07T20:50:00+00:00,4159,240.67515564
2013-12-07T21:00:00+00:00,4159,240.49647522
2013-12-07T21:10:00+00:00,4159,225.526733398
2013-12-07T21:20:00+00:00,4159,238.26965332
2013-12-07T21:30:00+00:00,4159,232.949783325
2013-12-07T21:40:00+00:00,4159,218.901504517
2013-12-07T21:50:00+00:00,4159,204.559768677
2013-12-07T22:00:00+00:00,4159,200.367843628
2013-12-07T22:10:00+00:00,4159,205.393127441
2013-12-07T22:20:00+00:00,4159,189.148406982
2013-12-07T22:30:00+00:00,4159,208.861480713
2013-12-07T22:40:00+00:00,4159,203.412796021
2013-12-07T22:50:00+00:00,4159,193.337371826
2013-12-07T23:00:00+00:00,4159,221.937454224
2013-12-07T23:10:00+00:00,4159,213.843429565
2013-12-07T23:20:00+00:00,4159,202.659362793
2013-12-07T23:30:00+00:00,4159,217.7605896
2013-12-07T23:40:00+00:00,4159,202.733337402
2013-12-07T23:50:00+00:00,4159,216.087554932
2013-12-08T00:00:00+00:00,4159,193.250778198
2013-12-08T00:10:00+00:00,4159,199.997146606
2013-12-08T00:20:00+00:00,4159,173.09992981
2013-12-08T00:30:00+00:00,4159,166.228546143
2013-12-08T00:40:00+00:00,4159,173.47869873
2013-12-08T00:50:00+00:00,4159,163.372573853
2013-12-08T01:00:00+00:00,4159,180.008529663
2013-12-08T01:10:00+00:00,4159,154.945755005
2013-12-08T01:20:00+00:00,4159,138.439743042
2013-12-08T01:30:00+00:00,4159,173.228775024
2013-12-08T02:00:00+00:00,4159,141.674682617
2013-12-08T02:20:00+00:00,4159,118.516120911
2013-12-08T02:50:00+00:00,4159,129.145736694
2013-12-08T04:00:00+00:00,4159,129.846923828
2013-12-08T04:40:00+00:00,4159,117.753890991
2013-12-08T05:50:00+00:00,4159,96.7444610596
2013-12-08T06:40:00+00:00,4159,115.832824707
2013-12-08T06:50:00+00:00,4159,98.9603042603
2013-12-08T07:00:00+00:00,4159,112.504318237
2013-12-08T07:10:00+00:00,4159,118.166969299
2013-12-08T07:20:00+00:00,4159,122.658912659
2013-12-08T07:30:00+00:00,4159,116.071411133
2013-12-08T07:40:00+00:00,4159,136.5078125
2013-12-08T07:50:00+00:00,4159,121.876365662
2013-12-08T08:00:00+00:00,4159,125.503044128
2013-12-08T08:10:00+00:00,4159,149.148925781
2013-12-08T08:20:00+00:00,4159,144.544189453
2013-12-08T08:30:00+00:00,4159,109.433540344
2013-12-08T08:40:00+00:00,4159,148.265518188
2013-12-08T08:50:00+00:00,4159,165.013000488
2013-12-08T09:00:00+00:00,4159,173.514587402
2013-12-08T09:10:00+00:00,4159,165.617523193
2013-12-08T09:20:00+00:00,4159,172.130233765
2013-12-08T09:30:00+00:00,4159,155.095825195
2013-12-08T09:40:00+00:00,4159,163.167160034
2013-12-08T09:50:00+00:00,4159,165.632110596
2013-12-08T10:00:00+00:00,4159,146.83757019
2013-12-08T10:10:00+00:00,4159,153.985809326
2013-12-08T10:20:00+00:00,4159,172.795455933
2013-12-08T10:30:00+00:00,4159,210.942520142
2013-12-08T10:40:00+00:00,4159,182.530014038
2013-12-08T10:50:00+00:00,4159,183.248764038
2013-12-08T11:00:00+00:00,4159,175.176437378
2013-12-08T11:10:00+00:00,4159,166.758514404
2013-12-08T11:20:00+00:00,4159,167.577468872
2013-12-08T11:30:00+00:00,4159,202.49168396
2013-12-08T11:40:00+00:00,4159,183.627044678
2013-12-08T11:50:00+00:00,4159,188.958587646
2013-12-08T12:00:00+00:00,4159,185.987030029
2013-12-08T12:10:00+00:00,4159,186.621734619
2013-12-08T12:20:00+00:00,4159,181.925140381
2013-12-08T12:30:00+00:00,4159,193.009246826
2013-12-08T12:40:00+00:00,4159,168.260040283
2013-12-08T12:50:00+00:00,4159,181.624221802
2013-12-08T13:00:00+00:00,4159,150.520965576
2013-12-08T13:10:00+00:00,4159,176.211898804
2013-12-08T13:20:00+00:00,4159,159.402694702
2013-12-08T13:30:00+00:00,4159,159.688064575
2013-12-08T13:40:00+00:00,4159,154.156158447
2013-12-08T13:50:00+00:00,4159,144.364654541
2013-12-08T14:00:00+00:00,4159,167.821502686
2013-12-08T14:10:00+00:00,4159,214.192108154
2013-12-08T14:20:00+00:00,4159,178.087844849
2013-12-08T14:30:00+00:00,4159,193.550369263
2013-12-08T14:40:00+00:00,4159,182.991073608
2013-12-08T14:50:00+00:00,4159,183.600357056
2013-12-08T15:00:00+00:00,4159,168.410125732
2013-12-08T15:10:00+00:00,4159,185.581344604
2013-12-08T15:20:00+00:00,4159,200.386001587
2013-12-08T15:30:00+00:00,4159,216.991149902
2013-12-08T15:40:00+00:00,4159,244.780487061
2013-12-08T15:50:00+00:00,4159,239.920227051
2013-12-08T16:00:00+00:00,4159,202.469573975
2013-12-08T16:10:00+00:00,4159,168.35559082
2013-12-08T16:20:00+00:00,4159,179.303619385
2013-12-08T16:30:00+00:00,4159,196.273330688
2013-12-08T16:40:00+00:00,4159,190.808319092
2013-12-08T16:50:00+00:00,4159,191.530075073
2013-12-08T17:00:00+00:00,4159,237.241088867
2013-12-08T17:10:00+00:00,4159,224.574264526
2013-12-08T17:20:00+00:00,4159,205.181793213
2013-12-08T17:30:00+00:00,4159,219.088012695
2013-12-08T17:40:00+00:00,4159,204.537887573
2013-12-08T17:50:00+00:00,4159,199.651229858
2013-12-08T18:00:00+00:00,4159,217.474731445
2013-12-08T18:10:00+00:00,4159,251.667633057
2013-12-08T18:20:00+00:00,4159,246.562133789
2013-12-08T18:30:00+00:00,4159,282.467346191
2013-12-08T18:40:00+00:00,4159,215.32131958
2013-12-08T18:50:00+00:00,4159,235.538330078
2013-12-08T19:00:00+00:00,4159,226.256225586
2013-12-08T19:10:00+00:00,4159,240.298614502
2013-12-08T19:20:00+00:00,4159,274.006652832
2013-12-08T19:30:00+00:00,4159,282.536132812
2013-12-08T19:40:00+00:00,4159,270.213317871
2013-12-08T19:50:00+00:00,4159,239.540161133
2013-12-08T20:00:00+00:00,4159,251.90864563
2013-12-08T20:10:00+00:00,4159,282.113708496
2013-12-08T20:20:00+00:00,4159,272.379547119
2013-12-08T20:30:00+00:00,4159,282.556335449
2013-12-08T20:40:00+00:00,4159,262.110412598
2013-12-08T20:50:00+00:00,4159,263.974365234
2013-12-08T21:00:00+00:00,4159,283.049835205
2013-12-08T21:10:00+00:00,4159,293.185302734
2013-12-08T21:20:00+00:00,4159,304.000823975
2013-12-08T21:30:00+00:00,4159,291.139678955
2013-12-08T21:40:00+00:00,4159,250.814208984
2013-12-08T21:50:00+00:00,4159,221.338516235
2013-12-08T22:00:00+00:00,4159,240.836761475
2013-12-08T22:10:00+00:00,4159,242.555038452
2013-12-08T22:20:00+00:00,4159,273.060455322
2013-12-08T22:30:00+00:00,4159,265.38684082
2013-12-08T22:40:00+00:00,4159,272.673065186
2013-12-08T22:50:00+00:00,4159,257.694702148
2013-12-08T23:00:00+00:00,4159,228.45866394
2013-12-08T23:10:00+00:00,4159,172.048370361
2013-12-08T23:20:00+00:00,4159,168.058959961
2013-12-08T23:30:00+00:00,4159,167.741638184
2013-12-08T23:40:00+00:00,4159,148.712677002
2013-12-08T23:50:00+00:00,4159,151.970413208
2013-12-09T00:00:00+00:00,4159,167.430084229
2013-12-09T00:10:00+00:00,4159,150.764221191
2013-12-09T00:20:00+00:00,4159,151.679840088
2013-12-09T00:30:00+00:00,4159,145.21786499
2013-12-09T00:40:00+00:00,4159,134.509643555
2013-12-09T00:50:00+00:00,4159,137.418121338
2013-12-09T05:00:00+00:00,4159,111.949775696
2013-12-09T05:20:00+00:00,4159,117.00629425
2013-12-09T05:50:00+00:00,4159,149.550476074
2013-12-09T06:00:00+00:00,4159,163.800231934
2013-12-09T06:10:00+00:00,4159,169.893707275
2013-12-09T06:20:00+00:00,4159,177.39390564
2013-12-09T06:30:00+00:00,4159,225.537963867
2013-12-09T06:40:00+00:00,4159,236.115325928
2013-12-09T06:50:00+00:00,4159,251.533432007
2013-12-09T07:00:00+00:00,4159,270.850097656
2013-12-09T07:10:00+00:00,4159,285.648284912
2013-12-09T07:20:00+00:00,4159,316.577941895
2013-12-09T07:30:00+00:00,4159,333.807098389
2013-12-09T07:40:00+00:00,4159,342.859527588
2013-12-09T07:50:00+00:00,4159,390.802764893
2013-12-09T08:00:00+00:00,4159,414.26940918
2013-12-09T08:10:00+00:00,4159,423.711425781
2013-12-09T08:20:00+00:00,4159,430.356262207
2013-12-09T08:30:00+00:00,4159,502.991241455
2013-12-09T08:40:00+00:00,4159,477.058654785
2013-12-09T08:50:00+00:00,4159,473.926971436
2013-12-09T09:00:00+00:00,4159,571.857666016
2013-12-09T09:10:00+00:00,4159,570.615783691
2013-12-09T09:20:00+00:00,4159,608.706481934
2013-12-09T09:30:00+00:00,4159,672.667358398
2013-12-09T09:40:00+00:00,4159,744.830505371
2013-12-09T09:50:00+00:00,4159,572.394470215
2013-12-09T10:00:00+00:00,4159,588.638977051
2013-12-09T10:10:00+00:00,4159,605.44342041
2013-12-09T10:20:00+00:00,4159,584.189880371
2013-12-09T10:30:00+00:00,4159,593.709350586
2013-12-09T10:40:00+00:00,4159,564.876647949
2013-12-09T10:50:00+00:00,4159,699.475341797
2013-12-09T11:00:00+00:00,4159,660.299621582
2013-12-09T11:10:00+00:00,4159,640.95880127
2013-12-09T11:20:00+00:00,4159,596.193237305
2013-12-09T11:30:00+00:00,4159,621.25213623
2013-12-09T11:40:00+00:00,4159,607.840454102
2013-12-09T11:50:00+00:00,4159,615.265258789
2013-12-09T12:00:00+00:00,4159,547.113525391
2013-12-09T12:10:00+00:00,4159,619.280273438
2013-12-09T12:20:00+00:00,4159,614.317504883
2013-12-09T12:30:00+00:00,4159,653.312805176
2013-12-09T12:40:00+00:00,4159,652.540344238
2013-12-09T12:50:00+00:00,4159,669.036865234
2013-12-09T13:00:00+00:00,4159,697.276916504
2013-12-09T13:10:00+00:00,4159,720.923950195
2013-12-09T13:20:00+00:00,4159,688.132019043
2013-12-09T13:30:00+00:00,4159,629.848754883
2013-12-09T13:40:00+00:00,4159,679.766601562
2013-12-09T13:50:00+00:00,4159,644.260986328
2013-12-09T14:00:00+00:00,4159,577.370727539
2013-12-09T14:10:00+00:00,4159,617.423095703
2013-12-09T14:20:00+00:00,4159,582.723327637
2013-12-09T14:30:00+00:00,4159,574.565551758
2013-12-09T14:40:00+00:00,4159,627.437805176
2013-12-09T14:50:00+00:00,4159,619.621582031
2013-12-09T15:00:00+00:00,4159,711.976928711
2013-12-09T15:10:00+00:00,4159,704.426330566
2013-12-09T15:20:00+00:00,4159,618.498168945
2013-12-09T15:30:00+00:00,4159,595.331604004
2013-12-09T15:40:00+00:00,4159,566.675476074
2013-12-09T15:50:00+00:00,4159,605.948608398
2013-12-09T16:00:00+00:00,4159,615.977172852
2013-12-09T16:10:00+00:00,4159,537.726257324
2013-12-09T16:20:00+00:00,4159,562.206237793
2013-12-09T16:30:00+00:00,4159,550.91784668
2013-12-09T16:40:00+00:00,4159,522.491149902
2013-12-09T16:50:00+00:00,4159,571.407958984
2013-12-09T17:00:00+00:00,4159,545.484375
2013-12-09T17:10:00+00:00,4159,466.6434021
2013-12-09T17:20:00+00:00,4159,433.493927002
2013-12-09T17:30:00+00:00,4159,430.548492432
2013-12-09T17:40:00+00:00,4159,452.744903564
2013-12-09T17:50:00+00:00,4159,427.459411621
2013-12-09T18:00:00+00:00,4159,482.019958496
2013-12-09T18:10:00+00:00,4159,431.320617676
2013-12-09T18:20:00+00:00,4159,421.601745605
2013-12-09T18:30:00+00:00,4159,397.959136963
2013-12-09T18:40:00+00:00,4159,412.215270996
2013-12-09T18:50:00+00:00,4159,395.48223877
2013-12-09T19:00:00+00:00,4159,472.15612793
2013-12-09T19:10:00+00:00,4159,724.585449219
2013-12-09T19:20:00+00:00,4159,425.589935303
2013-12-09T19:30:00+00:00,4159,468.7137146
2013-12-09T19:40:00+00:00,4159,391.751434326
2013-12-09T19:50:00+00:00,4159,351.51663208
2013-12-09T20:00:00+00:00,4159,343.858215332
2013-12-09T20:10:00+00:00,4159,334.823669434
2013-12-09T20:20:00+00:00,4159,312.645751953
2013-12-09T20:30:00+00:00,4159,323.783691406
2013-12-09T20:40:00+00:00,4159,355.002990723
2013-12-09T20:50:00+00:00,4159,325.210723877
2013-12-09T21:00:00+00:00,4159,335.543395996
2013-12-09T21:10:00+00:00,4159,338.113616943
2013-12-09T21:20:00+00:00,4159,296.955993652
2013-12-09T21:30:00+00:00,4159,267.294281006
2013-12-09T21:40:00+00:00,4159,286.101287842
2013-12-09T21:50:00+00:00,4159,242.994110107
2013-12-09T22:00:00+00:00,4159,298.000518799
2013-12-09T22:10:00+00:00,4159,312.303314209
2013-12-09T22:20:00+00:00,4159,304.93371582
2013-12-09T22:30:00+00:00,4159,387.353149414
2013-12-09T22:40:00+00:00,4159,243.696029663
2013-12-09T22:50:00+00:00,4159,229.501831055
2013-12-09T23:00:00+00:00,4159,213.053009033
2013-12-09T23:10:00+00:00,4159,216.571640015
2013-12-09T23:20:00+00:00,4159,245.106002808
2013-12-09T23:30:00+00:00,4159,304.390899658
2013-12-09T23:40:00+00:00,4159,252.034103394
2013-12-09T23:50:00+00:00,4159,191.418533325
2013-12-10T00:10:00+00:00,4159,158.872787476
2013-12-10T00:40:00+00:00,4159,168.713317871
2013-12-10T00:50:00+00:00,4159,174.256835938
2013-12-10T01:50:00+00:00,4159,125.307357788
2013-12-10T02:40:00+00:00,4159,148.252532959
2013-12-10T03:00:00+00:00,4159,134.675369263
2013-12-10T05:00:00+00:00,4159,126.653060913
2013-12-10T05:10:00+00:00,4159,213.36857605
2013-12-10T05:20:00+00:00,4159,160.104354858
2013-12-10T05:30:00+00:00,4159,154.59362793
2013-12-10T05:40:00+00:00,4159,158.426773071
2013-12-10T05:50:00+00:00,4159,165.444839478
2013-12-10T06:00:00+00:00,4159,176.471740723
2013-12-10T06:10:00+00:00,4159,193.062240601
2013-12-10T06:20:00+00:00,4159,198.099151611
2013-12-10T06:30:00+00:00,4159,202.673461914
2013-12-10T06:40:00+00:00,4159,221.725296021
2013-12-10T06:50:00+00:00,4159,290.157073975
2013-12-10T07:00:00+00:00,4159,272.151947021
2013-12-10T07:10:00+00:00,4159,283.493621826
2013-12-10T07:20:00+00:00,4159,332.063873291
2013-12-10T07:30:00+00:00,4159,359.689910889
2013-12-10T07:40:00+00:00,4159,398.618835449
2013-12-10T07:50:00+00:00,4159,389.848266602
2013-12-10T08:00:00+00:00,4159,421.098754883
2013-12-10T08:10:00+00:00,4159,422.467071533
2013-12-10T08:20:00+00:00,4159,443.239257812
2013-12-10T08:30:00+00:00,4159,462.730072021
2013-12-10T08:40:00+00:00,4159,471.445617676
2013-12-10T08:50:00+00:00,4159,491.49420166
2013-12-10T09:00:00+00:00,4159,588.699829102
2013-12-10T09:10:00+00:00,4159,532.380493164
2013-12-10T09:20:00+00:00,4159,793.875976562
2013-12-10T09:30:00+00:00,4159,626.941223145
2013-12-10T09:40:00+00:00,4159,576.80090332
2013-12-10T09:50:00+00:00,4159,592.854125977
2013-12-10T10:00:00+00:00,4159,619.577514648
2013-12-10T10:10:00+00:00,4159,624.066467285
2013-12-10T10:20:00+00:00,4159,577.300842285
2013-12-10T10:30:00+00:00,4159,567.989807129
2013-12-10T10:40:00+00:00,4159,625.029174805
2013-12-10T10:50:00+00:00,4159,703.773620605
2013-12-10T11:00:00+00:00,4159,697.107177734
2013-12-10T11:10:00+00:00,4159,704.182250977
2013-12-10T11:20:00+00:00,4159,617.93560791
2013-12-10T11:30:00+00:00,4159,720.610961914
2013-12-10T11:40:00+00:00,4159,609.263916016
2013-12-10T11:50:00+00:00,4159,637.349914551
2013-12-10T12:00:00+00:00,4159,650.933349609
2013-12-10T12:10:00+00:00,4159,612.092895508
2013-12-10T12:20:00+00:00,4159,599.846740723
2013-12-10T12:30:00+00:00,4159,599.119506836
2013-12-10T12:40:00+00:00,4159,636.926574707
2013-12-10T12:50:00+00:00,4159,546.394165039
2013-12-10T13:00:00+00:00,4159,652.912353516
2013-12-10T13:10:00+00:00,4159,629.231201172
2013-12-10T13:20:00+00:00,4159,637.900268555
2013-12-10T13:30:00+00:00,4159,589.115478516
2013-12-10T13:40:00+00:00,4159,571.753173828
2013-12-10T13:50:00+00:00,4159,540.929077148
2013-12-10T14:00:00+00:00,4159,606.688171387
2013-12-10T14:10:00+00:00,4159,555.218811035
2013-12-10T14:20:00+00:00,4159,575.920166016
2013-12-10T14:30:00+00:00,4159,582.143798828
2013-12-10T14:40:00+00:00,4159,598.668945312
2013-12-10T14:50:00+00:00,4159,612.885437012
2013-12-10T15:00:00+00:00,4159,726.832092285
2013-12-10T15:10:00+00:00,4159,622.883361816
2013-12-10T15:20:00+00:00,4159,586.85760498
2013-12-10T15:30:00+00:00,4159,581.259216309
2013-12-10T15:40:00+00:00,4159,537.988586426
2013-12-10T15:50:00+00:00,4159,583.529724121
2013-12-10T16:00:00+00:00,4159,553.732116699
2013-12-10T16:10:00+00:00,4159,559.299072266
2013-12-10T16:20:00+00:00,4159,531.156066895
2013-12-10T16:30:00+00:00,4159,572.897766113
2013-12-10T16:40:00+00:00,4159,597.464782715
2013-12-10T16:50:00+00:00,4159,542.688903809
2013-12-10T17:00:00+00:00,4159,572.633117676
2013-12-10T17:10:00+00:00,4159,513.627502441
2013-12-10T17:20:00+00:00,4159,456.79675293
2013-12-10T17:30:00+00:00,4159,454.176971436
2013-12-10T17:40:00+00:00,4159,455.7918396
2013-12-10T17:50:00+00:00,4159,463.047454834
2013-12-10T18:00:00+00:00,4159,437.518371582
2013-12-10T18:10:00+00:00,4159,394.648284912
2013-12-10T18:20:00+00:00,4159,440.806488037
2013-12-10T18:30:00+00:00,4159,448.608764648
2013-12-10T18:40:00+00:00,4159,410.115814209
2013-12-10T18:50:00+00:00,4159,452.623718262
2013-12-10T19:00:00+00:00,4159,446.458740234
2013-12-10T19:10:00+00:00,4159,389.693389893
2013-12-10T19:20:00+00:00,4159,368.290008545
2013-12-10T19:30:00+00:00,4159,402.853149414
2013-12-10T19:40:00+00:00,4159,342.934448242
2013-12-10T19:50:00+00:00,4159,340.798217773
2013-12-10T20:00:00+00:00,4159,340.954681396
2013-12-10T20:10:00+00:00,4159,333.498565674
2013-12-10T20:20:00+00:00,4159,393.045349121
2013-12-10T20:30:00+00:00,4159,332.379333496
2013-12-10T20:40:00+00:00,4159,331.123382568
2013-12-10T20:50:00+00:00,4159,347.762756348
2013-12-10T21:00:00+00:00,4159,444.737915039
2013-12-10T21:10:00+00:00,4159,348.811523438
2013-12-10T21:20:00+00:00,4159,351.56048584
2013-12-10T21:30:00+00:00,4159,309.411499023
2013-12-10T21:40:00+00:00,4159,296.203826904
2013-12-10T21:50:00+00:00,4159,308.190216064
2013-12-10T22:00:00+00:00,4159,259.322265625
2013-12-10T22:10:00+00:00,4159,267.461364746
2013-12-10T22:20:00+00:00,4159,271.41003418
2013-12-10T22:30:00+00:00,4159,362.991271973
2013-12-10T22:40:00+00:00,4159,327.343292236
2013-12-10T22:50:00+00:00,4159,255.853744507
2013-12-11T23:00:00+00:00,4159,202.02784729
2013-12-11T23:10:00+00:00,4159,202.520355225
2013-12-11T23:20:00+00:00,4159,184.263183594
2013-12-11T23:30:00+00:00,4159,197.750320435
2013-12-11T23:40:00+00:00,4159,231.369567871
2013-12-11T23:50:00+00:00,4159,185.177581787
2013-12-12T00:00:00+00:00,4159,181.029693604
2013-12-12T00:10:00+00:00,4159,199.429916382
2013-12-12T00:20:00+00:00,4159,195.503387451
2013-12-12T00:30:00+00:00,4159,204.485046387
2013-12-12T00:40:00+00:00,4159,260.40914917
2013-12-12T01:10:00+00:00,4159,175.582015991
2013-12-12T02:00:00+00:00,4159,183.936904907
2013-12-12T04:10:00+00:00,4159,129.493255615
2013-12-12T04:40:00+00:00,4159,131.417282104
2013-12-12T04:50:00+00:00,4159,130.316986084
2013-12-12T05:00:00+00:00,4159,129.439163208
2013-12-12T05:20:00+00:00,4159,135.992919922
2013-12-12T05:30:00+00:00,4159,142.805023193
2013-12-12T05:40:00+00:00,4159,155.527084351
2013-12-12T05:50:00+00:00,4159,209.309005737
2013-12-12T06:00:00+00:00,4159,175.310287476
2013-12-12T06:10:00+00:00,4159,179.247344971
2013-12-12T06:20:00+00:00,4159,210.189590454
2013-12-12T06:30:00+00:00,4159,238.746032715
2013-12-12T06:40:00+00:00,4159,219.896331787
2013-12-12T06:50:00+00:00,4159,233.257293701
2013-12-12T07:00:00+00:00,4159,274.980255127
2013-12-12T07:10:00+00:00,4159,303.500152588
2013-12-12T07:20:00+00:00,4159,329.185546875
2013-12-12T07:30:00+00:00,4159,334.986785889
2013-12-12T07:40:00+00:00,4159,354.222015381
2013-12-12T07:50:00+00:00,4159,430.218536377
2013-12-12T08:00:00+00:00,4159,441.666320801
2013-12-12T08:10:00+00:00,4159,529.205627441
2013-12-12T08:20:00+00:00,4159,511.083892822
2013-12-12T08:30:00+00:00,4159,527.823425293
2013-12-12T08:40:00+00:00,4159,518.95111084
2013-12-12T08:50:00+00:00,4159,480.342315674
2013-12-12T09:00:00+00:00,4159,538.700134277
2013-12-12T09:10:00+00:00,4159,555.54095459
2013-12-12T09:20:00+00:00,4159,531.497497559
2013-12-12T09:30:00+00:00,4159,606.308288574
2013-12-12T09:40:00+00:00,4159,642.642150879
2013-12-12T09:50:00+00:00,4159,480.964935303
2013-12-12T10:00:00+00:00,4159,501.975494385
2013-12-12T10:10:00+00:00,4159,534.786499023
2013-12-12T10:20:00+00:00,4159,523.192016602
2013-12-12T10:30:00+00:00,4159,538.366699219
2013-12-12T10:40:00+00:00,4159,506.233459473
2013-12-12T10:50:00+00:00,4159,587.589904785
2013-12-12T11:00:00+00:00,4159,561.527282715
2013-12-12T11:10:00+00:00,4159,613.06829834
2013-12-12T11:20:00+00:00,4159,704.486633301
2013-12-12T11:30:00+00:00,4159,624.617919922
2013-12-12T11:40:00+00:00,4159,654.053710938
2013-12-12T11:50:00+00:00,4159,617.77911377
2013-12-12T12:00:00+00:00,4159,663.387634277
2013-12-12T12:10:00+00:00,4159,613.747619629
2013-12-12T12:20:00+00:00,4159,582.639831543
2013-12-12T12:30:00+00:00,4159,589.90246582
2013-12-12T12:40:00+00:00,4159,630.495666504
2013-12-12T12:50:00+00:00,4159,606.702148438
2013-12-12T13:00:00+00:00,4159,618.591064453
2013-12-12T13:10:00+00:00,4159,589.342529297
2013-12-12T13:20:00+00:00,4159,669.793273926
2013-12-12T13:30:00+00:00,4159,560.440124512
2013-12-12T13:40:00+00:00,4159,557.952575684
2013-12-12T13:50:00+00:00,4159,537.434631348
2013-12-12T14:00:00+00:00,4159,511.238006592
2013-12-12T14:10:00+00:00,4159,552.932434082
2013-12-12T14:20:00+00:00,4159,566.194824219
2013-12-12T14:30:00+00:00,4159,604.374328613
2013-12-12T14:40:00+00:00,4159,605.032714844
2013-12-12T14:50:00+00:00,4159,611.603088379
2013-12-12T15:00:00+00:00,4159,623.229980469
2013-12-12T15:10:00+00:00,4159,624.801025391
2013-12-12T15:20:00+00:00,4159,565.046264648
2013-12-12T15:30:00+00:00,4159,547.032348633
2013-12-12T15:40:00+00:00,4159,540.800231934
2013-12-12T15:50:00+00:00,4159,544.629394531
2013-12-12T16:00:00+00:00,4159,551.364624023
2013-12-12T16:10:00+00:00,4159,499.959503174
2013-12-12T16:20:00+00:00,4159,529.560424805
2013-12-12T16:30:00+00:00,4159,548.88659668
2013-12-12T16:40:00+00:00,4159,471.678924561
2013-12-12T16:50:00+00:00,4159,503.415222168
2013-12-12T17:00:00+00:00,4159,467.30581665
2013-12-12T17:10:00+00:00,4159,454.438018799
2013-12-12T17:20:00+00:00,4159,469.642883301
2013-12-12T17:30:00+00:00,4159,463.555053711
2013-12-12T17:40:00+00:00,4159,407.271575928
2013-12-12T17:50:00+00:00,4159,416.774230957
2013-12-12T18:00:00+00:00,4159,442.290161133
2013-12-12T18:10:00+00:00,4159,504.975189209
2013-12-12T18:20:00+00:00,4159,407.605957031
2013-12-12T18:30:00+00:00,4159,393.627807617
2013-12-12T18:40:00+00:00,4159,382.21987915
2013-12-12T18:50:00+00:00,4159,413.633789062
2013-12-12T19:00:00+00:00,4159,355.069244385
2013-12-12T19:10:00+00:00,4159,410.916442871
2013-12-12T19:20:00+00:00,4159,369.039978027
2013-12-12T19:30:00+00:00,4159,318.675445557
2013-12-12T19:40:00+00:00,4159,334.8543396
2013-12-12T19:50:00+00:00,4159,299.832427979
2013-12-12T20:00:00+00:00,4159,285.938751221
2013-12-12T20:10:00+00:00,4159,300.233184814
2013-12-12T20:20:00+00:00,4159,308.739501953
2013-12-12T20:30:00+00:00,4159,301.889221191
2013-12-12T20:40:00+00:00,4159,295.38772583
2013-12-12T20:50:00+00:00,4159,281.980407715
2013-12-12T21:00:00+00:00,4159,285.069396973
2013-12-12T21:10:00+00:00,4159,278.869628906
2013-12-12T21:20:00+00:00,4159,287.484649658
2013-12-12T21:30:00+00:00,4159,305.683166504
2013-12-12T21:40:00+00:00,4159,298.006378174
2013-12-12T21:50:00+00:00,4159,263.56463623
2013-12-12T22:00:00+00:00,4159,253.853912354
2013-12-12T22:10:00+00:00,4159,287.827911377
2013-12-12T22:20:00+00:00,4159,266.411468506
2013-12-12T22:30:00+00:00,4159,286.614318848
2013-12-12T22:40:00+00:00,4159,264.430236816
2013-12-12T22:50:00+00:00,4159,247.898300171
2013-12-12T23:00:00+00:00,4159,249.446792603
2013-12-12T23:10:00+00:00,4159,217.963684082
2013-12-12T23:20:00+00:00,4159,214.852096558
2013-12-12T23:30:00+00:00,4159,235.889022827
2013-12-12T23:40:00+00:00,4159,201.934295654
2013-12-12T23:50:00+00:00,4159,188.066238403
2013-12-13T00:00:00+00:00,4159,225.036209106
2013-12-13T00:10:00+00:00,4159,211.470993042
2013-12-13T00:20:00+00:00,4159,218.466201782
2013-12-13T00:30:00+00:00,4159,215.832580566
2013-12-13T00:40:00+00:00,4159,264.355743408
2013-12-13T00:50:00+00:00,4159,201.180175781
2013-12-13T01:00:00+00:00,4159,176.342102051
2013-12-13T01:10:00+00:00,4159,208.777618408
2013-12-13T01:30:00+00:00,4159,158.997146606
2013-12-13T01:40:00+00:00,4159,148.174179077
2013-12-13T01:50:00+00:00,4159,160.368667603
2013-12-13T02:30:00+00:00,4159,156.014633179
2013-12-13T04:40:00+00:00,4159,137.549255371
2013-12-13T04:50:00+00:00,4159,136.167694092
2013-12-13T05:10:00+00:00,4159,135.376525879
2013-12-13T05:30:00+00:00,4159,151.243118286
2013-12-13T05:40:00+00:00,4159,150.521362305
2013-12-13T05:50:00+00:00,4159,161.901077271
2013-12-13T06:00:00+00:00,4159,166.059188843
2013-12-13T06:10:00+00:00,4159,168.244903564
2013-12-13T06:20:00+00:00,4159,179.253845215
2013-12-13T06:30:00+00:00,4159,198.891387939
2013-12-13T06:40:00+00:00,4159,201.720932007
2013-12-13T06:50:00+00:00,4159,255.307006836
2013-12-13T07:00:00+00:00,4159,286.61428833
2013-12-13T07:10:00+00:00,4159,284.900878906
2013-12-13T07:20:00+00:00,4159,313.758209229
2013-12-13T07:30:00+00:00,4159,342.220123291
2013-12-13T07:40:00+00:00,4159,347.386749268
2013-12-13T07:50:00+00:00,4159,369.923187256
2013-12-13T08:00:00+00:00,4159,374.429748535
2013-12-13T08:10:00+00:00,4159,406.311218262
2013-12-13T08:20:00+00:00,4159,404.253265381
2013-12-13T08:30:00+00:00,4159,396.851623535
2013-12-13T08:40:00+00:00,4159,416.916351318
2013-12-13T08:50:00+00:00,4159,422.10723877
2013-12-13T09:00:00+00:00,4159,446.123382568
2013-12-13T09:10:00+00:00,4159,508.954833984
2013-12-13T09:20:00+00:00,4159,470.383148193
2013-12-13T09:30:00+00:00,4159,480.440460205
2013-12-13T09:40:00+00:00,4159,430.436553955
2013-12-13T09:50:00+00:00,4159,471.565795898
2013-12-13T10:00:00+00:00,4159,456.551727295
2013-12-13T10:10:00+00:00,4159,470.278015137
2013-12-13T10:20:00+00:00,4159,447.186340332
2013-12-13T10:30:00+00:00,4159,455.290222168
2013-12-13T10:40:00+00:00,4159,432.487823486
2013-12-13T10:50:00+00:00,4159,487.139923096
2013-12-13T11:00:00+00:00,4159,476.013824463
2013-12-13T11:10:00+00:00,4159,442.316040039
2013-12-13T11:20:00+00:00,4159,440.820465088
2013-12-13T11:30:00+00:00,4159,702.861206055
2013-12-13T11:40:00+00:00,4159,432.469512939
2013-12-13T11:50:00+00:00,4159,474.967132568
2013-12-13T12:00:00+00:00,4159,513.604492188
2013-12-13T12:10:00+00:00,4159,447.03503418
2013-12-13T12:20:00+00:00,4159,499.190704346
2013-12-13T12:30:00+00:00,4159,445.964416504
2013-12-13T12:40:00+00:00,4159,436.133117676
2013-12-13T12:50:00+00:00,4159,457.801727295
2013-12-13T13:00:00+00:00,4159,438.181976318
2013-12-13T13:10:00+00:00,4159,436.523651123
2013-12-13T13:20:00+00:00,4159,445.828125
2013-12-13T13:30:00+00:00,4159,417.869628906
2013-12-13T13:40:00+00:00,4159,446.939575195
2013-12-13T13:50:00+00:00,4159,495.800750732
2013-12-13T14:00:00+00:00,4159,441.659088135
2013-12-13T14:10:00+00:00,4159,414.480316162
2013-12-13T14:20:00+00:00,4159,460.923736572
2013-12-13T14:30:00+00:00,4159,433.156463623
2013-12-13T14:40:00+00:00,4159,438.749969482
2013-12-13T14:50:00+00:00,4159,521.846618652
2013-12-13T15:00:00+00:00,4159,472.197113037
2013-12-13T15:10:00+00:00,4159,447.036407471
2013-12-13T15:20:00+00:00,4159,440.120025635
2013-12-13T15:30:00+00:00,4159,407.897674561
2013-12-13T15:40:00+00:00,4159,426.768432617
2013-12-13T15:50:00+00:00,4159,432.552947998
2013-12-13T16:00:00+00:00,4159,435.067657471
2013-12-13T16:10:00+00:00,4159,388.624786377
2013-12-13T16:20:00+00:00,4159,399.529144287
2013-12-13T16:30:00+00:00,4159,361.596923828
2013-12-13T16:40:00+00:00,4159,367.252349854
2013-12-13T16:50:00+00:00,4159,366.647735596
2013-12-13T17:00:00+00:00,4159,371.367980957
2013-12-13T17:10:00+00:00,4159,388.753204346
2013-12-13T17:20:00+00:00,4159,380.251373291
2013-12-13T17:30:00+00:00,4159,341.243591309
2013-12-13T17:40:00+00:00,4159,351.97052002
2013-12-13T17:50:00+00:00,4159,361.243347168
2013-12-13T18:00:00+00:00,4159,335.681243896
2013-12-13T18:10:00+00:00,4159,352.369903564
2013-12-13T18:20:00+00:00,4159,312.936035156
2013-12-13T18:30:00+00:00,4159,308.457672119
2013-12-13T18:40:00+00:00,4159,299.356506348
2013-12-13T18:50:00+00:00,4159,281.226287842
2013-12-13T19:00:00+00:00,4159,257.3777771
2013-12-13T19:10:00+00:00,4159,251.775558472
2013-12-13T19:20:00+00:00,4159,269.756713867
2013-12-13T19:30:00+00:00,4159,250.614135742
2013-12-13T19:40:00+00:00,4159,267.764007568
2013-12-13T19:50:00+00:00,4159,229.007263184
2013-12-13T20:00:00+00:00,4159,243.94708252
2013-12-13T20:10:00+00:00,4159,232.062393188
2013-12-13T20:20:00+00:00,4159,232.780944824
2013-12-13T20:30:00+00:00,4159,244.409896851
2013-12-13T20:40:00+00:00,4159,246.413040161
2013-12-13T20:50:00+00:00,4159,267.273223877
2013-12-13T21:00:00+00:00,4159,298.878845215
2013-12-13T21:10:00+00:00,4159,301.439941406
2013-12-13T21:20:00+00:00,4159,294.188446045
2013-12-13T21:30:00+00:00,4159,259.745941162
2013-12-13T21:40:00+00:00,4159,206.948120117
2013-12-13T21:50:00+00:00,4159,212.110870361
2013-12-13T22:00:00+00:00,4159,206.528839111
2013-12-13T22:10:00+00:00,4159,195.583526611
2013-12-13T22:20:00+00:00,4159,202.099945068
2013-12-13T22:30:00+00:00,4159,234.266845703
2013-12-13T22:40:00+00:00,4159,191.742431641
2013-12-13T22:50:00+00:00,4159,197.107818604
2013-12-13T23:00:00+00:00,4159,234.805084229
2013-12-13T23:10:00+00:00,4159,200.740478516
2013-12-13T23:20:00+00:00,4159,188.585571289
2013-12-13T23:30:00+00:00,4159,190.242965698
2013-12-13T23:40:00+00:00,4159,206.614425659
2013-12-13T23:50:00+00:00,4159,175.580291748
2013-12-14T00:00:00+00:00,4159,186.735168457
2013-12-14T00:10:00+00:00,4159,178.840286255
2013-12-14T00:20:00+00:00,4159,200.11706543
2013-12-14T00:30:00+00:00,4159,172.622558594
2013-12-14T00:40:00+00:00,4159,149.726654053
2013-12-14T00:50:00+00:00,4159,156.714630127
2013-12-14T01:00:00+00:00,4159,149.560684204
2013-12-14T01:10:00+00:00,4159,143.87348938
2013-12-14T01:30:00+00:00,4159,152.513336182
2013-12-14T01:40:00+00:00,4159,136.154190063
2013-12-14T01:50:00+00:00,4159,151.617416382
2013-12-14T02:00:00+00:00,4159,155.727722168
2013-12-14T02:20:00+00:00,4159,138.050323486
2013-12-14T02:50:00+00:00,4159,128.492233276
2013-12-14T03:00:00+00:00,4159,136.56060791
2013-12-14T04:40:00+00:00,4159,113.509132385
2013-12-14T05:00:00+00:00,4159,120.822288513
2013-12-14T05:10:00+00:00,4159,113.000541687
2013-12-14T05:20:00+00:00,4159,121.412704468
2013-12-14T05:30:00+00:00,4159,122.097610474
2013-12-14T05:40:00+00:00,4159,116.373313904
2013-12-14T05:50:00+00:00,4159,126.189025879
2013-12-14T06:00:00+00:00,4159,141.681304932
2013-12-14T06:10:00+00:00,4159,130.137115479
2013-12-14T06:20:00+00:00,4159,152.083526611
2013-12-14T06:30:00+00:00,4159,174.011367798
2013-12-14T06:40:00+00:00,4159,138.412277222
2013-12-14T06:50:00+00:00,4159,159.152450562
2013-12-14T07:00:00+00:00,4159,167.457748413
2013-12-14T07:10:00+00:00,4159,155.402679443
2013-12-14T07:20:00+00:00,4159,159.508712769
2013-12-14T07:30:00+00:00,4159,197.607025146
2013-12-14T07:40:00+00:00,4159,169.462524414
2013-12-14T07:50:00+00:00,4159,157.458053589
2013-12-14T08:00:00+00:00,4159,191.026473999
2013-12-14T08:10:00+00:00,4159,196.755661011
2013-12-14T08:20:00+00:00,4159,201.257278442
2013-12-14T08:30:00+00:00,4159,226.261611938
2013-12-14T08:40:00+00:00,4159,218.535644531
2013-12-14T08:50:00+00:00,4159,230.78024292
2013-12-14T09:00:00+00:00,4159,230.187194824
2013-12-14T09:10:00+00:00,4159,211.087692261
2013-12-14T09:20:00+00:00,4159,268.715118408
2013-12-14T09:30:00+00:00,4159,255.439346313
2013-12-14T09:40:00+00:00,4159,237.381729126
2013-12-14T09:50:00+00:00,4159,253.136276245
2013-12-14T10:00:00+00:00,4159,248.316055298
2013-12-14T10:10:00+00:00,4159,239.272201538
2013-12-14T10:20:00+00:00,4159,265.879760742
2013-12-14T10:30:00+00:00,4159,253.665466309
2013-12-14T10:40:00+00:00,4159,251.664520264
2013-12-14T10:50:00+00:00,4159,267.204559326
2013-12-14T11:00:00+00:00,4159,259.620666504
2013-12-14T11:10:00+00:00,4159,260.34362793
2013-12-14T11:20:00+00:00,4159,271.408355713
2013-12-14T11:30:00+00:00,4159,247.053985596
2013-12-14T11:40:00+00:00,4159,289.783996582
2013-12-14T11:50:00+00:00,4159,268.883544922
2013-12-14T12:00:00+00:00,4159,256.303924561
2013-12-14T12:10:00+00:00,4159,244.967971802
2013-12-14T12:20:00+00:00,4159,263.180267334
2013-12-14T12:30:00+00:00,4159,261.756256104
2013-12-14T12:40:00+00:00,4159,261.272827148
2013-12-14T12:50:00+00:00,4159,333.429382324
2013-12-14T13:00:00+00:00,4159,248.971725464
2013-12-14T13:10:00+00:00,4159,249.479690552
2013-12-14T13:20:00+00:00,4159,274.874633789
2013-12-14T13:30:00+00:00,4159,252.845779419
2013-12-14T13:40:00+00:00,4159,241.967559814
2013-12-14T13:50:00+00:00,4159,268.884765625
2013-12-14T14:00:00+00:00,4159,262.610961914
2013-12-14T14:10:00+00:00,4159,243.256011963
2013-12-14T14:20:00+00:00,4159,274.614105225
2013-12-14T14:30:00+00:00,4159,261.458587646
2013-12-14T14:40:00+00:00,4159,254.24571228
2013-12-14T14:50:00+00:00,4159,254.884429932
2013-12-14T15:00:00+00:00,4159,262.856384277
2013-12-14T15:10:00+00:00,4159,312.024108887
2013-12-14T15:20:00+00:00,4159,352.417510986
2013-12-14T15:30:00+00:00,4159,423.375274658
2013-12-14T15:40:00+00:00,4159,331.211669922
2013-12-14T15:50:00+00:00,4159,348.282501221
2013-12-14T16:00:00+00:00,4159,335.2371521
2013-12-14T16:10:00+00:00,4159,361.439453125
2013-12-14T16:20:00+00:00,4159,347.57220459
2013-12-14T16:30:00+00:00,4159,301.965820312
2013-12-14T16:40:00+00:00,4159,253.036376953
2013-12-14T16:50:00+00:00,4159,281.275299072
2013-12-14T17:00:00+00:00,4159,250.484649658
2013-12-14T17:10:00+00:00,4159,248.068710327
2013-12-14T17:20:00+00:00,4159,255.128051758
2013-12-14T17:30:00+00:00,4159,254.361450195
2013-12-14T17:40:00+00:00,4159,261.274047852
2013-12-14T17:50:00+00:00,4159,218.284286499
2013-12-14T18:00:00+00:00,4159,216.734527588
2013-12-14T18:10:00+00:00,4159,204.349533081
2013-12-14T18:20:00+00:00,4159,225.790725708
2013-12-14T18:30:00+00:00,4159,204.169418335
2013-12-14T18:40:00+00:00,4159,197.690368652
2013-12-14T18:50:00+00:00,4159,229.766052246
2013-12-14T19:00:00+00:00,4159,195.470123291
2013-12-14T19:10:00+00:00,4159,199.252227783
2013-12-14T19:20:00+00:00,4159,217.389633179
2013-12-14T19:30:00+00:00,4159,220.691848755
2013-12-14T19:40:00+00:00,4159,228.513336182
2013-12-14T19:50:00+00:00,4159,247.507553101
2013-12-14T20:00:00+00:00,4159,221.93699646
2013-12-14T20:10:00+00:00,4159,241.357910156
2013-12-14T20:20:00+00:00,4159,237.21585083
2013-12-14T20:30:00+00:00,4159,216.662399292
2013-12-14T20:40:00+00:00,4159,216.307525635
2013-12-14T20:50:00+00:00,4159,216.991989136
2013-12-14T21:00:00+00:00,4159,247.38381958
2013-12-14T21:10:00+00:00,4159,206.495269775
2013-12-14T21:20:00+00:00,4159,226.698928833
2013-12-14T21:30:00+00:00,4159,255.406555176
2013-12-14T21:40:00+00:00,4159,220.903335571
2013-12-14T21:50:00+00:00,4159,232.852798462
2013-12-14T22:00:00+00:00,4159,243.993850708
2013-12-14T22:10:00+00:00,4159,224.907165527
2013-12-14T22:20:00+00:00,4159,242.536315918
2013-12-14T22:30:00+00:00,4159,212.103012085
2013-12-14T22:40:00+00:00,4159,198.41583252
2013-12-14T22:50:00+00:00,4159,201.794906616
2013-12-14T23:00:00+00:00,4159,194.196014404
2013-12-14T23:10:00+00:00,4159,191.095153809
2013-12-14T23:20:00+00:00,4159,184.718933105
2013-12-14T23:30:00+00:00,4159,186.405654907
2013-12-14T23:40:00+00:00,4159,193.472106934
2013-12-14T23:50:00+00:00,4159,188.954452515
2013-12-15T00:00:00+00:00,4159,215.809402466
2013-12-15T00:10:00+00:00,4159,164.729278564
2013-12-15T00:20:00+00:00,4159,199.43699646
2013-12-15T00:30:00+00:00,4159,201.180496216
2013-12-15T00:40:00+00:00,4159,174.361328125
2013-12-15T00:50:00+00:00,4159,177.595794678
2013-12-15T01:00:00+00:00,4159,189.141418457
2013-12-15T01:10:00+00:00,4159,171.961273193
2013-12-15T01:20:00+00:00,4159,177.515701294
2013-12-15T01:30:00+00:00,4159,172.220397949
2013-12-15T01:40:00+00:00,4159,178.793563843
2013-12-15T01:50:00+00:00,4159,170.508865356
2013-12-15T02:00:00+00:00,4159,159.320648193
2013-12-15T02:10:00+00:00,4159,137.774841309
2013-12-15T02:50:00+00:00,4159,145.929214478
2013-12-15T03:00:00+00:00,4159,138.528411865
2013-12-15T04:00:00+00:00,4159,122.813117981
2013-12-15T04:10:00+00:00,4159,120.494720459
2013-12-15T05:00:00+00:00,4159,114.212921143
2013-12-15T05:20:00+00:00,4159,114.378890991
2013-12-15T06:00:00+00:00,4159,110.137985229
2013-12-15T06:20:00+00:00,4159,122.204940796
2013-12-15T06:40:00+00:00,4159,112.80279541
2013-12-15T06:50:00+00:00,4159,123.298629761
2013-12-15T07:00:00+00:00,4159,130.49156189
2013-12-15T07:10:00+00:00,4159,129.385360718
2013-12-15T07:20:00+00:00,4159,133.798431396
2013-12-15T07:30:00+00:00,4159,162.460739136
2013-12-15T07:40:00+00:00,4159,149.728271484
2013-12-15T07:50:00+00:00,4159,142.781478882
2013-12-15T08:00:00+00:00,4159,140.861633301
2013-12-15T08:10:00+00:00,4159,136.520462036
2013-12-15T08:20:00+00:00,4159,145.46383667
2013-12-15T08:30:00+00:00,4159,136.942321777
2013-12-15T08:40:00+00:00,4159,151.566162109
2013-12-15T08:50:00+00:00,4159,152.5703125
2013-12-15T09:00:00+00:00,4159,152.102890015
2013-12-15T09:10:00+00:00,4159,154.686279297
2013-12-15T09:20:00+00:00,4159,165.303359985
2013-12-15T09:30:00+00:00,4159,159.055465698
2013-12-15T09:40:00+00:00,4159,161.191070557
2013-12-15T09:50:00+00:00,4159,151.061569214
2013-12-15T10:00:00+00:00,4159,148.992630005
2013-12-15T10:10:00+00:00,4159,149.229766846
2013-12-15T10:20:00+00:00,4159,159.320083618
2013-12-15T10:30:00+00:00,4159,148.760360718
2013-12-15T10:40:00+00:00,4159,165.434494019
2013-12-15T10:50:00+00:00,4159,181.833007812
2013-12-15T11:00:00+00:00,4159,201.645401001
2013-12-15T11:10:00+00:00,4159,177.000030518
2013-12-15T11:20:00+00:00,4159,185.055725098
2013-12-15T11:30:00+00:00,4159,146.390777588
2013-12-15T11:40:00+00:00,4159,163.744934082
2013-12-15T11:50:00+00:00,4159,174.072814941
2013-12-15T12:00:00+00:00,4159,147.032531738
2013-12-15T12:10:00+00:00,4159,148.927474976
2013-12-15T12:20:00+00:00,4159,188.520706177
2013-12-15T12:30:00+00:00,4159,208.741165161
2013-12-15T12:40:00+00:00,4159,181.828811646
2013-12-15T12:50:00+00:00,4159,187.707382202
2013-12-15T13:00:00+00:00,4159,174.977539062
2013-12-15T13:10:00+00:00,4159,191.255981445
2013-12-15T13:20:00+00:00,4159,181.745147705
2013-12-15T13:30:00+00:00,4159,193.960678101
2013-12-15T13:40:00+00:00,4159,204.711471558
2013-12-15T13:50:00+00:00,4159,188.371292114
2013-12-15T14:00:00+00:00,4159,180.24041748
2013-12-15T14:10:00+00:00,4159,213.805740356
2013-12-15T14:20:00+00:00,4159,201.691253662
2013-12-15T14:30:00+00:00,4159,176.597869873
2013-12-15T14:40:00+00:00,4159,180.107467651
2013-12-15T14:50:00+00:00,4159,194.281478882
2013-12-15T15:00:00+00:00,4159,180.929504395
2013-12-15T15:10:00+00:00,4159,198.212875366
2013-12-15T15:20:00+00:00,4159,179.024810791
2013-12-15T15:30:00+00:00,4159,203.187911987
2013-12-15T15:40:00+00:00,4159,225.015777588
2013-12-15T15:50:00+00:00,4159,211.854415894
2013-12-15T16:00:00+00:00,4159,188.526275635
2013-12-15T16:10:00+00:00,4159,181.009185791
2013-12-15T16:20:00+00:00,4159,182.981689453
2013-12-15T16:30:00+00:00,4159,168.049285889
2013-12-15T16:40:00+00:00,4159,194.743209839
2013-12-15T16:50:00+00:00,4159,219.512985229
2013-12-15T17:00:00+00:00,4159,224.341934204
2013-12-15T17:10:00+00:00,4159,251.033279419
2013-12-15T17:20:00+00:00,4159,218.651000977
2013-12-15T17:30:00+00:00,4159,186.616256714
2013-12-15T17:40:00+00:00,4159,173.563156128
2013-12-15T17:50:00+00:00,4159,177.016342163
2013-12-15T18:00:00+00:00,4159,197.700714111
2013-12-15T18:10:00+00:00,4159,205.098632812
2013-12-15T18:20:00+00:00,4159,185.234405518
2013-12-15T18:30:00+00:00,4159,178.463180542
2013-12-15T18:40:00+00:00,4159,191.958221436
2013-12-15T18:50:00+00:00,4159,182.468780518
2013-12-15T19:00:00+00:00,4159,186.6615448
2013-12-15T19:10:00+00:00,4159,211.757522583
2013-12-15T19:20:00+00:00,4159,196.340606689
2013-12-15T19:30:00+00:00,4159,197.033447266
2013-12-15T19:40:00+00:00,4159,199.066482544
2013-12-15T19:50:00+00:00,4159,199.441986084
2013-12-15T20:00:00+00:00,4159,188.10357666
2013-12-15T20:10:00+00:00,4159,218.291946411
2013-12-15T20:20:00+00:00,4159,204.67010498
2013-12-15T20:30:00+00:00,4159,193.406463623
2013-12-15T20:40:00+00:00,4159,177.104492188
2013-12-15T20:50:00+00:00,4159,173.900680542
2013-12-15T21:00:00+00:00,4159,190.526260376
2013-12-15T21:10:00+00:00,4159,176.545333862
2013-12-15T21:20:00+00:00,4159,185.821090698
2013-12-15T21:30:00+00:00,4159,177.490493774
2013-12-15T21:40:00+00:00,4159,172.165023804
2013-12-15T21:50:00+00:00,4159,174.847381592
2013-12-15T22:00:00+00:00,4159,180.364456177
2013-12-15T22:10:00+00:00,4159,158.453094482
2013-12-15T22:20:00+00:00,4159,187.741775513
2013-12-15T22:30:00+00:00,4159,192.257919312
2013-12-15T22:40:00+00:00,4159,180.894989014
2013-12-15T22:50:00+00:00,4159,164.808395386
