timestamp,square_id,internet_traffic
2013-10-31T23:00:00+00:00,5059,527.910827637
2013-10-31T23:10:00+00:00,5059,645.207397461
2013-10-31T23:20:00+00:00,5059,569.782409668
2013-10-31T23:30:00+00:00,5059,800.599609375
2013-10-31T23:40:00+00:00,5059,515.949462891
2013-10-31T23:50:00+00:00,5059,476.019592285
2013-11-01T00:00:00+00:00,5059,376.883148193
2013-11-01T00:10:00+00:00,5059,396.05581665
2013-11-01T00:20:00+00:00,5059,476.522644043
2013-11-01T00:30:00+00:00,5059,374.661376953
2013-11-01T00:40:00+00:00,5059,434.912963867
2013-11-01T00:50:00+00:00,5059,447.41696167
2013-11-01T01:00:00+00:00,5059,481.25604248
2013-11-01T01:10:00+00:00,5059,422.234191895
2013-11-01T01:20:00+00:00,5059,287.666656494
2013-11-01T01:30:00+00:00,5059,348.537750244
2013-11-01T01:50:00+00:00,5059,312.326660156
2013-11-01T02:00:00+00:00,5059,332.443664551
2013-11-01T02:10:00+00:00,5059,292.033477783
2013-11-01T02:20:00+00:00,5059,301.462615967
2013-11-01T02:30:00+00:00,5059,271.659667969
2013-11-01T02:40:00+00:00,5059,318.357849121
2013-11-01T02:50:00+00:00,5059,340.572113037
2013-11-01T03:00:00+00:00,5059,365.892089844
2013-11-01T03:10:00+00:00,5059,374.799255371
2013-11-01T03:20:00+00:00,5059,318.833465576
2013-11-01T03:40:00+00:00,5059,418.058776855
2013-11-01T04:10:00+00:00,5059,536.677246094
2013-11-01T05:00:00+00:00,5059,256.366149902
2013-11-01T05:10:00+00:00,5059,309.632324219
2013-11-01T05:20:00+00:00,5059,321.558868408
2013-11-01T05:50:00+00:00,5059,385.590576172
2013-11-01T06:00:00+00:00,5059,337.065979004
2013-11-01T06:10:00+00:00,5059,421.486022949
2013-11-01T06:20:00+00:00,5059,342.614074707
2013-11-01T06:30:00+00:00,5059,335.021575928
2013-11-01T06:40:00+00:00,5059,381.654418945
2013-11-01T06:50:00+00:00,5059,470.150970459
2013-11-01T07:10:00+00:00,5059,584.760192871
2013-11-01T07:20:00+00:00,5059,350.113555908
2013-11-01T07:30:00+00:00,5059,386.067047119
2013-11-01T07:40:00+00:00,5059,473.644958496
2013-11-01T07:50:00+00:00,5059,413.718383789
2013-11-01T08:00:00+00:00,5059,442.705780029
2013-11-01T08:10:00+00:00,5059,713.605834961
2013-11-01T08:20:00+00:00,5059,471.741119385
2013-11-01T08:30:00+00:00,5059,440.861999512
2013-11-01T08:40:00+00:00,5059,563.849365234
2013-11-01T08:50:00+00:00,5059,683.39263916
2013-11-01T09:00:00+00:00,5059,531.475036621
2013-11-01T09:10:00+00:00,5059,661.124084473
2013-11-01T09:20:00+00:00,5059,758.124023438
2013-11-01T09:30:00+00:00,5059,944.985229492
2013-11-01T09:40:00+00:00,5059,928.921508789
2013-11-01T09:50:00+00:00,5059,900.757516474
2013-11-01T10:00:00+00:00,5059,1134.49291992
2013-11-01T10:10:00+00:00,5059,1675.82983398
2013-11-01T10:20:00+00:00,5059,1381.72790527
2013-11-01T10:30:00+00:00,5059,1713.95019531
2013-11-01T10:40:00+00:00,5059,1472.26977539
2013-11-01T10:50:00+00:00,5059,1543.98217773
2013-11-01T11:00:00+00:00,5059,1312.1048584
2013-11-01T11:10:00+00:00,5059,1512.92348021
2013-11-01T11:20:00+00:00,5059,1539.59790039
2013-11-01T11:30:00+00:00,5059,1494.93036412
2013-11-01T11:40:00+00:00,5059,1754.1796875
2013-11-01T11:50:00+00:00,5059,2207.85668945
2013-11-01T12:00:00+00:00,5059,2003.89367676
2013-11-01T12:10:00+00:00,5059,2369.97973633
2013-11-01T12:20:00+00:00,5059,1863.11560059
2013-11-01T12:30:00+00:00,5059,2039.3190918
2013-11-01T12:40:00+00:00,5059,2066.75268555
2013-11-01T12:50:00+00:00,5059,2065.23999023
2013-11-01T13:00:00+00:00,5059,2204.54248047
2013-11-01T13:10:00+00:00,5059,2316.63085938
2013-11-01T13:20:00+00:00,5059,2033.92895508
2013-11-01T13:30:00+00:00,5059,2853.86401367
2013-11-01T13:40:00+00:00,5059,2032.21984863
2013-11-01T13:50:00+00:00,5059,2073.13793945
2013-11-01T14:00:00+00:00,5059,2255.40625
2013-11-01T14:10:00+00:00,5059,2065.97973633
2013-11-01T14:20:00+00:00,5059,1988.24198627
2013-11-01T14:30:00+00:00,5059,2249.04391193
2013-11-01T14:40:00+00:00,5059,2158.56176758
2013-11-01T14:50:00+00:00,5059,1927.23754883
2013-11-01T15:00:00+00:00,5059,2222.78759766
2013-11-01T15:10:00+00:00,5059,2275.06518555
2013-11-01T15:20:00+00:00,5059,2265.74951172
2013-11-01T15:30:00+00:00,5059,2234.40478516
2013-11-01T15:40:00+00:00,5059,2278.19433594
2013-11-01T15:50:00+00:00,5059,2409.24267578
2013-11-01T16:00:00+00:00,5059,2098.21777344
2013-11-01T16:10:00+00:00,5059,2210.13818359
2013-11-01T16:20:00+00:00,5059,2180.20922852
2013-11-01T16:30:00+00:00,5059,2116.61695251
2013-11-01T16:40:00+00:00,5059,1899.85168457
2013-11-01T16:50:00+00:00,5059,1823.53515625
2013-11-01T17:00:00+00:00,5059,2031.32995605
2013-11-01T17:10:00+00:00,5059,2177.41479492
2013-11-01T17:20:00+00:00,5059,1955.10327148
2013-11-01T17:30:00+00:00,5059,1847.57288644
2013-11-01T17:40:00+00:00,5059,1878.35119629
2013-11-01T17:50:00+00:00,5059,1774.75073242
2013-11-01T18:00:00+00:00,5059,2031.03234863
2013-11-01T18:10:00+00:00,5059,1694.84631348
2013-11-01T18:20:00+00:00,5059,1596.23022461
2013-11-01T18:30:00+00:00,5059,1689.13342285
2013-11-01T18:40:00+00:00,5059,2215.10644531
2013-11-01T18:50:00+00:00,5059,2013.0826416
2013-11-01T19:00:00+00:00,5059,2603.703125
2013-11-01T19:10:00+00:00,5059,1355.68847656
2013-11-01T19:20:00+00:00,5059,1357.03601074
2013-11-01T19:30:00+00:00,5059,1562.71911621
2013-11-01T19:40:00+00:00,5059,942.52130127
2013-11-01T19:50:00+00:00,5059,775.263122559
2013-11-01T20:00:00+00:00,5059,1185.40795898
2013-11-01T20:10:00+00:00,5059,789.83380127
2013-11-01T20:20:00+00:00,5059,934.031188965
2013-11-01T20:30:00+00:00,5059,887.350158691
2013-11-01T20:40:00+00:00,5059,805.020080566
2013-11-01T20:50:00+00:00,5059,740.235534668
2013-11-01T21:00:00+00:00,5059,901.82019043
2013-11-01T21:10:00+00:00,5059,889.795043945
2013-11-01T21:20:00+00:00,5059,742.661804199
2013-11-01T21:30:00+00:00,5059,719.313293457
2013-11-01T21:40:00+00:00,5059,628.767700195
2013-11-01T21:50:00+00:00,5059,864.71496582
2013-11-01T22:00:00+00:00,5059,689.767822266
2013-11-01T22:10:00+00:00,5059,699.978515625
2013-11-01T22:20:00+00:00,5059,548.995605469
2013-11-01T22:30:00+00:00,5059,618.043457031
2013-11-01T22:40:00+00:00,5059,477.940063477
2013-11-01T22:50:00+00:00,5059,473.415374756
2013-11-01T23:00:00+00:00,5059,463.476928711
2013-11-01T23:10:00+00:00,5059,396.035400391
2013-11-01T23:20:00+00:00,5059,648.539367676
2013-11-01T23:30:00+00:00,5059,338.343902588
2013-11-01T23:50:00+00:00,5059,329.625823975
2013-11-02T00:00:00+00:00,5059,287.509490967
2013-11-02T00:20:00+00:00,5059,339.626861572
2013-11-02T00:30:00+00:00,5059,303.306274414
2013-11-02T00:40:00+00:00,5059,301.390258789
2013-11-02T06:00:00+00:00,5059,392.145446777
2013-11-02T06:20:00+00:00,5059,354.378601074
2013-11-02T06:40:00+00:00,5059,315.730224609
2013-11-02T06:50:00+00:00,5059,319.244995117
2013-11-02T07:00:00+00:00,5059,367.40057373
2013-11-02T07:10:00+00:00,5059,407.860351562
2013-11-02T07:20:00+00:00,5059,373.223266602
2013-11-02T07:30:00+00:00,5059,432.358306885
2013-11-02T07:40:00+00:00,5059,361.883911133
2013-11-02T07:50:00+00:00,5059,371.216583252
2013-11-02T08:00:00+00:00,5059,439.222869873
2013-11-02T08:10:00+00:00,5059,519.008483887
2013-11-02T08:20:00+00:00,5059,457.46673584
2013-11-02T08:30:00+00:00,5059,530.92364502
2013-11-02T08:40:00+00:00,5059,556.320678711
2013-11-02T08:50:00+00:00,5059,837.884155273
2013-11-02T09:00:00+00:00,5059,640.915466309
2013-11-02T09:10:00+00:00,5059,757.456298828
2013-11-02T09:20:00+00:00,5059,1063.94482422
2013-11-02T09:30:00+00:00,5059,1110.6751709
2013-11-02T09:40:00+00:00,5059,1230.01342773
2013-11-02T09:50:00+00:00,5059,1629.76074219
2013-11-02T10:00:00+00:00,5059,1977.37487793
2013-11-02T10:10:00+00:00,5059,1540.28443003
2013-11-02T10:20:00+00:00,5059,1506.60290527
2013-11-02T10:30:00+00:00,5059,1739.90148926
2013-11-02T10:40:00+00:00,5059,1984.84655762
2013-11-02T10:50:00+00:00,5059,1981.75825596
2013-11-02T11:00:00+00:00,5059,1902.99499512
2013-11-02T11:10:00+00:00,5059,1993.36523914
2013-11-02T11:20:00+00:00,5059,2245.99023438
2013-11-02T11:30:00+00:00,5059,2704.98744392
2013-11-02T11:40:00+00:00,5059,2393.45347261
2013-11-02T11:50:00+00:00,5059,2120.86176443
2013-11-02T12:00:00+00:00,5059,2185.49536133
2013-11-02T12:10:00+00:00,5059,1910.3521533
2013-11-02T12:20:00+00:00,5059,2110.90715647
2013-11-02T12:30:00+00:00,5059,2022.33989525
2013-11-02T12:40:00+00:00,5059,2112.52368164
2013-11-02T12:50:00+00:00,5059,2512.75077248
2013-11-02T13:00:00+00:00,5059,2546.43676758
2013-11-02T13:10:00+00:00,5059,2721.57720029
2013-11-02T13:20:00+00:00,5059,2364.57520676
2013-11-02T13:30:00+00:00,5059,2341.35414243
2013-11-02T13:40:00+00:00,5059,2327.89697266
2013-11-02T13:50:00+00:00,5059,2897.97998047
2013-11-02T14:00:00+00:00,5059,2265.74829102
2013-11-02T14:10:00+00:00,5059,2773.13951683
2013-11-02T14:20:00+00:00,5059,2892.29272461
2013-11-02T14:30:00+00:00,5059,2276.92977905
2013-11-02T14:40:00+00:00,5059,2438.97851562
2013-11-02T14:50:00+00:00,5059,2471.9337883
2013-11-02T15:00:00+00:00,5059,2211.50488281
2013-11-02T15:10:00+00:00,5059,2541.87426758
2013-11-02T15:20:00+00:00,5059,2509.28417969
2013-11-02T15:30:00+00:00,5059,2800.00200605
2013-11-02T15:40:00+00:00,5059,2662.94384766
2013-11-02T15:50:00+00:00,5059,2514.5213623
2013-11-02T16:00:00+00:00,5059,2203.14278793
2013-11-02T16:10:00+00:00,5059,2429.42167616
2013-11-02T16:20:00+00:00,5059,2736.61572266
2013-11-02T16:30:00+00:00,5059,2328.53344727
2013-11-02T16:40:00+00:00,5059,2057.25634766
2013-11-02T16:50:00+00:00,5059,2161.6940918
2013-11-02T17:00:00+00:00,5059,2374.58447266
2013-11-02T17:10:00+00:00,5059,1920.30236816
2013-11-02T17:20:00+00:00,5059,2250.00683594
2013-11-02T17:30:00+00:00,5059,2498.16849089
2013-11-02T17:40:00+00:00,5059,2638.02997971
2013-11-02T17:50:00+00:00,5059,2129.55493164
2013-11-02T18:00:00+00:00,5059,1791.84936523
2013-11-02T18:10:00+00:00,5059,1722.73620605
2013-11-02T18:20:00+00:00,5059,1589.98535156
2013-11-02T18:30:00+00:00,5059,1839.27416992
2013-11-02T18:40:00+00:00,5059,1381.87304688
2013-11-02T18:50:00+00:00,5059,1513.13256836
2013-11-02T19:00:00+00:00,5059,1442.69361615
2013-11-02T19:10:00+00:00,5059,1318.69372559
2013-11-02T19:20:00+00:00,5059,1083.78186035
2013-11-02T19:30:00+00:00,5059,1226.02722168
2013-11-02T19:40:00+00:00,5059,972.779602051
2013-11-02T19:50:00+00:00,5059,959.812805176
2013-11-02T20:00:00+00:00,5059,666.666870117
2013-11-02T20:10:00+00:00,5059,729.064208984
2013-11-02T20:20:00+00:00,5059,714.641296387
2013-11-02T20:30:00+00:00,5059,762.371337891
2013-11-02T20:40:00+00:00,5059,850.462890625
2013-11-02T20:50:00+00:00,5059,886.338378906
2013-11-02T21:00:00+00:00,5059,906.678283691
2013-11-02T21:10:00+00:00,5059,756.531860352
2013-11-02T21:20:00+00:00,5059,854.824279785
2013-11-02T21:30:00+00:00,5059,771.909179688
2013-11-02T21:40:00+00:00,5059,1227.23266602
2013-11-02T21:50:00+00:00,5059,1363.24304199
2013-11-02T22:00:00+00:00,5059,667.568725586
2013-11-02T22:10:00+00:00,5059,657.802307129
2013-11-02T22:20:00+00:00,5059,726.810058594
2013-11-02T22:30:00+00:00,5059,653.580078125
2013-11-02T22:40:00+00:00,5059,690.95111084
2013-11-02T22:50:00+00:00,5059,667.405639648
2013-11-02T23:00:00+00:00,5059,468.412475586
2013-11-02T23:10:00+00:00,5059,468.180297852
2013-11-02T23:20:00+00:00,5059,468.660400391
2013-11-02T23:30:00+00:00,5059,432.765289307
2013-11-02T23:40:00+00:00,5059,473.2734375
2013-11-02T23:50:00+00:00,5059,413.788696289
2013-11-03T00:00:00+00:00,5059,405.812988281
2013-11-03T00:20:00+00:00,5059,418.884674072
2013-11-03T00:30:00+00:00,5059,309.282897949
2013-11-03T00:40:00+00:00,5059,310.843353271
2013-11-03T00:50:00+00:00,5059,383.503204346
2013-11-03T03:00:00+00:00,5059,201.435455322
2013-11-03T04:30:00+00:00,5059,193.038467407
2013-11-03T05:50:00+00:00,5059,249.681869507
2013-11-03T06:00:00+00:00,5059,191.122589111
2013-11-03T06:10:00+00:00,5059,295.988006592
2013-11-03T06:20:00+00:00,5059,254.645172119
2013-11-03T06:40:00+00:00,5059,238.001113892
2013-11-03T06:50:00+00:00,5059,268.635040283
2013-11-03T07:00:00+00:00,5059,230.816513062
2013-11-03T07:10:00+00:00,5059,330.793304443
2013-11-03T07:20:00+00:00,5059,280.173583984
2013-11-03T07:30:00+00:00,5059,395.489318848
2013-11-03T07:40:00+00:00,5059,317.937011719
2013-11-03T07:50:00+00:00,5059,284.441650391
2013-11-03T08:00:00+00:00,5059,343.440673828
2013-11-03T08:10:00+00:00,5059,350.312561035
2013-11-03T08:20:00+00:00,5059,437.138641357
2013-11-03T08:30:00+00:00,5059,750.584655762
2013-11-03T08:40:00+00:00,5059,515.756286621
2013-11-03T08:50:00+00:00,5059,617.866394043
2013-11-03T09:00:00+00:00,5059,566.577636719
2013-11-03T09:10:00+00:00,5059,765.778259277
2013-11-03T09:20:00+00:00,5059,3320.6550293
2013-11-03T09:30:00+00:00,5059,954.661865234
2013-11-03T09:40:00+00:00,5059,728.928405762
2013-11-03T09:50:00+00:00,5059,902.974914551
2013-11-03T10:00:00+00:00,5059,739.213806152
2013-11-03T10:10:00+00:00,5059,765.151306152
2013-11-03T10:20:00+00:00,5059,825.412109375
2013-11-03T10:30:00+00:00,5059,889.769775391
2013-11-03T10:40:00+00:00,5059,1505.06750488
2013-11-03T10:50:00+00:00,5059,1570.91491699
2013-11-03T11:00:00+00:00,5059,1202.21008301
2013-11-03T11:10:00+00:00,5059,1159.51733136
2013-11-03T11:20:00+00:00,5059,1461.05505371
2013-11-03T11:30:00+00:00,5059,1375.9765625
2013-11-03T11:40:00+00:00,5059,1303.39465332
2013-11-03T11:50:00+00:00,5059,1445.46948242
2013-11-03T12:00:00+00:00,5059,1304.45080566
2013-11-03T12:10:00+00:00,5059,1324.07678223
2013-11-03T12:20:00+00:00,5059,1426.0579834
2013-11-03T12:30:00+00:00,5059,1732.02526855
2013-11-03T12:40:00+00:00,5059,1609.23693848
2013-11-03T12:50:00+00:00,5059,1499.34228516
2013-11-03T13:00:00+00:00,5059,1322.18078613
2013-11-03T13:10:00+00:00,5059,1575.88293457
2013-11-03T13:20:00+00:00,5059,1906.72570801
2013-11-03T13:30:00+00:00,5059,1982.29223633
2013-11-03T13:40:00+00:00,5059,1891.86560059
2013-11-03T13:50:00+00:00,5059,1633.34057617
2013-11-03T14:00:00+00:00,5059,1697.42236328
2013-11-03T14:10:00+00:00,5059,2141.46240234
2013-11-03T14:20:00+00:00,5059,1976.70861816
2013-11-03T14:30:00+00:00,5059,1888.0357666
2013-11-03T14:40:00+00:00,5059,2114.70581055
2013-11-03T14:50:00+00:00,5059,1743.1751709
2013-11-03T15:00:00+00:00,5059,1781.94567871
2013-11-03T15:10:00+00:00,5059,1810.73095703
2013-11-03T15:20:00+00:00,5059,1890.17907715
2013-11-03T15:30:00+00:00,5059,1973.4239502
2013-11-03T15:40:00+00:00,5059,2048.29296875
2013-11-03T15:50:00+00:00,5059,1846.17944336
2013-11-03T16:00:00+00:00,5059,2024.44628906
2013-11-03T16:10:00+00:00,5059,2109.34399414
2013-11-03T16:20:00+00:00,5059,1804.55432129
2013-11-03T16:30:00+00:00,5059,1692.18725586
2013-11-03T16:40:00+00:00,5059,1764.78882563
2013-11-03T16:50:00+00:00,5059,2020.16649556
2013-11-03T17:00:00+00:00,5059,1922.35375977
2013-11-03T17:10:00+00:00,5059,1922.3638916
2013-11-03T17:20:00+00:00,5059,1955.87915039
2013-11-03T17:30:00+00:00,5059,1916.25146484
2013-11-03T17:40:00+00:00,5059,1701.20397949
2013-11-03T17:50:00+00:00,5059,1465.12060547
2013-11-03T18:00:00+00:00,5059,1598.17443848
2013-11-03T18:10:00+00:00,5059,1504.99707031
2013-11-03T18:20:00+00:00,5059,1196.8170166
2013-11-03T18:30:00+00:00,5059,1152.37207031
2013-11-03T18:40:00+00:00,5059,1094.85864258
2013-11-03T18:50:00+00:00,5059,1244.6394043
2013-11-03T19:00:00+00:00,5059,982.176696777
2013-11-03T19:10:00+00:00,5059,832.368286133
2013-11-03T19:20:00+00:00,5059,878.625
2013-11-03T19:30:00+00:00,5059,990.100585938
2013-11-03T19:40:00+00:00,5059,711.354248047
2013-11-03T19:50:00+00:00,5059,716.715332031
2013-11-03T20:00:00+00:00,5059,805.98260498
2013-11-03T20:10:00+00:00,5059,639.961120605
2013-11-03T20:20:00+00:00,5059,745.653625488
2013-11-03T20:30:00+00:00,5059,590.466125488
2013-11-03T20:40:00+00:00,5059,922.197692871
2013-11-03T20:50:00+00:00,5059,617.374084473
2013-11-03T21:00:00+00:00,5059,598.490722656
2013-11-03T21:10:00+00:00,5059,633.491088867
2013-11-03T21:20:00+00:00,5059,792.004699707
2013-11-03T21:30:00+00:00,5059,685.542053223
2013-11-03T21:40:00+00:00,5059,787.70904541
2013-11-03T21:50:00+00:00,5059,540.609558105
2013-11-03T22:00:00+00:00,5059,435.610443115
2013-11-03T22:10:00+00:00,5059,563.366516113
2013-11-03T22:20:00+00:00,5059,733.213806152
2013-11-03T22:30:00+00:00,5059,478.731384277
2013-11-03T22:40:00+00:00,5059,397.207611084
2013-11-03T22:50:00+00:00,5059,445.939331055
2013-11-03T23:00:00+00:00,5059,529.88470459
2013-11-03T23:10:00+00:00,5059,502.547332764
2013-11-03T23:20:00+00:00,5059,325.457458496
2013-11-03T23:30:00+00:00,5059,304.809295654
2013-11-03T23:40:00+00:00,5059,600.975646973
2013-11-03T23:50:00+00:00,5059,303.903045654
2013-11-04T00:00:00+00:00,5059,244.933181763
2013-11-04T00:10:00+00:00,5059,253.170959473
2013-11-04T00:20:00+00:00,5059,262.715820312
2013-11-04T05:20:00+00:00,5059,265.368377686
2013-11-04T05:40:00+00:00,5059,264.677032471
2013-11-04T05:50:00+00:00,5059,301.54006958
2013-11-04T06:00:00+00:00,5059,261.199279785
2013-11-04T06:10:00+00:00,5059,387.282928467
2013-11-04T06:20:00+00:00,5059,339.828125
2013-11-04T06:30:00+00:00,5059,467.79385376
2013-11-04T06:40:00+00:00,5059,456.508758545
2013-11-04T06:50:00+00:00,5059,627.738952637
2013-11-04T07:00:00+00:00,5059,815.096069336
2013-11-04T07:10:00+00:00,5059,1146.70507812
2013-11-04T07:20:00+00:00,5059,1115.5814209
2013-11-04T07:30:00+00:00,5059,1067.44714355
2013-11-04T07:40:00+00:00,5059,1409.65380859
2013-11-04T07:50:00+00:00,5059,1529.96105957
2013-11-04T08:00:00+00:00,5059,1248.90930176
2013-11-04T08:10:00+00:00,5059,1447.34069824
2013-11-04T08:20:00+00:00,5059,1439.39221191
2013-11-04T08:30:00+00:00,5059,1414.23413086
2013-11-04T08:40:00+00:00,5059,1736.37109375
2013-11-04T08:50:00+00:00,5059,1484.25390625
2013-11-04T09:00:00+00:00,5059,1616.72900391
2013-11-04T09:10:00+00:00,5059,1685.7434082
2013-11-04T09:20:00+00:00,5059,1918.29382324
2013-11-04T09:30:00+00:00,5059,1723.30688477
2013-11-04T09:40:00+00:00,5059,1929.67822266
2013-11-04T09:50:00+00:00,5059,1827.1685791
2013-11-04T10:00:00+00:00,5059,2398.22973633
2013-11-04T10:10:00+00:00,5059,2116.76831055
2013-11-04T10:20:00+00:00,5059,2625.30786133
2013-11-04T10:30:00+00:00,5059,2645.72802734
2013-11-04T10:40:00+00:00,5059,2767.17773438
2013-11-04T10:50:00+00:00,5059,2108.92675781
2013-11-04T11:00:00+00:00,5059,2341.83544922
2013-11-04T11:10:00+00:00,5059,2353.81582022
2013-11-04T11:20:00+00:00,5059,2778.19824219
2013-11-04T11:30:00+00:00,5059,2283.93310547
2013-11-04T11:40:00+00:00,5059,2030.13427734
2013-11-04T11:50:00+00:00,5059,2221.52856445
2013-11-04T12:00:00+00:00,5059,2711.03955078
2013-11-04T12:10:00+00:00,5059,2606.38769531
2013-11-04T12:20:00+00:00,5059,3267.19287109
2013-11-04T12:30:00+00:00,5059,2938.42016602
2013-11-04T12:40:00+00:00,5059,3051.8815918
2013-11-04T12:50:00+00:00,5059,2607.26635742
2013-11-04T13:00:00+00:00,5059,2517.09643555
2013-11-04T13:10:00+00:00,5059,2577.94506836
2013-11-04T13:20:00+00:00,5059,2552.8059082
2013-11-04T13:30:00+00:00,5059,2749.27026367
2013-11-04T13:40:00+00:00,5059,2511.10107422
2013-11-04T13:50:00+00:00,5059,2364.38916016
2013-11-04T14:00:00+00:00,5059,2920.29736328
2013-11-04T14:10:00+00:00,5059,2489.95532227
2013-11-04T14:20:00+00:00,5059,2552.13549805
2013-11-04T14:30:00+00:00,5059,2354.26489258
2013-11-04T14:40:00+00:00,5059,2261.24487305
2013-11-04T14:50:00+00:00,5059,2122.55639648
2013-11-04T15:00:00+00:00,5059,2384.28588867
2013-11-04T15:10:00+00:00,5059,2236.37241173
2013-11-04T15:20:00+00:00,5059,2187.26367188
2013-11-04T15:30:00+00:00,5059,2635.47851562
2013-11-04T15:40:00+00:00,5059,2533.1616292
2013-11-04T15:50:00+00:00,5059,3116.92700195
2013-11-04T16:00:00+00:00,5059,2276.14794064
2013-11-04T16:10:00+00:00,5059,2871.23509955
2013-11-04T16:20:00+00:00,5059,2235.90209961
2013-11-04T16:30:00+00:00,5059,2589.90991211
2013-11-04T16:40:00+00:00,5059,2112.72949219
2013-11-04T16:50:00+00:00,5059,2052.46655273
2013-11-04T17:00:00+00:00,5059,2080.58227277
2013-11-04T17:10:00+00:00,5059,1829.52246094
2013-11-04T17:20:00+00:00,5059,1914.44482422
2013-11-04T17:30:00+00:00,5059,1782.1307373
2013-11-04T17:40:00+00:00,5059,2128.26367188
2013-11-04T17:50:00+00:00,5059,2137.75683594
2013-11-04T18:00:00+00:00,5059,2048.90185547
2013-11-04T18:10:00+00:00,5059,2324.6237793
2013-11-04T18:20:00+00:00,5059,1540.03637695
2013-11-04T18:30:00+00:00,5059,1938.46508789
2013-11-04T18:40:00+00:00,5059,1681.27783203
2013-11-04T18:50:00+00:00,5059,1570.66906738
2013-11-04T19:00:00+00:00,5059,1264.89367676
2013-11-04T19:10:00+00:00,5059,1227.95800781
2013-11-04T19:20:00+00:00,5059,1021.1942749
2013-11-04T19:30:00+00:00,5059,1247.46069336
2013-11-04T19:40:00+00:00,5059,1446.43994141
2013-11-04T19:50:00+00:00,5059,984.144592285
2013-11-04T20:00:00+00:00,5059,892.104675293
2013-11-04T20:10:00+00:00,5059,1209.63793945
2013-11-04T20:20:00+00:00,5059,1018.27484131
2013-11-04T20:30:00+00:00,5059,1105.77270508
2013-11-04T20:40:00+00:00,5059,984.867004395
2013-11-04T20:50:00+00:00,5059,1345.7487793
2013-11-04T21:00:00+00:00,5059,783.71472168
2013-11-04T21:10:00+00:00,5059,905.210327148
2013-11-04T21:20:00+00:00,5059,862.192626953
2013-11-04T21:30:00+00:00,5059,845.368713379
2013-11-04T21:40:00+00:00,5059,712.222900391
2013-11-04T21:50:00+00:00,5059,859.546691895
2013-11-04T22:00:00+00:00,5059,711.749023438
2013-11-04T22:10:00+00:00,5059,647.615478516
2013-11-04T22:20:00+00:00,5059,884.068054199
2013-11-04T22:30:00+00:00,5059,989.95489502
2013-11-04T22:40:00+00:00,5059,704.851196289
2013-11-04T22:50:00+00:00,5059,649.147521973
2013-11-04T23:00:00+00:00,5059,680.255004883
2013-11-04T23:10:00+00:00,5059,616.710388184
2013-11-04T23:20:00+00:00,5059,612.463378906
2013-11-04T23:30:00+00:00,5059,474.933166504
2013-11-04T23:40:00+00:00,5059,407.804962158
2013-11-05T00:00:00+00:00,5059,369.901947021
2013-11-05T00:10:00+00:00,5059,348.091033936
2013-11-05T03:00:00+00:00,5059,383.97769165
2013-11-05T03:40:00+00:00,5059,333.709472656
2013-11-05T04:40:00+00:00,5059,373.561248779
2013-11-05T04:50:00+00:00,5059,372.598815918
2013-11-05T05:00:00+00:00,5059,375.635955811
2013-11-05T05:10:00+00:00,5059,378.937103271
2013-11-05T05:20:00+00:00,5059,405.510955811
2013-11-05T05:30:00+00:00,5059,394.543640137
2013-11-05T05:40:00+00:00,5059,452.473968506
2013-11-05T05:50:00+00:00,5059,455.426513672
2013-11-05T06:00:00+00:00,5059,493.752624512
2013-11-05T06:10:00+00:00,5059,478.485687256
2013-11-05T06:20:00+00:00,5059,587.914001465
2013-11-05T06:30:00+00:00,5059,652.040283203
2013-11-05T06:40:00+00:00,5059,718.996459961
2013-11-05T06:50:00+00:00,5059,1062.91210938
2013-11-05T07:00:00+00:00,5059,1100.13586426
2013-11-05T07:10:00+00:00,5059,1177.10095215
2013-11-05T07:20:00+00:00,5059,1456.4510498
2013-11-05T07:30:00+00:00,5059,1313.60900879
2013-11-05T07:40:00+00:00,5059,1551.64624023
2013-11-05T07:50:00+00:00,5059,2100.28222656
2013-11-05T08:00:00+00:00,5059,1879.8572998
2013-11-05T08:10:00+00:00,5059,2098.96606445
2013-11-05T08:20:00+00:00,5059,2115.72680664
2013-11-05T08:30:00+00:00,5059,2268.25219727
2013-11-05T08:40:00+00:00,5059,2231.24462891
2013-11-05T08:50:00+00:00,5059,2348.42285156
2013-11-05T09:00:00+00:00,5059,2120.79003906
2013-11-05T09:10:00+00:00,5059,2296.86425781
2013-11-05T09:20:00+00:00,5059,2843.19775391
2013-11-05T09:30:00+00:00,5059,2313.94311523
2013-11-05T09:40:00+00:00,5059,2607.59667969
2013-11-05T09:50:00+00:00,5059,2939.30395508
2013-11-05T10:00:00+00:00,5059,2571.46728516
2013-11-05T10:10:00+00:00,5059,2411.66845703
2013-11-05T10:20:00+00:00,5059,2344.10107422
2013-11-05T10:30:00+00:00,5059,2809.1887207
2013-11-05T10:40:00+00:00,5059,2724.45458984
2013-11-05T10:50:00+00:00,5059,2923.50512695
2013-11-05T11:00:00+00:00,5059,2783.91723633
2013-11-05T11:10:00+00:00,5059,3394.28417969
2013-11-05T11:20:00+00:00,5059,2591.8293457
2013-11-05T11:30:00+00:00,5059,2721.88720703
2013-11-05T11:40:00+00:00,5059,2888.4543457
2013-11-05T11:50:00+00:00,5059,3197.2643671
2013-11-05T12:00:00+00:00,5059,3234.46191406
2013-11-05T12:10:00+00:00,5059,2899.26879883
2013-11-05T12:20:00+00:00,5059,2746.03686523
2013-11-05T12:30:00+00:00,5059,2820.81787109
2013-11-05T12:40:00+00:00,5059,2952.92555803
2013-11-05T12:50:00+00:00,5059,3414.11889648
2013-11-05T13:00:00+00:00,5059,2688.13476562
2013-11-05T13:10:00+00:00,5059,3014.41342425
2013-11-05T13:20:00+00:00,5059,2745.64755511
2013-11-05T13:30:00+00:00,5059,2937.25351214
2013-11-05T13:40:00+00:00,5059,2944.94238281
2013-11-05T13:50:00+00:00,5059,2608.83300781
2013-11-05T14:00:00+00:00,5059,2763.63574219
2013-11-05T14:10:00+00:00,5059,2659.31054688
2013-11-05T14:20:00+00:00,5059,2427.03564453
2013-11-05T14:30:00+00:00,5059,2398.22119141
2013-11-05T14:40:00+00:00,5059,2531.98754883
2013-11-05T14:50:00+00:00,5059,2387.18237305
2013-11-05T15:00:00+00:00,5059,2638.03198242
2013-11-05T15:10:00+00:00,5059,2822.91961861
2013-11-05T15:20:00+00:00,5059,2244.02709961
2013-11-05T15:30:00+00:00,5059,2458.33203125
2013-11-05T15:40:00+00:00,5059,2179.81665039
2013-11-05T15:50:00+00:00,5059,2411.39051339
2013-11-05T16:00:00+00:00,5059,2268.25146484
2013-11-05T16:10:00+00:00,5059,2380.17773438
2013-11-05T16:20:00+00:00,5059,2309.09716797
2013-11-05T16:30:00+00:00,5059,2329.20288086
2013-11-05T16:40:00+00:00,5059,2398.31005859
2013-11-05T16:50:00+00:00,5059,2254.41845703
2013-11-05T17:00:00+00:00,5059,2738.80688477
2013-11-05T17:10:00+00:00,5059,2220.27777067
2013-11-05T17:20:00+00:00,5059,2275.9362793
2013-11-05T17:30:00+00:00,5059,2197.76977539
2013-11-05T17:40:00+00:00,5059,2591.91357422
2013-11-05T17:50:00+00:00,5059,2253.18408203
2013-11-05T18:00:00+00:00,5059,2066.64160156
2013-11-05T18:10:00+00:00,5059,2182.96020508
2013-11-05T18:20:00+00:00,5059,2078.14306641
2013-11-05T18:30:00+00:00,5059,1727.99279785
2013-11-05T18:40:00+00:00,5059,1485.41809082
2013-11-05T18:50:00+00:00,5059,1733.35664225
2013-11-05T19:00:00+00:00,5059,1428.55517578
2013-11-05T19:10:00+00:00,5059,1494.62194824
2013-11-05T19:20:00+00:00,5059,1785.88317871
2013-11-05T19:30:00+00:00,5059,1368.0853363
2013-11-05T19:40:00+00:00,5059,1027.734375
2013-11-05T19:50:00+00:00,5059,1013.48425293
2013-11-05T20:00:00+00:00,5059,1203.68469238
2013-11-05T20:10:00+00:00,5059,1059.49072266
2013-11-05T20:20:00+00:00,5059,1009.92712402
2013-11-05T20:30:00+00:00,5059,1001.10211182
2013-11-05T20:40:00+00:00,5059,775.326477051
2013-11-05T20:50:00+00:00,5059,791.452636719
2013-11-05T21:00:00+00:00,5059,1000.86804199
2013-11-05T21:10:00+00:00,5059,865.089050293
2013-11-05T21:20:00+00:00,5059,936.978271484
2013-11-05T21:30:00+00:00,5059,876.592834473
2013-11-05T21:40:00+00:00,5059,780.610778809
2013-11-05T21:50:00+00:00,5059,635.273071289
2013-11-05T22:00:00+00:00,5059,618.586975098
2013-11-05T22:10:00+00:00,5059,525.947631836
2013-11-05T22:20:00+00:00,5059,622.127258301
2013-11-05T22:30:00+00:00,5059,560.596496582
2013-11-05T22:40:00+00:00,5059,591.065795898
2013-11-05T22:50:00+00:00,5059,518.743469238
2013-11-05T23:00:00+00:00,5059,542.669372559
2013-11-05T23:10:00+00:00,5059,535.943115234
2013-11-05T23:20:00+00:00,5059,475.314086914
2013-11-05T23:30:00+00:00,5059,403.771087646
2013-11-05T23:40:00+00:00,5059,438.958526611
2013-11-05T23:50:00+00:00,5059,467.112457275
2013-11-06T00:00:00+00:00,5059,381.749359131
2013-11-06T00:20:00+00:00,5059,401.325622559
2013-11-06T00:30:00+00:00,5059,338.278839111
2013-11-06T04:00:00+00:00,5059,413.191314697
2013-11-06T05:10:00+00:00,5059,299.710479736
2013-11-06T05:20:00+00:00,5059,349.477142334
2013-11-06T05:40:00+00:00,5059,327.129821777
2013-11-06T05:50:00+00:00,5059,382.441223145
2013-11-06T06:00:00+00:00,5059,403.608306885
2013-11-06T06:10:00+00:00,5059,395.995239258
2013-11-06T06:20:00+00:00,5059,397.04901123
2013-11-06T06:30:00+00:00,5059,480.158203125
2013-11-06T06:40:00+00:00,5059,485.579772949
2013-11-06T06:50:00+00:00,5059,640.805725098
2013-11-06T07:00:00+00:00,5059,721.691833496
2013-11-06T07:10:00+00:00,5059,884.735351562
2013-11-06T07:20:00+00:00,5059,953.489074707
2013-11-06T07:30:00+00:00,5059,1153.94165039
2013-11-06T07:40:00+00:00,5059,1283.71069336
2013-11-06T07:50:00+00:00,5059,1519.85742188
2013-11-06T08:00:00+00:00,5059,1436.0345459
2013-11-06T08:10:00+00:00,5059,1580.1619873
2013-11-06T08:20:00+00:00,5059,1909.1105957
2013-11-06T08:30:00+00:00,5059,1497.22680664
2013-11-06T08:40:00+00:00,5059,1537.27636719
2013-11-06T08:50:00+00:00,5059,1624.25793457
2013-11-06T09:00:00+00:00,5059,2087.31689453
2013-11-06T09:10:00+00:00,5059,2453.42944336
2013-11-06T09:20:00+00:00,5059,2024.50854492
2013-11-06T09:30:00+00:00,5059,2057.53735352
2013-11-06T09:40:00+00:00,5059,1948.78283691
2013-11-06T09:50:00+00:00,5059,2208.73461914
2013-11-06T10:00:00+00:00,5059,2098.72558594
2013-11-06T10:10:00+00:00,5059,2203.84643555
2013-11-06T10:20:00+00:00,5059,2168.82617188
2013-11-06T10:30:00+00:00,5059,2355.65014648
2013-11-06T10:40:00+00:00,5059,2350.25683594
2013-11-06T10:50:00+00:00,5059,2538.27441406
2013-11-06T11:00:00+00:00,5059,2591.63842773
2013-11-06T11:10:00+00:00,5059,2749.8503418
2013-11-06T11:20:00+00:00,5059,2435.46777344
2013-11-06T11:30:00+00:00,5059,2300.39404297
2013-11-06T11:40:00+00:00,5059,2743.59277081
2013-11-06T11:50:00+00:00,5059,2477.28759766
2013-11-06T12:00:00+00:00,5059,2509.74267578
2013-11-06T12:10:00+00:00,5059,2743.64404297
2013-11-06T12:20:00+00:00,5059,2944.23803711
2013-11-06T12:30:00+00:00,5059,2760.75467682
2013-11-06T12:40:00+00:00,5059,2912.92333984
2013-11-06T12:50:00+00:00,5059,3015.93652344
2013-11-06T13:00:00+00:00,5059,2915.56784785
2013-11-06T13:10:00+00:00,5059,3514.13891339
2013-11-06T13:20:00+00:00,5059,3329.08007812
2013-11-06T13:30:00+00:00,5059,2798.55688477
2013-11-06T13:40:00+00:00,5059,3135.12670898
2013-11-06T13:50:00+00:00,5059,3186.84985352
2013-11-06T14:00:00+00:00,5059,2993.1652832
2013-11-06T14:10:00+00:00,5059,2587.07055664
2013-11-06T14:20:00+00:00,5059,2794.42431641
2013-11-06T14:30:00+00:00,5059,2680.91748047
2013-11-06T14:40:00+00:00,5059,2945.58705258
2013-11-06T14:50:00+00:00,5059,2744.24584961
2013-11-06T15:00:00+00:00,5059,2255.22680664
2013-11-06T15:10:00+00:00,5059,2520.28613281
2013-11-06T15:20:00+00:00,5059,2431.65880513
2013-11-06T15:30:00+00:00,5059,2430.04541016
2013-11-06T15:40:00+00:00,5059,2502.19213867
2013-11-06T15:50:00+00:00,5059,2527.39428711
2013-11-06T16:00:00+00:00,5059,2804.58837891
2013-11-06T16:10:00+00:00,5059,2454.04516602
2013-11-06T16:20:00+00:00,5059,2603.00488281
2013-11-06T16:30:00+00:00,5059,3218.03662109
2013-11-06T16:40:00+00:00,5059,2699.95776367
2013-11-06T16:50:00+00:00,5059,2342.62133789
2013-11-06T17:00:00+00:00,5059,2590.37573242
2013-11-06T17:10:00+00:00,5059,2317.79589844
2013-11-06T17:20:00+00:00,5059,2708.44897461
2013-11-06T17:30:00+00:00,5059,2876.57983398
2013-11-06T17:40:00+00:00,5059,2174.28076172
2013-11-06T17:50:00+00:00,5059,1998.99853516
2013-11-06T18:00:00+00:00,5059,1899.3651123
2013-11-06T18:10:00+00:00,5059,1898.86450195
2013-11-06T18:20:00+00:00,5059,1912.35107422
2013-11-06T18:30:00+00:00,5059,1970.66478658
2013-11-06T18:40:00+00:00,5059,1549.0068922
2013-11-06T18:50:00+00:00,5059,1650.71972656
2013-11-06T19:00:00+00:00,5059,1370.65393066
2013-11-06T19:10:00+00:00,5059,1416.98876953
2013-11-06T19:20:00+00:00,5059,1129.72741699
2013-11-06T19:30:00+00:00,5059,1102.97619629
2013-11-06T19:40:00+00:00,5059,1152.5057373
2013-11-06T19:50:00+00:00,5059,891.43939209
2013-11-06T20:00:00+00:00,5059,1118.90185547
2013-11-06T20:10:00+00:00,5059,1586.10083008
2013-11-06T20:20:00+00:00,5059,1244.8145752
2013-11-06T20:30:00+00:00,5059,1350.58972168
2013-11-06T20:40:00+00:00,5059,1026.97302246
2013-11-06T20:50:00+00:00,5059,1037.22167969
2013-11-06T21:00:00+00:00,5059,1122.63574219
2013-11-06T21:10:00+00:00,5059,1311.52185059
2013-11-06T21:20:00+00:00,5059,1189.05236816
2013-11-06T21:30:00+00:00,5059,1436.14221191
2013-11-06T21:40:00+00:00,5059,933.331481934
2013-11-06T21:50:00+00:00,5059,925.768493652
2013-11-06T22:00:00+00:00,5059,780.112976074
2013-11-06T22:10:00+00:00,5059,701.431274414
2013-11-06T22:20:00+00:00,5059,589.062866211
2013-11-06T22:30:00+00:00,5059,614.82220459
2013-11-06T22:40:00+00:00,5059,590.650268555
2013-11-06T22:50:00+00:00,5059,519.562805176
2013-11-06T23:00:00+00:00,5059,551.785522461
2013-11-06T23:10:00+00:00,5059,755.583190918
2013-11-06T23:30:00+00:00,5059,534.876831055
2013-11-06T23:50:00+00:00,5059,385.211608887
2013-11-07T00:10:00+00:00,5059,349.990631104
2013-11-07T00:20:00+00:00,5059,365.293548584
2013-11-07T01:20:00+00:00,5059,360.990325928
2013-11-07T03:10:00+00:00,5059,313.845001221
2013-11-07T04:30:00+00:00,5059,348.821258545
2013-11-07T04:40:00+00:00,5059,341.579193115
2013-11-07T05:30:00+00:00,5059,353.377044678
2013-11-07T05:40:00+00:00,5059,376.994781494
2013-11-07T05:50:00+00:00,5059,386.770507812
2013-11-07T06:00:00+00:00,5059,442.889831543
2013-11-07T06:10:00+00:00,5059,459.306121826
2013-11-07T06:20:00+00:00,5059,450.12121582
2013-11-07T06:30:00+00:00,5059,547.820678711
2013-11-07T06:40:00+00:00,5059,653.301574707
2013-11-07T06:50:00+00:00,5059,710.007873535
2013-11-07T07:00:00+00:00,5059,892.296081543
2013-11-07T07:10:00+00:00,5059,926.296142578
2013-11-07T07:20:00+00:00,5059,1162.94665527
2013-11-07T07:30:00+00:00,5059,1096.796875
2013-11-07T07:40:00+00:00,5059,1422.52539062
2013-11-07T07:50:00+00:00,5059,1580.25622559
2013-11-07T08:00:00+00:00,5059,1496.63244629
2013-11-07T08:10:00+00:00,5059,1899.16711426
2013-11-07T08:20:00+00:00,5059,1629.02124023
2013-11-07T08:30:00+00:00,5059,1554.19812012
2013-11-07T08:40:00+00:00,5059,1753.85876465
2013-11-07T08:50:00+00:00,5059,1949.16845703
2013-11-07T09:00:00+00:00,5059,2181.19189453
2013-11-07T09:10:00+00:00,5059,2086.01586914
2013-11-07T09:20:00+00:00,5059,2261.60888672
2013-11-07T09:30:00+00:00,5059,2210.22729492
2013-11-07T09:40:00+00:00,5059,2213.79345703
2013-11-07T09:50:00+00:00,5059,2495.2199707
2013-11-07T10:00:00+00:00,5059,2234.12744141
2013-11-07T10:10:00+00:00,5059,2434.10473633
2013-11-07T10:20:00+00:00,5059,2895.54003906
2013-11-07T10:30:00+00:00,5059,2002.92967081
2013-11-07T10:40:00+00:00,5059,2208.84765625
2013-11-07T10:50:00+00:00,5059,2328.0078125
2013-11-07T11:00:00+00:00,5059,2293.2746582
2013-11-07T11:10:00+00:00,5059,2503.18994141
2013-11-07T11:20:00+00:00,5059,2924.33984375
2013-11-07T11:30:00+00:00,5059,2599.95825195
2013-11-07T11:40:00+00:00,5059,2580.29101562
2013-11-07T11:50:00+00:00,5059,2715.31811523
2013-11-07T12:00:00+00:00,5059,2728.17285156
2013-11-07T12:10:00+00:00,5059,3154.99121094
2013-11-07T12:20:00+00:00,5059,3681.29736328
2013-11-07T12:30:00+00:00,5059,2819.44799805
2013-11-07T12:40:00+00:00,5059,2911.57226562
2013-11-07T12:50:00+00:00,5059,2776.89599609
2013-11-07T13:00:00+00:00,5059,2835.93408203
2013-11-07T13:10:00+00:00,5059,2832.8371582
2013-11-07T13:20:00+00:00,5059,3508.2956543
2013-11-07T13:30:00+00:00,5059,3209.08276367
2013-11-07T13:40:00+00:00,5059,3290.58691406
2013-11-07T13:50:00+00:00,5059,3176.23120117
2013-11-07T14:00:00+00:00,5059,2971.44702148
2013-11-07T14:10:00+00:00,5059,2635.73730469
2013-11-07T14:20:00+00:00,5059,2879.62080565
2013-11-07T14:30:00+00:00,5059,2578.99682617
2013-11-07T14:40:00+00:00,5059,2440.63500977
2013-11-07T14:50:00+00:00,5059,3040.40771484
2013-11-07T15:00:00+00:00,5059,2498.36230469
2013-11-07T15:10:00+00:00,5059,2231.0324707
2013-11-07T15:20:00+00:00,5059,2407.45166016
2013-11-07T15:30:00+00:00,5059,2653.46508789
2013-11-07T15:40:00+00:00,5059,2586.48730469
2013-11-07T15:50:00+00:00,5059,2788.7668457
2013-11-07T16:00:00+00:00,5059,3173.21020508
2013-11-07T16:10:00+00:00,5059,2657.42822003
2013-11-07T16:20:00+00:00,5059,3021.77832031
2013-11-07T16:30:00+00:00,5059,2175.2409668
2013-11-07T16:40:00+00:00,5059,2132.29931641
2013-11-07T16:50:00+00:00,5059,2290.40649414
2013-11-07T17:00:00+00:00,5059,2318.30053711
2013-11-07T17:10:00+00:00,5059,2544.28466797
2013-11-07T17:20:00+00:00,5059,1944.39404297
2013-11-07T17:30:00+00:00,5059,1808.29760742
2013-11-07T17:40:00+00:00,5059,2011.05725098
2013-11-07T17:50:00+00:00,5059,2034.81762695
2013-11-07T18:00:00+00:00,5059,2124.47143555
2013-11-07T18:10:00+00:00,5059,1949.8046875
2013-11-07T18:20:00+00:00,5059,2622.87036133
2013-11-07T18:30:00+00:00,5059,1731.24658203
2013-11-07T18:40:00+00:00,5059,1756.70837402
2013-11-07T18:50:00+00:00,5059,1556.32995605
2013-11-07T19:00:00+00:00,5059,1309.53466797
2013-11-07T19:10:00+00:00,5059,1272.70192075
2013-11-07T19:20:00+00:00,5059,1256.86816406
2013-11-07T19:30:00+00:00,5059,1438.04772949
2013-11-07T19:40:00+00:00,5059,1245.8527832
2013-11-07T19:50:00+00:00,5059,1394.50085449
2013-11-07T20:00:00+00:00,5059,1290.15991211
2013-11-07T20:10:00+00:00,5059,993.674499512
2013-11-07T20:20:00+00:00,5059,1033.51318359
2013-11-07T20:30:00+00:00,5059,1091.59484863
2013-11-07T20:40:00+00:00,5059,964.053283691
2013-11-07T20:50:00+00:00,5059,1178.28417969
2013-11-07T21:00:00+00:00,5059,790.816955566
2013-11-07T21:10:00+00:00,5059,860.859802246
2013-11-07T21:20:00+00:00,5059,813.748168945
2013-11-07T21:30:00+00:00,5059,816.26751709
2013-11-07T21:40:00+00:00,5059,1524.9609375
2013-11-07T21:50:00+00:00,5059,742.45703125
2013-11-07T22:00:00+00:00,5059,854.190368652
2013-11-07T22:10:00+00:00,5059,668.66619873
2013-11-07T22:20:00+00:00,5059,912.357177734
2013-11-07T22:30:00+00:00,5059,835.114013672
2013-11-07T22:40:00+00:00,5059,743.74609375
2013-11-07T22:50:00+00:00,5059,715.691650391
2013-11-07T23:00:00+00:00,5059,779.28503418
2013-11-07T23:10:00+00:00,5059,526.521911621
2013-11-07T23:30:00+00:00,5059,652.301147461
2013-11-07T23:40:00+00:00,5059,442.017822266
2013-11-07T23:50:00+00:00,5059,434.004760742
2013-11-08T00:00:00+00:00,5059,430.913452148
2013-11-08T00:10:00+00:00,5059,403.82699585
2013-11-08T00:20:00+00:00,5059,415.180999756
2013-11-08T00:30:00+00:00,5059,401.614562988
2013-11-08T04:10:00+00:00,5059,338.704223633
2013-11-08T05:20:00+00:00,5059,370.369812012
2013-11-08T05:30:00+00:00,5059,337.156219482
2013-11-08T05:40:00+00:00,5059,393.779602051
2013-11-08T05:50:00+00:00,5059,460.395782471
2013-11-08T06:00:00+00:00,5059,443.011688232
2013-11-08T06:10:00+00:00,5059,449.361236572
2013-11-08T06:20:00+00:00,5059,569.785705566
2013-11-08T06:30:00+00:00,5059,492.048858643
2013-11-08T06:40:00+00:00,5059,918.913879395
2013-11-08T06:50:00+00:00,5059,1050.29760742
2013-11-08T07:00:00+00:00,5059,721.762939453
2013-11-08T07:10:00+00:00,5059,1221.67236328
2013-11-08T07:20:00+00:00,5059,1167.50219727
2013-11-08T07:30:00+00:00,5059,1046.80700684
2013-11-08T07:40:00+00:00,5059,1485.91739941
2013-11-08T07:50:00+00:00,5059,1914.4675293
2013-11-08T08:00:00+00:00,5059,1429.35229492
2013-11-08T08:10:00+00:00,5059,1555.96081543
2013-11-08T08:20:00+00:00,5059,1638.84472656
2013-11-08T08:30:00+00:00,5059,1620.54296875
2013-11-08T08:40:00+00:00,5059,1845.40917969
2013-11-08T08:50:00+00:00,5059,1748.54846191
2013-11-08T09:00:00+00:00,5059,1879.38183594
2013-11-08T09:10:00+00:00,5059,1991.36627165
2013-11-08T09:20:00+00:00,5059,1908.32678158
2013-11-08T09:30:00+00:00,5059,2031.858153
2013-11-08T09:40:00+00:00,5059,2086.52514648
2013-11-08T09:50:00+00:00,5059,2179.60302734
2013-11-08T10:00:00+00:00,5059,2176.35498047
2013-11-08T10:10:00+00:00,5059,2090.5859375
2013-11-08T10:20:00+00:00,5059,2379.08690882
2013-11-08T10:30:00+00:00,5059,2250.05217338
2013-11-08T10:40:00+00:00,5059,2186.27172852
2013-11-08T10:50:00+00:00,5059,2507.28222656
2013-11-08T11:00:00+00:00,5059,2527.70013684
2013-11-08T11:10:00+00:00,5059,2496.12011719
2013-11-08T11:20:00+00:00,5059,2493.93204403
2013-11-08T11:30:00+00:00,5059,2590.44067383
2013-11-08T11:40:00+00:00,5059,2522.67553711
2013-11-08T11:50:00+00:00,5059,2462.68457031
2013-11-08T12:00:00+00:00,5059,2633.36010742
2013-11-08T12:10:00+00:00,5059,2952.14868164
2013-11-08T12:20:00+00:00,5059,2698.35400391
2013-11-08T12:30:00+00:00,5059,3023.21923828
2013-11-08T12:40:00+00:00,5059,3111.98388672
2013-11-08T12:50:00+00:00,5059,2848.88049221
2013-11-08T13:00:00+00:00,5059,3467.63536501
2013-11-08T13:10:00+00:00,5059,2727.74975586
2013-11-08T13:20:00+00:00,5059,2914.51831865
2013-11-08T13:30:00+00:00,5059,2721.61352539
2013-11-08T13:40:00+00:00,5059,2502.85644531
2013-11-08T13:50:00+00:00,5059,2603.67993164
2013-11-08T14:00:00+00:00,5059,2728.74921177
2013-11-08T14:10:00+00:00,5059,2715.40722656
2013-11-08T14:20:00+00:00,5059,2440.51000977
2013-11-08T14:30:00+00:00,5059,2885.02880859
2013-11-08T14:40:00+00:00,5059,2390.26074219
2013-11-08T14:50:00+00:00,5059,2359.14672852
2013-11-08T15:00:00+00:00,5059,2464.52050781
2013-11-08T15:10:00+00:00,5059,2911.94580078
2013-11-08T15:20:00+00:00,5059,2297.60327148
2013-11-08T15:30:00+00:00,5059,2236.15136719
2013-11-08T15:40:00+00:00,5059,2208.26025701
2013-11-08T15:50:00+00:00,5059,2246.95825195
2013-11-08T16:00:00+00:00,5059,2362.77294922
2013-11-08T16:10:00+00:00,5059,2739.33032227
2013-11-08T16:20:00+00:00,5059,2270.98966789
2013-11-08T16:30:00+00:00,5059,2835.43457031
2013-11-08T16:40:00+00:00,5059,2979.42016602
2013-11-08T16:50:00+00:00,5059,3099.72603583
2013-11-08T17:00:00+00:00,5059,2019.94311523
2013-11-08T17:10:00+00:00,5059,2489.29223633
2013-11-08T17:20:00+00:00,5059,1892.07897949
2013-11-08T17:30:00+00:00,5059,1867.38867188
2013-11-08T17:40:00+00:00,5059,2584.69091797
2013-11-08T17:50:00+00:00,5059,2222.90136719
2013-11-08T18:00:00+00:00,5059,1687.44775391
2013-11-08T18:10:00+00:00,5059,2444.38183594
2013-11-08T18:20:00+00:00,5059,1934.58178711
2013-11-08T18:30:00+00:00,5059,1598.21289062
2013-11-08T18:40:00+00:00,5059,1433.76306152
2013-11-08T18:50:00+00:00,5059,1413.54772949
2013-11-08T19:00:00+00:00,5059,1518.53724059
2013-11-08T19:10:00+00:00,5059,1072.45397949
2013-11-08T19:20:00+00:00,5059,1293.66113281
2013-11-08T19:30:00+00:00,5059,1323.24401855
2013-11-08T19:40:00+00:00,5059,1892.2310791
2013-11-08T19:50:00+00:00,5059,953.783996582
2013-11-08T20:00:00+00:00,5059,932.596191406
2013-11-08T20:10:00+00:00,5059,862.58782959
2013-11-08T20:20:00+00:00,5059,774.43572998
2013-11-08T20:30:00+00:00,5059,776.725830078
2013-11-08T20:40:00+00:00,5059,920.329528809
2013-11-08T20:50:00+00:00,5059,732.517028809
2013-11-08T21:00:00+00:00,5059,753.151123047
2013-11-08T21:10:00+00:00,5059,852.635742188
2013-11-08T21:20:00+00:00,5059,1420.59741211
2013-11-08T21:30:00+00:00,5059,771.51348877
2013-11-08T21:40:00+00:00,5059,763.680053711
2013-11-08T21:50:00+00:00,5059,824.098388672
2013-11-08T22:00:00+00:00,5059,769.418701172
2013-11-08T22:10:00+00:00,5059,797.855834961
2013-11-08T22:20:00+00:00,5059,724.882507324
2013-11-08T22:30:00+00:00,5059,841.918273926
2013-11-08T22:40:00+00:00,5059,540.33807373
2013-11-08T22:50:00+00:00,5059,471.340118408
2013-11-08T23:00:00+00:00,5059,464.812927246
2013-11-08T23:10:00+00:00,5059,681.725036621
2013-11-08T23:20:00+00:00,5059,500.105285645
2013-11-08T23:30:00+00:00,5059,459.132751465
2013-11-08T23:40:00+00:00,5059,497.060089111
2013-11-08T23:50:00+00:00,5059,407.718322754
2013-11-09T00:00:00+00:00,5059,345.088012695
2013-11-09T00:10:00+00:00,5059,333.318847656
2013-11-09T00:20:00+00:00,5059,355.812774658
2013-11-09T00:50:00+00:00,5059,359.617034912
2013-11-09T01:00:00+00:00,5059,304.593444824
2013-11-09T03:10:00+00:00,5059,320.569549561
2013-11-09T03:20:00+00:00,5059,307.511077881
2013-11-09T03:40:00+00:00,5059,318.945953369
2013-11-09T04:10:00+00:00,5059,310.111297607
2013-11-09T05:50:00+00:00,5059,278.184112549
2013-11-09T06:00:00+00:00,5059,340.23538208
2013-11-09T06:20:00+00:00,5059,379.535186768
2013-11-09T06:30:00+00:00,5059,378.020690918
2013-11-09T06:40:00+00:00,5059,454.226654053
2013-11-09T06:50:00+00:00,5059,412.020263672
2013-11-09T07:00:00+00:00,5059,399.706542969
2013-11-09T07:10:00+00:00,5059,477.56161499
2013-11-09T07:20:00+00:00,5059,418.107940674
2013-11-09T07:30:00+00:00,5059,562.930664062
2013-11-09T07:40:00+00:00,5059,634.87487793
2013-11-09T07:50:00+00:00,5059,798.55859375
2013-11-09T08:00:00+00:00,5059,562.392333984
2013-11-09T08:10:00+00:00,5059,938.853393555
2013-11-09T08:20:00+00:00,5059,1129.00732422
2013-11-09T08:30:00+00:00,5059,884.523925781
2013-11-09T08:40:00+00:00,5059,731.159851074
2013-11-09T08:50:00+00:00,5059,946.482971191
2013-11-09T09:00:00+00:00,5059,857.311340332
2013-11-09T09:10:00+00:00,5059,881.515014648
2013-11-09T09:20:00+00:00,5059,1101.93334961
2013-11-09T09:30:00+00:00,5059,1603.71679688
2013-11-09T09:40:00+00:00,5059,971.467956543
2013-11-09T09:50:00+00:00,5059,1241.68603516
2013-11-09T10:00:00+00:00,5059,1150.87658691
2013-11-09T10:10:00+00:00,5059,1179.66125488
2013-11-09T10:20:00+00:00,5059,1450.48364258
2013-11-09T10:30:00+00:00,5059,1421.80493164
2013-11-09T10:40:00+00:00,5059,1906.94567037
2013-11-09T10:50:00+00:00,5059,1450.31845665
2013-11-09T11:00:00+00:00,5059,1600.27941895
2013-11-09T11:10:00+00:00,5059,1814.35949707
2013-11-09T11:20:00+00:00,5059,1650.85571289
2013-11-09T11:30:00+00:00,5059,1958.33190918
2013-11-09T11:40:00+00:00,5059,1845.25964355
2013-11-09T11:50:00+00:00,5059,1732.33679199
2013-11-09T12:00:00+00:00,5059,2197.90978169
2013-11-09T12:10:00+00:00,5059,2509.39141083
2013-11-09T12:20:00+00:00,5059,2215.83276367
2013-11-09T12:30:00+00:00,5059,2132.00756836
2013-11-09T12:40:00+00:00,5059,2381.71728516
2013-11-09T12:50:00+00:00,5059,2097.50244141
2013-11-09T13:00:00+00:00,5059,2529.70678711
2013-11-09T13:10:00+00:00,5059,2176.78100586
2013-11-09T13:20:00+00:00,5059,2048.81811523
2013-11-09T13:30:00+00:00,5059,1969.58737946
2013-11-09T13:40:00+00:00,5059,2093.76074219
2013-11-09T13:50:00+00:00,5059,2475.57104492
2013-11-09T14:00:00+00:00,5059,2298.0546875
2013-11-09T14:10:00+00:00,5059,2262.44799805
2013-11-09T14:20:00+00:00,5059,2434.52685547
2013-11-09T14:30:00+00:00,5059,2353.9763298
2013-11-09T14:40:00+00:00,5059,2384.35104752
2013-11-09T14:50:00+00:00,5059,2104.13452148
2013-11-09T15:00:00+00:00,5059,2549.42236328
2013-11-09T15:10:00+00:00,5059,2458.15234375
2013-11-09T15:20:00+00:00,5059,2245.7287674
2013-11-09T15:30:00+00:00,5059,2708.49536133
2013-11-09T15:40:00+00:00,5059,2999.38111496
2013-11-09T15:50:00+00:00,5059,2876.00795937
2013-11-09T16:00:00+00:00,5059,2624.58178711
2013-11-09T16:10:00+00:00,5059,2421.82220982
2013-11-09T16:20:00+00:00,5059,2301.24633789
2013-11-09T16:30:00+00:00,5059,2114.74829102
2013-11-09T16:40:00+00:00,5059,2339.51281929
2013-11-09T16:50:00+00:00,5059,2597.03076172
2013-11-09T17:00:00+00:00,5059,2140.97070312
2013-11-09T17:10:00+00:00,5059,2637.39526367
2013-11-09T17:20:00+00:00,5059,2503.40785456
2013-11-09T17:30:00+00:00,5059,2434.33227539
2013-11-09T17:40:00+00:00,5059,2237.82958984
2013-11-09T17:50:00+00:00,5059,2135.33822823
2013-11-09T18:00:00+00:00,5059,2486.55151367
2013-11-09T18:10:00+00:00,5059,2122.60515022
2013-11-09T18:20:00+00:00,5059,2677.77270508
2013-11-09T18:30:00+00:00,5059,2301.43554688
2013-11-09T18:40:00+00:00,5059,1914.89648438
2013-11-09T18:50:00+00:00,5059,1744.52697754
2013-11-09T19:00:00+00:00,5059,2366.95996094
2013-11-09T19:10:00+00:00,5059,1966.05786133
2013-11-09T19:20:00+00:00,5059,1732.07287598
2013-11-09T19:30:00+00:00,5059,1793.18896484
2013-11-09T19:40:00+00:00,5059,1646.54321289
2013-11-09T19:50:00+00:00,5059,1979.41394043
2013-11-09T20:00:00+00:00,5059,2303.85864258
2013-11-09T20:10:00+00:00,5059,1386.32067871
2013-11-09T20:20:00+00:00,5059,1165.12145996
2013-11-09T20:30:00+00:00,5059,1041.77770996
2013-11-09T20:40:00+00:00,5059,1330.31774902
2013-11-09T20:50:00+00:00,5059,1081.45263672
2013-11-09T21:00:00+00:00,5059,1105.99499512
2013-11-09T21:10:00+00:00,5059,1269.67041016
2013-11-09T21:20:00+00:00,5059,1270.03186035
2013-11-09T21:30:00+00:00,5059,1160.80383301
2013-11-09T21:40:00+00:00,5059,870.152893066
2013-11-09T21:50:00+00:00,5059,712.982910156
2013-11-09T22:00:00+00:00,5059,1354.20593262
2013-11-09T22:10:00+00:00,5059,830.593322754
2013-11-09T22:20:00+00:00,5059,972.252441406
2013-11-09T22:30:00+00:00,5059,915.527648926
2013-11-09T22:40:00+00:00,5059,754.546203613
2013-11-09T22:50:00+00:00,5059,900.486633301
2013-11-09T23:00:00+00:00,5059,835.886413574
2013-11-09T23:10:00+00:00,5059,742.523803711
2013-11-09T23:20:00+00:00,5059,563.441345215
2013-11-09T23:30:00+00:00,5059,737.427856445
2013-11-09T23:40:00+00:00,5059,659.616455078
2013-11-09T23:50:00+00:00,5059,567.950256348
2013-11-10T00:00:00+00:00,5059,537.434326172
2013-11-10T00:10:00+00:00,5059,497.037811279
2013-11-10T00:20:00+00:00,5059,441.532714844
2013-11-10T00:30:00+00:00,5059,357.240570068
2013-11-10T00:40:00+00:00,5059,331.760925293
2013-11-10T00:50:00+00:00,5059,365.028442383
2013-11-10T01:00:00+00:00,5059,341.826080322
2013-11-10T01:10:00+00:00,5059,300.175384521
2013-11-10T01:50:00+00:00,5059,342.066680908
2013-11-10T02:00:00+00:00,5059,265.926452637
2013-11-10T02:50:00+00:00,5059,272.255554199
2013-11-10T03:10:00+00:00,5059,234.658782959
2013-11-10T05:50:00+00:00,5059,297.840423584
2013-11-10T06:10:00+00:00,5059,428.275146484
2013-11-10T06:20:00+00:00,5059,305.537658691
2013-11-10T06:50:00+00:00,5059,357.453338623
2013-11-10T07:00:00+00:00,5059,330.828308105
2013-11-10T07:10:00+00:00,5059,324.945861816
2013-11-10T07:20:00+00:00,5059,308.847503662
2013-11-10T07:30:00+00:00,5059,378.968658447
2013-11-10T07:40:00+00:00,5059,333.202301025
2013-11-10T07:50:00+00:00,5059,339.046020508
2013-11-10T08:00:00+00:00,5059,335.707427979
2013-11-10T08:10:00+00:00,5059,366.989074707
2013-11-10T08:20:00+00:00,5059,363.814910889
2013-11-10T08:30:00+00:00,5059,463.156524658
2013-11-10T08:40:00+00:00,5059,448.147094727
2013-11-10T08:50:00+00:00,5059,545.533081055
2013-11-10T09:00:00+00:00,5059,495.519836426
2013-11-10T09:10:00+00:00,5059,582.032348633
2013-11-10T09:20:00+00:00,5059,698.891723633
2013-11-10T09:30:00+00:00,5059,836.702758789
2013-11-10T09:40:00+00:00,5059,672.460510254
2013-11-10T09:50:00+00:00,5059,784.502075195
2013-11-10T10:00:00+00:00,5059,1081.36376953
2013-11-10T10:10:00+00:00,5059,929.092041016
2013-11-10T10:20:00+00:00,5059,1163.91064453
2013-11-10T10:30:00+00:00,5059,1170.86157227
2013-11-10T10:40:00+00:00,5059,1406.6940918
2013-11-10T10:50:00+00:00,5059,1351.22033691
2013-11-10T11:00:00+00:00,5059,1316.53347111
2013-11-10T11:10:00+00:00,5059,1197.33081055
2013-11-10T11:20:00+00:00,5059,1343.13671875
2013-11-10T11:30:00+00:00,5059,1542.61108398
2013-11-10T11:40:00+00:00,5059,1583.84680176
2013-11-10T11:50:00+00:00,5059,2127.38378906
2013-11-10T12:00:00+00:00,5059,1863.0723877
2013-11-10T12:10:00+00:00,5059,1643.23181152
2013-11-10T12:20:00+00:00,5059,1761.5874567
2013-11-10T12:30:00+00:00,5059,1587.90039062
2013-11-10T12:40:00+00:00,5059,1790.86003828
2013-11-10T12:50:00+00:00,5059,2108.12402558
2013-11-10T13:00:00+00:00,5059,1631.1496582
2013-11-10T13:10:00+00:00,5059,1891.61462402
2013-11-10T13:20:00+00:00,5059,2625.60864258
2013-11-10T13:30:00+00:00,5059,1877.9954834
2013-11-10T13:40:00+00:00,5059,1838.73034668
2013-11-10T13:50:00+00:00,5059,2130.83813477
2013-11-10T14:00:00+00:00,5059,1934.8828125
2013-11-10T14:10:00+00:00,5059,2312.32080078
2013-11-10T14:20:00+00:00,5059,2211.7962563
2013-11-10T14:30:00+00:00,5059,2050.55908203
2013-11-10T14:40:00+00:00,5059,1772.17810059
2013-11-10T14:50:00+00:00,5059,1912.24853516
2013-11-10T15:00:00+00:00,5059,2458.18847656
2013-11-10T15:10:00+00:00,5059,2442.13085938
2013-11-10T15:20:00+00:00,5059,2121.96484375
2013-11-10T15:30:00+00:00,5059,2366.20751953
2013-11-10T15:40:00+00:00,5059,2200.06495583
2013-11-10T15:50:00+00:00,5059,2721.93212891
2013-11-10T16:00:00+00:00,5059,2178.18041992
2013-11-10T16:10:00+00:00,5059,2192.6940918
2013-11-10T16:20:00+00:00,5059,2208.13745117
2013-11-10T16:30:00+00:00,5059,1906.45153809
2013-11-10T16:40:00+00:00,5059,2256.41748047
2013-11-10T16:50:00+00:00,5059,2309.46582031
2013-11-10T17:00:00+00:00,5059,2315.0949707
2013-11-10T17:10:00+00:00,5059,2154.17016602
2013-11-10T17:20:00+00:00,5059,1991.39044712
2013-11-10T17:30:00+00:00,5059,2010.11535645
2013-11-10T17:40:00+00:00,5059,1901.85314941
2013-11-10T17:50:00+00:00,5059,1826.22705078
2013-11-10T18:00:00+00:00,5059,1671.65014648
2013-11-10T18:10:00+00:00,5059,1899.40393066
2013-11-10T18:20:00+00:00,5059,1802.20385742
2013-11-10T18:30:00+00:00,5059,1586.62792969
2013-11-10T18:40:00+00:00,5059,1175.59960938
2013-11-10T18:50:00+00:00,5059,1230.51391602
2013-11-10T19:00:00+00:00,5059,1669.69433594
2013-11-10T19:10:00+00:00,5059,2306.19677734
2013-11-10T19:20:00+00:00,5059,1269.45117188
2013-11-10T19:30:00+00:00,5059,901.438781738
2013-11-10T19:40:00+00:00,5059,797.024353027
2013-11-10T19:50:00+00:00,5059,853.233703613
2013-11-10T20:00:00+00:00,5059,853.339233398
2013-11-10T20:10:00+00:00,5059,728.933959961
2013-11-10T20:20:00+00:00,5059,733.379943848
2013-11-10T20:30:00+00:00,5059,735.306945801
2013-11-10T20:40:00+00:00,5059,716.910766602
2013-11-10T20:50:00+00:00,5059,712.385192871
2013-11-10T21:00:00+00:00,5059,681.630249023
2013-11-10T21:10:00+00:00,5059,518.584960938
2013-11-10T21:20:00+00:00,5059,515.558776855
2013-11-10T21:30:00+00:00,5059,599.731689453
2013-11-10T21:40:00+00:00,5059,593.107849121
2013-11-10T21:50:00+00:00,5059,477.257293701
2013-11-10T22:00:00+00:00,5059,453.754119873
2013-11-10T22:10:00+00:00,5059,489.459838867
2013-11-10T22:20:00+00:00,5059,459.103881836
2013-11-10T22:30:00+00:00,5059,487.794525146
2013-11-10T22:40:00+00:00,5059,528.373168945
2013-11-10T22:50:00+00:00,5059,399.943725586
2013-11-10T23:00:00+00:00,5059,453.602966309
2013-11-10T23:10:00+00:00,5059,389.159942627
2013-11-10T23:30:00+00:00,5059,372.784057617
2013-11-10T23:40:00+00:00,5059,523.718688965
2013-11-10T23:50:00+00:00,5059,341.557250977
2013-11-11T00:10:00+00:00,5059,297.35369873
2013-11-11T00:40:00+00:00,5059,312.30859375
2013-11-11T02:00:00+00:00,5059,260.361755371
2013-11-11T04:50:00+00:00,5059,280.997131348
2013-11-11T05:10:00+00:00,5059,315.525665283
2013-11-11T05:30:00+00:00,5059,303.887908936
2013-11-11T05:40:00+00:00,5059,331.963592529
2013-11-11T05:50:00+00:00,5059,382.650634766
2013-11-11T06:00:00+00:00,5059,355.506591797
2013-11-11T06:10:00+00:00,5059,379.26763916
2013-11-11T06:20:00+00:00,5059,436.02142334
2013-11-11T06:30:00+00:00,5059,530.320983887
2013-11-11T06:40:00+00:00,5059,681.415344238
2013-11-11T06:50:00+00:00,5059,624.577209473
2013-11-11T07:00:00+00:00,5059,735.731872559
2013-11-11T07:10:00+00:00,5059,1162.86608887
2013-11-11T07:20:00+00:00,5059,1164.34411621
2013-11-11T07:30:00+00:00,5059,1099.51342773
2013-11-11T07:40:00+00:00,5059,1423.3326416
2013-11-11T07:50:00+00:00,5059,1533.44494629
2013-11-11T08:00:00+00:00,5059,1431.99658203
2013-11-11T08:10:00+00:00,5059,1555.24182129
2013-11-11T08:20:00+00:00,5059,1783.2557373
2013-11-11T08:30:00+00:00,5059,1338.3458252
2013-11-11T08:40:00+00:00,5059,1530.60437012
2013-11-11T08:50:00+00:00,5059,1759.56945872
2013-11-11T09:00:00+00:00,5059,1599.44921875
2013-11-11T09:10:00+00:00,5059,1742.19116211
2013-11-11T09:20:00+00:00,5059,1700.58703613
2013-11-11T09:30:00+00:00,5059,1651.30126953
2013-11-11T09:40:00+00:00,5059,1855.58691406
2013-11-11T09:50:00+00:00,5059,2081.57836914
2013-11-11T10:00:00+00:00,5059,2021.79589844
2013-11-11T10:10:00+00:00,5059,2519.84667969
2013-11-11T10:20:00+00:00,5059,1931.8861084
2013-11-11T10:30:00+00:00,5059,2764.76879883
2013-11-11T10:40:00+00:00,5059,2594.01538086
2013-11-11T10:50:00+00:00,5059,2330.56103516
2013-11-11T11:00:00+00:00,5059,2293.62792969
2013-11-11T11:10:00+00:00,5059,2709.15380859
2013-11-11T11:20:00+00:00,5059,2626.49291992
2013-11-11T11:30:00+00:00,5059,3055.17871094
2013-11-11T11:40:00+00:00,5059,2621.43359375
2013-11-11T11:50:00+00:00,5059,3045.68261719
2013-11-11T12:00:00+00:00,5059,2847.63742352
2013-11-11T12:10:00+00:00,5059,2805.87158203
2013-11-11T12:20:00+00:00,5059,2979.24121094
2013-11-11T12:30:00+00:00,5059,2746.19213867
2013-11-11T12:40:00+00:00,5059,2915.29614258
2013-11-11T12:50:00+00:00,5059,2910.8972168
2013-11-11T13:00:00+00:00,5059,2827.31933594
2013-11-11T13:10:00+00:00,5059,3146.00097656
2013-11-11T13:20:00+00:00,5059,2928.78027344
2013-11-11T13:30:00+00:00,5059,2591.40747985
2013-11-11T13:40:00+00:00,5059,2818.41235352
2013-11-11T13:50:00+00:00,5059,2720.19091797
2013-11-11T14:00:00+00:00,5059,3598.74560547
2013-11-11T14:10:00+00:00,5059,2826.73339844
2013-11-11T14:20:00+00:00,5059,3097.67274106
2013-11-11T14:30:00+00:00,5059,2897.37633443
2013-11-11T14:40:00+00:00,5059,2832.34604144
2013-11-11T14:50:00+00:00,5059,2789.49169922
2013-11-11T15:00:00+00:00,5059,2485.64916992
2013-11-11T15:10:00+00:00,5059,2753.67358398
2013-11-11T15:20:00+00:00,5059,2675.55030775
2013-11-11T15:30:00+00:00,5059,2814.13378906
2013-11-11T15:40:00+00:00,5059,2608.22875977
2013-11-11T15:50:00+00:00,5059,2385.71533203
2013-11-11T16:00:00+00:00,5059,2592.15138459
2013-11-11T16:10:00+00:00,5059,2391.97900391
2013-11-11T16:20:00+00:00,5059,2975.8046875
2013-11-11T16:30:00+00:00,5059,2557.47143555
2013-11-11T16:40:00+00:00,5059,2847.05712891
2013-11-11T16:50:00+00:00,5059,2256.21142578
2013-11-11T17:00:00+00:00,5059,2365.5534668
2013-11-11T17:10:00+00:00,5059,1858.80224609
2013-11-11T17:20:00+00:00,5059,2255.70068359
2013-11-11T17:30:00+00:00,5059,2267.36938477
2013-11-11T17:40:00+00:00,5059,2022.49206543
2013-11-11T17:50:00+00:00,5059,1699.05126953
2013-11-11T18:00:00+00:00,5059,2063.10083008
2013-11-11T18:10:00+00:00,5059,1693.84228516
2013-11-11T18:20:00+00:00,5059,2117.48608398
2013-11-11T18:30:00+00:00,5059,1837.3807373
2013-11-11T18:40:00+00:00,5059,1638.73828125
2013-11-11T18:50:00+00:00,5059,1294.23754883
2013-11-11T19:00:00+00:00,5059,1457.02868652
2013-11-11T19:10:00+00:00,5059,1600.55273438
2013-11-11T19:20:00+00:00,5059,1514.80407715
2013-11-11T19:30:00+00:00,5059,1148.44470215
2013-11-11T19:40:00+00:00,5059,1071.87255859
2013-11-11T19:50:00+00:00,5059,847.613220215
2013-11-11T20:00:00+00:00,5059,1176.4744873
2013-11-11T20:10:00+00:00,5059,1201.27038574
2013-11-11T20:20:00+00:00,5059,903.63684082
2013-11-11T20:30:00+00:00,5059,786.675598145
2013-11-11T20:40:00+00:00,5059,744.429992676
2013-11-11T20:50:00+00:00,5059,742.738342285
2013-11-11T21:00:00+00:00,5059,834.814697266
2013-11-11T21:10:00+00:00,5059,864.246337891
2013-11-11T21:20:00+00:00,5059,746.597473145
2013-11-11T21:30:00+00:00,5059,691.655090332
2013-11-11T21:40:00+00:00,5059,888.063415527
2013-11-11T21:50:00+00:00,5059,762.095458984
2013-11-11T22:00:00+00:00,5059,736.562561035
2013-11-11T22:10:00+00:00,5059,501.093322754
2013-11-11T22:20:00+00:00,5059,563.802856445
2013-11-11T22:30:00+00:00,5059,975.636047363
2013-11-11T22:40:00+00:00,5059,429.322631836
2013-11-11T22:50:00+00:00,5059,628.838562012
2013-11-11T23:00:00+00:00,5059,469.399261475
2013-11-11T23:10:00+00:00,5059,453.209716797
2013-11-11T23:20:00+00:00,5059,550.968139648
2013-11-11T23:30:00+00:00,5059,629.007263184
2013-11-11T23:40:00+00:00,5059,587.149230957
2013-11-12T00:00:00+00:00,5059,512.872131348
2013-11-12T00:20:00+00:00,5059,352.396026611
2013-11-12T00:30:00+00:00,5059,388.582550049
2013-11-12T00:40:00+00:00,5059,417.313232422
2013-11-12T00:50:00+00:00,5059,438.179901123
2013-11-12T01:00:00+00:00,5059,338.180053711
2013-11-12T01:40:00+00:00,5059,269.36517334
2013-11-12T02:30:00+00:00,5059,262.626556396
2013-11-12T02:50:00+00:00,5059,271.148223877
2013-11-12T05:20:00+00:00,5059,341.218811035
2013-11-12T05:40:00+00:00,5059,357.510162354
2013-11-12T05:50:00+00:00,5059,340.087982178
2013-11-12T06:00:00+00:00,5059,403.047943115
2013-11-12T06:10:00+00:00,5059,358.587615967
2013-11-12T06:20:00+00:00,5059,491.758331299
2013-11-12T06:30:00+00:00,5059,472.731933594
2013-11-12T06:40:00+00:00,5059,586.232177734
2013-11-12T06:50:00+00:00,5059,692.54296875
2013-11-12T07:00:00+00:00,5059,963.422729492
2013-11-12T07:10:00+00:00,5059,881.643554688
2013-11-12T07:20:00+00:00,5059,1283.30529785
2013-11-12T07:30:00+00:00,5059,1159.37573242
2013-11-12T07:40:00+00:00,5059,1113.95617676
2013-11-12T07:50:00+00:00,5059,1281.88977051
2013-11-12T08:00:00+00:00,5059,1428.91577148
2013-11-12T08:10:00+00:00,5059,1552.38867188
2013-11-12T08:20:00+00:00,5059,1768.92919922
2013-11-12T08:30:00+00:00,5059,1557.9420166
2013-11-12T08:40:00+00:00,5059,1656.29162598
2013-11-12T08:50:00+00:00,5059,1785.44104004
2013-11-12T09:00:00+00:00,5059,1764.91479492
2013-11-12T09:10:00+00:00,5059,1956.30908203
2013-11-12T09:20:00+00:00,5059,1965.58422852
2013-11-12T09:30:00+00:00,5059,1913.38879395
2013-11-12T09:40:00+00:00,5059,2174.71850586
2013-11-12T09:50:00+00:00,5059,2169.1496582
2013-11-12T10:00:00+00:00,5059,2289.74560547
2013-11-12T10:10:00+00:00,5059,2358.33800435
2013-11-12T10:20:00+00:00,5059,2284.68115234
2013-11-12T10:30:00+00:00,5059,2390.79248047
2013-11-12T10:40:00+00:00,5059,2391.08569336
2013-11-12T10:50:00+00:00,5059,2344.88574219
2013-11-12T11:00:00+00:00,5059,2538.73339844
2013-11-12T11:10:00+00:00,5059,2360.67211914
2013-11-12T11:20:00+00:00,5059,2285.75146484
2013-11-12T11:30:00+00:00,5059,3047.08251953
2013-11-12T11:40:00+00:00,5059,3160.73486328
2013-11-12T11:50:00+00:00,5059,2705.65429688
2013-11-12T12:00:00+00:00,5059,3152.36010742
2013-11-12T12:10:00+00:00,5059,2738.77758789
2013-11-12T12:20:00+00:00,5059,3093.19664693
2013-11-12T12:30:00+00:00,5059,2951.59399414
2013-11-12T12:40:00+00:00,5059,3252.50317383
2013-11-12T12:50:00+00:00,5059,3068.47851562
2013-11-12T13:00:00+00:00,5059,3085.97387695
2013-11-12T13:10:00+00:00,5059,2994.2175293
2013-11-12T13:20:00+00:00,5059,2915.15600586
2013-11-12T13:30:00+00:00,5059,2814.66699219
2013-11-12T13:40:00+00:00,5059,2618.09887695
2013-11-12T13:50:00+00:00,5059,2512.57202148
2013-11-12T14:00:00+00:00,5059,2373.62664938
2013-11-12T14:10:00+00:00,5059,2393.51416016
2013-11-12T14:20:00+00:00,5059,2422.19873047
2013-11-12T14:30:00+00:00,5059,2435.31835938
2013-11-12T14:40:00+00:00,5059,2639.96435547
2013-11-12T14:50:00+00:00,5059,2836.09887695
2013-11-12T15:00:00+00:00,5059,2778.86230469
2013-11-12T15:10:00+00:00,5059,2987.76074219
2013-11-12T15:20:00+00:00,5059,2574.4543457
2013-11-12T15:30:00+00:00,5059,2455.20410156
2013-11-12T15:40:00+00:00,5059,2331.84887695
2013-11-12T15:50:00+00:00,5059,2305.92456055
2013-11-12T16:00:00+00:00,5059,2422.25439453
2013-11-12T16:10:00+00:00,5059,2147.97753906
2013-11-12T16:20:00+00:00,5059,2372.94140625
2013-11-12T16:30:00+00:00,5059,2706.96289062
2013-11-12T16:40:00+00:00,5059,2097.03149414
2013-11-12T16:50:00+00:00,5059,2368.11108398
2013-11-12T17:00:00+00:00,5059,2504.46850586
2013-11-12T17:10:00+00:00,5059,2447.26659775
2013-11-12T17:20:00+00:00,5059,2087.58569336
2013-11-12T17:30:00+00:00,5059,2194.38769531
2013-11-12T17:40:00+00:00,5059,2040.73535156
2013-11-12T17:50:00+00:00,5059,2033.50512695
2013-11-12T18:00:00+00:00,5059,1797.86010742
2013-11-12T18:10:00+00:00,5059,1626.30200195
2013-11-12T18:20:00+00:00,5059,1675.37536621
2013-11-12T18:30:00+00:00,5059,1540.46948242
2013-11-12T18:40:00+00:00,5059,1394.31164551
2013-11-12T18:50:00+00:00,5059,1420.19287109
2013-11-12T19:00:00+00:00,5059,1241.69445801
2013-11-12T19:10:00+00:00,5059,1183.55834961
2013-11-12T19:20:00+00:00,5059,1116.00439453
2013-11-12T19:30:00+00:00,5059,1053.00134277
2013-11-12T19:40:00+00:00,5059,926.314331055
2013-11-12T19:50:00+00:00,5059,1081.60144043
2013-11-12T20:00:00+00:00,5059,923.2421875
2013-11-12T20:10:00+00:00,5059,977.80682373
2013-11-12T20:20:00+00:00,5059,840.622924805
2013-11-12T20:30:00+00:00,5059,795.477661133
2013-11-12T20:40:00+00:00,5059,864.16986084
2013-11-12T20:50:00+00:00,5059,759.481750488
2013-11-12T21:00:00+00:00,5059,666.591552734
2013-11-12T21:10:00+00:00,5059,733.41229248
2013-11-12T21:20:00+00:00,5059,834.627319336
2013-11-12T21:30:00+00:00,5059,783.147460938
2013-11-12T21:40:00+00:00,5059,579.411499023
2013-11-12T21:50:00+00:00,5059,549.378662109
2013-11-12T22:00:00+00:00,5059,646.301696777
2013-11-12T22:10:00+00:00,5059,547.373779297
2013-11-12T22:20:00+00:00,5059,544.285461426
2013-11-12T22:30:00+00:00,5059,717.672607422
2013-11-12T22:40:00+00:00,5059,552.536804199
2013-11-12T22:50:00+00:00,5059,448.944061279
2013-11-12T23:00:00+00:00,5059,385.548248291
2013-11-12T23:10:00+00:00,5059,446.629760742
2013-11-12T23:20:00+00:00,5059,395.333587646
2013-11-12T23:30:00+00:00,5059,348.182098389
2013-11-12T23:40:00+00:00,5059,440.399871826
2013-11-12T23:50:00+00:00,5059,400.327606201
2013-11-13T00:00:00+00:00,5059,364.977935791
2013-11-13T00:20:00+00:00,5059,424.076293945
2013-11-13T01:00:00+00:00,5059,287.251861572
2013-11-13T01:10:00+00:00,5059,298.368286133
2013-11-13T01:40:00+00:00,5059,321.710418701
2013-11-13T04:20:00+00:00,5059,383.930847168
2013-11-13T04:40:00+00:00,5059,325.608276367
2013-11-13T05:10:00+00:00,5059,334.005126953
2013-11-13T05:20:00+00:00,5059,331.768341064
2013-11-13T05:40:00+00:00,5059,366.460388184
2013-11-13T05:50:00+00:00,5059,395.214355469
2013-11-13T06:00:00+00:00,5059,468.906890869
2013-11-13T06:10:00+00:00,5059,467.933776855
2013-11-13T06:20:00+00:00,5059,480.760681152
2013-11-13T06:30:00+00:00,5059,632.394348145
2013-11-13T06:40:00+00:00,5059,647.989196777
2013-11-13T06:50:00+00:00,5059,791.287231445
2013-11-13T07:00:00+00:00,5059,1053.34790039
2013-11-13T07:10:00+00:00,5059,1265.49475098
2013-11-13T07:20:00+00:00,5059,1239.88635254
2013-11-13T07:30:00+00:00,5059,1118.01696777
2013-11-13T07:40:00+00:00,5059,1223.2590332
2013-11-13T07:50:00+00:00,5059,1703.74267578
2013-11-13T08:00:00+00:00,5059,1755.8059082
2013-11-13T08:10:00+00:00,5059,1696.49816895
2013-11-13T08:20:00+00:00,5059,1904.09765625
2013-11-13T08:30:00+00:00,5059,1816.49438477
2013-11-13T08:40:00+00:00,5059,1983.42565918
2013-11-13T08:50:00+00:00,5059,2096.34057617
2013-11-13T09:00:00+00:00,5059,2095.62915039
2013-11-13T09:10:00+00:00,5059,2077.10839844
2013-11-13T09:20:00+00:00,5059,2439.81542969
2013-11-13T09:30:00+00:00,5059,2206.94995117
2013-11-13T09:40:00+00:00,5059,1989.79418945
2013-11-13T09:50:00+00:00,5059,2297.70507812
2013-11-13T10:00:00+00:00,5059,2066.79663086
2013-11-13T10:10:00+00:00,5059,2432.55200195
2013-11-13T10:20:00+00:00,5059,2572.21191406
2013-11-13T10:30:00+00:00,5059,2728.71655273
2013-11-13T10:40:00+00:00,5059,2893.70849609
2013-11-13T10:50:00+00:00,5059,2836.36767578
2013-11-13T11:00:00+00:00,5059,3060.30200195
2013-11-13T11:10:00+00:00,5059,2774.59155273
2013-11-13T11:20:00+00:00,5059,2297.41430664
2013-11-13T11:30:00+00:00,5059,2583.10717773
2013-11-13T11:40:00+00:00,5059,2769.18676758
2013-11-13T11:50:00+00:00,5059,2856.02026367
2013-11-13T12:00:00+00:00,5059,2855.19848633
2013-11-13T12:10:00+00:00,5059,2803.97680664
2013-11-13T12:20:00+00:00,5059,2896.24951172
2013-11-13T12:30:00+00:00,5059,3166.26147461
2013-11-13T12:40:00+00:00,5059,3239.7121582
2013-11-13T12:50:00+00:00,5059,3099.98706055
2013-11-13T13:00:00+00:00,5059,2898.7824707
2013-11-13T13:10:00+00:00,5059,3442.65307617
2013-11-13T13:20:00+00:00,5059,3675.8371582
2013-11-13T13:30:00+00:00,5059,3555.13183594
2013-11-13T13:40:00+00:00,5059,3336.7590332
2013-11-13T13:50:00+00:00,5059,2816.52392578
2013-11-13T14:00:00+00:00,5059,2712.6340332
2013-11-13T14:10:00+00:00,5059,2868.08251953
2013-11-13T14:20:00+00:00,5059,2507.70385742
2013-11-13T14:30:00+00:00,5059,2583.45019531
2013-11-13T14:40:00+00:00,5059,2498.45214844
2013-11-13T14:50:00+00:00,5059,2458.37011719
2013-11-13T15:00:00+00:00,5059,2817.64111328
2013-11-13T15:10:00+00:00,5059,2875.07714844
2013-11-13T15:20:00+00:00,5059,2752.42333984
2013-11-13T15:30:00+00:00,5059,2752.16894531
2013-11-13T15:40:00+00:00,5059,2887.90515628
2013-11-13T15:50:00+00:00,5059,3374.65429688
2013-11-13T16:00:00+00:00,5059,2705.97094727
2013-11-13T16:10:00+00:00,5059,2809.49560547
2013-11-13T16:20:00+00:00,5059,2734.91479492
2013-11-13T16:30:00+00:00,5059,2682.97998047
2013-11-13T16:40:00+00:00,5059,2423.40600586
2013-11-13T16:50:00+00:00,5059,2831.2019043
2013-11-13T17:00:00+00:00,5059,2436.96362305
2013-11-13T17:10:00+00:00,5059,2587.19970703
2013-11-13T17:20:00+00:00,5059,2607.17333984
2013-11-13T17:30:00+00:00,5059,2261.68701172
2013-11-13T17:40:00+00:00,5059,2336.92797852
2013-11-13T17:50:00+00:00,5059,2291.36376953
2013-11-13T18:00:00+00:00,5059,2236.84545898
2013-11-13T18:10:00+00:00,5059,2115.51391602
2013-11-13T18:20:00+00:00,5059,2312.69042969
2013-11-13T18:30:00+00:00,5059,2160.21972656
2013-11-13T18:40:00+00:00,5059,1630.15991211
2013-11-13T18:50:00+00:00,5059,3202.65942383
2013-11-13T19:00:00+00:00,5059,1732.85595703
2013-11-13T19:10:00+00:00,5059,1645.60192871
2013-11-13T19:20:00+00:00,5059,1335.40258789
2013-11-13T19:30:00+00:00,5059,1478.73132324
2013-11-13T19:40:00+00:00,5059,1441.54943848
2013-11-13T19:50:00+00:00,5059,1587.63500977
2013-11-13T20:00:00+00:00,5059,1026.26184082
2013-11-13T20:10:00+00:00,5059,1349.80615234
2013-11-13T20:20:00+00:00,5059,1056.12890625
2013-11-13T20:30:00+00:00,5059,1082.6583252
2013-11-13T20:40:00+00:00,5059,930.526794434
2013-11-13T20:50:00+00:00,5059,774.298950195
2013-11-13T21:00:00+00:00,5059,731.688903809
2013-11-13T21:10:00+00:00,5059,814.461303711
2013-11-13T21:20:00+00:00,5059,1128.00585938
2013-11-13T21:30:00+00:00,5059,854.912536621
2013-11-13T21:40:00+00:00,5059,678.965881348
2013-11-13T21:50:00+00:00,5059,816.164794922
2013-11-13T22:00:00+00:00,5059,881.384155273
2013-11-13T22:10:00+00:00,5059,1012.40386963
2013-11-13T22:20:00+00:00,5059,792.704589844
2013-11-13T22:30:00+00:00,5059,872.251159668
2013-11-13T22:40:00+00:00,5059,867.723083496
2013-11-13T22:50:00+00:00,5059,560.456481934
2013-11-13T23:00:00+00:00,5059,508.338256836
2013-11-13T23:10:00+00:00,5059,557.274658203
2013-11-13T23:20:00+00:00,5059,442.887573242
2013-11-13T23:30:00+00:00,5059,428.267272949
2013-11-13T23:50:00+00:00,5059,386.999298096
2013-11-14T00:00:00+00:00,5059,373.170227051
2013-11-14T00:10:00+00:00,5059,387.217926025
2013-11-14T00:30:00+00:00,5059,395.245788574
2013-11-14T00:40:00+00:00,5059,352.895233154
2013-11-14T03:30:00+00:00,5059,338.486938477
2013-11-14T04:50:00+00:00,5059,325.433166504
2013-11-14T05:20:00+00:00,5059,303.971343994
2013-11-14T05:30:00+00:00,5059,331.569488525
2013-11-14T05:40:00+00:00,5059,424.199829102
2013-11-14T05:50:00+00:00,5059,397.805084229
2013-11-14T06:00:00+00:00,5059,390.359527588
2013-11-14T06:10:00+00:00,5059,421.412109375
2013-11-14T06:20:00+00:00,5059,443.106018066
2013-11-14T06:30:00+00:00,5059,488.897644043
2013-11-14T06:40:00+00:00,5059,677.662780762
2013-11-14T06:50:00+00:00,5059,660.388305664
2013-11-14T07:00:00+00:00,5059,797.952880859
2013-11-14T07:10:00+00:00,5059,955.694641113
2013-11-14T07:20:00+00:00,5059,1100.56689453
2013-11-14T07:30:00+00:00,5059,1381.7956543
2013-11-14T07:40:00+00:00,5059,1306.12976074
2013-11-14T07:50:00+00:00,5059,1319.79394531
2013-11-14T08:00:00+00:00,5059,1631.58752441
2013-11-14T08:10:00+00:00,5059,1799.95385742
2013-11-14T08:20:00+00:00,5059,1607.50268555
2013-11-14T08:30:00+00:00,5059,1888.96936035
2013-11-14T08:40:00+00:00,5059,2093.40283203
2013-11-14T08:50:00+00:00,5059,1867.49475098
2013-11-14T09:00:00+00:00,5059,1908.69226074
2013-11-14T09:10:00+00:00,5059,2061.35253906
2013-11-14T09:20:00+00:00,5059,2098.32519531
2013-11-14T09:30:00+00:00,5059,2182.99845791
2013-11-14T09:40:00+00:00,5059,2286.82202148
2013-11-14T09:50:00+00:00,5059,2598.4765625
2013-11-14T10:00:00+00:00,5059,2307.45483398
2013-11-14T10:10:00+00:00,5059,2418.05322266
2013-11-14T10:20:00+00:00,5059,2376.39672852
2013-11-14T10:30:00+00:00,5059,2393.82617188
2013-11-14T10:40:00+00:00,5059,2329.46679688
2013-11-14T10:50:00+00:00,5059,2994.70849609
2013-11-14T11:00:00+00:00,5059,2479.23413086
2013-11-14T11:10:00+00:00,5059,3042.26977539
2013-11-14T11:20:00+00:00,5059,2758.52026367
2013-11-14T11:30:00+00:00,5059,3427.5378499
2013-11-14T11:40:00+00:00,5059,3410.11572266
2013-11-14T11:50:00+00:00,5059,2686.51171875
2013-11-14T12:00:00+00:00,5059,2926.70092773
2013-11-14T12:10:00+00:00,5059,2740.73046875
2013-11-14T12:20:00+00:00,5059,2557.14477539
2013-11-14T12:30:00+00:00,5059,3081.93652344
2013-11-14T12:40:00+00:00,5059,2948.23211908
2013-11-14T12:50:00+00:00,5059,3224.57617188
2013-11-14T13:00:00+00:00,5059,3011.12182617
2013-11-14T13:10:00+00:00,5059,2827.71166992
2013-11-14T13:20:00+00:00,5059,2804.75537109
2013-11-14T13:30:00+00:00,5059,2899.17236328
2013-11-14T13:40:00+00:00,5059,2797.23950195
2013-11-14T13:50:00+00:00,5059,2769.85205078
2013-11-14T14:00:00+00:00,5059,3148.87695312
2013-11-14T14:10:00+00:00,5059,2706.06860352
2013-11-14T14:20:00+00:00,5059,3089.78564453
2013-11-14T14:30:00+00:00,5059,2610.98266602
2013-11-14T14:40:00+00:00,5059,2722.96829021
2013-11-14T14:50:00+00:00,5059,2758.2668457
2013-11-14T15:00:00+00:00,5059,2616.46606445
2013-11-14T15:10:00+00:00,5059,2620.02587891
2013-11-14T15:20:00+00:00,5059,2434.82128906
2013-11-14T15:30:00+00:00,5059,2395.92822266
2013-11-14T15:40:00+00:00,5059,2462.77734375
2013-11-14T15:50:00+00:00,5059,2509.14819336
2013-11-14T16:00:00+00:00,5059,2381.6706543
2013-11-14T16:10:00+00:00,5059,2609.34399414
2013-11-14T16:20:00+00:00,5059,2573.80786133
2013-11-14T16:30:00+00:00,5059,2538.34130859
2013-11-14T16:40:00+00:00,5059,2551.31518555
2013-11-14T16:50:00+00:00,5059,2266.91113281
2013-11-14T17:00:00+00:00,5059,2253.37988281
2013-11-14T17:10:00+00:00,5059,2202.31665039
2013-11-14T17:20:00+00:00,5059,2481.62646484
2013-11-14T17:30:00+00:00,5059,1933.57983398
2013-11-14T17:40:00+00:00,5059,2120.35351562
2013-11-14T17:50:00+00:00,5059,2074.23120117
2013-11-14T18:00:00+00:00,5059,1696.04858398
2013-11-14T18:10:00+00:00,5059,1832.87536621
2013-11-14T18:20:00+00:00,5059,2470.69799805
2013-11-14T18:30:00+00:00,5059,2066.19824219
2013-11-14T18:40:00+00:00,5059,1531.32116699
2013-11-14T18:50:00+00:00,5059,1780.94445801
2013-11-14T19:00:00+00:00,5059,1558.86242676
2013-11-14T19:10:00+00:00,5059,1292.74780273
2013-11-14T19:20:00+00:00,5059,1258.07763672
2013-11-14T19:30:00+00:00,5059,1313.99536133
2013-11-14T19:40:00+00:00,5059,1037.33227539
2013-11-14T19:50:00+00:00,5059,1154.94458008
2013-11-14T20:00:00+00:00,5059,1088.23852539
2013-11-14T20:10:00+00:00,5059,1139.91906738
2013-11-14T20:20:00+00:00,5059,1163.30444336
2013-11-14T20:30:00+00:00,5059,865.990905762
2013-11-14T20:40:00+00:00,5059,809.268737793
2013-11-14T20:50:00+00:00,5059,885.741821289
2013-11-14T21:00:00+00:00,5059,792.242919922
2013-11-14T21:10:00+00:00,5059,721.604370117
2013-11-14T21:20:00+00:00,5059,752.609008789
2013-11-14T21:30:00+00:00,5059,738.686218262
2013-11-14T21:40:00+00:00,5059,641.380737305
2013-11-14T21:50:00+00:00,5059,601.77331543
2013-11-14T22:00:00+00:00,5059,627.770751953
2013-11-14T22:10:00+00:00,5059,688.02947998
2013-11-14T22:20:00+00:00,5059,701.885437012
2013-11-14T22:30:00+00:00,5059,685.453857422
2013-11-14T22:40:00+00:00,5059,654.667907715
2013-11-14T22:50:00+00:00,5059,621.128112793
2013-11-14T23:00:00+00:00,5059,652.465576172
2013-11-14T23:10:00+00:00,5059,841.516479492
2013-11-14T23:20:00+00:00,5059,616.936584473
2013-11-14T23:30:00+00:00,5059,446.841278076
2013-11-14T23:40:00+00:00,5059,434.225280762
2013-11-14T23:50:00+00:00,5059,408.133087158
2013-11-15T00:00:00+00:00,5059,531.554199219
2013-11-15T00:10:00+00:00,5059,344.422088623
2013-11-15T01:00:00+00:00,5059,357.74822998
2013-11-15T01:20:00+00:00,5059,325.205291748
2013-11-15T02:00:00+00:00,5059,314.865966797
2013-11-15T03:40:00+00:00,5059,277.793243408
2013-11-15T04:00:00+00:00,5059,321.351226807
2013-11-15T05:10:00+00:00,5059,475.389251709
2013-11-15T05:20:00+00:00,5059,369.350646973
2013-11-15T05:30:00+00:00,5059,458.773864746
2013-11-15T05:40:00+00:00,5059,363.208526611
2013-11-15T05:50:00+00:00,5059,368.546905518
2013-11-15T06:00:00+00:00,5059,386.34274292
2013-11-15T06:10:00+00:00,5059,547.531738281
2013-11-15T06:20:00+00:00,5059,486.346252441
2013-11-15T06:30:00+00:00,5059,505.501495361
2013-11-15T06:40:00+00:00,5059,662.011352539
2013-11-15T06:50:00+00:00,5059,716.380554199
2013-11-15T07:00:00+00:00,5059,950.608764648
2013-11-15T07:10:00+00:00,5059,959.702026367
2013-11-15T07:20:00+00:00,5059,1104.42858887
2013-11-15T07:30:00+00:00,5059,1156.26416016
2013-11-15T07:40:00+00:00,5059,1394.82824707
2013-11-15T07:50:00+00:00,5059,1461.35058594
2013-11-15T08:00:00+00:00,5059,1670.4317627
2013-11-15T08:10:00+00:00,5059,1528.20056152
2013-11-15T08:20:00+00:00,5059,1821.76257324
2013-11-15T08:30:00+00:00,5059,1729.73950195
2013-11-15T08:40:00+00:00,5059,2095.17651367
2013-11-15T08:50:00+00:00,5059,1846.17504883
2013-11-15T09:00:00+00:00,5059,2022.17932129
2013-11-15T09:10:00+00:00,5059,2375.58349609
2013-11-15T09:20:00+00:00,5059,2299.75708008
2013-11-15T09:30:00+00:00,5059,2226.18237305
2013-11-15T09:40:00+00:00,5059,2326.26660156
2013-11-15T09:50:00+00:00,5059,2380.33653951
2013-11-15T10:00:00+00:00,5059,2315.71850586
2013-11-15T10:10:00+00:00,5059,2405.33740234
2013-11-15T10:20:00+00:00,5059,2330.62456846
2013-11-15T10:30:00+00:00,5059,2246.98095703
2013-11-15T10:40:00+00:00,5059,2543.6105957
2013-11-15T10:50:00+00:00,5059,2536.22216797
2013-11-15T11:00:00+00:00,5059,2392.27053022
2013-11-15T11:10:00+00:00,5059,2292.1809082
2013-11-15T11:20:00+00:00,5059,2390.56103516
2013-11-15T11:30:00+00:00,5059,2528.75024414
2013-11-15T11:40:00+00:00,5059,2680.95334339
2013-11-15T11:50:00+00:00,5059,2711.91992188
2013-11-15T12:00:00+00:00,5059,2743.35253906
2013-11-15T12:10:00+00:00,5059,2827.6574707
2013-11-15T12:20:00+00:00,5059,2622.88500977
2013-11-15T12:30:00+00:00,5059,2694.22143555
2013-11-15T12:40:00+00:00,5059,4016.5769043
2013-11-15T12:50:00+00:00,5059,2803.5546875
2013-11-15T13:00:00+00:00,5059,2652.73706818
2013-11-15T13:10:00+00:00,5059,2586.15014648
2013-11-15T13:20:00+00:00,5059,2464.20751953
2013-11-15T13:30:00+00:00,5059,2416.2578125
2013-11-15T13:40:00+00:00,5059,2509.64941406
2013-11-15T13:50:00+00:00,5059,2514.21948242
2013-11-15T14:00:00+00:00,5059,2514.97794151
2013-11-15T14:10:00+00:00,5059,2536.61889648
2013-11-15T14:20:00+00:00,5059,2333.18239689
2013-11-15T14:30:00+00:00,5059,2610.7483182
2013-11-15T14:40:00+00:00,5059,2336.93823242
2013-11-15T14:50:00+00:00,5059,2308.3605957
2013-11-15T15:00:00+00:00,5059,2154.51904297
2013-11-15T15:10:00+00:00,5059,2367.34594727
2013-11-15T15:20:00+00:00,5059,2559.2818718
2013-11-15T15:30:00+00:00,5059,2222.59838867
2013-11-15T15:40:00+00:00,5059,2138.15039062
2013-11-15T15:50:00+00:00,5059,2636.47265625
2013-11-15T16:00:00+00:00,5059,2352.59399414
2013-11-15T16:10:00+00:00,5059,2765.72485352
2013-11-15T16:20:00+00:00,5059,2474.07397461
2013-11-15T16:30:00+00:00,5059,2574.49121094
2013-11-15T16:40:00+00:00,5059,2257.91796875
2013-11-15T16:50:00+00:00,5059,1905.58850098
2013-11-15T17:00:00+00:00,5059,1750.43309712
2013-11-15T17:10:00+00:00,5059,2098.81298828
2013-11-15T17:20:00+00:00,5059,1810.91418457
2013-11-15T17:30:00+00:00,5059,1719.27319336
2013-11-15T17:40:00+00:00,5059,1819.81762695
2013-11-15T17:50:00+00:00,5059,1959.74047852
2013-11-15T18:00:00+00:00,5059,1902.82287598
2013-11-15T18:10:00+00:00,5059,1628.75097656
2013-11-15T18:20:00+00:00,5059,1786.50976562
2013-11-15T18:30:00+00:00,5059,1469.26318359
2013-11-15T18:40:00+00:00,5059,1254.6373291
2013-11-15T18:50:00+00:00,5059,1390.93847656
2013-11-15T19:00:00+00:00,5059,1310.6550293
2013-11-15T19:10:00+00:00,5059,1186.09716797
2013-11-15T19:20:00+00:00,5059,1365.98901367
2013-11-15T19:30:00+00:00,5059,1227.72619629
2013-11-15T19:40:00+00:00,5059,892.209960938
2013-11-15T19:50:00+00:00,5059,765.730834961
2013-11-15T20:00:00+00:00,5059,748.284851074
2013-11-15T20:10:00+00:00,5059,700.295593262
2013-11-15T20:20:00+00:00,5059,1367.44128418
2013-11-15T20:30:00+00:00,5059,694.203674316
2013-11-15T20:40:00+00:00,5059,848.470825195
2013-11-15T20:50:00+00:00,5059,805.876953125
2013-11-15T21:00:00+00:00,5059,628.04119873
2013-11-15T21:10:00+00:00,5059,610.921936035
2013-11-15T21:20:00+00:00,5059,677.153991699
2013-11-15T21:30:00+00:00,5059,600.016479492
2013-11-15T21:40:00+00:00,5059,560.533081055
2013-11-15T21:50:00+00:00,5059,735.370788574
2013-11-15T22:00:00+00:00,5059,647.218139648
2013-11-15T22:10:00+00:00,5059,568.934570312
2013-11-15T22:20:00+00:00,5059,952.322570801
2013-11-15T22:30:00+00:00,5059,750.418579102
2013-11-15T22:40:00+00:00,5059,683.031066895
2013-11-15T22:50:00+00:00,5059,830.406921387
2013-11-15T23:00:00+00:00,5059,795.678833008
2013-11-15T23:10:00+00:00,5059,469.802520752
2013-11-15T23:20:00+00:00,5059,463.105682373
2013-11-15T23:30:00+00:00,5059,571.131896973
2013-11-15T23:40:00+00:00,5059,364.252532959
2013-11-15T23:50:00+00:00,5059,357.81552124
2013-11-16T00:00:00+00:00,5059,315.560943604
2013-11-16T00:10:00+00:00,5059,311.542480469
2013-11-16T00:20:00+00:00,5059,347.926300049
2013-11-16T00:30:00+00:00,5059,289.327362061
2013-11-16T00:40:00+00:00,5059,301.526519775
2013-11-16T01:40:00+00:00,5059,247.83543396
2013-11-16T02:10:00+00:00,5059,234.279556274
2013-11-16T02:20:00+00:00,5059,292.600311279
2013-11-16T03:10:00+00:00,5059,296.52154541
2013-11-16T03:40:00+00:00,5059,262.038909912
2013-11-16T03:50:00+00:00,5059,305.859558105
2013-11-16T05:20:00+00:00,5059,289.2918396
2013-11-16T05:30:00+00:00,5059,256.429077148
2013-11-16T06:00:00+00:00,5059,401.739562988
2013-11-16T06:10:00+00:00,5059,313.936889648
2013-11-16T06:20:00+00:00,5059,351.322937012
2013-11-16T06:30:00+00:00,5059,370.471710205
2013-11-16T06:40:00+00:00,5059,329.602172852
2013-11-16T06:50:00+00:00,5059,437.28213501
2013-11-16T07:00:00+00:00,5059,371.491088867
2013-11-16T07:10:00+00:00,5059,392.537750244
2013-11-16T07:20:00+00:00,5059,424.225097656
2013-11-16T07:30:00+00:00,5059,456.629608154
2013-11-16T07:40:00+00:00,5059,578.889221191
2013-11-16T07:50:00+00:00,5059,547.862609863
2013-11-16T08:00:00+00:00,5059,711.110534668
2013-11-16T08:10:00+00:00,5059,577.203369141
2013-11-16T08:20:00+00:00,5059,588.715698242
2013-11-16T08:30:00+00:00,5059,682.013427734
2013-11-16T08:40:00+00:00,5059,678.259277344
2013-11-16T08:50:00+00:00,5059,740.550109863
2013-11-16T09:00:00+00:00,5059,825.323425293
2013-11-16T09:10:00+00:00,5059,783.668395996
2013-11-16T09:20:00+00:00,5059,916.829101562
2013-11-16T09:30:00+00:00,5059,1099.9128418
2013-11-16T09:40:00+00:00,5059,1320.42297363
2013-11-16T09:50:00+00:00,5059,1362.48981059
2013-11-16T10:00:00+00:00,5059,1325.97338867
2013-11-16T10:10:00+00:00,5059,1433.46081543
2013-11-16T10:20:00+00:00,5059,1475.54614258
2013-11-16T10:30:00+00:00,5059,1637.142111
2013-11-16T10:40:00+00:00,5059,1762.77185059
2013-11-16T10:50:00+00:00,5059,1920.76293945
2013-11-16T11:00:00+00:00,5059,1898.66552734
2013-11-16T11:10:00+00:00,5059,1892.36036071
2013-11-16T11:20:00+00:00,5059,2637.12182617
2013-11-16T11:30:00+00:00,5059,2018.07922363
2013-11-16T11:40:00+00:00,5059,1927.86136627
2013-11-16T11:50:00+00:00,5059,2110.93530273
2013-11-16T12:00:00+00:00,5059,1974.35095215
2013-11-16T12:10:00+00:00,5059,2058.90209961
2013-11-16T12:20:00+00:00,5059,2416.94586611
2013-11-16T12:30:00+00:00,5059,2434.78735352
2013-11-16T12:40:00+00:00,5059,2195.8034668
2013-11-16T12:50:00+00:00,5059,2165.89355469
2013-11-16T13:00:00+00:00,5059,2094.56434751
2013-11-16T13:10:00+00:00,5059,2451.26171875
2013-11-16T13:20:00+00:00,5059,2584.28543876
2013-11-16T13:30:00+00:00,5059,2004.42611122
2013-11-16T13:40:00+00:00,5059,1965.16821289
2013-11-16T13:50:00+00:00,5059,2432.73202515
2013-11-16T14:00:00+00:00,5059,2567.08764648
2013-11-16T14:10:00+00:00,5059,2487.92651367
2013-11-16T14:20:00+00:00,5059,2761.66235352
2013-11-16T14:30:00+00:00,5059,2260.23754883
2013-11-16T14:40:00+00:00,5059,2682.01904297
2013-11-16T14:50:00+00:00,5059,2442.28004789
2013-11-16T15:00:00+00:00,5059,2427.93798828
2013-11-16T15:10:00+00:00,5059,2627.3662405
2013-11-16T15:20:00+00:00,5059,2999.21515417
2013-11-16T15:30:00+00:00,5059,2490.53793597
2013-11-16T15:40:00+00:00,5059,2177.43676758
2013-11-16T15:50:00+00:00,5059,2673.74969888
2013-11-16T16:00:00+00:00,5059,2704.86035156
2013-11-16T16:10:00+00:00,5059,2772.62670898
2013-11-16T16:20:00+00:00,5059,2390.46728516
2013-11-16T16:30:00+00:00,5059,2586.71058393
2013-11-16T16:40:00+00:00,5059,2401.86871433
2013-11-16T16:50:00+00:00,5059,2297.73071289
2013-11-16T17:00:00+00:00,5059,2631.25029945
2013-11-16T17:10:00+00:00,5059,2578.37719822
2013-11-16T17:20:00+00:00,5059,2676.71621513
2013-11-16T17:30:00+00:00,5059,2605.74902344
2013-11-16T17:40:00+00:00,5059,1884.94604492
2013-11-16T17:50:00+00:00,5059,1853.14501953
2013-11-16T18:00:00+00:00,5059,1944.55639648
2013-11-16T18:10:00+00:00,5059,1937.4074707
2013-11-16T18:20:00+00:00,5059,1744.85933924
2013-11-16T18:30:00+00:00,5059,1758.95825195
2013-11-16T18:40:00+00:00,5059,1731.67932129
2013-11-16T18:50:00+00:00,5059,1682.23095703
2013-11-16T19:00:00+00:00,5059,1901.06970215
2013-11-16T19:10:00+00:00,5059,1594.01525879
2013-11-16T19:20:00+00:00,5059,1432.95324707
2013-11-16T19:30:00+00:00,5059,1353.77685547
2013-11-16T19:40:00+00:00,5059,1103.49731445
2013-11-16T19:50:00+00:00,5059,1449.12683105
2013-11-16T20:00:00+00:00,5059,1176.24658203
2013-11-16T20:10:00+00:00,5059,1095.52929688
2013-11-16T20:20:00+00:00,5059,1431.00073242
2013-11-16T20:30:00+00:00,5059,1401.59802246
2013-11-16T20:40:00+00:00,5059,1213.54003906
2013-11-16T20:50:00+00:00,5059,1700.74816895
2013-11-16T21:00:00+00:00,5059,977.974060059
2013-11-16T21:10:00+00:00,5059,1082.74597168
2013-11-16T21:20:00+00:00,5059,1006.98718262
2013-11-16T21:30:00+00:00,5059,1025.51464844
2013-11-16T21:40:00+00:00,5059,741.520080566
2013-11-16T21:50:00+00:00,5059,947.597045898
2013-11-16T22:00:00+00:00,5059,845.772338867
2013-11-16T22:10:00+00:00,5059,846.802368164
2013-11-16T22:20:00+00:00,5059,1025.92553711
2013-11-16T22:30:00+00:00,5059,679.616271973
2013-11-16T22:40:00+00:00,5059,665.659667969
2013-11-16T22:50:00+00:00,5059,665.429321289
2013-11-16T23:00:00+00:00,5059,563.291320801
2013-11-16T23:10:00+00:00,5059,574.684570312
2013-11-16T23:20:00+00:00,5059,622.214660645
2013-11-16T23:30:00+00:00,5059,476.181793213
2013-11-16T23:40:00+00:00,5059,424.117126465
2013-11-16T23:50:00+00:00,5059,515.628479004
2013-11-17T00:00:00+00:00,5059,382.778594971
2013-11-17T00:10:00+00:00,5059,333.39553833
2013-11-17T00:20:00+00:00,5059,388.254333496
2013-11-17T00:30:00+00:00,5059,321.616119385
2013-11-17T00:40:00+00:00,5059,288.489807129
2013-11-17T00:50:00+00:00,5059,298.15612793
2013-11-17T01:00:00+00:00,5059,289.812957764
2013-11-17T01:20:00+00:00,5059,343.939605713
2013-11-17T01:40:00+00:00,5059,265.030303955
2013-11-17T02:00:00+00:00,5059,269.075012207
2013-11-17T02:30:00+00:00,5059,272.696228027
2013-11-17T02:50:00+00:00,5059,250.294036865
2013-11-17T03:00:00+00:00,5059,328.138519287
2013-11-17T03:10:00+00:00,5059,222.005874634
2013-11-17T03:20:00+00:00,5059,253.324264526
2013-11-17T03:30:00+00:00,5059,251.121841431
2013-11-17T03:50:00+00:00,5059,237.039657593
2013-11-17T04:10:00+00:00,5059,244.699508667
2013-11-17T04:30:00+00:00,5059,268.700012207
2013-11-17T04:50:00+00:00,5059,243.605804443
2013-11-17T05:30:00+00:00,5059,291.381347656
2013-11-17T06:00:00+00:00,5059,269.755737305
2013-11-17T06:10:00+00:00,5059,315.032470703
2013-11-17T06:20:00+00:00,5059,277.516204834
2013-11-17T06:30:00+00:00,5059,306.773712158
2013-11-17T06:50:00+00:00,5059,280.319366455
2013-11-17T07:00:00+00:00,5059,348.503143311
2013-11-17T07:10:00+00:00,5059,316.504608154
2013-11-17T07:20:00+00:00,5059,383.884002686
2013-11-17T07:30:00+00:00,5059,364.7421875
2013-11-17T07:40:00+00:00,5059,367.651245117
2013-11-17T07:50:00+00:00,5059,474.455780029
2013-11-17T08:00:00+00:00,5059,444.687652588
2013-11-17T08:10:00+00:00,5059,418.150054932
2013-11-17T08:20:00+00:00,5059,466.61895752
2013-11-17T08:30:00+00:00,5059,471.280883789
2013-11-17T08:40:00+00:00,5059,519.082092285
2013-11-17T08:50:00+00:00,5059,514.189331055
2013-11-17T09:00:00+00:00,5059,635.326416016
2013-11-17T09:10:00+00:00,5059,639.891357422
2013-11-17T09:20:00+00:00,5059,695.24822998
2013-11-17T09:30:00+00:00,5059,661.364807129
2013-11-17T09:40:00+00:00,5059,1259.87646484
2013-11-17T09:50:00+00:00,5059,1087.33654785
2013-11-17T10:00:00+00:00,5059,1144.04333496
2013-11-17T10:10:00+00:00,5059,1238.25073242
2013-11-17T10:20:00+00:00,5059,1317.11950684
2013-11-17T10:30:00+00:00,5059,1240.61352539
2013-11-17T10:40:00+00:00,5059,1365.85351562
2013-11-17T10:50:00+00:00,5059,1496.6427002
2013-11-17T11:00:00+00:00,5059,1548.15002441
2013-11-17T11:10:00+00:00,5059,1570.0880127
2013-11-17T11:20:00+00:00,5059,1507.79537106
2013-11-17T11:30:00+00:00,5059,1546.73327637
2013-11-17T11:40:00+00:00,5059,1592.45324707
2013-11-17T11:50:00+00:00,5059,1876.19946289
2013-11-17T12:00:00+00:00,5059,1892.84313965
2013-11-17T12:10:00+00:00,5059,2005.31958008
2013-11-17T12:20:00+00:00,5059,1890.40808558
2013-11-17T12:30:00+00:00,5059,1709.4864502
2013-11-17T12:40:00+00:00,5059,1737.32336426
2013-11-17T12:50:00+00:00,5059,1757.5657959
2013-11-17T13:00:00+00:00,5059,1697.58532715
2013-11-17T13:10:00+00:00,5059,2257.66693638
2013-11-17T13:20:00+00:00,5059,2012.3885498
2013-11-17T13:30:00+00:00,5059,1823.81433105
2013-11-17T13:40:00+00:00,5059,1995.88195801
2013-11-17T13:50:00+00:00,5059,1757.67785645
2013-11-17T14:00:00+00:00,5059,1858.8572998
2013-11-17T14:10:00+00:00,5059,1886.46350098
2013-11-17T14:20:00+00:00,5059,2240.203125
2013-11-17T14:30:00+00:00,5059,2108.76782227
2013-11-17T14:40:00+00:00,5059,2114.00512695
2013-11-17T14:50:00+00:00,5059,2099.43432617
2013-11-17T15:00:00+00:00,5059,2787.5109446
2013-11-17T15:10:00+00:00,5059,1978.82556152
2013-11-17T15:20:00+00:00,5059,2063.63354492
2013-11-17T15:30:00+00:00,5059,1833.80078125
2013-11-17T15:40:00+00:00,5059,2097.01196289
2013-11-17T15:50:00+00:00,5059,2039.03027344
2013-11-17T16:00:00+00:00,5059,2077.60839844
2013-11-17T16:10:00+00:00,5059,2145.05224609
2013-11-17T16:20:00+00:00,5059,2575.54052734
2013-11-17T16:30:00+00:00,5059,1991.6348877
2013-11-17T16:40:00+00:00,5059,1998.26318359
2013-11-17T16:50:00+00:00,5059,1987.88464355
2013-11-17T17:00:00+00:00,5059,2193.03710938
2013-11-17T17:10:00+00:00,5059,1885.70678711
2013-11-17T17:20:00+00:00,5059,2193.33325195
2013-11-17T17:30:00+00:00,5059,1814.13000488
2013-11-17T17:40:00+00:00,5059,1548.06542969
2013-11-17T17:50:00+00:00,5059,1507.26904297
2013-11-17T18:00:00+00:00,5059,1539.94116211
2013-11-17T18:10:00+00:00,5059,1403.77746582
2013-11-17T18:20:00+00:00,5059,1393.04443359
2013-11-17T18:30:00+00:00,5059,1418.58276367
2013-11-17T18:40:00+00:00,5059,1335.66796875
2013-11-17T18:50:00+00:00,5059,1208.67590332
2013-11-17T19:00:00+00:00,5059,1016.9118042
2013-11-17T19:10:00+00:00,5059,993.943237305
2013-11-17T19:20:00+00:00,5059,888.90814209
2013-11-17T19:30:00+00:00,5059,873.747741699
2013-11-17T19:40:00+00:00,5059,876.487304688
2013-11-17T19:50:00+00:00,5059,1271.60961914
2013-11-17T20:00:00+00:00,5059,656.401672363
2013-11-17T20:10:00+00:00,5059,728.098510742
2013-11-17T20:20:00+00:00,5059,737.560852051
2013-11-17T20:30:00+00:00,5059,712.370056152
2013-11-17T20:40:00+00:00,5059,906.109985352
2013-11-17T20:50:00+00:00,5059,711.943359375
2013-11-17T21:00:00+00:00,5059,1107.8416748
2013-11-17T21:10:00+00:00,5059,561.546875
2013-11-17T21:20:00+00:00,5059,423.05871582
2013-11-17T21:30:00+00:00,5059,516.263549805
2013-11-17T21:40:00+00:00,5059,451.345245361
2013-11-17T21:50:00+00:00,5059,485.093200684
2013-11-17T22:00:00+00:00,5059,490.932739258
2013-11-17T22:10:00+00:00,5059,415.133148193
2013-11-17T22:20:00+00:00,5059,441.257781982
2013-11-17T22:30:00+00:00,5059,414.895507812
2013-11-17T22:50:00+00:00,5059,382.413879395
2013-11-17T23:00:00+00:00,5059,364.853485107
2013-11-17T23:10:00+00:00,5059,442.988098145
2013-11-17T23:20:00+00:00,5059,404.281768799
2013-11-17T23:30:00+00:00,5059,282.600891113
2013-11-17T23:40:00+00:00,5059,428.466918945
2013-11-17T23:50:00+00:00,5059,299.503936768
2013-11-18T00:00:00+00:00,5059,243.617828369
2013-11-18T00:10:00+00:00,5059,268.453857422
2013-11-18T00:30:00+00:00,5059,242.330215454
2013-11-18T01:30:00+00:00,5059,257.590911865
2013-11-18T04:40:00+00:00,5059,238.31288147
2013-11-18T05:30:00+00:00,5059,238.663360596
2013-11-18T05:40:00+00:00,5059,256.066375732
2013-11-18T05:50:00+00:00,5059,356.423675537
2013-11-18T06:00:00+00:00,5059,308.767852783
2013-11-18T06:10:00+00:00,5059,369.733123779
2013-11-18T06:20:00+00:00,5059,342.872894287
2013-11-18T06:30:00+00:00,5059,467.404144287
2013-11-18T06:40:00+00:00,5059,518.895507812
2013-11-18T06:50:00+00:00,5059,675.702636719
2013-11-18T07:00:00+00:00,5059,842.58001709
2013-11-18T07:10:00+00:00,5059,769.041625977
2013-11-18T07:20:00+00:00,5059,923.522338867
2013-11-18T07:30:00+00:00,5059,991.209899902
2013-11-18T07:40:00+00:00,5059,1135.05578613
2013-11-18T07:50:00+00:00,5059,1318.02893066
2013-11-18T08:00:00+00:00,5059,1486.74157715
2013-11-18T08:10:00+00:00,5059,1449.8137207
2013-11-18T08:20:00+00:00,5059,1494.29016113
2013-11-18T08:30:00+00:00,5059,1689.65161133
2013-11-18T08:40:00+00:00,5059,1552.2109375
2013-11-18T08:50:00+00:00,5059,1674.32641602
2013-11-18T09:00:00+00:00,5059,1731.80407715
2013-11-18T09:10:00+00:00,5059,1933.84448242
2013-11-18T09:20:00+00:00,5059,2061.26855469
2013-11-18T09:30:00+00:00,5059,2148.06494141
2013-11-18T09:40:00+00:00,5059,1936.60217285
2013-11-18T09:50:00+00:00,5059,2146.28979492
2013-11-18T10:00:00+00:00,5059,2257.06689453
2013-11-18T10:10:00+00:00,5059,2384.62768555
2013-11-18T10:20:00+00:00,5059,2789.23486328
2013-11-18T10:30:00+00:00,5059,2164.7409668
2013-11-18T10:40:00+00:00,5059,2337.8125
2013-11-18T10:50:00+00:00,5059,2695.84619141
2013-11-18T11:00:00+00:00,5059,2780.48486328
2013-11-18T11:10:00+00:00,5059,2799.68286133
2013-11-18T11:20:00+00:00,5059,2836.65600586
2013-11-18T11:30:00+00:00,5059,2861.44262695
2013-11-18T11:40:00+00:00,5059,2715.03930664
2013-11-18T11:50:00+00:00,5059,2749.23315167
2013-11-18T12:00:00+00:00,5059,2768.40307617
2013-11-18T12:10:00+00:00,5059,2960.59072685
2013-11-18T12:20:00+00:00,5059,3258.92602539
2013-11-18T12:30:00+00:00,5059,3352.65283203
2013-11-18T12:40:00+00:00,5059,3083.84130859
2013-11-18T12:50:00+00:00,5059,2924.84765625
2013-11-18T13:00:00+00:00,5059,3059.00976562
2013-11-18T13:10:00+00:00,5059,2839.70532227
2013-11-18T13:20:00+00:00,5059,3089.40136719
2013-11-18T13:30:00+00:00,5059,3387.07213521
2013-11-18T13:40:00+00:00,5059,2803.05902623
2013-11-18T13:50:00+00:00,5059,2688.94628906
2013-11-18T14:00:00+00:00,5059,2455.30224609
2013-11-18T14:10:00+00:00,5059,2818.64794922
2013-11-18T14:20:00+00:00,5059,2659.57470703
2013-11-18T14:30:00+00:00,5059,2625.77099609
2013-11-18T14:40:00+00:00,5059,2328.38745117
2013-11-18T14:50:00+00:00,5059,2753.566401
2013-11-18T15:00:00+00:00,5059,2719.57714844
2013-11-18T15:10:00+00:00,5059,2367.37109375
2013-11-18T15:20:00+00:00,5059,2823.8671875
2013-11-18T15:30:00+00:00,5059,2625.3059082
2013-11-18T15:40:00+00:00,5059,2355.07910156
2013-11-18T15:50:00+00:00,5059,2402.3190918
2013-11-18T16:00:00+00:00,5059,2425.24731445
2013-11-18T16:10:00+00:00,5059,2048.18505859
2013-11-18T16:20:00+00:00,5059,2290.03804755
2013-11-18T16:30:00+00:00,5059,2064.15283203
2013-11-18T16:40:00+00:00,5059,2009.869138
2013-11-18T16:50:00+00:00,5059,2168.09960938
2013-11-18T17:00:00+00:00,5059,2309.08154297
2013-11-18T17:10:00+00:00,5059,2251.43896484
2013-11-18T17:20:00+00:00,5059,2050.29174805
2013-11-18T17:30:00+00:00,5059,1900.76245117
2013-11-18T17:40:00+00:00,5059,2034.03662109
2013-11-18T17:50:00+00:00,5059,2132.66772461
2013-11-18T18:00:00+00:00,5059,1725.30310059
2013-11-18T18:10:00+00:00,5059,1707.40527344
2013-11-18T18:20:00+00:00,5059,1612.02954102
2013-11-18T18:30:00+00:00,5059,1569.19299316
2013-11-18T18:40:00+00:00,5059,1636.25195312
2013-11-18T18:50:00+00:00,5059,1687.01977539
2013-11-18T19:00:00+00:00,5059,1576.5559082
2013-11-18T19:10:00+00:00,5059,1212.70947266
2013-11-18T19:20:00+00:00,5059,1401.7911377
2013-11-18T19:30:00+00:00,5059,1043.9666748
2013-11-18T19:40:00+00:00,5059,1084.22729492
2013-11-18T19:50:00+00:00,5059,1129.87402344
2013-11-18T20:00:00+00:00,5059,965.992126465
2013-11-18T20:10:00+00:00,5059,963.249633789
2013-11-18T20:20:00+00:00,5059,1291.87548828
2013-11-18T20:30:00+00:00,5059,1038.00866699
2013-11-18T20:40:00+00:00,5059,704.585205078
2013-11-18T20:50:00+00:00,5059,919.540649414
2013-11-18T21:00:00+00:00,5059,1060.28540039
2013-11-18T21:10:00+00:00,5059,987.581176758
2013-11-18T21:20:00+00:00,5059,764.936462402
2013-11-18T21:30:00+00:00,5059,699.337341309
2013-11-18T21:40:00+00:00,5059,654.44909668
2013-11-18T21:50:00+00:00,5059,659.226928711
2013-11-18T22:00:00+00:00,5059,594.650085449
2013-11-18T22:10:00+00:00,5059,535.012634277
2013-11-18T22:20:00+00:00,5059,1049.52319336
2013-11-18T22:30:00+00:00,5059,416.541900635
2013-11-18T22:40:00+00:00,5059,435.414886475
2013-11-18T22:50:00+00:00,5059,510.788665771
2013-11-18T23:00:00+00:00,5059,507.938751221
2013-11-18T23:10:00+00:00,5059,568.127624512
2013-11-18T23:20:00+00:00,5059,405.032745361
2013-11-18T23:30:00+00:00,5059,438.156311035
2013-11-18T23:40:00+00:00,5059,347.173248291
2013-11-19T00:00:00+00:00,5059,372.325195312
2013-11-19T00:10:00+00:00,5059,314.156860352
2013-11-19T00:30:00+00:00,5059,328.791107178
2013-11-19T00:40:00+00:00,5059,308.378143311
2013-11-19T00:50:00+00:00,5059,347.267608643
2013-11-19T01:30:00+00:00,5059,278.594818115
2013-11-19T04:30:00+00:00,5059,384.746398926
2013-11-19T05:00:00+00:00,5059,318.935180664
2013-11-19T05:20:00+00:00,5059,356.21661377
2013-11-19T05:30:00+00:00,5059,381.452667236
2013-11-19T05:40:00+00:00,5059,339.440643311
2013-11-19T05:50:00+00:00,5059,377.901275635
2013-11-19T06:00:00+00:00,5059,388.472290039
2013-11-19T06:10:00+00:00,5059,382.478942871
2013-11-19T06:20:00+00:00,5059,440.977233887
2013-11-19T06:30:00+00:00,5059,512.877990723
2013-11-19T06:40:00+00:00,5059,590.685974121
2013-11-19T06:50:00+00:00,5059,777.884521484
2013-11-19T07:00:00+00:00,5059,843.593444824
2013-11-19T07:10:00+00:00,5059,918.575744629
2013-11-19T07:20:00+00:00,5059,1154.01623535
2013-11-19T07:30:00+00:00,5059,1095.56677246
2013-11-19T07:40:00+00:00,5059,1141.74743652
2013-11-19T07:50:00+00:00,5059,1474.75756836
2013-11-19T08:00:00+00:00,5059,1745.18823242
2013-11-19T08:10:00+00:00,5059,1616.93981934
2013-11-19T08:20:00+00:00,5059,1816.43920898
2013-11-19T08:30:00+00:00,5059,2012.39221191
2013-11-19T08:40:00+00:00,5059,2009.4473877
2013-11-19T08:50:00+00:00,5059,1934.24060059
2013-11-19T09:00:00+00:00,5059,2006.37329102
2013-11-19T09:10:00+00:00,5059,2056.78955078
2013-11-19T09:20:00+00:00,5059,2105.20385742
2013-11-19T09:30:00+00:00,5059,1956.99475098
2013-11-19T09:40:00+00:00,5059,2036.18493652
2013-11-19T09:50:00+00:00,5059,2211.39428711
2013-11-19T10:00:00+00:00,5059,2392.35375977
2013-11-19T10:10:00+00:00,5059,2863.25219727
2013-11-19T10:20:00+00:00,5059,2647.02441406
2013-11-19T10:30:00+00:00,5059,3007.94335938
2013-11-19T10:40:00+00:00,5059,2377.47680664
2013-11-19T10:50:00+00:00,5059,2492.66430664
2013-11-19T11:00:00+00:00,5059,3397.19775391
2013-11-19T11:10:00+00:00,5059,3243.32592773
2013-11-19T11:20:00+00:00,5059,2591.765625
2013-11-19T11:30:00+00:00,5059,2777.44824219
2013-11-19T11:40:00+00:00,5059,2421.37329102
2013-11-19T11:50:00+00:00,5059,3094.16625977
2013-11-19T12:00:00+00:00,5059,2982.75415039
2013-11-19T12:10:00+00:00,5059,2703.90795898
2013-11-19T12:20:00+00:00,5059,3100.43994141
2013-11-19T12:30:00+00:00,5059,3387.13818359
2013-11-19T12:40:00+00:00,5059,3251.71655273
2013-11-19T12:50:00+00:00,5059,2834.97558594
2013-11-19T13:00:00+00:00,5059,4652.59716797
2013-11-19T13:10:00+00:00,5059,3198.98608398
2013-11-19T13:20:00+00:00,5059,3664.12036133
2013-11-19T13:30:00+00:00,5059,2949.15942383
2013-11-19T13:40:00+00:00,5059,2817.02075195
2013-11-19T13:50:00+00:00,5059,2683.48242188
2013-11-19T14:00:00+00:00,5059,2397.58496094
2013-11-19T14:10:00+00:00,5059,2318.91113281
2013-11-19T14:20:00+00:00,5059,2768.11865234
2013-11-19T14:30:00+00:00,5059,2442.86816406
2013-11-19T14:40:00+00:00,5059,2486.64233398
2013-11-19T14:50:00+00:00,5059,2742.20507812
2013-11-19T15:00:00+00:00,5059,2687.12548828
2013-11-19T15:10:00+00:00,5059,2631.16772461
2013-11-19T15:20:00+00:00,5059,2522.70288086
2013-11-19T15:30:00+00:00,5059,2466.63085938
2013-11-19T15:40:00+00:00,5059,2532.78149414
2013-11-19T15:50:00+00:00,5059,2383.63500977
2013-11-19T16:00:00+00:00,5059,2231.26074219
2013-11-19T16:10:00+00:00,5059,2250.38574219
2013-11-19T16:20:00+00:00,5059,2157.86889648
2013-11-19T16:30:00+00:00,5059,2340.04858398
2013-11-19T16:40:00+00:00,5059,2303.05883789
2013-11-19T16:50:00+00:00,5059,2267.87841797
2013-11-19T17:00:00+00:00,5059,2388.64697266
2013-11-19T17:10:00+00:00,5059,2231.79663086
2013-11-19T17:20:00+00:00,5059,2065.69189453
2013-11-19T17:30:00+00:00,5059,2170.77441406
2013-11-19T17:40:00+00:00,5059,2137.80786133
2013-11-19T17:50:00+00:00,5059,1983.72973633
2013-11-19T18:00:00+00:00,5059,2140.64770508
2013-11-19T18:10:00+00:00,5059,1934.76049805
2013-11-19T18:20:00+00:00,5059,1646.42468262
2013-11-19T18:30:00+00:00,5059,2057.33276367
2013-11-19T18:40:00+00:00,5059,1708.57116699
2013-11-19T18:50:00+00:00,5059,1692.67333984
2013-11-19T19:00:00+00:00,5059,1653.96557617
2013-11-19T19:10:00+00:00,5059,2117.31079102
2013-11-19T19:20:00+00:00,5059,1687.41455078
2013-11-19T19:30:00+00:00,5059,1342.73083496
2013-11-19T19:40:00+00:00,5059,1281.20959473
2013-11-19T19:50:00+00:00,5059,1310.82067871
2013-11-19T20:00:00+00:00,5059,1447.38977051
2013-11-19T20:10:00+00:00,5059,1295.71765137
2013-11-19T20:20:00+00:00,5059,1369.9876709
2013-11-19T20:30:00+00:00,5059,1124.44250488
2013-11-19T20:40:00+00:00,5059,1411.26794434
2013-11-19T20:50:00+00:00,5059,996.824645996
2013-11-19T21:00:00+00:00,5059,926.960754395
2013-11-19T21:10:00+00:00,5059,886.03527832
2013-11-19T21:20:00+00:00,5059,805.501403809
2013-11-19T21:30:00+00:00,5059,791.620483398
2013-11-19T21:40:00+00:00,5059,734.844970703
2013-11-19T21:50:00+00:00,5059,717.60546875
2013-11-19T22:00:00+00:00,5059,1028.86450195
2013-11-19T22:10:00+00:00,5059,701.05859375
2013-11-19T22:20:00+00:00,5059,724.079101562
2013-11-19T22:30:00+00:00,5059,786.376281738
2013-11-19T22:40:00+00:00,5059,734.565429688
2013-11-19T22:50:00+00:00,5059,794.092041016
2013-11-19T23:00:00+00:00,5059,1059.98718262
2013-11-19T23:10:00+00:00,5059,988.18927002
2013-11-19T23:20:00+00:00,5059,613.026550293
2013-11-19T23:30:00+00:00,5059,714.701599121
2013-11-19T23:40:00+00:00,5059,624.718200684
2013-11-19T23:50:00+00:00,5059,616.601745605
2013-11-20T00:10:00+00:00,5059,608.832458496
2013-11-20T00:20:00+00:00,5059,670.508117676
2013-11-20T00:40:00+00:00,5059,577.989501953
2013-11-20T02:10:00+00:00,5059,539.434143066
2013-11-20T04:30:00+00:00,5059,530.899719238
2013-11-20T05:20:00+00:00,5059,502.976379395
2013-11-20T05:30:00+00:00,5059,558.166015625
2013-11-20T05:40:00+00:00,5059,486.603973389
2013-11-20T05:50:00+00:00,5059,473.961364746
2013-11-20T06:00:00+00:00,5059,624.709411621
2013-11-20T06:10:00+00:00,5059,615.077270508
2013-11-20T06:20:00+00:00,5059,606.807128906
2013-11-20T06:30:00+00:00,5059,695.90625
2013-11-20T06:40:00+00:00,5059,772.903869629
2013-11-20T06:50:00+00:00,5059,843.660827637
2013-11-20T07:00:00+00:00,5059,1097.27075195
2013-11-20T07:10:00+00:00,5059,960.881408691
2013-11-20T07:20:00+00:00,5059,1146.64660645
2013-11-20T07:30:00+00:00,5059,1378.28613281
2013-11-20T07:40:00+00:00,5059,1648.59277344
2013-11-20T07:50:00+00:00,5059,1826.32861328
2013-11-20T08:00:00+00:00,5059,1804.13391113
2013-11-20T08:10:00+00:00,5059,1886.67785645
2013-11-20T08:20:00+00:00,5059,1886.42834473
2013-11-20T08:30:00+00:00,5059,2089.16235352
2013-11-20T08:40:00+00:00,5059,2234.18579102
2013-11-20T08:50:00+00:00,5059,2099.57080078
2013-11-20T09:00:00+00:00,5059,2606.31958008
2013-11-20T09:10:00+00:00,5059,2468.26977539
2013-11-20T09:20:00+00:00,5059,2640.70485139
2013-11-20T09:30:00+00:00,5059,3064.88818359
2013-11-20T09:40:00+00:00,5059,2752.70458984
2013-11-20T09:50:00+00:00,5059,2823.59399414
2013-11-20T10:00:00+00:00,5059,2777.80029297
2013-11-20T10:10:00+00:00,5059,2472.07104492
2013-11-20T10:20:00+00:00,5059,2595.94140625
2013-11-20T10:30:00+00:00,5059,2634.30981445
2013-11-20T10:40:00+00:00,5059,2586.25732422
2013-11-20T10:50:00+00:00,5059,2938.99951172
2013-11-20T11:00:00+00:00,5059,3369.95043945
2013-11-20T11:10:00+00:00,5059,3394.66235352
2013-11-20T11:20:00+00:00,5059,2857.65527344
2013-11-20T11:30:00+00:00,5059,2949.22949219
2013-11-20T11:40:00+00:00,5059,2802.62255859
2013-11-20T11:50:00+00:00,5059,3068.55042124
2013-11-20T12:00:00+00:00,5059,3109.99926758
2013-11-20T12:10:00+00:00,5059,2929.26220703
2013-11-20T12:20:00+00:00,5059,3093.73461914
2013-11-20T12:30:00+00:00,5059,3032.078125
2013-11-20T12:40:00+00:00,5059,3518.59153867
2013-11-20T12:50:00+00:00,5059,3744.12988281
2013-11-20T13:00:00+00:00,5059,3387.50146484
2013-11-20T13:10:00+00:00,5059,3080.35693359
2013-11-20T13:20:00+00:00,5059,3101.38267946
2013-11-20T13:30:00+00:00,5059,3468.92675781
2013-11-20T13:40:00+00:00,5059,2738.00463867
2013-11-20T13:50:00+00:00,5059,2568.62280273
2013-11-20T14:00:00+00:00,5059,2661.65991211
2013-11-20T14:10:00+00:00,5059,2460.81982422
2013-11-20T14:20:00+00:00,5059,2378.0300293
2013-11-20T14:30:00+00:00,5059,2662.90991211
2013-11-20T14:40:00+00:00,5059,2847.22924805
2013-11-20T14:50:00+00:00,5059,3173.12783527
2013-11-20T15:00:00+00:00,5059,2880.29345703
2013-11-20T15:10:00+00:00,5059,2560.57128906
2013-11-20T15:20:00+00:00,5059,2760.20849609
2013-11-20T15:30:00+00:00,5059,3254.01074219
2013-11-20T15:40:00+00:00,5059,3082.40454102
2013-11-20T15:50:00+00:00,5059,2368.4519043
2013-11-20T16:00:00+00:00,5059,2358.01391602
2013-11-20T16:10:00+00:00,5059,2594.35766602
2013-11-20T16:20:00+00:00,5059,3071.03637695
2013-11-20T16:30:00+00:00,5059,2624.04956055
2013-11-20T16:40:00+00:00,5059,2627.08325195
2013-11-20T16:50:00+00:00,5059,2258.77490234
2013-11-20T17:00:00+00:00,5059,2218.63378906
2013-11-20T17:10:00+00:00,5059,2456.90917969
2013-11-20T17:20:00+00:00,5059,2466.85791016
2013-11-20T17:30:00+00:00,5059,3072.82495117
2013-11-20T17:40:00+00:00,5059,2407.37451172
2013-11-20T17:50:00+00:00,5059,2587.90356445
2013-11-20T18:00:00+00:00,5059,2644.20800781
2013-11-20T18:10:00+00:00,5059,2041.25524902
2013-11-20T18:20:00+00:00,5059,2067.55004883
2013-11-20T18:30:00+00:00,5059,1900.57678223
2013-11-20T18:40:00+00:00,5059,1647.36474609
2013-11-20T18:50:00+00:00,5059,1937.94763184
2013-11-20T19:00:00+00:00,5059,1585.5020752
2013-11-20T19:10:00+00:00,5059,1314.22900391
2013-11-20T19:20:00+00:00,5059,1295.90698242
2013-11-20T19:30:00+00:00,5059,1675.59301758
2013-11-20T19:40:00+00:00,5059,1342.765625
2013-11-20T19:50:00+00:00,5059,1908.9407959
2013-11-20T20:00:00+00:00,5059,1167.02478027
2013-11-20T20:10:00+00:00,5059,1048.2043457
2013-11-20T20:20:00+00:00,5059,1299.67370605
2013-11-20T20:30:00+00:00,5059,950.502563477
2013-11-20T20:40:00+00:00,5059,1056.03649902
2013-11-20T20:50:00+00:00,5059,1120.91845703
2013-11-20T21:00:00+00:00,5059,1014.75006104
2013-11-20T21:10:00+00:00,5059,969.276428223
2013-11-20T21:20:00+00:00,5059,1245.13000488
2013-11-20T21:30:00+00:00,5059,764.390441895
2013-11-20T21:40:00+00:00,5059,741.765136719
2013-11-20T21:50:00+00:00,5059,728.317932129
2013-11-20T22:00:00+00:00,5059,700.752258301
2013-11-20T22:10:00+00:00,5059,709.483093262
2013-11-20T22:20:00+00:00,5059,593.417785645
2013-11-20T22:30:00+00:00,5059,723.58581543
2013-11-20T22:40:00+00:00,5059,695.147338867
2013-11-20T22:50:00+00:00,5059,658.577148438
2013-11-20T23:00:00+00:00,5059,694.33001709
2013-11-20T23:10:00+00:00,5059,645.876159668
2013-11-20T23:20:00+00:00,5059,738.441894531
2013-11-20T23:30:00+00:00,5059,458.970397949
2013-11-20T23:40:00+00:00,5059,472.515197754
2013-11-20T23:50:00+00:00,5059,465.131561279
2013-11-21T00:00:00+00:00,5059,445.642028809
2013-11-21T00:10:00+00:00,5059,412.3125
2013-11-21T00:20:00+00:00,5059,525.411621094
2013-11-21T04:20:00+00:00,5059,323.320495605
2013-11-21T05:10:00+00:00,5059,291.458557129
2013-11-21T05:20:00+00:00,5059,337.838287354
2013-11-21T05:40:00+00:00,5059,347.970489502
2013-11-21T05:50:00+00:00,5059,420.839538574
2013-11-21T06:00:00+00:00,5059,407.866333008
2013-11-21T06:10:00+00:00,5059,416.987030029
2013-11-21T06:20:00+00:00,5059,511.687469482
2013-11-21T06:30:00+00:00,5059,543.680297852
2013-11-21T06:40:00+00:00,5059,562.142272949
2013-11-21T06:50:00+00:00,5059,819.651977539
2013-11-21T07:00:00+00:00,5059,1277.26367188
2013-11-21T07:10:00+00:00,5059,1187.15820312
2013-11-21T07:20:00+00:00,5059,1161.39367676
2013-11-21T07:30:00+00:00,5059,1586.89343262
2013-11-21T07:40:00+00:00,5059,1362.65197754
2013-11-21T07:50:00+00:00,5059,1494.78558873
2013-11-21T08:00:00+00:00,5059,1957.22937012
2013-11-21T08:10:00+00:00,5059,1744.93249512
2013-11-21T08:20:00+00:00,5059,1985.20678711
2013-11-21T08:30:00+00:00,5059,1932.0579834
2013-11-21T08:40:00+00:00,5059,2189.01171875
2013-11-21T08:50:00+00:00,5059,2078.43115234
2013-11-21T09:00:00+00:00,5059,2198.67797852
2013-11-21T09:10:00+00:00,5059,2377.2175293
2013-11-21T09:20:00+00:00,5059,2611.82324219
2013-11-21T09:30:00+00:00,5059,2896.57910156
2013-11-21T09:40:00+00:00,5059,2726.1003418
2013-11-21T09:50:00+00:00,5059,3097.87133789
2013-11-21T10:00:00+00:00,5059,2464.24145508
2013-11-21T10:10:00+00:00,5059,2425.65136719
2013-11-21T10:20:00+00:00,5059,2572.94946289
2013-11-21T10:30:00+00:00,5059,2767.24853516
2013-11-21T10:40:00+00:00,5059,2640.04589844
2013-11-21T10:50:00+00:00,5059,2693.96044922
2013-11-21T11:00:00+00:00,5059,3084.09619141
2013-11-21T11:10:00+00:00,5059,2783.68261719
2013-11-21T11:20:00+00:00,5059,3031.66333008
2013-11-21T11:30:00+00:00,5059,3084.22900391
2013-11-21T11:40:00+00:00,5059,3169.49365234
2013-11-21T11:50:00+00:00,5059,2824.84838867
2013-11-21T12:00:00+00:00,5059,2963.41479492
2013-11-21T12:10:00+00:00,5059,3180.92919922
2013-11-21T12:20:00+00:00,5059,3050.43164062
2013-11-21T12:30:00+00:00,5059,3614.41648293
2013-11-21T12:40:00+00:00,5059,3266.22949219
2013-11-21T12:50:00+00:00,5059,3310.00244141
2013-11-21T13:00:00+00:00,5059,3837.42675781
2013-11-21T13:10:00+00:00,5059,3543.19824219
2013-11-21T13:20:00+00:00,5059,3049.12353516
2013-11-21T13:30:00+00:00,5059,2921.2512207
2013-11-21T13:40:00+00:00,5059,2773.01000977
2013-11-21T13:50:00+00:00,5059,2660.06567383
2013-11-21T14:00:00+00:00,5059,3386.91992188
2013-11-21T14:10:00+00:00,5059,3237.08105469
2013-11-21T14:20:00+00:00,5059,2946.94042969
2013-11-21T14:30:00+00:00,5059,2577.09716797
2013-11-21T14:40:00+00:00,5059,2499.58442602
2013-11-21T14:50:00+00:00,5059,2482.97485352
2013-11-21T15:00:00+00:00,5059,2519.38696289
2013-11-21T15:10:00+00:00,5059,2560.70214844
2013-11-21T15:20:00+00:00,5059,2665.18614888
2013-11-21T15:30:00+00:00,5059,2280.76342773
2013-11-21T15:40:00+00:00,5059,2243.65258789
2013-11-21T15:50:00+00:00,5059,2591.09204102
2013-11-21T16:00:00+00:00,5059,2288.00317383
2013-11-21T16:10:00+00:00,5059,2176.90820312
2013-11-21T16:20:00+00:00,5059,2042.62390137
2013-11-21T16:30:00+00:00,5059,2072.93432617
2013-11-21T16:40:00+00:00,5059,2374.69042969
2013-11-21T16:50:00+00:00,5059,2022.49902344
2013-11-21T17:00:00+00:00,5059,1925.2644043
2013-11-21T17:10:00+00:00,5059,2051.72485352
2013-11-21T17:20:00+00:00,5059,2328.16308594
2013-11-21T17:30:00+00:00,5059,2088.07836914
2013-11-21T17:40:00+00:00,5059,2068.39794922
2013-11-21T17:50:00+00:00,5059,2214.46728516
2013-11-21T18:00:00+00:00,5059,2005.99304199
2013-11-21T18:10:00+00:00,5059,1942.43249512
2013-11-21T18:20:00+00:00,5059,1946.73388672
2013-11-21T18:30:00+00:00,5059,1845.40783691
2013-11-21T18:40:00+00:00,5059,1763.4206543
2013-11-21T18:50:00+00:00,5059,1782.69567871
2013-11-21T19:00:00+00:00,5059,1969.83752441
2013-11-21T19:10:00+00:00,5059,1399.10302734
2013-11-21T19:20:00+00:00,5059,1516.17871094
2013-11-21T19:30:00+00:00,5059,1276.3067627
2013-11-21T19:40:00+00:00,5059,1266.13293457
2013-11-21T19:50:00+00:00,5059,1219.78381348
2013-11-21T20:00:00+00:00,5059,1546.53210449
2013-11-21T20:10:00+00:00,5059,1046.15612793
2013-11-21T20:20:00+00:00,5059,1300.86584473
2013-11-21T20:30:00+00:00,5059,1199.05529785
2013-11-21T20:40:00+00:00,5059,1281.38464355
2013-11-21T20:50:00+00:00,5059,906.719299316
2013-11-21T21:00:00+00:00,5059,1157.40698242
2013-11-21T21:10:00+00:00,5059,926.314147949
2013-11-21T21:20:00+00:00,5059,743.718811035
2013-11-21T21:30:00+00:00,5059,766.544433594
2013-11-21T21:40:00+00:00,5059,630.984069824
2013-11-21T21:50:00+00:00,5059,763.043640137
2013-11-21T22:00:00+00:00,5059,880.606384277
2013-11-21T22:10:00+00:00,5059,590.214538574
2013-11-21T22:20:00+00:00,5059,729.946838379
2013-11-21T22:30:00+00:00,5059,506.693054199
2013-11-21T22:40:00+00:00,5059,440.651397705
2013-11-21T22:50:00+00:00,5059,506.94229126
2013-11-21T23:00:00+00:00,5059,479.027008057
2013-11-21T23:10:00+00:00,5059,345.31729126
2013-11-21T23:20:00+00:00,5059,434.343933105
2013-11-21T23:30:00+00:00,5059,451.940124512
2013-11-21T23:50:00+00:00,5059,428.517852783
2013-11-22T00:00:00+00:00,5059,396.100982666
2013-11-22T00:10:00+00:00,5059,322.921447754
2013-11-22T00:20:00+00:00,5059,339.053588867
2013-11-22T01:10:00+00:00,5059,257.960113525
2013-11-22T02:10:00+00:00,5059,283.468444824
2013-11-22T02:30:00+00:00,5059,280.703033447
2013-11-22T02:40:00+00:00,5059,243.86239624
2013-11-22T03:20:00+00:00,5059,291.845489502
2013-11-22T04:00:00+00:00,5059,247.086669922
2013-11-22T04:20:00+00:00,5059,274.93838501
2013-11-22T04:40:00+00:00,5059,267.334320068
2013-11-22T05:40:00+00:00,5059,309.454864502
2013-11-22T05:50:00+00:00,5059,299.353240967
2013-11-22T06:00:00+00:00,5059,445.189605713
2013-11-22T06:10:00+00:00,5059,511.671630859
2013-11-22T06:20:00+00:00,5059,468.971496582
2013-11-22T06:30:00+00:00,5059,378.483947754
2013-11-22T06:40:00+00:00,5059,584.660949707
2013-11-22T06:50:00+00:00,5059,698.954406738
2013-11-22T07:00:00+00:00,5059,697.702209473
2013-11-22T07:10:00+00:00,5059,846.084350586
2013-11-22T07:20:00+00:00,5059,909.784484863
2013-11-22T07:30:00+00:00,5059,1119.76013184
2013-11-22T07:40:00+00:00,5059,1279.18383789
2013-11-22T07:50:00+00:00,5059,1305.61975098
2013-11-22T08:00:00+00:00,5059,1569.27319336
2013-11-22T08:10:00+00:00,5059,1613.05163574
2013-11-22T08:20:00+00:00,5059,1652.85778809
2013-11-22T08:30:00+00:00,5059,1397.05651855
2013-11-22T08:40:00+00:00,5059,1829.67285156
2013-11-22T08:50:00+00:00,5059,1767.12548828
2013-11-22T09:00:00+00:00,5059,2166.56176758
2013-11-22T09:10:00+00:00,5059,2062.92578125
2013-11-22T09:20:00+00:00,5059,1851.3359375
2013-11-22T09:30:00+00:00,5059,2014.17260742
2013-11-22T09:40:00+00:00,5059,2013.56787109
2013-11-22T09:50:00+00:00,5059,1970.31958008
2013-11-22T10:00:00+00:00,5059,2215.81660938
2013-11-22T10:10:00+00:00,5059,2177.00854492
2013-11-22T10:20:00+00:00,5059,2165.93139648
2013-11-22T10:30:00+00:00,5059,2340.80444336
2013-11-22T10:40:00+00:00,5059,2139.26489258
2013-11-22T10:50:00+00:00,5059,2274.84277344
2013-11-22T11:00:00+00:00,5059,2397.08789062
2013-11-22T11:10:00+00:00,5059,2789.63183594
2013-11-22T11:20:00+00:00,5059,2012.72399902
2013-11-22T11:30:00+00:00,5059,2319.22730637
2013-11-22T11:40:00+00:00,5059,2160.44458008
2013-11-22T11:50:00+00:00,5059,2450.11499023
2013-11-22T12:00:00+00:00,5059,2649.04785156
2013-11-22T12:10:00+00:00,5059,2544.30517578
2013-11-22T12:20:00+00:00,5059,2674.80151367
2013-11-22T12:30:00+00:00,5059,3117.22045898
2013-11-22T12:40:00+00:00,5059,2845.28198242
2013-11-22T12:50:00+00:00,5059,2938.87016106
2013-11-22T13:00:00+00:00,5059,2944.57421875
2013-11-22T13:10:00+00:00,5059,2962.55297852
2013-11-22T13:20:00+00:00,5059,2591.92089844
2013-11-22T13:30:00+00:00,5059,2492.82202148
2013-11-22T13:40:00+00:00,5059,2960.33520508
2013-11-22T13:50:00+00:00,5059,2804.82224894
2013-11-22T14:00:00+00:00,5059,2514.18188477
2013-11-22T14:10:00+00:00,5059,2753.7902832
2013-11-22T14:20:00+00:00,5059,2447.30639648
2013-11-22T14:30:00+00:00,5059,2714.525159
2013-11-22T14:40:00+00:00,5059,2676.33422852
2013-11-22T14:50:00+00:00,5059,2577.51733398
2013-11-22T15:00:00+00:00,5059,2436.82103705
2013-11-22T15:10:00+00:00,5059,2631.5637207
2013-11-22T15:20:00+00:00,5059,2978.60743439
2013-11-22T15:30:00+00:00,5059,2675.51538086
2013-11-22T15:40:00+00:00,5059,3048.85668945
2013-11-22T15:50:00+00:00,5059,2460.70141602
2013-11-22T16:00:00+00:00,5059,2286.65258789
2013-11-22T16:10:00+00:00,5059,2267.15454102
2013-11-22T16:20:00+00:00,5059,1966.6776123
2013-11-22T16:30:00+00:00,5059,2529.49707031
2013-11-22T16:40:00+00:00,5059,2602.609375
2013-11-22T16:50:00+00:00,5059,2284.48217773
2013-11-22T17:00:00+00:00,5059,2499.53393555
2013-11-22T17:10:00+00:00,5059,2724.11352539
2013-11-22T17:20:00+00:00,5059,2300.58154297
2013-11-22T17:30:00+00:00,5059,2232.46777344
2013-11-22T17:40:00+00:00,5059,2183.66650391
2013-11-22T17:50:00+00:00,5059,1663.69055176
2013-11-22T18:00:00+00:00,5059,2157.91772461
2013-11-22T18:10:00+00:00,5059,2049.47680664
2013-11-22T18:20:00+00:00,5059,1960.5189209
2013-11-22T18:30:00+00:00,5059,1556.53869629
2013-11-22T18:40:00+00:00,5059,1604.91906738
2013-11-22T18:50:00+00:00,5059,1437.83227539
2013-11-22T19:00:00+00:00,5059,1571.32507324
2013-11-22T19:10:00+00:00,5059,1336.52587891
2013-11-22T19:20:00+00:00,5059,1193.26989746
2013-11-22T19:30:00+00:00,5059,984.609375
2013-11-22T19:40:00+00:00,5059,956.268615723
2013-11-22T19:50:00+00:00,5059,1139.35131836
2013-11-22T20:00:00+00:00,5059,951.414306641
2013-11-22T20:10:00+00:00,5059,1246.66259766
2013-11-22T20:20:00+00:00,5059,1312.47521973
2013-11-22T20:30:00+00:00,5059,1156.37072754
2013-11-22T20:40:00+00:00,5059,1014.85223389
2013-11-22T20:50:00+00:00,5059,1137.62780762
2013-11-22T21:00:00+00:00,5059,1161.14001465
2013-11-22T21:10:00+00:00,5059,1007.67022705
2013-11-22T21:20:00+00:00,5059,920.420654297
2013-11-22T21:30:00+00:00,5059,965.687077664
2013-11-22T21:40:00+00:00,5059,851.761047363
2013-11-22T21:50:00+00:00,5059,1291.31933594
2013-11-22T22:00:00+00:00,5059,1198.02661133
2013-11-22T22:10:00+00:00,5059,804.16229248
2013-11-22T22:20:00+00:00,5059,923.627624512
2013-11-22T22:30:00+00:00,5059,681.692626953
2013-11-22T22:40:00+00:00,5059,960.572875977
2013-11-22T22:50:00+00:00,5059,1169.64221191
2013-11-22T23:00:00+00:00,5059,806.82409668
2013-11-22T23:10:00+00:00,5059,549.499145508
2013-11-22T23:20:00+00:00,5059,620.680175781
2013-11-22T23:30:00+00:00,5059,683.00390625
2013-11-22T23:40:00+00:00,5059,452.249664307
2013-11-23T00:00:00+00:00,5059,469.970214844
2013-11-23T00:10:00+00:00,5059,452.78302002
2013-11-23T00:30:00+00:00,5059,392.716339111
2013-11-23T00:40:00+00:00,5059,393.714050293
2013-11-23T00:50:00+00:00,5059,304.578338623
2013-11-23T01:00:00+00:00,5059,316.83416748
2013-11-23T01:40:00+00:00,5059,388.580078125
2013-11-23T01:50:00+00:00,5059,303.958709717
2013-11-23T03:10:00+00:00,5059,298.685821533
2013-11-23T03:20:00+00:00,5059,292.29284668
2013-11-23T03:30:00+00:00,5059,305.556640625
2013-11-23T03:40:00+00:00,5059,315.659912109
2013-11-23T04:30:00+00:00,5059,314.825317383
2013-11-23T04:40:00+00:00,5059,309.626220703
2013-11-23T05:20:00+00:00,5059,292.44631958
2013-11-23T05:40:00+00:00,5059,325.325744629
2013-11-23T05:50:00+00:00,5059,332.066741943
2013-11-23T06:00:00+00:00,5059,337.410491943
2013-11-23T06:10:00+00:00,5059,348.204406738
2013-11-23T06:20:00+00:00,5059,357.495941162
2013-11-23T06:30:00+00:00,5059,342.563751221
2013-11-23T06:40:00+00:00,5059,518.250061035
2013-11-23T06:50:00+00:00,5059,491.317932129
2013-11-23T07:00:00+00:00,5059,460.324584961
2013-11-23T07:10:00+00:00,5059,544.02911377
2013-11-23T07:20:00+00:00,5059,481.892547607
2013-11-23T07:30:00+00:00,5059,540.369812012
2013-11-23T07:40:00+00:00,5059,584.468017578
2013-11-23T07:50:00+00:00,5059,482.597442627
2013-11-23T08:00:00+00:00,5059,626.693603516
2013-11-23T08:10:00+00:00,5059,797.072875977
2013-11-23T08:20:00+00:00,5059,672.62322998
2013-11-23T08:30:00+00:00,5059,697.840270996
2013-11-23T08:40:00+00:00,5059,672.591796875
2013-11-23T08:50:00+00:00,5059,791.759216309
2013-11-23T09:00:00+00:00,5059,810.640319824
2013-11-23T09:10:00+00:00,5059,905.957885742
2013-11-23T09:20:00+00:00,5059,852.954956055
2013-11-23T09:30:00+00:00,5059,1249.64807129
2013-11-23T09:40:00+00:00,5059,1140.1505127
2013-11-23T09:50:00+00:00,5059,1229.65966797
2013-11-23T10:00:00+00:00,5059,1550.1343534
2013-11-23T10:10:00+00:00,5059,1523.2565918
2013-11-23T10:20:00+00:00,5059,1377.00585938
2013-11-23T10:30:00+00:00,5059,1291.36401367
2013-11-23T10:40:00+00:00,5059,1579.69189453
2013-11-23T10:50:00+00:00,5059,1483.7467041
2013-11-23T11:00:00+00:00,5059,1605.50732422
2013-11-23T11:10:00+00:00,5059,1721.98266602
2013-11-23T11:20:00+00:00,5059,1623.5546875
2013-11-23T11:30:00+00:00,5059,1608.59667969
2013-11-23T11:40:00+00:00,5059,1737.07897949
2013-11-23T11:50:00+00:00,5059,1818.55187988
2013-11-23T12:00:00+00:00,5059,1974.18640137
2013-11-23T12:10:00+00:00,5059,2698.38061523
2013-11-23T12:20:00+00:00,5059,3189.81884766
2013-11-23T12:30:00+00:00,5059,3280.78613281
2013-11-23T12:40:00+00:00,5059,2307.14111328
2013-11-23T12:50:00+00:00,5059,2691.28857422
2013-11-23T13:00:00+00:00,5059,2223.56738281
2013-11-23T13:10:00+00:00,5059,2790.60595703
2013-11-23T13:20:00+00:00,5059,2324.25390625
2013-11-23T13:30:00+00:00,5059,2128.23408127
2013-11-23T13:40:00+00:00,5059,2296.95068359
2013-11-23T13:50:00+00:00,5059,2679.24152088
2013-11-23T14:00:00+00:00,5059,2208.73133969
2013-11-23T14:10:00+00:00,5059,2294.84277344
2013-11-23T14:20:00+00:00,5059,2144.21289062
2013-11-23T14:30:00+00:00,5059,2380.11499023
2013-11-23T14:40:00+00:00,5059,2570.25940096
2013-11-23T14:50:00+00:00,5059,2544.58126068
2013-11-23T15:00:00+00:00,5059,2525.30810547
2013-11-23T15:10:00+00:00,5059,2498.50244141
2013-11-23T15:20:00+00:00,5059,2389.97485352
2013-11-23T15:30:00+00:00,5059,2657.58032227
2013-11-23T15:40:00+00:00,5059,2541.32397461
2013-11-23T15:50:00+00:00,5059,2975.62541008
2013-11-23T16:00:00+00:00,5059,2363.44140625
2013-11-23T16:10:00+00:00,5059,2532.60131836
2013-11-23T16:20:00+00:00,5059,2761.13881356
2013-11-23T16:30:00+00:00,5059,3245.48565006
2013-11-23T16:40:00+00:00,5059,3026.89424047
2013-11-23T16:50:00+00:00,5059,2524.62402344
2013-11-23T17:00:00+00:00,5059,2291.38085938
2013-11-23T17:10:00+00:00,5059,2408.20019531
2013-11-23T17:20:00+00:00,5059,2444.65380859
2013-11-23T17:30:00+00:00,5059,2272.74316406
2013-11-23T17:40:00+00:00,5059,2529.98570943
2013-11-23T17:50:00+00:00,5059,2169.79370117
2013-11-23T18:00:00+00:00,5059,2063.13916016
2013-11-23T18:10:00+00:00,5059,1979.62133789
2013-11-23T18:20:00+00:00,5059,2674.09936523
2013-11-23T18:30:00+00:00,5059,2417.73291016
2013-11-23T18:40:00+00:00,5059,2466.78491211
2013-11-23T18:50:00+00:00,5059,2537.0378418
2013-11-23T19:00:00+00:00,5059,2246.75268555
2013-11-23T19:10:00+00:00,5059,1966.90637207
2013-11-23T19:20:00+00:00,5059,1488.28210449
2013-11-23T19:30:00+00:00,5059,1480.59887695
2013-11-23T19:40:00+00:00,5059,1790.19360352
2013-11-23T19:50:00+00:00,5059,1354.97253418
2013-11-23T20:00:00+00:00,5059,1203.48278809
2013-11-23T20:10:00+00:00,5059,1272.18164062
2013-11-23T20:20:00+00:00,5059,1270.69543457
2013-11-23T20:30:00+00:00,5059,1081.22570801
2013-11-23T20:40:00+00:00,5059,1497.58886719
2013-11-23T20:50:00+00:00,5059,1461.78027344
2013-11-23T21:00:00+00:00,5059,1674.1081543
2013-11-23T21:10:00+00:00,5059,1191.33239746
2013-11-23T21:20:00+00:00,5059,990.303100586
2013-11-23T21:30:00+00:00,5059,801.236083984
2013-11-23T21:40:00+00:00,5059,778.51965332
2013-11-23T21:50:00+00:00,5059,835.677612305
2013-11-23T22:00:00+00:00,5059,791.165588379
2013-11-23T22:10:00+00:00,5059,658.006408691
2013-11-23T22:20:00+00:00,5059,845.809814453
2013-11-23T22:30:00+00:00,5059,790.948181152
2013-11-23T22:40:00+00:00,5059,750.012329102
2013-11-23T22:50:00+00:00,5059,621.726501465
2013-11-23T23:00:00+00:00,5059,669.935241699
2013-11-23T23:10:00+00:00,5059,581.507507324
2013-11-23T23:20:00+00:00,5059,785.741821289
2013-11-23T23:30:00+00:00,5059,527.020202637
2013-11-23T23:40:00+00:00,5059,541.598266602
2013-11-23T23:50:00+00:00,5059,555.538330078
2013-11-24T00:00:00+00:00,5059,469.063171387
2013-11-24T00:10:00+00:00,5059,433.146728516
2013-11-24T00:20:00+00:00,5059,441.51260376
2013-11-24T00:30:00+00:00,5059,358.757446289
2013-11-24T00:40:00+00:00,5059,370.906341553
2013-11-24T00:50:00+00:00,5059,466.559356689
2013-11-24T01:00:00+00:00,5059,349.242980957
2013-11-24T01:10:00+00:00,5059,363.009368896
2013-11-24T01:40:00+00:00,5059,322.403106689
2013-11-24T02:40:00+00:00,5059,300.724517822
2013-11-24T02:50:00+00:00,5059,285.021911621
2013-11-24T03:10:00+00:00,5059,260.187988281
2013-11-24T03:20:00+00:00,5059,263.096832275
2013-11-24T03:50:00+00:00,5059,270.766113281
2013-11-24T04:00:00+00:00,5059,286.360565186
2013-11-24T04:20:00+00:00,5059,245.675109863
2013-11-24T04:30:00+00:00,5059,254.996368408
2013-11-24T04:50:00+00:00,5059,245.575469971
2013-11-24T05:50:00+00:00,5059,246.982299805
2013-11-24T06:20:00+00:00,5059,277.839599609
2013-11-24T06:30:00+00:00,5059,489.660980225
2013-11-24T06:40:00+00:00,5059,620.152160645
2013-11-24T07:00:00+00:00,5059,394.745941162
2013-11-24T07:10:00+00:00,5059,311.180480957
2013-11-24T07:20:00+00:00,5059,416.153717041
2013-11-24T07:30:00+00:00,5059,337.445251465
2013-11-24T07:40:00+00:00,5059,438.288238525
2013-11-24T07:50:00+00:00,5059,482.868530273
2013-11-24T08:00:00+00:00,5059,374.328918457
2013-11-24T08:10:00+00:00,5059,396.398681641
2013-11-24T08:20:00+00:00,5059,398.423217773
2013-11-24T08:30:00+00:00,5059,395.847381592
2013-11-24T08:40:00+00:00,5059,507.285888672
2013-11-24T08:50:00+00:00,5059,485.69329834
2013-11-24T09:00:00+00:00,5059,563.331604004
2013-11-24T09:10:00+00:00,5059,686.287902832
2013-11-24T09:20:00+00:00,5059,748.571411133
2013-11-24T09:30:00+00:00,5059,838.255859375
2013-11-24T09:40:00+00:00,5059,1152.24060059
2013-11-24T09:50:00+00:00,5059,1063.4074707
2013-11-24T10:00:00+00:00,5059,1345.82348633
2013-11-24T10:10:00+00:00,5059,1157.44458008
2013-11-24T10:20:00+00:00,5059,1090.15405273
2013-11-24T10:30:00+00:00,5059,1189.74707031
2013-11-24T10:40:00+00:00,5059,1180.04821777
2013-11-24T10:50:00+00:00,5059,1323.73791504
2013-11-24T11:00:00+00:00,5059,1587.69464634
2013-11-24T11:10:00+00:00,5059,1339.74121094
2013-11-24T11:20:00+00:00,5059,1548.20495605
2013-11-24T11:30:00+00:00,5059,1503.79626465
2013-11-24T11:40:00+00:00,5059,1395.96130371
2013-11-24T11:50:00+00:00,5059,1619.62243652
2013-11-24T12:00:00+00:00,5059,1855.7043457
2013-11-24T12:10:00+00:00,5059,1965.10705566
2013-11-24T12:20:00+00:00,5059,1745.81897926
2013-11-24T12:30:00+00:00,5059,1615.73010254
2013-11-24T12:40:00+00:00,5059,1677.84008789
2013-11-24T12:50:00+00:00,5059,1667.21264648
2013-11-24T13:00:00+00:00,5059,1777.75244141
2013-11-24T13:10:00+00:00,5059,1902.66040039
2013-11-24T13:20:00+00:00,5059,2162.65576172
2013-11-24T13:30:00+00:00,5059,1964.7598877
2013-11-24T13:40:00+00:00,5059,1726.44812012
2013-11-24T13:50:00+00:00,5059,1871.31494141
2013-11-24T14:00:00+00:00,5059,1882.32971907
2013-11-24T14:10:00+00:00,5059,1805.92041016
2013-11-24T14:20:00+00:00,5059,2192.54369855
2013-11-24T14:30:00+00:00,5059,1897.42578125
2013-11-24T14:40:00+00:00,5059,2163.83276367
2013-11-24T14:50:00+00:00,5059,2525.28295898
2013-11-24T15:00:00+00:00,5059,2610.60180664
2013-11-24T15:10:00+00:00,5059,2278.10674381
2013-11-24T15:20:00+00:00,5059,2980.80126953
2013-11-24T15:30:00+00:00,5059,2411.86450195
2013-11-24T15:40:00+00:00,5059,2553.88208008
2013-11-24T15:50:00+00:00,5059,2060.78710938
2013-11-24T16:00:00+00:00,5059,3298.01904297
2013-11-24T16:10:00+00:00,5059,2197.81469727
2013-11-24T16:20:00+00:00,5059,2148.06665039
2013-11-24T16:30:00+00:00,5059,2459.48388672
2013-11-24T16:40:00+00:00,5059,2298.77856445
2013-11-24T16:50:00+00:00,5059,1990.01525879
2013-11-24T17:00:00+00:00,5059,2755.41430664
2013-11-24T17:10:00+00:00,5059,2396.80688477
2013-11-24T17:20:00+00:00,5059,1844.01135254
2013-11-24T17:30:00+00:00,5059,1776.87194824
2013-11-24T17:40:00+00:00,5059,1857.76269531
2013-11-24T17:50:00+00:00,5059,2052.13647461
2013-11-24T18:00:00+00:00,5059,1853.98059082
2013-11-24T18:10:00+00:00,5059,1934.60253906
2013-11-24T18:20:00+00:00,5059,1806.35644531
2013-11-24T18:30:00+00:00,5059,1753.27624512
2013-11-24T18:40:00+00:00,5059,1444.41491699
2013-11-24T18:50:00+00:00,5059,1282.49511719
2013-11-24T19:00:00+00:00,5059,1222.0826416
2013-11-24T19:10:00+00:00,5059,1127.34143066
2013-11-24T19:20:00+00:00,5059,1214.38549805
2013-11-24T19:30:00+00:00,5059,1103.94226074
2013-11-24T19:40:00+00:00,5059,1009.44976807
2013-11-24T19:50:00+00:00,5059,1151.94812012
2013-11-24T20:00:00+00:00,5059,885.482666016
2013-11-24T20:10:00+00:00,5059,821.565795898
2013-11-24T20:20:00+00:00,5059,636.799926758
2013-11-24T20:30:00+00:00,5059,686.12298584
2013-11-24T20:40:00+00:00,5059,913.088500977
2013-11-24T20:50:00+00:00,5059,658.889709473
2013-11-24T21:00:00+00:00,5059,757.973144531
2013-11-24T21:10:00+00:00,5059,782.877502441
2013-11-24T21:20:00+00:00,5059,830.264770508
2013-11-24T21:30:00+00:00,5059,644.944396973
2013-11-24T21:40:00+00:00,5059,608.097717285
2013-11-24T21:50:00+00:00,5059,749.116821289
2013-11-24T22:00:00+00:00,5059,616.655761719
2013-11-24T22:10:00+00:00,5059,576.800537109
2013-11-24T22:20:00+00:00,5059,614.499328613
2013-11-24T22:30:00+00:00,5059,527.07409668
2013-11-24T22:40:00+00:00,5059,805.153503418
2013-11-24T22:50:00+00:00,5059,384.650024414
2013-11-24T23:00:00+00:00,5059,401.170776367
2013-11-24T23:10:00+00:00,5059,394.547363281
2013-11-24T23:20:00+00:00,5059,344.914916992
2013-11-24T23:30:00+00:00,5059,370.846618652
2013-11-24T23:40:00+00:00,5059,516.540588379
2013-11-24T23:50:00+00:00,5059,470.666381836
2013-11-25T00:00:00+00:00,5059,313.572753906
2013-11-25T00:10:00+00:00,5059,272.207824707
2013-11-25T00:40:00+00:00,5059,299.79977417
2013-11-25T01:20:00+00:00,5059,271.808288574
2013-11-25T04:30:00+00:00,5059,340.466308594
2013-11-25T04:50:00+00:00,5059,288.419158936
2013-11-25T05:40:00+00:00,5059,299.71774292
2013-11-25T05:50:00+00:00,5059,351.19909668
2013-11-25T06:00:00+00:00,5059,361.958648682
2013-11-25T06:10:00+00:00,5059,330.150848389
2013-11-25T06:20:00+00:00,5059,463.985717773
2013-11-25T06:30:00+00:00,5059,670.438842773
2013-11-25T06:40:00+00:00,5059,757.044189453
2013-11-25T06:50:00+00:00,5059,813.4375
2013-11-25T07:00:00+00:00,5059,781.487731934
2013-11-25T07:10:00+00:00,5059,985.850585938
2013-11-25T07:20:00+00:00,5059,961.777893066
2013-11-25T07:30:00+00:00,5059,1415.1619873
2013-11-25T07:40:00+00:00,5059,1099.12634277
2013-11-25T07:50:00+00:00,5059,1157.49621582
2013-11-25T08:00:00+00:00,5059,1367.35253906
2013-11-25T08:10:00+00:00,5059,1491.74230957
2013-11-25T08:20:00+00:00,5059,1513.94824219
2013-11-25T08:30:00+00:00,5059,1545.6282959
2013-11-25T08:40:00+00:00,5059,1608.94274902
2013-11-25T08:50:00+00:00,5059,1747.3449707
2013-11-25T09:00:00+00:00,5059,1772.88085938
2013-11-25T09:10:00+00:00,5059,1931.44433594
2013-11-25T09:20:00+00:00,5059,1965.92407227
2013-11-25T09:30:00+00:00,5059,2045.06213379
2013-11-25T09:40:00+00:00,5059,1989.46313477
2013-11-25T09:50:00+00:00,5059,2005.3684082
2013-11-25T10:00:00+00:00,5059,1997.09936523
2013-11-25T10:10:00+00:00,5059,2279.41040039
2013-11-25T10:20:00+00:00,5059,2192.77563477
2013-11-25T10:30:00+00:00,5059,2269.62719727
2013-11-25T10:40:00+00:00,5059,2842.39208984
2013-11-25T10:50:00+00:00,5059,2796.56103516
2013-11-25T11:00:00+00:00,5059,2611.46313477
2013-11-25T11:10:00+00:00,5059,2575.5222168
2013-11-25T11:20:00+00:00,5059,3161.02075195
2013-11-25T11:30:00+00:00,5059,2475.87158203
2013-11-25T11:40:00+00:00,5059,2455.33813477
2013-11-25T11:50:00+00:00,5059,2864.09936523
2013-11-25T12:00:00+00:00,5059,2761.63867188
2013-11-25T12:10:00+00:00,5059,2971.51391602
2013-11-25T12:20:00+00:00,5059,2735.17529297
2013-11-25T12:30:00+00:00,5059,2262.75439453
2013-11-25T12:40:00+00:00,5059,2513.40014648
2013-11-25T12:50:00+00:00,5059,2703.20141602
2013-11-25T13:00:00+00:00,5059,2550.73046875
2013-11-25T13:10:00+00:00,5059,2484.21313477
2013-11-25T13:20:00+00:00,5059,2944.05361891
2013-11-25T13:30:00+00:00,5059,2955.23915482
2013-11-25T13:40:00+00:00,5059,2691.87011719
2013-11-25T13:50:00+00:00,5059,2962.30273438
2013-11-25T14:00:00+00:00,5059,2432.82421875
2013-11-25T14:10:00+00:00,5059,2525.50292969
2013-11-25T14:20:00+00:00,5059,2831.6015625
2013-11-25T14:30:00+00:00,5059,2251.63134766
2013-11-25T14:40:00+00:00,5059,2761.49487305
2013-11-25T14:50:00+00:00,5059,2456.68408203
2013-11-25T15:00:00+00:00,5059,2417.29296875
2013-11-25T15:10:00+00:00,5059,2547.52319336
2013-11-25T15:20:00+00:00,5059,2355.35522461
2013-11-25T15:30:00+00:00,5059,2514.29296875
2013-11-25T15:40:00+00:00,5059,2588.46337891
2013-11-25T15:50:00+00:00,5059,2383.88500977
2013-11-25T16:00:00+00:00,5059,2284.23631144
2013-11-25T16:10:00+00:00,5059,2746.29785156
2013-11-25T16:20:00+00:00,5059,2368.98608398
2013-11-25T16:30:00+00:00,5059,3017.79321289
2013-11-25T16:40:00+00:00,5059,2492.03125
2013-11-25T16:50:00+00:00,5059,2283.69482422
2013-11-25T17:00:00+00:00,5059,2167.66870117
2013-11-25T17:10:00+00:00,5059,2240.62304688
2013-11-25T17:20:00+00:00,5059,2691.82324219
2013-11-25T17:30:00+00:00,5059,2519.51416016
2013-11-25T17:40:00+00:00,5059,1883.68823242
2013-11-25T17:50:00+00:00,5059,2502.18041992
2013-11-25T18:00:00+00:00,5059,2323.07348633
2013-11-25T18:10:00+00:00,5059,1988.95959473
2013-11-25T18:20:00+00:00,5059,1965.28149414
2013-11-25T18:30:00+00:00,5059,1779.24475098
2013-11-25T18:40:00+00:00,5059,1979.02062988
2013-11-25T18:50:00+00:00,5059,2072.37182617
2013-11-25T19:00:00+00:00,5059,1575.55554199
2013-11-25T19:10:00+00:00,5059,1314.75097656
2013-11-25T19:20:00+00:00,5059,1297.83728027
2013-11-25T19:30:00+00:00,5059,1179.63208008
2013-11-25T19:40:00+00:00,5059,1314.39648438
2013-11-25T19:50:00+00:00,5059,1203.96459961
2013-11-25T20:00:00+00:00,5059,1069.67102051
2013-11-25T20:10:00+00:00,5059,877.096862793
2013-11-25T20:20:00+00:00,5059,898.78125
2013-11-25T20:30:00+00:00,5059,749.599487305
2013-11-25T20:40:00+00:00,5059,760.300842285
2013-11-25T20:50:00+00:00,5059,822.260986328
2013-11-25T21:00:00+00:00,5059,790.976989746
2013-11-25T21:10:00+00:00,5059,881.786804199
2013-11-25T21:20:00+00:00,5059,807.893615723
2013-11-25T21:30:00+00:00,5059,596.725585938
2013-11-25T21:40:00+00:00,5059,720.547790527
2013-11-25T21:50:00+00:00,5059,593.211364746
2013-11-25T22:00:00+00:00,5059,579.413696289
2013-11-25T22:10:00+00:00,5059,647.641296387
2013-11-25T22:20:00+00:00,5059,644.428833008
2013-11-25T22:30:00+00:00,5059,571.019836426
2013-11-25T22:40:00+00:00,5059,591.898376465
2013-11-25T22:50:00+00:00,5059,571.133972168
2013-11-25T23:00:00+00:00,5059,439.035583496
2013-11-25T23:10:00+00:00,5059,430.997497559
2013-11-25T23:20:00+00:00,5059,369.798187256
2013-11-25T23:30:00+00:00,5059,395.801300049
2013-11-25T23:40:00+00:00,5059,418.501953125
2013-11-26T00:00:00+00:00,5059,423.447998047
2013-11-26T00:20:00+00:00,5059,367.908508301
2013-11-26T00:40:00+00:00,5059,586.767578125
2013-11-26T01:00:00+00:00,5059,313.752593994
2013-11-26T03:20:00+00:00,5059,336.287567139
2013-11-26T04:40:00+00:00,5059,318.160919189
2013-11-26T05:30:00+00:00,5059,395.427337646
2013-11-26T05:40:00+00:00,5059,383.962005615
2013-11-26T05:50:00+00:00,5059,322.236968994
2013-11-26T06:00:00+00:00,5059,441.985198975
2013-11-26T06:10:00+00:00,5059,377.821044922
2013-11-26T06:20:00+00:00,5059,426.256652832
2013-11-26T06:30:00+00:00,5059,518.581481934
2013-11-26T06:40:00+00:00,5059,760.394897461
2013-11-26T06:50:00+00:00,5059,726.582397461
2013-11-26T07:00:00+00:00,5059,807.564880371
2013-11-26T07:10:00+00:00,5059,926.875976562
2013-11-26T07:20:00+00:00,5059,1102.91333008
2013-11-26T07:30:00+00:00,5059,1147.88012695
2013-11-26T07:40:00+00:00,5059,1225.3145752
2013-11-26T07:50:00+00:00,5059,1390.04992676
2013-11-26T08:00:00+00:00,5059,1419.8873291
2013-11-26T08:10:00+00:00,5059,1541.17553711
2013-11-26T08:20:00+00:00,5059,1604.2800293
2013-11-26T08:30:00+00:00,5059,1729.48266602
2013-11-26T08:40:00+00:00,5059,1715.85876465
2013-11-26T08:50:00+00:00,5059,1798.17150879
2013-11-26T09:00:00+00:00,5059,1936.5501709
2013-11-26T09:10:00+00:00,5059,1963.20397949
2013-11-26T09:20:00+00:00,5059,1789.94384766
2013-11-26T09:30:00+00:00,5059,1955.84631348
2013-11-26T09:40:00+00:00,5059,1849.33874512
2013-11-26T09:50:00+00:00,5059,2136.62817383
2013-11-26T10:00:00+00:00,5059,2098.17608333
2013-11-26T10:10:00+00:00,5059,1894.70800781
2013-11-26T10:20:00+00:00,5059,2116.73193359
2013-11-26T10:30:00+00:00,5059,2273.08251953
2013-11-26T10:40:00+00:00,5059,2031.92590332
2013-11-26T10:50:00+00:00,5059,2119.08325195
2013-11-26T11:00:00+00:00,5059,2110.35571289
2013-11-26T11:10:00+00:00,5059,2221.26855469
2013-11-26T11:20:00+00:00,5059,3076.28393555
2013-11-26T11:30:00+00:00,5059,2337.85913086
2013-11-26T11:40:00+00:00,5059,2436.59790039
2013-11-26T11:50:00+00:00,5059,2731.67163086
2013-11-26T12:00:00+00:00,5059,2471.60522461
2013-11-26T12:10:00+00:00,5059,2806.98339844
2013-11-26T12:20:00+00:00,5059,2695.48876953
2013-11-26T12:30:00+00:00,5059,2900.72607422
2013-11-26T12:40:00+00:00,5059,3056.78881836
2013-11-26T12:50:00+00:00,5059,2996.29956055
2013-11-26T13:00:00+00:00,5059,2781.23144531
2013-11-26T13:10:00+00:00,5059,2803.65771484
2013-11-26T13:20:00+00:00,5059,2953.2902832
2013-11-26T13:30:00+00:00,5059,2910.33764648
2013-11-26T13:40:00+00:00,5059,2824.42871094
2013-11-26T13:50:00+00:00,5059,2862.81201172
2013-11-26T14:00:00+00:00,5059,2714.6652832
2013-11-26T14:10:00+00:00,5059,2554.34277344
2013-11-26T14:20:00+00:00,5059,2704.75854492
2013-11-26T14:30:00+00:00,5059,2327.73022461
2013-11-26T14:40:00+00:00,5059,2432.94677734
2013-11-26T14:50:00+00:00,5059,2874.49072266
2013-11-26T15:00:00+00:00,5059,3261.02880859
2013-11-26T15:10:00+00:00,5059,2676.14404297
2013-11-26T15:20:00+00:00,5059,2660.04614258
2013-11-26T15:30:00+00:00,5059,2578.3828125
2013-11-26T15:40:00+00:00,5059,2699.21850586
2013-11-26T15:50:00+00:00,5059,2538.74658203
2013-11-26T16:00:00+00:00,5059,2397.96313477
2013-11-26T16:10:00+00:00,5059,2730.40454102
2013-11-26T16:20:00+00:00,5059,2863.73510742
2013-11-26T16:30:00+00:00,5059,2434.96972656
2013-11-26T16:40:00+00:00,5059,2408.98168945
2013-11-26T16:50:00+00:00,5059,2737.86181641
2013-11-26T17:00:00+00:00,5059,3622.67016602
2013-11-26T17:10:00+00:00,5059,2087.43383789
2013-11-26T17:20:00+00:00,5059,2091.92163086
2013-11-26T17:30:00+00:00,5059,2013.12097168
2013-11-26T17:40:00+00:00,5059,2244.11108398
2013-11-26T17:50:00+00:00,5059,1835.9017334
2013-11-26T18:00:00+00:00,5059,1745.58898926
2013-11-26T18:10:00+00:00,5059,1661.53417969
2013-11-26T18:20:00+00:00,5059,1572.2166748
2013-11-26T18:30:00+00:00,5059,1800.45751953
2013-11-26T18:40:00+00:00,5059,1399.68432617
2013-11-26T18:50:00+00:00,5059,1294.62976074
2013-11-26T19:00:00+00:00,5059,1354.41577148
2013-11-26T19:10:00+00:00,5059,1208.47253418
2013-11-26T19:20:00+00:00,5059,1071.0847168
2013-11-26T19:30:00+00:00,5059,1087.80712891
2013-11-26T19:40:00+00:00,5059,1249.83740234
2013-11-26T19:50:00+00:00,5059,1345.8190918
2013-11-26T20:00:00+00:00,5059,1019.52368164
2013-11-26T20:10:00+00:00,5059,994.434509277
2013-11-26T20:20:00+00:00,5059,970.3515625
2013-11-26T20:30:00+00:00,5059,1019.23474121
2013-11-26T20:40:00+00:00,5059,1185.90698242
2013-11-26T20:50:00+00:00,5059,666.814331055
2013-11-26T21:00:00+00:00,5059,656.269165039
2013-11-26T21:10:00+00:00,5059,785.552246094
2013-11-26T21:20:00+00:00,5059,940.906616211
2013-11-26T21:30:00+00:00,5059,711.734924316
2013-11-26T21:40:00+00:00,5059,597.666748047
2013-11-26T21:50:00+00:00,5059,571.880493164
2013-11-26T22:00:00+00:00,5059,555.7890625
2013-11-26T22:10:00+00:00,5059,555.31829834
2013-11-26T22:20:00+00:00,5059,581.420043945
2013-11-26T22:30:00+00:00,5059,481.797088623
2013-11-26T22:40:00+00:00,5059,487.73526001
2013-11-26T22:50:00+00:00,5059,525.860107422
2013-11-26T23:00:00+00:00,5059,447.863037109
2013-11-26T23:10:00+00:00,5059,460.11932373
2013-11-26T23:20:00+00:00,5059,630.592956543
2013-11-26T23:30:00+00:00,5059,418.566497803
2013-11-26T23:40:00+00:00,5059,441.047424316
2013-11-26T23:50:00+00:00,5059,368.104309082
2013-11-27T00:00:00+00:00,5059,368.793304443
2013-11-27T00:10:00+00:00,5059,393.148803711
2013-11-27T00:40:00+00:00,5059,403.02935791
2013-11-27T03:10:00+00:00,5059,442.148345947
2013-11-27T05:00:00+00:00,5059,311.406524658
2013-11-27T05:20:00+00:00,5059,306.110443115
2013-11-27T05:40:00+00:00,5059,381.75177002
2013-11-27T05:50:00+00:00,5059,365.58505249
2013-11-27T06:00:00+00:00,5059,375.963745117
2013-11-27T06:10:00+00:00,5059,370.195831299
2013-11-27T06:20:00+00:00,5059,371.464447021
2013-11-27T06:30:00+00:00,5059,479.550537109
2013-11-27T06:40:00+00:00,5059,604.059753418
2013-11-27T06:50:00+00:00,5059,613.214782715
2013-11-27T07:00:00+00:00,5059,773.460571289
2013-11-27T07:10:00+00:00,5059,1137.79846191
2013-11-27T07:20:00+00:00,5059,775.084838867
2013-11-27T07:30:00+00:00,5059,1029.28308105
2013-11-27T07:40:00+00:00,5059,1317.38317871
2013-11-27T07:50:00+00:00,5059,1259.88879395
2013-11-27T08:00:00+00:00,5059,1603.40332031
2013-11-27T08:10:00+00:00,5059,1549.06530762
2013-11-27T08:20:00+00:00,5059,1393.57910156
2013-11-27T08:30:00+00:00,5059,1536.11853027
2013-11-27T08:40:00+00:00,5059,1899.63378906
2013-11-27T08:50:00+00:00,5059,1964.3359375
2013-11-27T09:00:00+00:00,5059,1729.16186523
2013-11-27T09:10:00+00:00,5059,1730.6151123
2013-11-27T09:20:00+00:00,5059,1962.44519043
2013-11-27T09:30:00+00:00,5059,2057.45532227
2013-11-27T09:40:00+00:00,5059,1830.76989746
2013-11-27T09:50:00+00:00,5059,2562.33422852
2013-11-27T10:00:00+00:00,5059,2121.97802734
2013-11-27T10:10:00+00:00,5059,2211.14086914
2013-11-27T10:20:00+00:00,5059,2073.40600586
2013-11-27T10:30:00+00:00,5059,2208.13427734
2013-11-27T10:40:00+00:00,5059,2181.88696289
2013-11-27T10:50:00+00:00,5059,2648.93286133
2013-11-27T11:00:00+00:00,5059,2421.78882751
2013-11-27T11:10:00+00:00,5059,2720.47167969
2013-11-27T11:20:00+00:00,5059,2444.03564453
2013-11-27T11:30:00+00:00,5059,2320.99926758
2013-11-27T11:40:00+00:00,5059,2359.43823242
2013-11-27T11:50:00+00:00,5059,2395.58862305
2013-11-27T12:00:00+00:00,5059,2758.18920898
2013-11-27T12:10:00+00:00,5059,2737.42114258
2013-11-27T12:20:00+00:00,5059,3064.89916992
2013-11-27T12:30:00+00:00,5059,2985.27709961
2013-11-27T12:40:00+00:00,5059,3144.65600586
2013-11-27T12:50:00+00:00,5059,3138.57348633
2013-11-27T13:00:00+00:00,5059,2934.88110352
2013-11-27T13:10:00+00:00,5059,2999.43774414
2013-11-27T13:20:00+00:00,5059,2984.35668945
2013-11-27T13:30:00+00:00,5059,3261.73413086
2013-11-27T13:40:00+00:00,5059,2723.78710938
2013-11-27T13:50:00+00:00,5059,2753.59179688
2013-11-27T14:00:00+00:00,5059,2721.89550781
2013-11-27T14:10:00+00:00,5059,2404.56567383
2013-11-27T14:20:00+00:00,5059,2648.18146896
2013-11-27T14:30:00+00:00,5059,2778.13427734
2013-11-27T14:40:00+00:00,5059,2691.0222168
2013-11-27T14:50:00+00:00,5059,2849.20581055
2013-11-27T15:00:00+00:00,5059,2570.23754883
2013-11-27T15:10:00+00:00,5059,2765.81457591
2013-11-27T15:20:00+00:00,5059,2771.8984375
2013-11-27T15:30:00+00:00,5059,2842.96972656
2013-11-27T15:40:00+00:00,5059,2965.7644043
2013-11-27T15:50:00+00:00,5059,2495.31640625
2013-11-27T16:00:00+00:00,5059,2482.56835938
2013-11-27T16:10:00+00:00,5059,2414.14794922
2013-11-27T16:20:00+00:00,5059,2468.47143555
2013-11-27T16:30:00+00:00,5059,2479.68451451
2013-11-27T16:40:00+00:00,5059,2543.30029297
2013-11-27T16:50:00+00:00,5059,2364.87915039
2013-11-27T17:00:00+00:00,5059,2896.82446289
2013-11-27T17:10:00+00:00,5059,2789.46044922
2013-11-27T17:20:00+00:00,5059,2593.52783203
2013-11-27T17:30:00+00:00,5059,2557.61694336
2013-11-27T17:40:00+00:00,5059,2377.1628418
2013-11-27T17:50:00+00:00,5059,2362.48608398
2013-11-27T18:00:00+00:00,5059,2332.47192383
2013-11-27T18:10:00+00:00,5059,2617.64990234
2013-11-27T18:20:00+00:00,5059,2008.93041992
2013-11-27T18:30:00+00:00,5059,1687.72436523
2013-11-27T18:40:00+00:00,5059,1698.64379883
2013-11-27T18:50:00+00:00,5059,1700.11743164
2013-11-27T19:00:00+00:00,5059,1785.39025879
2013-11-27T19:10:00+00:00,5059,1748.99401855
2013-11-27T19:20:00+00:00,5059,2498.99707031
2013-11-27T19:30:00+00:00,5059,1475.68188477
2013-11-27T19:40:00+00:00,5059,1350.77709961
2013-11-27T19:50:00+00:00,5059,1103.29602051
2013-11-27T20:00:00+00:00,5059,1042.13391113
2013-11-27T20:10:00+00:00,5059,1226.32819796
2013-11-27T20:20:00+00:00,5059,1131.76171875
2013-11-27T20:30:00+00:00,5059,1099.69128418
2013-11-27T20:40:00+00:00,5059,1133.35070801
2013-11-27T20:50:00+00:00,5059,1364.75646973
2013-11-27T21:00:00+00:00,5059,1155.93188477
2013-11-27T21:10:00+00:00,5059,1052.71447754
2013-11-27T21:20:00+00:00,5059,862.784667969
2013-11-27T21:30:00+00:00,5059,923.929199219
2013-11-27T21:40:00+00:00,5059,816.12677002
2013-11-27T21:50:00+00:00,5059,858.481018066
2013-11-27T22:00:00+00:00,5059,908.233459473
2013-11-27T22:10:00+00:00,5059,1802.79846191
2013-11-27T22:20:00+00:00,5059,763.56237793
2013-11-27T22:30:00+00:00,5059,693.755371094
2013-11-27T22:40:00+00:00,5059,635.363220215
2013-11-27T22:50:00+00:00,5059,565.831542969
2013-11-27T23:00:00+00:00,5059,782.06237793
2013-11-27T23:10:00+00:00,5059,806.078979492
2013-11-27T23:20:00+00:00,5059,1316.1015625
2013-11-27T23:30:00+00:00,5059,756.823730469
2013-11-27T23:50:00+00:00,5059,434.012207031
2013-11-28T00:10:00+00:00,5059,462.314361572
2013-11-28T00:20:00+00:00,5059,442.638641357
2013-11-28T00:30:00+00:00,5059,500.923919678
2013-11-28T00:50:00+00:00,5059,380.622344971
2013-11-28T01:00:00+00:00,5059,419.57333374
2013-11-28T05:40:00+00:00,5059,450.994140625
2013-11-28T05:50:00+00:00,5059,405.792999268
2013-11-28T06:00:00+00:00,5059,448.597229004
2013-11-28T06:10:00+00:00,5059,499.913146973
2013-11-28T06:20:00+00:00,5059,512.697998047
2013-11-28T06:30:00+00:00,5059,634.952270508
2013-11-28T06:40:00+00:00,5059,897.331726074
2013-11-28T06:50:00+00:00,5059,952.840515137
2013-11-28T07:00:00+00:00,5059,1018.42523193
2013-11-28T07:10:00+00:00,5059,943.079101562
2013-11-28T07:20:00+00:00,5059,1191.73815918
2013-11-28T07:30:00+00:00,5059,1058.17602539
2013-11-28T07:40:00+00:00,5059,1514.26196289
2013-11-28T07:50:00+00:00,5059,1581.00170898
2013-11-28T08:00:00+00:00,5059,1760.08496094
2013-11-28T08:10:00+00:00,5059,1874.42321777
2013-11-28T08:20:00+00:00,5059,1921.80933663
2013-11-28T08:30:00+00:00,5059,1801.23608398
2013-11-28T08:40:00+00:00,5059,2105.07324219
2013-11-28T08:50:00+00:00,5059,2072.63647461
2013-11-28T09:00:00+00:00,5059,2036.96228027
2013-11-28T09:10:00+00:00,5059,2113.234375
2013-11-28T09:20:00+00:00,5059,2519.58837891
2013-11-28T09:30:00+00:00,5059,2618.30492496
2013-11-28T09:40:00+00:00,5059,2151.75512695
2013-11-28T09:50:00+00:00,5059,2552.73632812
2013-11-28T10:00:00+00:00,5059,3271.27514648
2013-11-28T10:10:00+00:00,5059,2312.04980469
2013-11-28T10:20:00+00:00,5059,2481.89916992
2013-11-28T10:30:00+00:00,5059,2400.21386719
2013-11-28T10:40:00+00:00,5059,2419.93383789
2013-11-28T10:50:00+00:00,5059,2525.95727539
2013-11-28T11:00:00+00:00,5059,2265.53491211
2013-11-28T11:10:00+00:00,5059,2295.69628906
2013-11-28T11:20:00+00:00,5059,2613.19824219
2013-11-28T11:30:00+00:00,5059,2552.04188657
2013-11-28T11:40:00+00:00,5059,2589.36010742
2013-11-28T11:50:00+00:00,5059,2859.62841797
2013-11-28T12:00:00+00:00,5059,2682.9831543
2013-11-28T12:10:00+00:00,5059,2521.97705078
2013-11-28T12:20:00+00:00,5059,2512.5625
2013-11-28T12:30:00+00:00,5059,2419.53930664
2013-11-28T12:40:00+00:00,5059,2820.87011719
2013-11-28T12:50:00+00:00,5059,2550.29003906
2013-11-28T13:00:00+00:00,5059,2571.01293945
2013-11-28T13:10:00+00:00,5059,2794.34643555
2013-11-28T13:20:00+00:00,5059,2694.91210938
2013-11-28T13:30:00+00:00,5059,2482.36132812
2013-11-28T13:40:00+00:00,5059,2700.54785156
2013-11-28T13:50:00+00:00,5059,2420.54955792
2013-11-28T14:00:00+00:00,5059,2600.90551758
2013-11-28T14:10:00+00:00,5059,2473.27294922
2013-11-28T14:20:00+00:00,5059,2415.50488281
2013-11-28T14:30:00+00:00,5059,2668.88891602
2013-11-28T14:40:00+00:00,5059,2628.74536133
2013-11-28T14:50:00+00:00,5059,2471.02587891
2013-11-28T15:00:00+00:00,5059,2490.43823242
2013-11-28T15:10:00+00:00,5059,2792.0769043
2013-11-28T15:20:00+00:00,5059,2925.80761719
2013-11-28T15:30:00+00:00,5059,2461.25585938
2013-11-28T15:40:00+00:00,5059,2454.62988281
2013-11-28T15:50:00+00:00,5059,2624.2097168
2013-11-28T16:00:00+00:00,5059,2665.26870918
2013-11-28T16:10:00+00:00,5059,2739.79931641
2013-11-28T16:20:00+00:00,5059,2657.91967773
2013-11-28T16:30:00+00:00,5059,2502.86401367
2013-11-28T16:40:00+00:00,5059,2514.03091335
2013-11-28T16:50:00+00:00,5059,2396.04382843
2013-11-28T17:00:00+00:00,5059,2247.86645508
2013-11-28T17:10:00+00:00,5059,2682.6315918
2013-11-28T17:20:00+00:00,5059,2150.13989258
2013-11-28T17:30:00+00:00,5059,2116.58959961
2013-11-28T17:40:00+00:00,5059,2325.26098633
2013-11-28T17:50:00+00:00,5059,1992.94018555
2013-11-28T18:00:00+00:00,5059,2117.61230469
2013-11-28T18:10:00+00:00,5059,2095.08300781
2013-11-28T18:20:00+00:00,5059,1743.65759277
2013-11-28T18:30:00+00:00,5059,1592.12963867
2013-11-28T18:40:00+00:00,5059,1652.65368652
2013-11-28T18:50:00+00:00,5059,1276.86633301
2013-11-28T19:00:00+00:00,5059,1241.00268555
2013-11-28T19:10:00+00:00,5059,1486.79272461
2013-11-28T19:20:00+00:00,5059,1276.8338623
2013-11-28T19:30:00+00:00,5059,1324.99987793
2013-11-28T19:40:00+00:00,5059,1250.80749512
2013-11-28T19:50:00+00:00,5059,1264.27819824
2013-11-28T20:00:00+00:00,5059,1081.50012207
2013-11-28T20:10:00+00:00,5059,969.412475586
2013-11-28T20:20:00+00:00,5059,759.188354492
2013-11-28T20:30:00+00:00,5059,883.247009277
2013-11-28T20:40:00+00:00,5059,1135.55334473
2013-11-28T20:50:00+00:00,5059,1083.93286133
2013-11-28T21:00:00+00:00,5059,773.344360352
2013-11-28T21:10:00+00:00,5059,753.842224121
2013-11-28T21:20:00+00:00,5059,744.960083008
2013-11-28T21:30:00+00:00,5059,721.328552246
2013-11-28T21:40:00+00:00,5059,687.124206543
2013-11-28T21:50:00+00:00,5059,743.876220703
2013-11-28T22:00:00+00:00,5059,817.926391602
2013-11-28T22:10:00+00:00,5059,604.877441406
2013-11-28T22:20:00+00:00,5059,737.427185059
2013-11-28T22:30:00+00:00,5059,718.927734375
2013-11-28T22:40:00+00:00,5059,504.697143555
2013-11-28T22:50:00+00:00,5059,1090.03393555
2013-11-28T23:00:00+00:00,5059,515.495239258
2013-11-28T23:10:00+00:00,5059,502.612457275
2013-11-28T23:20:00+00:00,5059,413.125915527
2013-11-28T23:30:00+00:00,5059,406.973876953
2013-11-28T23:40:00+00:00,5059,345.415374756
2013-11-28T23:50:00+00:00,5059,343.176086426
2013-11-29T00:00:00+00:00,5059,367.651062012
2013-11-29T00:20:00+00:00,5059,321.802825928
2013-11-29T00:40:00+00:00,5059,294.587493896
2013-11-29T00:50:00+00:00,5059,285.213378906
2013-11-29T01:50:00+00:00,5059,315.952514648
2013-11-29T03:50:00+00:00,5059,339.079925537
2013-11-29T04:10:00+00:00,5059,331.218231201
2013-11-29T05:10:00+00:00,5059,378.616912842
2013-11-29T05:30:00+00:00,5059,396.00390625
2013-11-29T05:40:00+00:00,5059,389.093658447
2013-11-29T05:50:00+00:00,5059,444.959960938
2013-11-29T06:00:00+00:00,5059,502.308532715
2013-11-29T06:10:00+00:00,5059,469.745880127
2013-11-29T06:20:00+00:00,5059,485.200164795
2013-11-29T06:30:00+00:00,5059,572.958435059
2013-11-29T06:40:00+00:00,5059,669.324462891
2013-11-29T06:50:00+00:00,5059,816.291381836
2013-11-29T07:00:00+00:00,5059,852.217834473
2013-11-29T07:10:00+00:00,5059,935.487976074
2013-11-29T07:20:00+00:00,5059,996.147399902
2013-11-29T07:30:00+00:00,5059,1141.17150879
2013-11-29T07:40:00+00:00,5059,1174.82080078
2013-11-29T07:50:00+00:00,5059,1571.85302734
2013-11-29T08:00:00+00:00,5059,1531.80639648
2013-11-29T08:10:00+00:00,5059,1495.1529541
2013-11-29T08:20:00+00:00,5059,1570.31762695
2013-11-29T08:30:00+00:00,5059,1780.03442383
2013-11-29T08:40:00+00:00,5059,1684.06542969
2013-11-29T08:50:00+00:00,5059,1805.80310059
2013-11-29T09:00:00+00:00,5059,2142.61474609
2013-11-29T09:10:00+00:00,5059,2366.76660156
2013-11-29T09:20:00+00:00,5059,2386.82397461
2013-11-29T09:30:00+00:00,5059,2010.1045047
2013-11-29T09:40:00+00:00,5059,2083.39428711
2013-11-29T09:50:00+00:00,5059,2283.80395508
2013-11-29T10:00:00+00:00,5059,2335.53637695
2013-11-29T10:10:00+00:00,5059,2458.33154297
2013-11-29T10:20:00+00:00,5059,2648.60620117
2013-11-29T10:30:00+00:00,5059,2371.08862305
2013-11-29T10:40:00+00:00,5059,2374.62744141
2013-11-29T10:50:00+00:00,5059,2438.89624023
2013-11-29T11:00:00+00:00,5059,2342.35864258
2013-11-29T11:10:00+00:00,5059,3009.99169922
2013-11-29T11:20:00+00:00,5059,3153.453125
2013-11-29T11:30:00+00:00,5059,2629.84423828
2013-11-29T11:40:00+00:00,5059,2900.03125
2013-11-29T11:50:00+00:00,5059,2842.44140625
2013-11-29T12:00:00+00:00,5059,3088.17407227
2013-11-29T12:10:00+00:00,5059,2817.99438477
2013-11-29T12:20:00+00:00,5059,2935.6315918
2013-11-29T12:30:00+00:00,5059,2684.40380859
2013-11-29T12:40:00+00:00,5059,2888.95214844
2013-11-29T12:50:00+00:00,5059,2581.80044436
2013-11-29T13:00:00+00:00,5059,2722.67504883
2013-11-29T13:10:00+00:00,5059,2856.77172852
2013-11-29T13:20:00+00:00,5059,2754.58873677
2013-11-29T13:30:00+00:00,5059,2838.78308624
2013-11-29T13:40:00+00:00,5059,2869.67236328
2013-11-29T13:50:00+00:00,5059,2714.29833984
2013-11-29T14:00:00+00:00,5059,2656.64097247
2013-11-29T14:10:00+00:00,5059,2891.99487305
2013-11-29T14:20:00+00:00,5059,2671.97680664
2013-11-29T14:30:00+00:00,5059,3011.45922852
2013-11-29T14:40:00+00:00,5059,2830.65073204
2013-11-29T14:50:00+00:00,5059,2948.20605469
2013-11-29T15:00:00+00:00,5059,2841.17114258
2013-11-29T15:10:00+00:00,5059,2800.80175781
2013-11-29T15:20:00+00:00,5059,2670.8605957
2013-11-29T15:30:00+00:00,5059,2486.86157227
2013-11-29T15:40:00+00:00,5059,2803.70605469
2013-11-29T15:50:00+00:00,5059,2415.57177734
2013-11-29T16:00:00+00:00,5059,2387.0390625
2013-11-29T16:10:00+00:00,5059,2743.25585938
2013-11-29T16:20:00+00:00,5059,2646.55737305
2013-11-29T16:30:00+00:00,5059,2622.38208008
2013-11-29T16:40:00+00:00,5059,2902.484375
2013-11-29T16:50:00+00:00,5059,2550.63452148
2013-11-29T17:00:00+00:00,5059,2408.79956055
2013-11-29T17:10:00+00:00,5059,2227.36523438
2013-11-29T17:20:00+00:00,5059,2345.6809082
2013-11-29T17:30:00+00:00,5059,2260.3581543
2013-11-29T17:40:00+00:00,5059,2070.34716797
2013-11-29T17:50:00+00:00,5059,2203.26367188
2013-11-29T18:00:00+00:00,5059,1829.12304688
2013-11-29T18:10:00+00:00,5059,1871.640625
2013-11-29T18:20:00+00:00,5059,1645.74450684
2013-11-29T18:30:00+00:00,5059,1592.6418457
2013-11-29T18:40:00+00:00,5059,1648.16210938
2013-11-29T18:50:00+00:00,5059,1462.37097168
2013-11-29T19:00:00+00:00,5059,1413.421875
2013-11-29T19:10:00+00:00,5059,1353.47106934
2013-11-29T19:20:00+00:00,5059,1099.31494141
2013-11-29T19:30:00+00:00,5059,1138.24206543
2013-11-29T19:40:00+00:00,5059,1064.18884277
2013-11-29T19:50:00+00:00,5059,992.108093262
2013-11-29T20:00:00+00:00,5059,949.504150391
2013-11-29T20:10:00+00:00,5059,825.185302734
2013-11-29T20:20:00+00:00,5059,738.161315918
2013-11-29T20:30:00+00:00,5059,992.203552246
2013-11-29T20:40:00+00:00,5059,817.195495605
2013-11-29T20:50:00+00:00,5059,1280.00280762
2013-11-29T21:00:00+00:00,5059,873.449462891
2013-11-29T21:10:00+00:00,5059,2312.10083008
2013-11-29T21:20:00+00:00,5059,1026.49023438
2013-11-29T21:30:00+00:00,5059,832.809814453
2013-11-29T21:40:00+00:00,5059,677.975219727
2013-11-29T21:50:00+00:00,5059,588.931518555
2013-11-29T22:00:00+00:00,5059,621.751831055
2013-11-29T22:10:00+00:00,5059,685.021240234
2013-11-29T22:20:00+00:00,5059,621.923583984
2013-11-29T22:30:00+00:00,5059,618.120544434
2013-11-29T22:40:00+00:00,5059,733.188110352
2013-11-29T22:50:00+00:00,5059,530.879699707
2013-11-29T23:00:00+00:00,5059,766.449768066
2013-11-29T23:10:00+00:00,5059,497.444213867
2013-11-29T23:20:00+00:00,5059,441.925872803
2013-11-29T23:30:00+00:00,5059,482.332885742
2013-11-29T23:40:00+00:00,5059,568.932922363
2013-11-29T23:50:00+00:00,5059,474.373962402
2013-11-30T00:00:00+00:00,5059,411.647857666
2013-11-30T00:10:00+00:00,5059,381.831512451
2013-11-30T00:30:00+00:00,5059,360.38949585
2013-11-30T00:40:00+00:00,5059,346.152770996
2013-11-30T01:00:00+00:00,5059,334.842407227
2013-11-30T02:10:00+00:00,5059,308.942382812
2013-11-30T02:30:00+00:00,5059,289.077331543
2013-11-30T02:50:00+00:00,5059,274.655426025
2013-11-30T05:00:00+00:00,5059,271.282073975
2013-11-30T05:30:00+00:00,5059,261.968170166
2013-11-30T05:50:00+00:00,5059,268.229492188
2013-11-30T06:00:00+00:00,5059,286.063812256
2013-11-30T06:10:00+00:00,5059,334.295227051
2013-11-30T06:20:00+00:00,5059,360.963745117
2013-11-30T06:30:00+00:00,5059,359.634979248
2013-11-30T06:40:00+00:00,5059,371.981781006
2013-11-30T06:50:00+00:00,5059,438.387542725
2013-11-30T07:00:00+00:00,5059,486.998840332
2013-11-30T07:10:00+00:00,5059,523.855041504
2013-11-30T07:20:00+00:00,5059,522.891540527
2013-11-30T07:30:00+00:00,5059,790.903991699
2013-11-30T07:40:00+00:00,5059,522.567321777
2013-11-30T07:50:00+00:00,5059,543.880981445
2013-11-30T08:00:00+00:00,5059,520.450073242
2013-11-30T08:10:00+00:00,5059,638.905212402
2013-11-30T08:20:00+00:00,5059,680.748901367
2013-11-30T08:30:00+00:00,5059,752.243347168
2013-11-30T08:40:00+00:00,5059,716.740478516
2013-11-30T08:50:00+00:00,5059,835.894226074
2013-11-30T09:00:00+00:00,5059,908.963378906
2013-11-30T09:10:00+00:00,5059,946.114624023
2013-11-30T09:20:00+00:00,5059,1032.43847656
2013-11-30T09:30:00+00:00,5059,1375.27832031
2013-11-30T09:40:00+00:00,5059,1254.24694824
2013-11-30T09:50:00+00:00,5059,1244.67663574
2013-11-30T10:00:00+00:00,5059,1451.24084473
2013-11-30T10:10:00+00:00,5059,1383.16149902
2013-11-30T10:20:00+00:00,5059,1382.59643555
2013-11-30T10:30:00+00:00,5059,1787.5435791
2013-11-30T10:40:00+00:00,5059,1678.69604492
2013-11-30T10:50:00+00:00,5059,1560.2779541
2013-11-30T11:00:00+00:00,5059,1782.82409668
2013-11-30T11:10:00+00:00,5059,1753.79248047
2013-11-30T11:20:00+00:00,5059,1909.36035156
2013-11-30T11:30:00+00:00,5059,2331.515625
2013-11-30T11:40:00+00:00,5059,2010.15087891
2013-11-30T11:50:00+00:00,5059,2178.05273438
2013-11-30T12:00:00+00:00,5059,2421.86425781
2013-11-30T12:10:00+00:00,5059,2309.51953125
2013-11-30T12:20:00+00:00,5059,2304.16577148
2013-11-30T12:30:00+00:00,5059,2252.48828125
2013-11-30T12:40:00+00:00,5059,2333.37201405
2013-11-30T12:50:00+00:00,5059,2326.15307617
2013-11-30T13:00:00+00:00,5059,2527.56047058
2013-11-30T13:10:00+00:00,5059,2508.03125
2013-11-30T13:20:00+00:00,5059,2835.10351562
2013-11-30T13:30:00+00:00,5059,2679.8472929
2013-11-30T13:40:00+00:00,5059,2427.47802734
2013-11-30T13:50:00+00:00,5059,2356.04833984
2013-11-30T14:00:00+00:00,5059,2380.65551758
2013-11-30T14:10:00+00:00,5059,2575.32495117
2013-11-30T14:20:00+00:00,5059,3182.05419922
2013-11-30T14:30:00+00:00,5059,2755.15893555
2013-11-30T14:40:00+00:00,5059,2693.52539062
2013-11-30T14:50:00+00:00,5059,2393.27368164
2013-11-30T15:00:00+00:00,5059,2429.35986328
2013-11-30T15:10:00+00:00,5059,2745.13720036
2013-11-30T15:20:00+00:00,5059,2720.20812535
2013-11-30T15:30:00+00:00,5059,2555.27626824
2013-11-30T15:40:00+00:00,5059,2640.328125
2013-11-30T15:50:00+00:00,5059,2839.50037956
2013-11-30T16:00:00+00:00,5059,2500.84119809
2013-11-30T16:10:00+00:00,5059,2399.87067795
2013-11-30T16:20:00+00:00,5059,3012.33657169
2013-11-30T16:30:00+00:00,5059,2660.78857422
2013-11-30T16:40:00+00:00,5059,2562.49118161
2013-11-30T16:50:00+00:00,5059,2731.66982317
2013-11-30T17:00:00+00:00,5059,2717.43395162
2013-11-30T17:10:00+00:00,5059,2667.56445312
2013-11-30T17:20:00+00:00,5059,2485.85519147
2013-11-30T17:30:00+00:00,5059,2701.61132812
2013-11-30T17:40:00+00:00,5059,2372.56167984
2013-11-30T17:50:00+00:00,5059,2297.60498047
2013-11-30T18:00:00+00:00,5059,2206.28735352
2013-11-30T18:10:00+00:00,5059,2003.60158014
2013-11-30T18:20:00+00:00,5059,1973.44366801
2013-11-30T18:30:00+00:00,5059,2274.15014648
2013-11-30T18:40:00+00:00,5059,1711.97644043
2013-11-30T18:50:00+00:00,5059,2071.14892578
2013-11-30T19:00:00+00:00,5059,1662.15991211
2013-11-30T19:10:00+00:00,5059,1517.24816895
2013-11-30T19:20:00+00:00,5059,1600.48718262
2013-11-30T19:30:00+00:00,5059,1220.01818848
2013-11-30T19:40:00+00:00,5059,1028.54541016
2013-11-30T19:50:00+00:00,5059,1213.25708008
2013-11-30T20:00:00+00:00,5059,1150.21276855
2013-11-30T20:10:00+00:00,5059,1063.37512207
2013-11-30T20:20:00+00:00,5059,1056.57299805
2013-11-30T20:30:00+00:00,5059,1050.03881836
2013-11-30T20:40:00+00:00,5059,1181.05517578
2013-11-30T20:50:00+00:00,5059,1029.23999023
2013-11-30T21:00:00+00:00,5059,896.568908691
2013-11-30T21:10:00+00:00,5059,760.951416016
2013-11-30T21:20:00+00:00,5059,836.73626709
2013-11-30T21:30:00+00:00,5059,863.055969238
2013-11-30T21:40:00+00:00,5059,783.4921875
2013-11-30T21:50:00+00:00,5059,744.471618652
2013-11-30T22:00:00+00:00,5059,811.697021484
2013-11-30T22:10:00+00:00,5059,702.886291504
2013-11-30T22:20:00+00:00,5059,761.661621094
2013-11-30T22:30:00+00:00,5059,691.155700684
2013-11-30T22:40:00+00:00,5059,659.495544434
2013-11-30T22:50:00+00:00,5059,592.359375
2013-11-30T23:00:00+00:00,5059,610.64642334
2013-11-30T23:10:00+00:00,5059,700.918518066
2013-11-30T23:20:00+00:00,5059,627.135253906
2013-11-30T23:30:00+00:00,5059,459.716247559
2013-11-30T23:40:00+00:00,5059,636.159545898
2013-11-30T23:50:00+00:00,5059,489.095825195
2013-12-01T00:00:00+00:00,5059,447.747802734
2013-12-01T00:20:00+00:00,5059,354.412017822
2013-12-01T00:30:00+00:00,5059,315.297271729
2013-12-01T00:40:00+00:00,5059,297.438873291
2013-12-01T00:50:00+00:00,5059,299.8777771
2013-12-01T01:10:00+00:00,5059,245.354263306
2013-12-01T01:20:00+00:00,5059,258.65536499
2013-12-01T01:50:00+00:00,5059,228.642990112
2013-12-01T02:00:00+00:00,5059,192.172393799
2013-12-01T02:10:00+00:00,5059,219.726837158
2013-12-01T02:40:00+00:00,5059,217.91746521
2013-12-01T03:50:00+00:00,5059,252.482803345
2013-12-01T04:00:00+00:00,5059,214.733657837
2013-12-01T06:10:00+00:00,5059,233.930526733
2013-12-01T06:40:00+00:00,5059,241.918334961
2013-12-01T06:50:00+00:00,5059,277.411346436
2013-12-01T07:10:00+00:00,5059,282.1980896
2013-12-01T07:20:00+00:00,5059,277.274353027
2013-12-01T07:30:00+00:00,5059,269.49609375
2013-12-01T07:40:00+00:00,5059,332.500640869
2013-12-01T07:50:00+00:00,5059,276.959625244
2013-12-01T08:00:00+00:00,5059,392.154541016
2013-12-01T08:10:00+00:00,5059,361.479766846
2013-12-01T08:20:00+00:00,5059,578.943847656
2013-12-01T08:30:00+00:00,5059,452.296813965
2013-12-01T08:40:00+00:00,5059,656.050720215
2013-12-01T08:50:00+00:00,5059,457.352783203
2013-12-01T09:00:00+00:00,5059,559.565612793
2013-12-01T09:10:00+00:00,5059,754.600280762
2013-12-01T09:20:00+00:00,5059,711.391906738
2013-12-01T09:30:00+00:00,5059,1013.21850586
2013-12-01T09:40:00+00:00,5059,985.346923828
2013-12-01T09:50:00+00:00,5059,959.721435547
2013-12-01T10:00:00+00:00,5059,1284.54309082
2013-12-01T10:10:00+00:00,5059,1185.67785645
2013-12-01T10:20:00+00:00,5059,1389.6328125
2013-12-01T10:30:00+00:00,5059,1557.85498047
2013-12-01T10:40:00+00:00,5059,1636.75199032
2013-12-01T10:50:00+00:00,5059,1839.48657227
2013-12-01T11:00:00+00:00,5059,1603.95690918
2013-12-01T11:10:00+00:00,5059,1845.55639648
2013-12-01T11:20:00+00:00,5059,1658.70141602
2013-12-01T11:30:00+00:00,5059,1902.7019043
2013-12-01T11:40:00+00:00,5059,2070.96728516
2013-12-01T11:50:00+00:00,5059,1643.3527832
2013-12-01T12:00:00+00:00,5059,2087.44866467
2013-12-01T12:10:00+00:00,5059,2069.25646472
2013-12-01T12:20:00+00:00,5059,1907.13525391
2013-12-01T12:30:00+00:00,5059,2263.14208984
2013-12-01T12:40:00+00:00,5059,2225.71020508
2013-12-01T12:50:00+00:00,5059,2204.97399068
2013-12-01T13:00:00+00:00,5059,1793.72717285
2013-12-01T13:10:00+00:00,5059,2106.76196289
2013-12-01T13:20:00+00:00,5059,1995.10131836
2013-12-01T13:30:00+00:00,5059,1911.42687988
2013-12-01T13:40:00+00:00,5059,1814.03869629
2013-12-01T13:50:00+00:00,5059,1898.29370117
2013-12-01T14:00:00+00:00,5059,1866.01159668
2013-12-01T14:10:00+00:00,5059,2183.13037109
2013-12-01T14:20:00+00:00,5059,2206.28588867
2013-12-01T14:30:00+00:00,5059,2502.20751953
2013-12-01T14:40:00+00:00,5059,2761.36621094
2013-12-01T14:50:00+00:00,5059,2251.11767578
2013-12-01T15:00:00+00:00,5059,2556.49316406
2013-12-01T15:10:00+00:00,5059,2615.32641602
2013-12-01T15:20:00+00:00,5059,2467.70898438
2013-12-01T15:30:00+00:00,5059,2240.49658203
2013-12-01T15:40:00+00:00,5059,2418.71948242
2013-12-01T15:50:00+00:00,5059,2940.50219727
2013-12-01T16:00:00+00:00,5059,2634.74316406
2013-12-01T16:10:00+00:00,5059,3010.79248047
2013-12-01T16:20:00+00:00,5059,2824.62255859
2013-12-01T16:30:00+00:00,5059,2692.36474609
2013-12-01T16:40:00+00:00,5059,2769.73413086
2013-12-01T16:50:00+00:00,5059,2190.78100586
2013-12-01T17:00:00+00:00,5059,2645.31958008
2013-12-01T17:10:00+00:00,5059,2942.515625
2013-12-01T17:20:00+00:00,5059,2862.33813477
2013-12-01T17:30:00+00:00,5059,2752.30615234
2013-12-01T17:40:00+00:00,5059,2104.33276367
2013-12-01T17:50:00+00:00,5059,2219.36181641
2013-12-01T18:00:00+00:00,5059,1871.3626709
2013-12-01T18:10:00+00:00,5059,2015.20544434
2013-12-01T18:20:00+00:00,5059,1513.13525391
2013-12-01T18:30:00+00:00,5059,1447.61315918
2013-12-01T18:40:00+00:00,5059,1278.19519043
2013-12-01T18:50:00+00:00,5059,1080.46850586
2013-12-01T19:00:00+00:00,5059,988.767150879
2013-12-01T19:10:00+00:00,5059,1302.10424805
2013-12-01T19:20:00+00:00,5059,2093.48901367
2013-12-01T19:30:00+00:00,5059,999.510559082
2013-12-01T19:40:00+00:00,5059,800.30078125
2013-12-01T19:50:00+00:00,5059,670.637756348
2013-12-01T20:00:00+00:00,5059,817.784118652
2013-12-01T20:10:00+00:00,5059,737.860229492
2013-12-01T20:20:00+00:00,5059,707.149841309
2013-12-01T20:30:00+00:00,5059,589.215209961
2013-12-01T20:40:00+00:00,5059,643.17010498
2013-12-01T20:50:00+00:00,5059,704.02142334
2013-12-01T21:00:00+00:00,5059,687.657531738
2013-12-01T21:10:00+00:00,5059,603.617614746
2013-12-01T21:20:00+00:00,5059,736.841918945
2013-12-01T21:30:00+00:00,5059,670.069885254
2013-12-01T21:40:00+00:00,5059,555.818969727
2013-12-01T21:50:00+00:00,5059,450.115631104
2013-12-01T22:00:00+00:00,5059,437.998168945
2013-12-01T22:10:00+00:00,5059,538.356140137
2013-12-01T22:20:00+00:00,5059,424.672302246
2013-12-01T22:30:00+00:00,5059,362.093353271
2013-12-01T22:40:00+00:00,5059,338.817108154
2013-12-01T22:50:00+00:00,5059,363.148193359
2013-12-01T23:00:00+00:00,5059,384.041656494
2013-12-01T23:10:00+00:00,5059,429.851806641
2013-12-01T23:20:00+00:00,5059,380.050628662
2013-12-01T23:40:00+00:00,5059,326.703125
2013-12-01T23:50:00+00:00,5059,306.682800293
2013-12-02T00:20:00+00:00,5059,273.141418457
2013-12-02T01:30:00+00:00,5059,215.757965088
2013-12-02T05:10:00+00:00,5059,279.808319092
2013-12-02T05:40:00+00:00,5059,335.529815674
2013-12-02T05:50:00+00:00,5059,290.084869385
2013-12-02T06:00:00+00:00,5059,372.827850342
2013-12-02T06:10:00+00:00,5059,612.83795166
2013-12-02T06:20:00+00:00,5059,395.5546875
2013-12-02T06:30:00+00:00,5059,461.276062012
2013-12-02T06:40:00+00:00,5059,498.195831299
2013-12-02T06:50:00+00:00,5059,593.098266602
2013-12-02T07:00:00+00:00,5059,668.961120605
2013-12-02T07:10:00+00:00,5059,755.059204102
2013-12-02T07:20:00+00:00,5059,785.929504395
2013-12-02T07:30:00+00:00,5059,1017.41381836
2013-12-02T07:40:00+00:00,5059,1172.89086914
2013-12-02T07:50:00+00:00,5059,1544.00708008
2013-12-02T08:00:00+00:00,5059,1419.03601074
2013-12-02T08:10:00+00:00,5059,1381.71533203
2013-12-02T08:20:00+00:00,5059,1410.70068359
2013-12-02T08:30:00+00:00,5059,1379.24597168
2013-12-02T08:40:00+00:00,5059,1836.94812012
2013-12-02T08:50:00+00:00,5059,1551.05029297
2013-12-02T09:00:00+00:00,5059,1797.9732666
2013-12-02T09:10:00+00:00,5059,2029.88647461
2013-12-02T09:20:00+00:00,5059,1851.74279785
2013-12-02T09:30:00+00:00,5059,1951.01062012
2013-12-02T09:40:00+00:00,5059,2051.66333008
2013-12-02T09:50:00+00:00,5059,1797.75500488
2013-12-02T10:00:00+00:00,5059,2087.54418945
2013-12-02T10:10:00+00:00,5059,2026.33972168
2013-12-02T10:20:00+00:00,5059,1887.13085938
2013-12-02T10:30:00+00:00,5059,1983.90917969
2013-12-02T10:40:00+00:00,5059,2091.57666016
2013-12-02T10:50:00+00:00,5059,1949.8248291
2013-12-02T11:00:00+00:00,5059,2043.75830078
2013-12-02T11:10:00+00:00,5059,2273.2097168
2013-12-02T11:20:00+00:00,5059,2597.36132812
2013-12-02T11:30:00+00:00,5059,2437.17016602
2013-12-02T11:40:00+00:00,5059,2494.79370117
2013-12-02T11:50:00+00:00,5059,2453.90063477
2013-12-02T12:00:00+00:00,5059,2480.94580078
2013-12-02T12:10:00+00:00,5059,2786.68408203
2013-12-02T12:20:00+00:00,5059,2478.99682617
2013-12-02T12:30:00+00:00,5059,2648.56860352
2013-12-02T12:40:00+00:00,5059,2954.38525391
2013-12-02T12:50:00+00:00,5059,2800.32958984
2013-12-02T13:00:00+00:00,5059,2637.94458008
2013-12-02T13:10:00+00:00,5059,2745.49384068
2013-12-02T13:20:00+00:00,5059,2696.27172852
2013-12-02T13:30:00+00:00,5059,2739.39990234
2013-12-02T13:40:00+00:00,5059,2887.29125977
2013-12-02T13:50:00+00:00,5059,2193.08325195
2013-12-02T14:00:00+00:00,5059,2540.19360352
2013-12-02T14:10:00+00:00,5059,2616.22387695
2013-12-02T14:20:00+00:00,5059,3351.82421875
2013-12-02T14:30:00+00:00,5059,3203.8460905
2013-12-02T14:40:00+00:00,5059,2542.02539062
2013-12-02T14:50:00+00:00,5059,2974.01977539
2013-12-02T15:00:00+00:00,5059,2989.95800781
2013-12-02T15:10:00+00:00,5059,2758.1652832
2013-12-02T15:20:00+00:00,5059,2273.49023438
2013-12-02T15:30:00+00:00,5059,2518.00097656
2013-12-02T15:40:00+00:00,5059,2289.13061523
2013-12-02T15:50:00+00:00,5059,2384.14379883
2013-12-02T16:00:00+00:00,5059,2416.80664062
2013-12-02T16:10:00+00:00,5059,2243.47045898
2013-12-02T16:20:00+00:00,5059,2553.58105469
2013-12-02T16:30:00+00:00,5059,2398.23242188
2013-12-02T16:40:00+00:00,5059,2815.2800293
2013-12-02T16:50:00+00:00,5059,2267.53271484
2013-12-02T17:00:00+00:00,5059,2155.39770508
2013-12-02T17:10:00+00:00,5059,2105.76635742
2013-12-02T17:20:00+00:00,5059,1851.34387207
2013-12-02T17:30:00+00:00,5059,1815.77368164
2013-12-02T17:40:00+00:00,5059,1526.35205078
2013-12-02T17:50:00+00:00,5059,1579.59802246
2013-12-02T18:00:00+00:00,5059,1583.21618652
2013-12-02T18:10:00+00:00,5059,1407.5300293
2013-12-02T18:20:00+00:00,5059,1502.17907715
2013-12-02T18:30:00+00:00,5059,1284.71740723
2013-12-02T18:40:00+00:00,5059,1453.69287109
2013-12-02T18:50:00+00:00,5059,1280.16809082
2013-12-02T19:00:00+00:00,5059,1221.58813477
2013-12-02T19:10:00+00:00,5059,1099.17138672
2013-12-02T19:20:00+00:00,5059,1084.22363281
2013-12-02T19:30:00+00:00,5059,1105.96569824
2013-12-02T19:40:00+00:00,5059,962.819335938
2013-12-02T19:50:00+00:00,5059,1201.93652344
2013-12-02T20:00:00+00:00,5059,980.855041504
2013-12-02T20:10:00+00:00,5059,1001.48846436
2013-12-02T20:20:00+00:00,5059,857.352050781
2013-12-02T20:30:00+00:00,5059,816.847412109
2013-12-02T20:40:00+00:00,5059,947.042053223
2013-12-02T20:50:00+00:00,5059,682.228088379
2013-12-02T21:00:00+00:00,5059,1160.96386719
2013-12-02T21:10:00+00:00,5059,878.466552734
2013-12-02T21:20:00+00:00,5059,677.396911621
2013-12-02T21:30:00+00:00,5059,853.04498291
2013-12-02T21:40:00+00:00,5059,1066.34362793
2013-12-02T21:50:00+00:00,5059,654.562072754
2013-12-02T22:00:00+00:00,5059,617.655090332
2013-12-02T22:10:00+00:00,5059,583.12298584
2013-12-02T22:20:00+00:00,5059,513.97644043
2013-12-02T22:30:00+00:00,5059,567.68145752
2013-12-02T22:40:00+00:00,5059,642.652648926
2013-12-02T22:50:00+00:00,5059,469.578033447
2013-12-02T23:00:00+00:00,5059,572.676269531
2013-12-02T23:10:00+00:00,5059,717.821350098
2013-12-02T23:20:00+00:00,5059,464.446380615
2013-12-02T23:30:00+00:00,5059,472.413421631
2013-12-02T23:40:00+00:00,5059,426.816711426
2013-12-02T23:50:00+00:00,5059,336.309936523
2013-12-03T00:20:00+00:00,5059,356.24029541
2013-12-03T05:00:00+00:00,5059,324.537597656
2013-12-03T05:20:00+00:00,5059,323.329406738
2013-12-03T05:30:00+00:00,5059,310.251708984
2013-12-03T05:40:00+00:00,5059,355.453948975
2013-12-03T05:50:00+00:00,5059,347.969451904
2013-12-03T06:00:00+00:00,5059,447.421020508
2013-12-03T06:10:00+00:00,5059,420.265563965
2013-12-03T06:20:00+00:00,5059,438.673065186
2013-12-03T06:30:00+00:00,5059,572.413085938
2013-12-03T06:40:00+00:00,5059,517.871582031
2013-12-03T06:50:00+00:00,5059,625.977722168
2013-12-03T07:00:00+00:00,5059,780.852050781
2013-12-03T07:10:00+00:00,5059,969.706237793
2013-12-03T07:20:00+00:00,5059,1260.69958496
2013-12-03T07:30:00+00:00,5059,1182.95251465
2013-12-03T07:40:00+00:00,5059,1180.57592773
2013-12-03T07:50:00+00:00,5059,1169.05114746
2013-12-03T08:00:00+00:00,5059,1411.94116211
2013-12-03T08:10:00+00:00,5059,1285.73754883
2013-12-03T08:20:00+00:00,5059,1552.47155762
2013-12-03T08:30:00+00:00,5059,1742.30224609
2013-12-03T08:40:00+00:00,5059,1624.93737793
2013-12-03T08:50:00+00:00,5059,1907.85717773
2013-12-03T09:00:00+00:00,5059,1829.75183105
2013-12-03T09:10:00+00:00,5059,1622.40356445
2013-12-03T09:20:00+00:00,5059,1817.59411621
2013-12-03T09:30:00+00:00,5059,1713.58190918
2013-12-03T09:40:00+00:00,5059,2585.82666016
2013-12-03T09:50:00+00:00,5059,2052.71191406
2013-12-03T10:00:00+00:00,5059,2820.89990234
2013-12-03T10:10:00+00:00,5059,2126.19677734
2013-12-03T10:20:00+00:00,5059,2092.67279816
2013-12-03T10:30:00+00:00,5059,2282.11303711
2013-12-03T10:40:00+00:00,5059,2393.87597656
2013-12-03T10:50:00+00:00,5059,2131.81420898
2013-12-03T11:00:00+00:00,5059,2589.65673828
2013-12-03T11:10:00+00:00,5059,3167.13061523
2013-12-03T11:20:00+00:00,5059,2568.77026367
2013-12-03T11:30:00+00:00,5059,2526.65600586
2013-12-03T11:40:00+00:00,5059,2682.04345703
2013-12-03T11:50:00+00:00,5059,2570.49829102
2013-12-03T12:00:00+00:00,5059,2691.47460938
2013-12-03T12:10:00+00:00,5059,2571.99145508
2013-12-03T12:20:00+00:00,5059,2812.28222656
2013-12-03T12:30:00+00:00,5059,2811.57226562
2013-12-03T12:40:00+00:00,5059,2846.09838867
2013-12-03T12:50:00+00:00,5059,2939.3190918
2013-12-03T13:00:00+00:00,5059,3216.49438477
2013-12-03T13:10:00+00:00,5059,3176.35058594
2013-12-03T13:20:00+00:00,5059,3318.20092773
2013-12-03T13:30:00+00:00,5059,3374.59399414
2013-12-03T13:40:00+00:00,5059,3626.23803711
2013-12-03T13:50:00+00:00,5059,2721.84985352
2013-12-03T14:00:00+00:00,5059,3086.8840332
2013-12-03T14:10:00+00:00,5059,2948.01269531
2013-12-03T14:20:00+00:00,5059,2645.28027344
2013-12-03T14:30:00+00:00,5059,2648.57519531
2013-12-03T14:40:00+00:00,5059,2479.10620117
2013-12-03T14:50:00+00:00,5059,2495.140625
2013-12-03T15:00:00+00:00,5059,2656.47680664
2013-12-03T15:10:00+00:00,5059,2623.66479492
2013-12-03T15:20:00+00:00,5059,2668.54345703
2013-12-03T15:30:00+00:00,5059,2398.77856445
2013-12-03T15:40:00+00:00,5059,2640.17871094
2013-12-03T15:50:00+00:00,5059,2341.19750977
2013-12-03T16:00:00+00:00,5059,2457.47705078
2013-12-03T16:10:00+00:00,5059,2468.26538086
2013-12-03T16:20:00+00:00,5059,3036.47802734
2013-12-03T16:30:00+00:00,5059,2398.85546875
2013-12-03T16:40:00+00:00,5059,2453.90600586
2013-12-03T16:50:00+00:00,5059,2451.23876953
2013-12-03T17:00:00+00:00,5059,2116.44360352
2013-12-03T17:10:00+00:00,5059,2143.04614258
2013-12-03T17:20:00+00:00,5059,2361.28735352
2013-12-03T17:30:00+00:00,5059,2088.38476562
2013-12-03T17:40:00+00:00,5059,1825.39086914
2013-12-03T17:50:00+00:00,5059,1768.73681641
2013-12-03T18:00:00+00:00,5059,2041.23986816
2013-12-03T18:10:00+00:00,5059,1655.57727051
2013-12-03T18:20:00+00:00,5059,1780.72619629
2013-12-03T18:30:00+00:00,5059,1848.09204102
2013-12-03T18:40:00+00:00,5059,1637.99182129
2013-12-03T18:50:00+00:00,5059,1544.70410156
2013-12-03T19:00:00+00:00,5059,1398.04284668
2013-12-03T19:10:00+00:00,5059,1280.78710938
2013-12-03T19:20:00+00:00,5059,1350.25439453
2013-12-03T19:30:00+00:00,5059,1303.44506836
2013-12-03T19:40:00+00:00,5059,1385.15014648
2013-12-03T19:50:00+00:00,5059,1123.92407227
2013-12-03T20:00:00+00:00,5059,1114.54150391
2013-12-03T20:10:00+00:00,5059,1229.00427246
2013-12-03T20:20:00+00:00,5059,1014.91900635
2013-12-03T20:30:00+00:00,5059,1031.92785645
2013-12-03T20:40:00+00:00,5059,1059.05883789
2013-12-03T20:50:00+00:00,5059,1636.31274414
2013-12-03T21:00:00+00:00,5059,767.165161133
2013-12-03T21:10:00+00:00,5059,954.5859375
2013-12-03T21:20:00+00:00,5059,624.11920166
2013-12-03T21:30:00+00:00,5059,685.961120605
2013-12-03T21:40:00+00:00,5059,646.759399414
2013-12-03T21:50:00+00:00,5059,571.329284668
2013-12-03T22:00:00+00:00,5059,532.227050781
2013-12-03T22:10:00+00:00,5059,618.766357422
2013-12-03T22:20:00+00:00,5059,495.157775879
2013-12-03T22:30:00+00:00,5059,501.168426514
2013-12-03T22:40:00+00:00,5059,527.842163086
2013-12-03T22:50:00+00:00,5059,487.621856689
2013-12-03T23:00:00+00:00,5059,510.639282227
2013-12-03T23:10:00+00:00,5059,485.132965088
2013-12-03T23:20:00+00:00,5059,454.216827393
2013-12-03T23:30:00+00:00,5059,427.735534668
2013-12-03T23:40:00+00:00,5059,436.73828125
2013-12-03T23:50:00+00:00,5059,379.851318359
2013-12-04T00:00:00+00:00,5059,349.632598877
2013-12-04T00:10:00+00:00,5059,357.00668335
2013-12-04T00:40:00+00:00,5059,393.954833984
2013-12-04T01:00:00+00:00,5059,351.410736084
2013-12-04T01:20:00+00:00,5059,294.00201416
2013-12-04T05:00:00+00:00,5059,301.937927246
2013-12-04T05:10:00+00:00,5059,268.999328613
2013-12-04T05:30:00+00:00,5059,345.643096924
2013-12-04T05:40:00+00:00,5059,330.42199707
2013-12-04T05:50:00+00:00,5059,324.987030029
2013-12-04T06:00:00+00:00,5059,413.289337158
2013-12-04T06:10:00+00:00,5059,523.612243652
2013-12-04T06:20:00+00:00,5059,418.011688232
2013-12-04T06:30:00+00:00,5059,541.831787109
2013-12-04T06:40:00+00:00,5059,589.993713379
2013-12-04T06:50:00+00:00,5059,668.584716797
2013-12-04T07:00:00+00:00,5059,941.413269043
2013-12-04T07:10:00+00:00,5059,905.538757324
2013-12-04T07:20:00+00:00,5059,842.148193359
2013-12-04T07:30:00+00:00,5059,982.836669922
2013-12-04T07:40:00+00:00,5059,1136.78198242
2013-12-04T07:50:00+00:00,5059,1100.99157715
2013-12-04T08:00:00+00:00,5059,1606.80444336
2013-12-04T08:10:00+00:00,5059,1597.87109375
2013-12-04T08:20:00+00:00,5059,1570.13952637
2013-12-04T08:30:00+00:00,5059,1404.42370605
2013-12-04T08:40:00+00:00,5059,1516.12011719
2013-12-04T08:50:00+00:00,5059,1535.39868164
2013-12-04T09:00:00+00:00,5059,1754.18713379
2013-12-04T09:10:00+00:00,5059,1907.38354492
2013-12-04T09:20:00+00:00,5059,1927.51452637
2013-12-04T09:30:00+00:00,5059,2061.86450195
2013-12-04T09:40:00+00:00,5059,2179.12890625
2013-12-04T09:50:00+00:00,5059,2110.91894531
2013-12-04T10:00:00+00:00,5059,2042.32543945
2013-12-04T10:10:00+00:00,5059,2218.71435547
2013-12-04T10:20:00+00:00,5059,2271.32202148
2013-12-04T10:30:00+00:00,5059,2332.47705078
2013-12-04T10:40:00+00:00,5059,2342.29003906
2013-12-04T10:50:00+00:00,5059,2407.70361328
2013-12-04T11:00:00+00:00,5059,2478.65942383
2013-12-04T11:10:00+00:00,5059,2576.79760742
2013-12-04T11:20:00+00:00,5059,2569.6328125
2013-12-04T11:30:00+00:00,5059,2561.64648438
2013-12-04T11:40:00+00:00,5059,2750.4777832
2013-12-04T11:50:00+00:00,5059,2490.00390625
2013-12-04T12:00:00+00:00,5059,2490.87133789
2013-12-04T12:10:00+00:00,5059,3199.07617188
2013-12-04T12:20:00+00:00,5059,3028.62744141
2013-12-04T12:30:00+00:00,5059,3031.5931313
2013-12-04T12:40:00+00:00,5059,3032.44335938
2013-12-04T12:50:00+00:00,5059,2827.40136719
2013-12-04T13:00:00+00:00,5059,2826.88867188
2013-12-04T13:10:00+00:00,5059,3043.45458984
2013-12-04T13:20:00+00:00,5059,2662.20019531
2013-12-04T13:30:00+00:00,5059,2550.49316406
2013-12-04T13:40:00+00:00,5059,2585.51879883
2013-12-04T13:50:00+00:00,5059,2578.66113281
2013-12-04T14:00:00+00:00,5059,2475.91235352
2013-12-04T14:10:00+00:00,5059,2462.48168945
2013-12-04T14:20:00+00:00,5059,2404.78588867
2013-12-04T14:30:00+00:00,5059,2482.39794922
2013-12-04T14:40:00+00:00,5059,2559.97255063
2013-12-04T14:50:00+00:00,5059,2453.99853516
2013-12-04T15:00:00+00:00,5059,2735.53149414
2013-12-04T15:10:00+00:00,5059,2461.14379883
2013-12-04T15:20:00+00:00,5059,2873.13305664
2013-12-04T15:30:00+00:00,5059,2475.48999023
2013-12-04T15:40:00+00:00,5059,2494.04516602
2013-12-04T15:50:00+00:00,5059,2364.25244141
2013-12-04T16:00:00+00:00,5059,2538.484375
2013-12-04T16:10:00+00:00,5059,2338.15234375
2013-12-04T16:20:00+00:00,5059,2324.37597656
2013-12-04T16:30:00+00:00,5059,2075.64135742
2013-12-04T16:40:00+00:00,5059,2398.53051758
2013-12-04T16:50:00+00:00,5059,2308.71435547
2013-12-04T17:00:00+00:00,5059,2467.25024414
2013-12-04T17:10:00+00:00,5059,2029.42602539
2013-12-04T17:20:00+00:00,5059,2068.60498047
2013-12-04T17:30:00+00:00,5059,2052.0324707
2013-12-04T17:40:00+00:00,5059,2331.87792969
2013-12-04T17:50:00+00:00,5059,2001.51452637
2013-12-04T18:00:00+00:00,5059,1995.57519531
2013-12-04T18:10:00+00:00,5059,2025.98999023
2013-12-04T18:20:00+00:00,5059,1877.9251709
2013-12-04T18:30:00+00:00,5059,1895.0880127
2013-12-04T18:40:00+00:00,5059,1863.97888184
2013-12-04T18:50:00+00:00,5059,1459.65942383
2013-12-04T19:00:00+00:00,5059,1547.71203613
2013-12-04T19:10:00+00:00,5059,1294.31481934
2013-12-04T19:20:00+00:00,5059,1141.64733887
2013-12-04T19:30:00+00:00,5059,1297.01403809
2013-12-04T19:40:00+00:00,5059,1264.30334473
2013-12-04T19:50:00+00:00,5059,1180.78588867
2013-12-04T20:00:00+00:00,5059,993.08190918
2013-12-04T20:10:00+00:00,5059,970.643188477
2013-12-04T20:20:00+00:00,5059,907.085876465
2013-12-04T20:30:00+00:00,5059,913.515930176
2013-12-04T20:40:00+00:00,5059,879.105163574
2013-12-04T20:50:00+00:00,5059,1091.76452637
2013-12-04T21:00:00+00:00,5059,999.45690918
2013-12-04T21:10:00+00:00,5059,729.759460449
2013-12-04T21:20:00+00:00,5059,874.194702148
2013-12-04T21:30:00+00:00,5059,1074.54943848
2013-12-04T21:40:00+00:00,5059,768.277404785
2013-12-04T21:50:00+00:00,5059,675.197937012
2013-12-04T22:00:00+00:00,5059,600.199951172
2013-12-04T22:10:00+00:00,5059,718.101867676
2013-12-04T22:20:00+00:00,5059,539.666259766
2013-12-04T22:30:00+00:00,5059,527.784912109
2013-12-04T22:40:00+00:00,5059,560.25012207
2013-12-04T22:50:00+00:00,5059,462.404602051
2013-12-04T23:00:00+00:00,5059,498.326660156
2013-12-04T23:10:00+00:00,5059,527.86151123
2013-12-04T23:20:00+00:00,5059,402.460571289
2013-12-04T23:30:00+00:00,5059,410.502441406
2013-12-04T23:40:00+00:00,5059,367.51461792
2013-12-05T00:00:00+00:00,5059,365.06539917
2013-12-05T00:20:00+00:00,5059,375.300201416
2013-12-05T00:30:00+00:00,5059,570.75982666
2013-12-05T01:00:00+00:00,5059,304.813018799
2013-12-05T01:30:00+00:00,5059,311.09463501
2013-12-05T01:40:00+00:00,5059,297.943328857
2013-12-05T02:00:00+00:00,5059,296.618438721
2013-12-05T03:00:00+00:00,5059,280.569976807
2013-12-05T03:30:00+00:00,5059,267.82723999
2013-12-05T03:50:00+00:00,5059,254.084396362
2013-12-05T05:10:00+00:00,5059,333.657287598
2013-12-05T05:20:00+00:00,5059,268.600952148
2013-12-05T05:30:00+00:00,5059,376.36227417
2013-12-05T05:40:00+00:00,5059,347.881469727
2013-12-05T05:50:00+00:00,5059,386.548828125
2013-12-05T06:00:00+00:00,5059,377.027557373
2013-12-05T06:10:00+00:00,5059,421.496826172
2013-12-05T06:20:00+00:00,5059,447.881896973
2013-12-05T06:30:00+00:00,5059,555.836975098
2013-12-05T06:40:00+00:00,5059,591.630065918
2013-12-05T06:50:00+00:00,5059,688.620300293
2013-12-05T07:00:00+00:00,5059,824.26385498
2013-12-05T07:10:00+00:00,5059,939.23626709
2013-12-05T07:20:00+00:00,5059,940.121154785
2013-12-05T07:30:00+00:00,5059,1101.0526123
2013-12-05T07:40:00+00:00,5059,1180.3704834
2013-12-05T07:50:00+00:00,5059,1209.69470215
2013-12-05T08:00:00+00:00,5059,1403.4296875
2013-12-05T08:10:00+00:00,5059,1366.76501465
2013-12-05T08:20:00+00:00,5059,1380.30712891
2013-12-05T08:30:00+00:00,5059,1467.93200684
2013-12-05T08:40:00+00:00,5059,1616.25146484
2013-12-05T08:50:00+00:00,5059,1559.65966797
2013-12-05T09:00:00+00:00,5059,1621.85717773
2013-12-05T09:10:00+00:00,5059,1626.84191895
2013-12-05T09:20:00+00:00,5059,1699.4387207
2013-12-05T09:30:00+00:00,5059,1799.13818359
2013-12-05T09:40:00+00:00,5059,1976.29162598
2013-12-05T09:50:00+00:00,5059,2090.25732422
2013-12-05T10:00:00+00:00,5059,2099.5769043
2013-12-05T10:10:00+00:00,5059,2038.56213379
2013-12-05T10:20:00+00:00,5059,2352.20556641
2013-12-05T10:30:00+00:00,5059,2624.59130859
2013-12-05T10:40:00+00:00,5059,2553.57783604
2013-12-05T10:50:00+00:00,5059,2260.09472656
2013-12-05T11:00:00+00:00,5059,2347.0234375
2013-12-05T11:10:00+00:00,5059,2167.03735352
2013-12-05T11:20:00+00:00,5059,2430.58007812
2013-12-05T11:30:00+00:00,5059,2434.09936523
2013-12-05T11:40:00+00:00,5059,2526.95581055
2013-12-05T11:50:00+00:00,5059,2342.015625
2013-12-05T12:00:00+00:00,5059,2622.41796875
2013-12-05T12:10:00+00:00,5059,2458.68457031
2013-12-05T12:20:00+00:00,5059,2512.47192383
2013-12-05T12:30:00+00:00,5059,2651.09155273
2013-12-05T12:40:00+00:00,5059,2529.19873047
2013-12-05T12:50:00+00:00,5059,2581.22070312
2013-12-05T13:00:00+00:00,5059,2634.80761719
2013-12-05T13:10:00+00:00,5059,2739.57446289
2013-12-05T13:20:00+00:00,5059,2569.09887695
2013-12-05T13:30:00+00:00,5059,2558.88769531
2013-12-05T13:40:00+00:00,5059,2719.36010742
2013-12-05T13:50:00+00:00,5059,2380.51464844
2013-12-05T14:00:00+00:00,5059,2676.94116211
2013-12-05T14:10:00+00:00,5059,2738.60571289
2013-12-05T14:20:00+00:00,5059,2574.94775391
2013-12-05T14:30:00+00:00,5059,2403.83740234
2013-12-05T14:40:00+00:00,5059,2446.15087891
2013-12-05T14:50:00+00:00,5059,2506.00634766
2013-12-05T15:00:00+00:00,5059,2325.08447266
2013-12-05T15:10:00+00:00,5059,2375.39379883
2013-12-05T15:20:00+00:00,5059,2378.66992188
2013-12-05T15:30:00+00:00,5059,2138.88598633
2013-12-05T15:40:00+00:00,5059,2315.20214844
2013-12-05T15:50:00+00:00,5059,2378.13061523
2013-12-05T16:00:00+00:00,5059,2352.55664635
2013-12-05T16:10:00+00:00,5059,2529.17675781
2013-12-05T16:20:00+00:00,5059,2395.38842773
2013-12-05T16:30:00+00:00,5059,2171.95239258
2013-12-05T16:40:00+00:00,5059,2215.4362793
2013-12-05T16:50:00+00:00,5059,2140.02294922
2013-12-05T17:00:00+00:00,5059,2104.91308594
2013-12-05T17:10:00+00:00,5059,2289.3515625
2013-12-05T17:20:00+00:00,5059,2152.91259766
2013-12-05T17:30:00+00:00,5059,2598.82275391
2013-12-05T17:40:00+00:00,5059,2499.62048596
2013-12-05T17:50:00+00:00,5059,2021.39160156
2013-12-05T18:00:00+00:00,5059,2035.07250977
2013-12-05T18:10:00+00:00,5059,1703.73242188
2013-12-05T18:20:00+00:00,5059,1877.04138184
2013-12-05T18:30:00+00:00,5059,1574.32434082
2013-12-05T18:40:00+00:00,5059,1540.66674805
2013-12-05T18:50:00+00:00,5059,1583.0234375
2013-12-05T19:00:00+00:00,5059,1463.12426758
2013-12-05T19:10:00+00:00,5059,1563.88439941
2013-12-05T19:20:00+00:00,5059,1906.96557617
2013-12-05T19:30:00+00:00,5059,1550.36621094
2013-12-05T19:40:00+00:00,5059,1349.70361328
2013-12-05T19:50:00+00:00,5059,1142.48608398
2013-12-05T20:00:00+00:00,5059,1220.96252441
2013-12-05T20:10:00+00:00,5059,963.625976562
2013-12-05T20:20:00+00:00,5059,952.03338623
2013-12-05T20:30:00+00:00,5059,891.776184082
2013-12-05T20:40:00+00:00,5059,894.438781738
2013-12-05T20:50:00+00:00,5059,945.183654785
2013-12-05T21:00:00+00:00,5059,1125.82983398
2013-12-05T21:10:00+00:00,5059,873.852416992
2013-12-05T21:20:00+00:00,5059,732.499084473
2013-12-05T21:30:00+00:00,5059,811.938293457
2013-12-05T21:40:00+00:00,5059,853.469970703
2013-12-05T21:50:00+00:00,5059,664.454589844
2013-12-05T22:00:00+00:00,5059,614.372375488
2013-12-05T22:10:00+00:00,5059,600.627502441
2013-12-05T22:20:00+00:00,5059,649.588806152
2013-12-05T22:30:00+00:00,5059,690.776977539
2013-12-05T22:40:00+00:00,5059,610.397705078
2013-12-05T22:50:00+00:00,5059,559.925292969
2013-12-05T23:00:00+00:00,5059,541.690246582
2013-12-05T23:10:00+00:00,5059,530.799194336
2013-12-05T23:20:00+00:00,5059,515.378234863
2013-12-05T23:30:00+00:00,5059,519.759277344
2013-12-05T23:40:00+00:00,5059,425.052368164
2013-12-05T23:50:00+00:00,5059,400.417907715
2013-12-06T00:00:00+00:00,5059,360.872039795
2013-12-06T00:10:00+00:00,5059,383.411468506
2013-12-06T00:20:00+00:00,5059,335.076141357
2013-12-06T00:40:00+00:00,5059,321.643585205
2013-12-06T00:50:00+00:00,5059,331.368041992
2013-12-06T01:20:00+00:00,5059,308.940307617
2013-12-06T03:20:00+00:00,5059,295.417205811
2013-12-06T04:00:00+00:00,5059,290.033081055
2013-12-06T05:20:00+00:00,5059,321.094482422
2013-12-06T05:40:00+00:00,5059,391.056335449
2013-12-06T05:50:00+00:00,5059,432.307800293
2013-12-06T06:00:00+00:00,5059,398.49029541
2013-12-06T06:10:00+00:00,5059,491.242004395
2013-12-06T06:20:00+00:00,5059,491.256103516
2013-12-06T06:30:00+00:00,5059,512.657531738
2013-12-06T06:40:00+00:00,5059,587.11126709
2013-12-06T06:50:00+00:00,5059,679.165161133
2013-12-06T07:00:00+00:00,5059,870.980163574
2013-12-06T07:10:00+00:00,5059,876.552001953
2013-12-06T07:20:00+00:00,5059,871.316101074
2013-12-06T07:30:00+00:00,5059,1027.66674805
2013-12-06T07:40:00+00:00,5059,1257.87219238
2013-12-06T07:50:00+00:00,5059,1327.43896484
2013-12-06T08:00:00+00:00,5059,1375.84326172
2013-12-06T08:10:00+00:00,5059,1464.56152344
2013-12-06T08:20:00+00:00,5059,1643.17272949
2013-12-06T08:30:00+00:00,5059,1747.07849121
2013-12-06T08:40:00+00:00,5059,1572.82336426
2013-12-06T08:50:00+00:00,5059,1664.43981934
2013-12-06T09:00:00+00:00,5059,1920.71264648
2013-12-06T09:10:00+00:00,5059,2054.04443359
2013-12-06T09:20:00+00:00,5059,1956.02807617
2013-12-06T09:30:00+00:00,5059,1889.92163086
2013-12-06T09:40:00+00:00,5059,2151.14916992
2013-12-06T09:50:00+00:00,5059,2081.49829102
2013-12-06T10:00:00+00:00,5059,2230.97485352
2013-12-06T10:10:00+00:00,5059,2323.98461914
2013-12-06T10:20:00+00:00,5059,2313.11523438
2013-12-06T10:30:00+00:00,5059,2177.92797852
2013-12-06T10:40:00+00:00,5059,2349.55564737
2013-12-06T10:50:00+00:00,5059,2262.60620117
2013-12-06T11:00:00+00:00,5059,2239.40966797
2013-12-06T11:10:00+00:00,5059,2324.17016602
2013-12-06T11:20:00+00:00,5059,2416.84204102
2013-12-06T11:30:00+00:00,5059,2725.43652344
2013-12-06T11:40:00+00:00,5059,2985.35107422
2013-12-06T11:50:00+00:00,5059,2725.66772461
2013-12-06T12:00:00+00:00,5059,2920.7644043
2013-12-06T12:10:00+00:00,5059,2840.96166992
2013-12-06T12:20:00+00:00,5059,2739.33300781
2013-12-06T12:30:00+00:00,5059,3179.44360352
2013-12-06T12:40:00+00:00,5059,2629.78320312
2013-12-06T12:50:00+00:00,5059,2757.15551758
2013-12-06T13:00:00+00:00,5059,2804.96289062
2013-12-06T13:10:00+00:00,5059,2832.29150391
2013-12-06T13:20:00+00:00,5059,2747.43359375
2013-12-06T13:30:00+00:00,5059,2994.78564453
2013-12-06T13:40:00+00:00,5059,2673.91674805
2013-12-06T13:50:00+00:00,5059,2786.86529873
2013-12-06T14:00:00+00:00,5059,2531.77270508
2013-12-06T14:10:00+00:00,5059,2799.27308175
2013-12-06T14:20:00+00:00,5059,2444.02490234
2013-12-06T14:30:00+00:00,5059,2519.76245117
2013-12-06T14:40:00+00:00,5059,2668.12548828
2013-12-06T14:50:00+00:00,5059,2705.8604784
2013-12-06T15:00:00+00:00,5059,2998.83183336
2013-12-06T15:10:00+00:00,5059,2809.75732422
2013-12-06T15:20:00+00:00,5059,3230.68847656
2013-12-06T15:30:00+00:00,5059,2696.35766602
2013-12-06T15:40:00+00:00,5059,2649.96704102
2013-12-06T15:50:00+00:00,5059,2544.78442383
2013-12-06T16:00:00+00:00,5059,2528.57104492
2013-12-06T16:10:00+00:00,5059,2463.34887695
2013-12-06T16:20:00+00:00,5059,2306.45214844
2013-12-06T16:30:00+00:00,5059,2376.2668457
2013-12-06T16:40:00+00:00,5059,2211.9453125
2013-12-06T16:50:00+00:00,5059,2269.13476562
2013-12-06T17:00:00+00:00,5059,2336.06116242
2013-12-06T17:10:00+00:00,5059,2256.140625
2013-12-06T17:20:00+00:00,5059,2729.57373047
2013-12-06T17:30:00+00:00,5059,2040.28894043
2013-12-06T17:40:00+00:00,5059,1966.1652832
2013-12-06T17:50:00+00:00,5059,1782.96447754
2013-12-06T18:00:00+00:00,5059,1795.88256836
2013-12-06T18:10:00+00:00,5059,1633.82227445
2013-12-06T18:20:00+00:00,5059,1834.25732422
2013-12-06T18:30:00+00:00,5059,1668.75378418
2013-12-06T18:40:00+00:00,5059,1333.89526367
2013-12-06T18:50:00+00:00,5059,1512.75817871
2013-12-06T19:00:00+00:00,5059,1388.91699219
2013-12-06T19:10:00+00:00,5059,1256.67016602
2013-12-06T19:20:00+00:00,5059,1235.69018555
2013-12-06T19:30:00+00:00,5059,1368.7265625
2013-12-06T19:40:00+00:00,5059,1293.46350098
2013-12-06T19:50:00+00:00,5059,1894.35314941
2013-12-06T20:00:00+00:00,5059,941.887268066
2013-12-06T20:10:00+00:00,5059,1069.57946777
2013-12-06T20:20:00+00:00,5059,1066.4342041
2013-12-06T20:30:00+00:00,5059,800.056213379
2013-12-06T20:40:00+00:00,5059,1072.0267334
2013-12-06T20:50:00+00:00,5059,902.090942383
2013-12-06T21:00:00+00:00,5059,657.899658203
2013-12-06T21:10:00+00:00,5059,779.638122559
2013-12-06T21:20:00+00:00,5059,730.046936035
2013-12-06T21:30:00+00:00,5059,738.941467285
2013-12-06T21:40:00+00:00,5059,906.852722168
2013-12-06T21:50:00+00:00,5059,909.960449219
2013-12-06T22:00:00+00:00,5059,892.719604492
2013-12-06T22:10:00+00:00,5059,1082.29309082
2013-12-06T22:20:00+00:00,5059,949.941650391
2013-12-06T22:30:00+00:00,5059,898.263671875
2013-12-06T22:40:00+00:00,5059,944.269836426
2013-12-06T22:50:00+00:00,5059,802.334716797
2013-12-06T23:00:00+00:00,5059,566.52923584
2013-12-06T23:10:00+00:00,5059,585.469604492
2013-12-06T23:30:00+00:00,5059,486.469329834
2013-12-06T23:40:00+00:00,5059,492.53793335
2013-12-06T23:50:00+00:00,5059,469.444000244
2013-12-07T00:00:00+00:00,5059,401.120178223
2013-12-07T00:40:00+00:00,5059,341.914489746
2013-12-07T01:10:00+00:00,5059,362.832336426
2013-12-07T01:20:00+00:00,5059,362.825775146
2013-12-07T01:30:00+00:00,5059,376.387451172
2013-12-07T01:50:00+00:00,5059,327.831298828
2013-12-07T03:30:00+00:00,5059,307.137512207
2013-12-07T04:00:00+00:00,5059,277.1043396
2013-12-07T05:00:00+00:00,5059,271.591400146
2013-12-07T05:40:00+00:00,5059,378.356964111
2013-12-07T05:50:00+00:00,5059,315.952148438
2013-12-07T06:10:00+00:00,5059,356.022796631
2013-12-07T06:20:00+00:00,5059,352.805877686
2013-12-07T06:30:00+00:00,5059,404.648529053
2013-12-07T06:40:00+00:00,5059,414.941375732
2013-12-07T06:50:00+00:00,5059,381.735137939
2013-12-07T07:00:00+00:00,5059,407.490509033
2013-12-07T07:10:00+00:00,5059,473.551177979
2013-12-07T07:20:00+00:00,5059,390.316101074
2013-12-07T07:30:00+00:00,5059,504.929138184
2013-12-07T07:40:00+00:00,5059,507.851348877
2013-12-07T07:50:00+00:00,5059,575.340881348
2013-12-07T08:00:00+00:00,5059,599.385620117
2013-12-07T08:10:00+00:00,5059,676.449890137
2013-12-07T08:20:00+00:00,5059,611.017089844
2013-12-07T08:30:00+00:00,5059,752.695800781
2013-12-07T08:40:00+00:00,5059,912.533691406
2013-12-07T08:50:00+00:00,5059,806.656433105
2013-12-07T09:00:00+00:00,5059,1020.03546143
2013-12-07T09:10:00+00:00,5059,1219.87890625
2013-12-07T09:20:00+00:00,5059,1331.52416992
2013-12-07T09:30:00+00:00,5059,1518.00671387
2013-12-07T09:40:00+00:00,5059,1413.9050293
2013-12-07T09:50:00+00:00,5059,1512.22827148
2013-12-07T10:00:00+00:00,5059,1446.72595215
2013-12-07T10:10:00+00:00,5059,1556.94506836
2013-12-07T10:20:00+00:00,5059,1761.71313477
2013-12-07T10:30:00+00:00,5059,1933.23815918
2013-12-07T10:40:00+00:00,5059,1867.689574
2013-12-07T10:50:00+00:00,5059,1933.40757036
2013-12-07T11:00:00+00:00,5059,1932.8482666
2013-12-07T11:10:00+00:00,5059,2412.30224609
2013-12-07T11:20:00+00:00,5059,2153.20849609
2013-12-07T11:30:00+00:00,5059,2304.97460938
2013-12-07T11:40:00+00:00,5059,2005.92321777
2013-12-07T11:50:00+00:00,5059,2271.10131836
2013-12-07T12:00:00+00:00,5059,2347.67578125
2013-12-07T12:10:00+00:00,5059,2178.48901367
2013-12-07T12:20:00+00:00,5059,2631.02563477
2013-12-07T12:30:00+00:00,5059,2339.70556641
2013-12-07T12:40:00+00:00,5059,2364.12329102
2013-12-07T12:50:00+00:00,5059,2309.55078125
2013-12-07T13:00:00+00:00,5059,2354.65917969
2013-12-07T13:10:00+00:00,5059,2542.76342773
2013-12-07T13:20:00+00:00,5059,2495.76263285
2013-12-07T13:30:00+00:00,5059,2348.43334961
2013-12-07T13:40:00+00:00,5059,2428.55493164
2013-12-07T13:50:00+00:00,5059,2660.33691406
2013-12-07T14:00:00+00:00,5059,2348.08129883
2013-12-07T14:10:00+00:00,5059,2472.50708008
2013-12-07T14:20:00+00:00,5059,2765.5859375
2013-12-07T14:30:00+00:00,5059,2518.09375
2013-12-07T14:40:00+00:00,5059,2631.23876953
2013-12-07T14:50:00+00:00,5059,2667.07836914
2013-12-07T15:00:00+00:00,5059,2799.66748047
2013-12-07T15:10:00+00:00,5059,2723.04663086
2013-12-07T15:20:00+00:00,5059,2581.06567383
2013-12-07T15:30:00+00:00,5059,2683.76269531
2013-12-07T15:40:00+00:00,5059,2728.40665007
2013-12-07T15:50:00+00:00,5059,2810.70654297
2013-12-07T16:00:00+00:00,5059,2447.03613281
2013-12-07T16:10:00+00:00,5059,2766.71680602
2013-12-07T16:20:00+00:00,5059,2577.58862305
2013-12-07T16:30:00+00:00,5059,2975.20532227
2013-12-07T16:40:00+00:00,5059,2786.44775391
2013-12-07T16:50:00+00:00,5059,2986.95825195
2013-12-07T17:00:00+00:00,5059,2854.56982422
2013-12-07T17:10:00+00:00,5059,2703.84765625
2013-12-07T17:20:00+00:00,5059,2834.86669922
2013-12-07T17:30:00+00:00,5059,2730.42114258
2013-12-07T17:40:00+00:00,5059,2594.41967773
2013-12-07T17:50:00+00:00,5059,2467.44262695
2013-12-07T18:00:00+00:00,5059,2640.68505859
2013-12-07T18:10:00+00:00,5059,2558.08300781
2013-12-07T18:20:00+00:00,5059,2398.11450195
2013-12-07T18:30:00+00:00,5059,2532.33227539
2013-12-07T18:40:00+00:00,5059,2825.58374023
2013-12-07T18:50:00+00:00,5059,2324.40991211
2013-12-07T19:00:00+00:00,5059,2204.7253418
2013-12-07T19:10:00+00:00,5059,1895.88562012
2013-12-07T19:20:00+00:00,5059,1605.55004883
2013-12-07T19:30:00+00:00,5059,1643.80847168
2013-12-07T19:40:00+00:00,5059,1602.66052246
2013-12-07T19:50:00+00:00,5059,1266.4309082
2013-12-07T20:00:00+00:00,5059,1272.62060547
2013-12-07T20:10:00+00:00,5059,1237.56689453
2013-12-07T20:20:00+00:00,5059,1149.7545166
2013-12-07T20:30:00+00:00,5059,1179.88696289
2013-12-07T20:40:00+00:00,5059,1146.99865723
2013-12-07T20:50:00+00:00,5059,1134.4041748
2013-12-07T21:00:00+00:00,5059,974.094970703
2013-12-07T21:10:00+00:00,5059,993.653442383
2013-12-07T21:20:00+00:00,5059,1256.08374023
2013-12-07T21:30:00+00:00,5059,1192.39001465
2013-12-07T21:40:00+00:00,5059,1169.63330078
2013-12-07T21:50:00+00:00,5059,861.088012695
2013-12-07T22:00:00+00:00,5059,742.374145508
2013-12-07T22:10:00+00:00,5059,769.30847168
2013-12-07T22:20:00+00:00,5059,861.497314453
2013-12-07T22:30:00+00:00,5059,723.359985352
2013-12-07T22:40:00+00:00,5059,757.645324707
2013-12-07T22:50:00+00:00,5059,602.831970215
2013-12-07T23:00:00+00:00,5059,718.074523926
2013-12-07T23:10:00+00:00,5059,610.728759766
2013-12-07T23:20:00+00:00,5059,543.500061035
2013-12-07T23:30:00+00:00,5059,567.523742676
2013-12-07T23:40:00+00:00,5059,535.205749512
2013-12-07T23:50:00+00:00,5059,455.297485352
2013-12-08T00:00:00+00:00,5059,442.70690918
2013-12-08T00:10:00+00:00,5059,422.902526855
2013-12-08T00:20:00+00:00,5059,406.619934082
2013-12-08T00:30:00+00:00,5059,378.111114502
2013-12-08T00:40:00+00:00,5059,412.673187256
2013-12-08T00:50:00+00:00,5059,365.474853516
2013-12-08T01:10:00+00:00,5059,330.058776855
2013-12-08T01:20:00+00:00,5059,457.860229492
2013-12-08T01:30:00+00:00,5059,323.740814209
2013-12-08T02:50:00+00:00,5059,301.483276367
2013-12-08T03:30:00+00:00,5059,298.857971191
2013-12-08T05:30:00+00:00,5059,263.891845703
2013-12-08T05:40:00+00:00,5059,269.450622559
2013-12-08T06:00:00+00:00,5059,258.281860352
2013-12-08T06:10:00+00:00,5059,305.511932373
2013-12-08T06:20:00+00:00,5059,295.379089355
2013-12-08T06:30:00+00:00,5059,283.698791504
2013-12-08T06:40:00+00:00,5059,347.936645508
2013-12-08T06:50:00+00:00,5059,379.217834473
2013-12-08T07:00:00+00:00,5059,276.420440674
2013-12-08T07:10:00+00:00,5059,334.083374023
2013-12-08T07:20:00+00:00,5059,440.555297852
2013-12-08T07:30:00+00:00,5059,395.060516357
2013-12-08T07:40:00+00:00,5059,459.203979492
2013-12-08T07:50:00+00:00,5059,405.490600586
2013-12-08T08:00:00+00:00,5059,371.936706543
2013-12-08T08:10:00+00:00,5059,513.386352539
2013-12-08T08:20:00+00:00,5059,444.215301514
2013-12-08T08:30:00+00:00,5059,575.558837891
2013-12-08T08:40:00+00:00,5059,565.638197988
2013-12-08T08:50:00+00:00,5059,622.789245605
2013-12-08T09:00:00+00:00,5059,654.469604492
2013-12-08T09:10:00+00:00,5059,808.880187988
2013-12-08T09:20:00+00:00,5059,832.744934082
2013-12-08T09:30:00+00:00,5059,949.695495605
2013-12-08T09:40:00+00:00,5059,1054.50854492
2013-12-08T09:50:00+00:00,5059,1269.5447998
2013-12-08T10:00:00+00:00,5059,1404.92016602
2013-12-08T10:10:00+00:00,5059,1236.53405762
2013-12-08T10:20:00+00:00,5059,1514.52038574
2013-12-08T10:30:00+00:00,5059,1646.27502441
2013-12-08T10:40:00+00:00,5059,1576.51306152
2013-12-08T10:50:00+00:00,5059,1829.3125
2013-12-08T11:00:00+00:00,5059,1921.51344419
2013-12-08T11:10:00+00:00,5059,2093.2109375
2013-12-08T11:20:00+00:00,5059,2040.4855957
2013-12-08T11:30:00+00:00,5059,2148.03393555
2013-12-08T11:40:00+00:00,5059,2356.12426758
2013-12-08T11:50:00+00:00,5059,2233.51635742
2013-12-08T12:00:00+00:00,5059,2209.20812154
2013-12-08T12:10:00+00:00,5059,2464.08227539
2013-12-08T12:20:00+00:00,5059,2366.20605469
2013-12-08T12:30:00+00:00,5059,2550.47338867
2013-12-08T12:40:00+00:00,5059,2572.2565918
2013-12-08T12:50:00+00:00,5059,2633.80834961
2013-12-08T13:00:00+00:00,5059,2614.04223633
2013-12-08T13:10:00+00:00,5059,2497.9753418
2013-12-08T13:20:00+00:00,5059,2550.05102539
2013-12-08T13:30:00+00:00,5059,2298.35693359
2013-12-08T13:40:00+00:00,5059,2444.84912109
2013-12-08T13:50:00+00:00,5059,2652.04882812
2013-12-08T14:00:00+00:00,5059,2569.50097656
2013-12-08T14:10:00+00:00,5059,2627.60693359
2013-12-08T14:20:00+00:00,5059,2603.42773438
2013-12-08T14:30:00+00:00,5059,2481.34594727
2013-12-08T14:40:00+00:00,5059,2584.6237793
2013-12-08T14:50:00+00:00,5059,2786.14746094
2013-12-08T15:00:00+00:00,5059,2651.47290039
2013-12-08T15:10:00+00:00,5059,2743.06591797
2013-12-08T15:20:00+00:00,5059,2657.23413086
2013-12-08T15:30:00+00:00,5059,2514.19238281
2013-12-08T15:40:00+00:00,5059,2596.64501953
2013-12-08T15:50:00+00:00,5059,2681.55371094
2013-12-08T16:00:00+00:00,5059,2581.46386719
2013-12-08T16:10:00+00:00,5059,2618.55273438
2013-12-08T16:20:00+00:00,5059,3036.59741211
2013-12-08T16:30:00+00:00,5059,2688.57324219
2013-12-08T16:40:00+00:00,5059,2611.97021484
2013-12-08T16:50:00+00:00,5059,2580.28173828
2013-12-08T17:00:00+00:00,5059,2798.23388672
2013-12-08T17:10:00+00:00,5059,2541.63647461
2013-12-08T17:20:00+00:00,5059,2793.23413086
2013-12-08T17:30:00+00:00,5059,2743.27246094
2013-12-08T17:40:00+00:00,5059,2352.1184082
2013-12-08T17:50:00+00:00,5059,2344.72509766
2013-12-08T18:00:00+00:00,5059,2154.92480469
2013-12-08T18:10:00+00:00,5059,1844.50427246
2013-12-08T18:20:00+00:00,5059,1776.33654785
2013-12-08T18:30:00+00:00,5059,1630.14587402
2013-12-08T18:40:00+00:00,5059,1506.29821777
2013-12-08T18:50:00+00:00,5059,1296.70458984
2013-12-08T19:00:00+00:00,5059,1206.04309082
2013-12-08T19:10:00+00:00,5059,1267.5378418
2013-12-08T19:20:00+00:00,5059,1252.9309082
2013-12-08T19:30:00+00:00,5059,1152.75878906
2013-12-08T19:40:00+00:00,5059,1399.38195801
2013-12-08T19:50:00+00:00,5059,951.63104248
2013-12-08T20:00:00+00:00,5059,907.831298828
2013-12-08T20:10:00+00:00,5059,759.54284668
2013-12-08T20:20:00+00:00,5059,692.23034668
2013-12-08T20:30:00+00:00,5059,946.940795898
2013-12-08T20:40:00+00:00,5059,779.046875
2013-12-08T20:50:00+00:00,5059,943.441955566
2013-12-08T21:00:00+00:00,5059,668.401123047
2013-12-08T21:10:00+00:00,5059,624.095703125
2013-12-08T21:20:00+00:00,5059,620.850769043
2013-12-08T21:30:00+00:00,5059,690.79901123
2013-12-08T21:40:00+00:00,5059,506.972259521
2013-12-08T21:50:00+00:00,5059,457.991455078
2013-12-08T22:00:00+00:00,5059,478.746398926
2013-12-08T22:10:00+00:00,5059,459.649810791
2013-12-08T22:20:00+00:00,5059,409.840606689
2013-12-08T22:30:00+00:00,5059,472.426544189
2013-12-08T22:40:00+00:00,5059,406.447753906
2013-12-08T22:50:00+00:00,5059,399.423278809
2013-12-08T23:00:00+00:00,5059,399.849487305
2013-12-08T23:10:00+00:00,5059,366.488708496
2013-12-08T23:20:00+00:00,5059,351.147460938
2013-12-08T23:30:00+00:00,5059,353.127868652
2013-12-08T23:50:00+00:00,5059,276.048492432
2013-12-09T00:10:00+00:00,5059,331.425567627
2013-12-09T00:20:00+00:00,5059,303.57333374
2013-12-09T01:20:00+00:00,5059,316.61517334
2013-12-09T05:10:00+00:00,5059,239.552902222
2013-12-09T05:30:00+00:00,5059,298.640441895
2013-12-09T05:40:00+00:00,5059,276.234893799
2013-12-09T05:50:00+00:00,5059,391.224334717
2013-12-09T06:00:00+00:00,5059,354.627410889
2013-12-09T06:10:00+00:00,5059,403.238861084
2013-12-09T06:20:00+00:00,5059,378.253356934
2013-12-09T06:30:00+00:00,5059,480.570739746
2013-12-09T06:40:00+00:00,5059,588.16027832
2013-12-09T06:50:00+00:00,5059,676.419250488
2013-12-09T07:00:00+00:00,5059,1207.85546875
2013-12-09T07:10:00+00:00,5059,705.055114746
2013-12-09T07:20:00+00:00,5059,755.33380127
2013-12-09T07:30:00+00:00,5059,891.575561523
2013-12-09T07:40:00+00:00,5059,1060.92895508
2013-12-09T07:50:00+00:00,5059,1266.68481445
2013-12-09T08:00:00+00:00,5059,1288.54736328
2013-12-09T08:10:00+00:00,5059,1254.95617676
2013-12-09T08:20:00+00:00,5059,1448.52026367
2013-12-09T08:30:00+00:00,5059,1478.70739746
2013-12-09T08:40:00+00:00,5059,1734.9276123
2013-12-09T08:50:00+00:00,5059,1697.83972168
2013-12-09T09:00:00+00:00,5059,1782.54650879
2013-12-09T09:10:00+00:00,5059,1777.82824707
2013-12-09T09:20:00+00:00,5059,1741.015625
2013-12-09T09:30:00+00:00,5059,2092.7668457
2013-12-09T09:40:00+00:00,5059,1842.20788574
2013-12-09T09:50:00+00:00,5059,2065.21777344
2013-12-09T10:00:00+00:00,5059,2384.95117188
2013-12-09T10:10:00+00:00,5059,2189.05395508
2013-12-09T10:20:00+00:00,5059,2493.46728516
2013-12-09T10:30:00+00:00,5059,2271.35475445
2013-12-09T10:40:00+00:00,5059,2283.84741211
2013-12-09T10:50:00+00:00,5059,2632.25024414
2013-12-09T11:00:00+00:00,5059,2543.28686523
2013-12-09T11:10:00+00:00,5059,2376.62573242
2013-12-09T11:20:00+00:00,5059,2538.48632812
2013-12-09T11:30:00+00:00,5059,2659.18920898
2013-12-09T11:40:00+00:00,5059,2428.55834961
2013-12-09T11:50:00+00:00,5059,2386.953125
2013-12-09T12:00:00+00:00,5059,2737.64794922
2013-12-09T12:10:00+00:00,5059,2677.53564453
2013-12-09T12:20:00+00:00,5059,2591.5714227
2013-12-09T12:30:00+00:00,5059,2895.42407227
2013-12-09T12:40:00+00:00,5059,2999.19824219
2013-12-09T12:50:00+00:00,5059,2791.48364258
2013-12-09T13:00:00+00:00,5059,2941.97851562
2013-12-09T13:10:00+00:00,5059,2880.93408203
2013-12-09T13:20:00+00:00,5059,2753.90258789
2013-12-09T13:30:00+00:00,5059,2716.94042969
2013-12-09T13:40:00+00:00,5059,2705.56933594
2013-12-09T13:50:00+00:00,5059,2578.94458008
2013-12-09T14:00:00+00:00,5059,2762.61035156
2013-12-09T14:10:00+00:00,5059,2644.09228516
2013-12-09T14:20:00+00:00,5059,2865.46362305
2013-12-09T14:30:00+00:00,5059,2729.18701172
2013-12-09T14:40:00+00:00,5059,2782.76123047
2013-12-09T14:50:00+00:00,5059,2515.49145508
2013-12-09T15:00:00+00:00,5059,2477.90722656
2013-12-09T15:10:00+00:00,5059,2442.83618164
2013-12-09T15:20:00+00:00,5059,2566.56518555
2013-12-09T15:30:00+00:00,5059,2711.42529297
2013-12-09T15:40:00+00:00,5059,2597.1496582
2013-12-09T15:50:00+00:00,5059,2669.50878906
2013-12-09T16:00:00+00:00,5059,2788.7980957
2013-12-09T16:10:00+00:00,5059,2692.58203125
2013-12-09T16:20:00+00:00,5059,2886.05078125
2013-12-09T16:30:00+00:00,5059,2871.4309082
2013-12-09T16:40:00+00:00,5059,2510.15063477
2013-12-09T16:50:00+00:00,5059,2262.50854492
2013-12-09T17:00:00+00:00,5059,2709.63085938
2013-12-09T17:10:00+00:00,5059,2336.99829102
2013-12-09T17:20:00+00:00,5059,2143.05664062
2013-12-09T17:30:00+00:00,5059,2184.32714844
2013-12-09T17:40:00+00:00,5059,1946.59020996
2013-12-09T17:50:00+00:00,5059,1886.66662598
2013-12-09T18:00:00+00:00,5059,1887.80969238
2013-12-09T18:10:00+00:00,5059,1871.31274414
2013-12-09T18:20:00+00:00,5059,1649.3560791
2013-12-09T18:30:00+00:00,5059,1668.04089355
2013-12-09T18:40:00+00:00,5059,1837.8425293
2013-12-09T18:50:00+00:00,5059,1369.59130859
2013-12-09T19:00:00+00:00,5059,1346.18945312
2013-12-09T19:10:00+00:00,5059,1401.54919434
2013-12-09T19:20:00+00:00,5059,1521.35046387
2013-12-09T19:30:00+00:00,5059,1022.72454834
2013-12-09T19:40:00+00:00,5059,966.076049805
2013-12-09T19:50:00+00:00,5059,1021.01464844
2013-12-09T20:00:00+00:00,5059,887.46081543
2013-12-09T20:10:00+00:00,5059,1128.72741699
2013-12-09T20:20:00+00:00,5059,902.303405762
2013-12-09T20:30:00+00:00,5059,966.744873047
2013-12-09T20:40:00+00:00,5059,929.136962891
2013-12-09T20:50:00+00:00,5059,1245.37646484
2013-12-09T21:00:00+00:00,5059,911.569213867
2013-12-09T21:10:00+00:00,5059,789.165039062
2013-12-09T21:20:00+00:00,5059,690.480163574
2013-12-09T21:30:00+00:00,5059,669.532775879
2013-12-09T21:40:00+00:00,5059,639.258789062
2013-12-09T21:50:00+00:00,5059,682.960693359
2013-12-09T22:00:00+00:00,5059,1237.97229004
2013-12-09T22:10:00+00:00,5059,741.73034668
2013-12-09T22:20:00+00:00,5059,730.377197266
2013-12-09T22:30:00+00:00,5059,465.258483887
2013-12-09T22:40:00+00:00,5059,524.535888672
2013-12-09T22:50:00+00:00,5059,457.763397217
2013-12-09T23:00:00+00:00,5059,486.512756348
2013-12-09T23:10:00+00:00,5059,538.332885742
2013-12-09T23:20:00+00:00,5059,486.594329834
2013-12-09T23:30:00+00:00,5059,422.460723877
2013-12-09T23:50:00+00:00,5059,410.824859619
2013-12-10T00:00:00+00:00,5059,368.176422119
2013-12-10T00:10:00+00:00,5059,347.944061279
2013-12-10T01:10:00+00:00,5059,349.579772949
2013-12-10T01:20:00+00:00,5059,378.411437988
2013-12-10T03:30:00+00:00,5059,313.721343994
2013-12-10T04:10:00+00:00,5059,331.058380127
2013-12-10T05:10:00+00:00,5059,459.571960449
2013-12-10T05:20:00+00:00,5059,365.599914551
2013-12-10T05:40:00+00:00,5059,395.406311035
2013-12-10T06:00:00+00:00,5059,395.559997559
2013-12-10T06:10:00+00:00,5059,471.834014893
2013-12-10T06:20:00+00:00,5059,459.406311035
2013-12-10T06:30:00+00:00,5059,501.792236328
2013-12-10T06:40:00+00:00,5059,621.803771973
2013-12-10T06:50:00+00:00,5059,626.327575684
2013-12-10T07:00:00+00:00,5059,790.192810059
2013-12-10T07:10:00+00:00,5059,1064.92272949
2013-12-10T07:20:00+00:00,5059,975.599243164
2013-12-10T07:30:00+00:00,5059,1085.48181152
2013-12-10T07:40:00+00:00,5059,1217.12341309
2013-12-10T07:50:00+00:00,5059,1298.92834473
2013-12-10T08:00:00+00:00,5059,1574.01391602
2013-12-10T08:10:00+00:00,5059,1677.79541016
2013-12-10T08:20:00+00:00,5059,1550.83569336
2013-12-10T08:30:00+00:00,5059,1636.40466309
2013-12-10T08:40:00+00:00,5059,1771.86450195
2013-12-10T08:50:00+00:00,5059,1991.91748047
2013-12-10T09:00:00+00:00,5059,1951.60681152
2013-12-10T09:10:00+00:00,5059,2284.58886719
2013-12-10T09:20:00+00:00,5059,2022.46972656
2013-12-10T09:30:00+00:00,5059,2252.94482422
2013-12-10T09:40:00+00:00,5059,2464.65673828
2013-12-10T09:50:00+00:00,5059,2290.26977539
2013-12-10T10:00:00+00:00,5059,2263.45947266
2013-12-10T10:10:00+00:00,5059,2455.03564453
2013-12-10T10:20:00+00:00,5059,2440.1784668
2013-12-10T10:30:00+00:00,5059,2555.23901367
2013-12-10T10:40:00+00:00,5059,2867.22021484
2013-12-10T10:50:00+00:00,5059,2638.55639648
2013-12-10T11:00:00+00:00,5059,2500.51831055
2013-12-10T11:10:00+00:00,5059,2647.97387695
2013-12-10T11:20:00+00:00,5059,2733.26147461
2013-12-10T11:30:00+00:00,5059,3239.08618164
2013-12-10T11:40:00+00:00,5059,2980.06142187
2013-12-10T11:50:00+00:00,5059,2944.80419922
2013-12-10T12:00:00+00:00,5059,3094.60009766
2013-12-10T12:10:00+00:00,5059,3140.72338867
2013-12-10T12:20:00+00:00,5059,3136.34814453
2013-12-10T12:30:00+00:00,5059,3186.17724609
2013-12-10T12:40:00+00:00,5059,3222.3425293
2013-12-10T12:50:00+00:00,5059,3268.32568359
2013-12-10T13:00:00+00:00,5059,3281.2121582
2013-12-10T13:10:00+00:00,5059,3190.08129883
2013-12-10T13:20:00+00:00,5059,3102.78662109
2013-12-10T13:30:00+00:00,5059,3405.24267578
2013-12-10T13:40:00+00:00,5059,2885.85546875
2013-12-10T13:50:00+00:00,5059,3107.81030273
2013-12-10T14:00:00+00:00,5059,2802.14135742
2013-12-10T14:10:00+00:00,5059,3161.13916016
2013-12-10T14:20:00+00:00,5059,2998.38671875
2013-12-10T14:30:00+00:00,5059,2895.95214844
2013-12-10T14:40:00+00:00,5059,2928.99462891
2013-12-10T14:50:00+00:00,5059,2753.36816406
2013-12-10T15:00:00+00:00,5059,2827.53442383
2013-12-10T15:10:00+00:00,5059,2754.07763672
2013-12-10T15:20:00+00:00,5059,3075.63500977
2013-12-10T15:30:00+00:00,5059,2754.29907227
2013-12-10T15:40:00+00:00,5059,2884.74023438
2013-12-10T15:50:00+00:00,5059,2824.49682617
2013-12-10T16:00:00+00:00,5059,2826.00854492
2013-12-10T16:10:00+00:00,5059,2803.81494141
2013-12-10T16:20:00+00:00,5059,2777.50976562
2013-12-10T16:30:00+00:00,5059,2767.453125
2013-12-10T16:40:00+00:00,5059,2691.50561523
2013-12-10T16:50:00+00:00,5059,2579.17993164
2013-12-10T17:00:00+00:00,5059,2668.21484375
2013-12-10T17:10:00+00:00,5059,2506.71606445
2013-12-10T17:20:00+00:00,5059,2508.35302734
2013-12-10T17:30:00+00:00,5059,2376.63623047
2013-12-10T17:40:00+00:00,5059,2229.22192383
2013-12-10T17:50:00+00:00,5059,1976.92443848
2013-12-10T18:00:00+00:00,5059,2137.16918945
2013-12-10T18:10:00+00:00,5059,2121.47753906
2013-12-10T18:20:00+00:00,5059,2122.81616211
2013-12-10T18:30:00+00:00,5059,2029.35949707
2013-12-10T18:40:00+00:00,5059,1689.00476074
2013-12-10T18:50:00+00:00,5059,1717.54150391
2013-12-10T19:00:00+00:00,5059,1655.59716797
2013-12-10T19:10:00+00:00,5059,1605.0032959
2013-12-10T19:20:00+00:00,5059,1311.91394043
2013-12-10T19:30:00+00:00,5059,1289.17102051
2013-12-10T19:40:00+00:00,5059,1222.94641113
2013-12-10T19:50:00+00:00,5059,1141.26794434
2013-12-10T20:00:00+00:00,5059,1740.82409668
2013-12-10T20:10:00+00:00,5059,1257.1953125
2013-12-10T20:20:00+00:00,5059,1190.59375
2013-12-10T20:30:00+00:00,5059,1188.78820801
2013-12-10T20:40:00+00:00,5059,944.292236328
2013-12-10T20:50:00+00:00,5059,996.507080078
2013-12-10T21:00:00+00:00,5059,933.829162598
2013-12-10T21:10:00+00:00,5059,1077.35400391
2013-12-10T21:20:00+00:00,5059,864.517578125
2013-12-10T21:30:00+00:00,5059,827.090026855
2013-12-10T21:40:00+00:00,5059,876.707641602
2013-12-10T21:50:00+00:00,5059,1223.91943359
2013-12-10T22:00:00+00:00,5059,870.907226562
2013-12-10T22:10:00+00:00,5059,1152.77746582
2013-12-10T22:20:00+00:00,5059,1099.88830566
2013-12-10T22:30:00+00:00,5059,812.348327637
2013-12-10T22:40:00+00:00,5059,572.66809082
2013-12-10T22:50:00+00:00,5059,556.893310547
2013-12-11T23:00:00+00:00,5059,538.123718262
2013-12-11T23:10:00+00:00,5059,609.567749023
2013-12-11T23:20:00+00:00,5059,544.788330078
2013-12-11T23:30:00+00:00,5059,502.575500488
2013-12-11T23:40:00+00:00,5059,563.034790039
2013-12-12T00:00:00+00:00,5059,479.545166016
2013-12-12T00:10:00+00:00,5059,500.877532959
2013-12-12T01:10:00+00:00,5059,404.082733154
2013-12-12T02:10:00+00:00,5059,395.153961182
2013-12-12T03:20:00+00:00,5059,323.29788208
2013-12-12T03:40:00+00:00,5059,340.135864258
2013-12-12T04:10:00+00:00,5059,305.578948975
2013-12-12T05:10:00+00:00,5059,366.518341064
2013-12-12T05:30:00+00:00,5059,369.793518066
2013-12-12T05:40:00+00:00,5059,461.561126709
2013-12-12T05:50:00+00:00,5059,420.617279053
2013-12-12T06:00:00+00:00,5059,412.090118408
2013-12-12T06:10:00+00:00,5059,475.696044922
2013-12-12T06:20:00+00:00,5059,506.471221924
2013-12-12T06:30:00+00:00,5059,583.65826416
2013-12-12T06:40:00+00:00,5059,579.607910156
2013-12-12T06:50:00+00:00,5059,774.26550293
2013-12-12T07:00:00+00:00,5059,786.968383789
2013-12-12T07:10:00+00:00,5059,858.309020996
2013-12-12T07:20:00+00:00,5059,924.281677246
2013-12-12T07:30:00+00:00,5059,991.183532715
2013-12-12T07:40:00+00:00,5059,1384.49804688
2013-12-12T07:50:00+00:00,5059,1424.25927734
2013-12-12T08:00:00+00:00,5059,1753.52661133
2013-12-12T08:10:00+00:00,5059,1746.64538574
2013-12-12T08:20:00+00:00,5059,1961.46850586
2013-12-12T08:30:00+00:00,5059,1955.35424805
2013-12-12T08:40:00+00:00,5059,2056.671875
2013-12-12T08:50:00+00:00,5059,1954.68237305
2013-12-12T09:00:00+00:00,5059,2009.94567871
2013-12-12T09:10:00+00:00,5059,2068.0546875
2013-12-12T09:20:00+00:00,5059,2124.84204102
2013-12-12T09:30:00+00:00,5059,2305.68188477
2013-12-12T09:40:00+00:00,5059,2463.08813477
2013-12-12T09:50:00+00:00,5059,2542.92919922
2013-12-12T10:00:00+00:00,5059,2335.13842773
2013-12-12T10:10:00+00:00,5059,2491.77319336
2013-12-12T10:20:00+00:00,5059,2794.31107712
2013-12-12T10:30:00+00:00,5059,2460.85715127
2013-12-12T10:40:00+00:00,5059,2688.39697456
2013-12-12T10:50:00+00:00,5059,2909.26855469
2013-12-12T11:00:00+00:00,5059,2637.89160156
2013-12-12T11:10:00+00:00,5059,2922.11474609
2013-12-12T11:20:00+00:00,5059,2951.94091797
2013-12-12T11:30:00+00:00,5059,2972.25878906
2013-12-12T11:40:00+00:00,5059,3224.70239258
2013-12-12T11:50:00+00:00,5059,3373.25683594
2013-12-12T12:00:00+00:00,5059,3463.02978516
2013-12-12T12:10:00+00:00,5059,3456.46679688
2013-12-12T12:20:00+00:00,5059,3543.64501953
2013-12-12T12:30:00+00:00,5059,3692.22338867
2013-12-12T12:40:00+00:00,5059,4056.15283203
2013-12-12T12:50:00+00:00,5059,3692.81042552
2013-12-12T13:00:00+00:00,5059,3665.45581055
2013-12-12T13:10:00+00:00,5059,3461.93481445
2013-12-12T13:20:00+00:00,5059,3553.55078125
2013-12-12T13:30:00+00:00,5059,3631.81617126
2013-12-12T13:40:00+00:00,5059,3656.78979373
2013-12-12T13:50:00+00:00,5059,3512.03712714
2013-12-12T14:00:00+00:00,5059,3366.89233398
2013-12-12T14:10:00+00:00,5059,3174.05639648
2013-12-12T14:20:00+00:00,5059,3393.04907227
2013-12-12T14:30:00+00:00,5059,3460.49755859
2013-12-12T14:40:00+00:00,5059,3344.26977539
2013-12-12T14:50:00+00:00,5059,3226.01513672
2013-12-12T15:00:00+00:00,5059,3166.04394531
2013-12-12T15:10:00+00:00,5059,3070.06396484
2013-12-12T15:20:00+00:00,5059,3089.46313477
2013-12-12T15:30:00+00:00,5059,3117.2800293
2013-12-12T15:40:00+00:00,5059,3242.2331543
2013-12-12T15:50:00+00:00,5059,2883.32885742
2013-12-12T16:00:00+00:00,5059,2866.73022461
2013-12-12T16:10:00+00:00,5059,2928.19165039
2013-12-12T16:20:00+00:00,5059,2878.96875
2013-12-12T16:30:00+00:00,5059,2991.06787109
2013-12-12T16:40:00+00:00,5059,2991.26757812
2013-12-12T16:50:00+00:00,5059,2814.98486328
2013-12-12T17:00:00+00:00,5059,3008.75463867
2013-12-12T17:10:00+00:00,5059,2733.31640625
2013-12-12T17:20:00+00:00,5059,2861.89013672
2013-12-12T17:30:00+00:00,5059,2752.63842773
2013-12-12T17:40:00+00:00,5059,2597.06030273
2013-12-12T17:50:00+00:00,5059,2512.42553711
2013-12-12T18:00:00+00:00,5059,2698.4309082
2013-12-12T18:10:00+00:00,5059,2683.07397461
2013-12-12T18:20:00+00:00,5059,2600.95751953
2013-12-12T18:30:00+00:00,5059,2176.57128906
2013-12-12T18:40:00+00:00,5059,2119.35375977
2013-12-12T18:50:00+00:00,5059,2079.890625
2013-12-12T19:00:00+00:00,5059,1914.47583008
2013-12-12T19:10:00+00:00,5059,1844.88000488
2013-12-12T19:20:00+00:00,5059,1796.56359863
2013-12-12T19:30:00+00:00,5059,1731.4239502
2013-12-12T19:40:00+00:00,5059,1554.88366699
2013-12-12T19:50:00+00:00,5059,1473.26708984
2013-12-12T20:00:00+00:00,5059,1253.18249512
2013-12-12T20:10:00+00:00,5059,1147.16149902
2013-12-12T20:20:00+00:00,5059,1033.70141602
2013-12-12T20:30:00+00:00,5059,1078.56665039
2013-12-12T20:40:00+00:00,5059,1120.99645996
2013-12-12T20:50:00+00:00,5059,1027.68762207
2013-12-12T21:00:00+00:00,5059,886.454956055
2013-12-12T21:10:00+00:00,5059,833.272705078
2013-12-12T21:20:00+00:00,5059,751.918029785
2013-12-12T21:30:00+00:00,5059,805.570800781
2013-12-12T21:40:00+00:00,5059,723.154052734
2013-12-12T21:50:00+00:00,5059,772.958129883
2013-12-12T22:00:00+00:00,5059,713.931030273
2013-12-12T22:10:00+00:00,5059,937.927124023
2013-12-12T22:20:00+00:00,5059,855.7734375
2013-12-12T22:30:00+00:00,5059,798.513366699
2013-12-12T22:40:00+00:00,5059,775.276123047
2013-12-12T22:50:00+00:00,5059,732.507019043
2013-12-12T23:00:00+00:00,5059,625.788513184
2013-12-12T23:10:00+00:00,5059,620.540527344
2013-12-12T23:20:00+00:00,5059,583.403991699
2013-12-12T23:30:00+00:00,5059,581.430175781
2013-12-12T23:40:00+00:00,5059,555.481262207
2013-12-12T23:50:00+00:00,5059,562.307861328
2013-12-13T00:00:00+00:00,5059,486.735900879
2013-12-13T00:10:00+00:00,5059,501.351989746
2013-12-13T00:20:00+00:00,5059,468.591766357
2013-12-13T00:30:00+00:00,5059,464.899200439
2013-12-13T00:40:00+00:00,5059,458.014892578
2013-12-13T01:20:00+00:00,5059,387.617797852
2013-12-13T03:10:00+00:00,5059,306.359771729
2013-12-13T04:00:00+00:00,5059,331.817169189
2013-12-13T04:40:00+00:00,5059,332.021453857
2013-12-13T04:50:00+00:00,5059,341.680267334
2013-12-13T05:20:00+00:00,5059,337.94732666
2013-12-13T05:40:00+00:00,5059,426.120727539
2013-12-13T05:50:00+00:00,5059,425.732391357
2013-12-13T06:00:00+00:00,5059,461.094177246
2013-12-13T06:10:00+00:00,5059,468.093017578
2013-12-13T06:20:00+00:00,5059,497.171661377
2013-12-13T06:30:00+00:00,5059,548.862609863
2013-12-13T06:40:00+00:00,5059,706.908935547
2013-12-13T06:50:00+00:00,5059,785.734985352
2013-12-13T07:00:00+00:00,5059,832.925964355
2013-12-13T07:10:00+00:00,5059,985.411682129
2013-12-13T07:20:00+00:00,5059,1036.84765625
2013-12-13T07:30:00+00:00,5059,1120.15698242
2013-12-13T07:40:00+00:00,5059,1326.11779785
2013-12-13T07:50:00+00:00,5059,1355.84509277
2013-12-13T08:00:00+00:00,5059,1504.67858887
2013-12-13T08:10:00+00:00,5059,1497.94970703
2013-12-13T08:20:00+00:00,5059,1581.27502441
2013-12-13T08:30:00+00:00,5059,1764.22851562
2013-12-13T08:40:00+00:00,5059,1807.17736816
2013-12-13T08:50:00+00:00,5059,1951.17944336
2013-12-13T09:00:00+00:00,5059,1972.10058594
2013-12-13T09:10:00+00:00,5059,2162.04052734
2013-12-13T09:20:00+00:00,5059,2076.02807617
2013-12-13T09:30:00+00:00,5059,2095.5078125
2013-12-13T09:40:00+00:00,5059,2088.56982422
2013-12-13T09:50:00+00:00,5059,2189.6784668
2013-12-13T10:00:00+00:00,5059,2201.76513672
2013-12-13T10:10:00+00:00,5059,2206.36108398
2013-12-13T10:20:00+00:00,5059,2186.30273438
2013-12-13T10:30:00+00:00,5059,2418.87792969
2013-12-13T10:40:00+00:00,5059,2402.02050781
2013-12-13T10:50:00+00:00,5059,2598.40034914
2013-12-13T11:00:00+00:00,5059,2493.56835938
2013-12-13T11:10:00+00:00,5059,2529.81274414
2013-12-13T11:20:00+00:00,5059,2593.19506836
2013-12-13T11:30:00+00:00,5059,2661.3190918
2013-12-13T11:40:00+00:00,5059,2755.25756836
2013-12-13T11:50:00+00:00,5059,2845.07519531
2013-12-13T12:00:00+00:00,5059,2908.3371582
2013-12-13T12:10:00+00:00,5059,3037.15771484
2013-12-13T12:20:00+00:00,5059,3039.11699772
2013-12-13T12:30:00+00:00,5059,3049.20214844
2013-12-13T12:40:00+00:00,5059,3256.34863281
2013-12-13T12:50:00+00:00,5059,3103.63490295
2013-12-13T13:00:00+00:00,5059,3217.20996094
2013-12-13T13:10:00+00:00,5059,3051.4909668
2013-12-13T13:20:00+00:00,5059,3192.70605469
2013-12-13T13:30:00+00:00,5059,3128.85839844
2013-12-13T13:40:00+00:00,5059,2981.04907227
2013-12-13T13:50:00+00:00,5059,3016.4284668
2013-12-13T14:00:00+00:00,5059,2946.69848633
2013-12-13T14:10:00+00:00,5059,3030.94384766
2013-12-13T14:20:00+00:00,5059,3157.48413086
2013-12-13T14:30:00+00:00,5059,2852.47363281
2013-12-13T14:40:00+00:00,5059,3009.21240234
2013-12-13T14:50:00+00:00,5059,3086.83178711
2013-12-13T15:00:00+00:00,5059,2699.78955078
2013-12-13T15:10:00+00:00,5059,2909.24536133
2013-12-13T15:20:00+00:00,5059,3032.86328125
2013-12-13T15:30:00+00:00,5059,2844.37218714
2013-12-13T15:40:00+00:00,5059,2951.34765625
2013-12-13T15:50:00+00:00,5059,2917.54248047
2013-12-13T16:00:00+00:00,5059,2596.68896484
2013-12-13T16:10:00+00:00,5059,2879.91455078
2013-12-13T16:20:00+00:00,5059,2909.73914093
2013-12-13T16:30:00+00:00,5059,2694.33618164
2013-12-13T16:40:00+00:00,5059,2794.89086914
2013-12-13T16:50:00+00:00,5059,2617.25292969
2013-12-13T17:00:00+00:00,5059,2464.89038086
2013-12-13T17:10:00+00:00,5059,2512.36450195
2013-12-13T17:20:00+00:00,5059,2522.05834961
2013-12-13T17:30:00+00:00,5059,2262.05029297
2013-12-13T17:40:00+00:00,5059,2311.92553711
2013-12-13T17:50:00+00:00,5059,2339.63574219
2013-12-13T18:00:00+00:00,5059,2112.24194336
2013-12-13T18:10:00+00:00,5059,2053.01000977
2013-12-13T18:20:00+00:00,5059,1932.95300293
2013-12-13T18:30:00+00:00,5059,1992.47192383
2013-12-13T18:40:00+00:00,5059,1693.58532715
2013-12-13T18:50:00+00:00,5059,1814.18786621
2013-12-13T19:00:00+00:00,5059,1676.04711914
2013-12-13T19:10:00+00:00,5059,1507.8137207
2013-12-13T19:20:00+00:00,5059,1332.43127441
2013-12-13T19:30:00+00:00,5059,1265.77954102
2013-12-13T19:40:00+00:00,5059,1209.1697998
2013-12-13T19:50:00+00:00,5059,1063.79492188
2013-12-13T20:00:00+00:00,5059,1031.36352539
2013-12-13T20:10:00+00:00,5059,1049.96704102
2013-12-13T20:20:00+00:00,5059,1034.24438477
2013-12-13T20:30:00+00:00,5059,1089.43469238
2013-12-13T20:40:00+00:00,5059,1080.04504395
2013-12-13T20:50:00+00:00,5059,1021.67718506
2013-12-13T21:00:00+00:00,5059,961.585266113
2013-12-13T21:10:00+00:00,5059,813.441772461
2013-12-13T21:20:00+00:00,5059,938.11505127
2013-12-13T21:30:00+00:00,5059,849.043579102
2013-12-13T21:40:00+00:00,5059,836.696105957
2013-12-13T21:50:00+00:00,5059,808.846130371
2013-12-13T22:00:00+00:00,5059,720.226379395
2013-12-13T22:10:00+00:00,5059,715.235046387
2013-12-13T22:20:00+00:00,5059,753.246520996
2013-12-13T22:30:00+00:00,5059,660.773986816
2013-12-13T22:40:00+00:00,5059,622.796508789
2013-12-13T22:50:00+00:00,5059,642.905822754
2013-12-13T23:00:00+00:00,5059,562.18157959
2013-12-13T23:10:00+00:00,5059,568.404907227
2013-12-13T23:20:00+00:00,5059,599.989990234
2013-12-13T23:30:00+00:00,5059,670.768127441
2013-12-13T23:40:00+00:00,5059,538.256103516
2013-12-13T23:50:00+00:00,5059,559.283447266
2013-12-14T00:00:00+00:00,5059,426.720123291
2013-12-14T00:10:00+00:00,5059,456.307373047
2013-12-14T00:20:00+00:00,5059,461.932098389
2013-12-14T00:40:00+00:00,5059,425.283355713
2013-12-14T02:50:00+00:00,5059,391.985198975
2013-12-14T03:20:00+00:00,5059,409.649536133
2013-12-14T03:30:00+00:00,5059,424.934875488
2013-12-14T03:40:00+00:00,5059,370.510925293
2013-12-14T04:20:00+00:00,5059,371.815246582
2013-12-14T05:20:00+00:00,5059,319.774719238
2013-12-14T05:30:00+00:00,5059,319.882141113
2013-12-14T05:40:00+00:00,5059,347.611541748
2013-12-14T06:00:00+00:00,5059,366.199707031
2013-12-14T06:10:00+00:00,5059,374.53012085
2013-12-14T06:20:00+00:00,5059,391.566955566
2013-12-14T06:30:00+00:00,5059,370.674102783
2013-12-14T06:40:00+00:00,5059,428.072753906
2013-12-14T06:50:00+00:00,5059,434.465301514
2013-12-14T07:00:00+00:00,5059,441.709381104
2013-12-14T07:10:00+00:00,5059,520.551452637
2013-12-14T07:20:00+00:00,5059,500.319671631
2013-12-14T07:30:00+00:00,5059,495.847412109
2013-12-14T07:40:00+00:00,5059,485.104766846
2013-12-14T07:50:00+00:00,5059,559.925476074
2013-12-14T08:00:00+00:00,5059,578.21685791
2013-12-14T08:10:00+00:00,5059,651.103393555
2013-12-14T08:20:00+00:00,5059,647.26751709
2013-12-14T08:30:00+00:00,5059,710.797241211
2013-12-14T08:40:00+00:00,5059,729.944519043
2013-12-14T08:50:00+00:00,5059,902.674621582
2013-12-14T09:00:00+00:00,5059,921.693237305
2013-12-14T09:10:00+00:00,5059,1125.82165527
2013-12-14T09:20:00+00:00,5059,1206.80737305
2013-12-14T09:30:00+00:00,5059,1249.29528809
2013-12-14T09:40:00+00:00,5059,1322.7701416
2013-12-14T09:50:00+00:00,5059,1527.06347656
2013-12-14T10:00:00+00:00,5059,1692.01330566
2013-12-14T10:10:00+00:00,5059,1808.4152832
2013-12-14T10:20:00+00:00,5059,1808.75537109
2013-12-14T10:30:00+00:00,5059,1987.19496745
2013-12-14T10:40:00+00:00,5059,1884.35864258
2013-12-14T10:50:00+00:00,5059,2227.34033203
2013-12-14T11:00:00+00:00,5059,2407.33276367
2013-12-14T11:10:00+00:00,5059,2466.63549805
2013-12-14T11:20:00+00:00,5059,2555.88623047
2013-12-14T11:30:00+00:00,5059,2553.46984863
2013-12-14T11:40:00+00:00,5059,2489.77539062
2013-12-14T11:50:00+00:00,5059,2865.27040219
2013-12-14T12:00:00+00:00,5059,2762.76342773
2013-12-14T12:10:00+00:00,5059,2770.32324219
2013-12-14T12:20:00+00:00,5059,2940.61987424
2013-12-14T12:30:00+00:00,5059,2897.28466797
2013-12-14T12:40:00+00:00,5059,3018.52599263
2013-12-14T12:50:00+00:00,5059,3093.45092773
2013-12-14T13:00:00+00:00,5059,3147.93383789
2013-12-14T13:10:00+00:00,5059,3356.07641602
2013-12-14T13:20:00+00:00,5059,3192.82324219
2013-12-14T13:30:00+00:00,5059,3110.72167969
2013-12-14T13:40:00+00:00,5059,3052.36376953
2013-12-14T13:50:00+00:00,5059,3317.15689421
2013-12-14T14:00:00+00:00,5059,2981.70092773
2013-12-14T14:10:00+00:00,5059,3072.41040039
2013-12-14T14:20:00+00:00,5059,3146.83447266
2013-12-14T14:30:00+00:00,5059,3105.28100586
2013-12-14T14:40:00+00:00,5059,3117.48950195
2013-12-14T14:50:00+00:00,5059,2910.09790039
2013-12-14T15:00:00+00:00,5059,3396.31689453
2013-12-14T15:10:00+00:00,5059,3004.79272461
2013-12-14T15:20:00+00:00,5059,3339.01049805
2013-12-14T15:30:00+00:00,5059,3114.33276367
2013-12-14T15:40:00+00:00,5059,3173.07045573
2013-12-14T15:50:00+00:00,5059,3090.44311523
2013-12-14T16:00:00+00:00,5059,2987.72167969
2013-12-14T16:10:00+00:00,5059,2872.62304688
2013-12-14T16:20:00+00:00,5059,2906.09940052
2013-12-14T16:30:00+00:00,5059,2797.19213867
2013-12-14T16:40:00+00:00,5059,2886.54441679
2013-12-14T16:50:00+00:00,5059,2685.50292969
2013-12-14T17:00:00+00:00,5059,2753.61157227
2013-12-14T17:10:00+00:00,5059,2730.57592773
2013-12-14T17:20:00+00:00,5059,2836.86816406
2013-12-14T17:30:00+00:00,5059,2957.04125977
2013-12-14T17:40:00+00:00,5059,2990.6940918
2013-12-14T17:50:00+00:00,5059,2751.08203125
2013-12-14T18:00:00+00:00,5059,2565.46386719
2013-12-14T18:10:00+00:00,5059,2631.47290039
2013-12-14T18:20:00+00:00,5059,2346.51611328
2013-12-14T18:30:00+00:00,5059,2385.69726562
2013-12-14T18:40:00+00:00,5059,2293.94335938
2013-12-14T18:50:00+00:00,5059,2318.5234375
2013-12-14T19:00:00+00:00,5059,2237.9362793
2013-12-14T19:10:00+00:00,5059,2122.13134766
2013-12-14T19:20:00+00:00,5059,1875.87084961
2013-12-14T19:30:00+00:00,5059,1641.88574219
2013-12-14T19:40:00+00:00,5059,1661.53942871
2013-12-14T19:50:00+00:00,5059,1592.65515137
2013-12-14T20:00:00+00:00,5059,1482.90136719
2013-12-14T20:10:00+00:00,5059,1492.39770508
2013-12-14T20:20:00+00:00,5059,1496.38195801
2013-12-14T20:30:00+00:00,5059,1177.30603027
2013-12-14T20:40:00+00:00,5059,1105.72558594
2013-12-14T20:50:00+00:00,5059,1024.40710449
2013-12-14T21:00:00+00:00,5059,948.591064453
2013-12-14T21:10:00+00:00,5059,1000.26586914
2013-12-14T21:20:00+00:00,5059,873.664245605
2013-12-14T21:30:00+00:00,5059,953.467041016
2013-12-14T21:40:00+00:00,5059,852.67578125
2013-12-14T21:50:00+00:00,5059,758.402038574
2013-12-14T22:00:00+00:00,5059,790.963500977
2013-12-14T22:10:00+00:00,5059,766.864074707
2013-12-14T22:20:00+00:00,5059,727.449890137
2013-12-14T22:30:00+00:00,5059,734.32824707
2013-12-14T22:40:00+00:00,5059,789.352172852
2013-12-14T22:50:00+00:00,5059,682.661987305
2013-12-14T23:00:00+00:00,5059,659.700134277
2013-12-14T23:10:00+00:00,5059,588.702819824
2013-12-14T23:20:00+00:00,5059,587.215026855
2013-12-14T23:30:00+00:00,5059,505.526428223
2013-12-14T23:40:00+00:00,5059,496.099884033
2013-12-14T23:50:00+00:00,5059,482.099243164
2013-12-15T00:00:00+00:00,5059,418.341094971
2013-12-15T00:10:00+00:00,5059,397.520904541
2013-12-15T00:20:00+00:00,5059,384.613952637
2013-12-15T00:30:00+00:00,5059,362.393768311
2013-12-15T00:40:00+00:00,5059,365.620513916
2013-12-15T00:50:00+00:00,5059,344.143890381
2013-12-15T01:00:00+00:00,5059,326.73550415
2013-12-15T01:10:00+00:00,5059,331.109893799
2013-12-15T01:40:00+00:00,5059,306.002410889
2013-12-15T02:10:00+00:00,5059,281.129882812
2013-12-15T02:40:00+00:00,5059,301.581115723
2013-12-15T03:00:00+00:00,5059,287.533477783
2013-12-15T03:10:00+00:00,5059,305.991119385
2013-12-15T03:40:00+00:00,5059,306.907623291
2013-12-15T03:50:00+00:00,5059,314.234954834
2013-12-15T05:00:00+00:00,5059,260.313751221
2013-12-15T05:50:00+00:00,5059,334.075836182
2013-12-15T06:00:00+00:00,5059,288.718139648
2013-12-15T06:20:00+00:00,5059,330.664794922
2013-12-15T06:30:00+00:00,5059,385.593475342
2013-12-15T06:40:00+00:00,5059,530.949157715
2013-12-15T06:50:00+00:00,5059,414.264892578
2013-12-15T07:00:00+00:00,5059,405.588012695
2013-12-15T07:10:00+00:00,5059,459.029266357
2013-12-15T07:20:00+00:00,5059,462.649139404
2013-12-15T07:30:00+00:00,5059,473.403686523
2013-12-15T07:40:00+00:00,5059,489.314697266
2013-12-15T07:50:00+00:00,5059,529.277099609
2013-12-15T08:00:00+00:00,5059,522.96875
2013-12-15T08:10:00+00:00,5059,547.813232422
2013-12-15T08:20:00+00:00,5059,608.876281738
2013-12-15T08:30:00+00:00,5059,631.934082031
2013-12-15T08:40:00+00:00,5059,663.691833496
2013-12-15T08:50:00+00:00,5059,896.070007324
2013-12-15T09:00:00+00:00,5059,813.633911133
2013-12-15T09:10:00+00:00,5059,972.51171875
2013-12-15T09:20:00+00:00,5059,1068.14733887
2013-12-15T09:30:00+00:00,5059,1087.58154297
2013-12-15T09:40:00+00:00,5059,1307.66247559
2013-12-15T09:50:00+00:00,5059,1364.45178223
2013-12-15T10:00:00+00:00,5059,1409.99560547
2013-12-15T10:10:00+00:00,5059,1611.72827148
2013-12-15T10:20:00+00:00,5059,1726.05236816
2013-12-15T10:30:00+00:00,5059,1682.22229004
2013-12-15T10:40:00+00:00,5059,1836.57839
2013-12-15T10:50:00+00:00,5059,1870.85839844
2013-12-15T11:00:00+00:00,5059,2016.58874512
2013-12-15T11:10:00+00:00,5059,2112.68481445
2013-12-15T11:20:00+00:00,5059,2222.05004883
2013-12-15T11:30:00+00:00,5059,2113.14111328
2013-12-15T11:40:00+00:00,5059,2108.13842773
2013-12-15T11:50:00+00:00,5059,2525.88720703
2013-12-15T12:00:00+00:00,5059,2544.85595703
2013-12-15T12:10:00+00:00,5059,2592.01171875
2013-12-15T12:20:00+00:00,5059,2446.30224609
2013-12-15T12:30:00+00:00,5059,2324.74780273
2013-12-15T12:40:00+00:00,5059,2371.28320312
2013-12-15T12:50:00+00:00,5059,2414.32202148
2013-12-15T13:00:00+00:00,5059,2698.51977539
2013-12-15T13:10:00+00:00,5059,2551.90356445
2013-12-15T13:20:00+00:00,5059,2655.55322266
2013-12-15T13:30:00+00:00,5059,2581.38085938
2013-12-15T13:40:00+00:00,5059,2638.83984375
2013-12-15T13:50:00+00:00,5059,2667.47338867
2013-12-15T14:00:00+00:00,5059,2617.33862305
2013-12-15T14:10:00+00:00,5059,2704.45898438
2013-12-15T14:20:00+00:00,5059,2839.02270508
2013-12-15T14:30:00+00:00,5059,2952.02880859
2013-12-15T14:40:00+00:00,5059,2908.49951172
2013-12-15T14:50:00+00:00,5059,2913.80810547
2013-12-15T15:00:00+00:00,5059,3085.70385742
2013-12-15T15:10:00+00:00,5059,2954.15917969
2013-12-15T15:20:00+00:00,5059,2952.16845703
2013-12-15T15:30:00+00:00,5059,3009.62475586
2013-12-15T15:40:00+00:00,5059,3330.43237305
2013-12-15T15:50:00+00:00,5059,2859.94873047
2013-12-15T16:00:00+00:00,5059,3006.52075195
2013-12-15T16:10:00+00:00,5059,2779.72900391
2013-12-15T16:20:00+00:00,5059,2718.84545898
2013-12-15T16:30:00+00:00,5059,2798.80224609
2013-12-15T16:40:00+00:00,5059,3075.78759766
2013-12-15T16:50:00+00:00,5059,2768.69213867
2013-12-15T17:00:00+00:00,5059,2775.25195312
2013-12-15T17:10:00+00:00,5059,2779.43164062
2013-12-15T17:20:00+00:00,5059,2735.83886719
2013-12-15T17:30:00+00:00,5059,2653.22998047
2013-12-15T17:40:00+00:00,5059,2487.86254883
2013-12-15T17:50:00+00:00,5059,2538.8503418
2013-12-15T18:00:00+00:00,5059,2456.8425293
2013-12-15T18:10:00+00:00,5059,2401.06811523
2013-12-15T18:20:00+00:00,5059,2047.62646484
2013-12-15T18:30:00+00:00,5059,1782.01708984
2013-12-15T18:40:00+00:00,5059,1747.26098633
2013-12-15T18:50:00+00:00,5059,1534.78161621
2013-12-15T19:00:00+00:00,5059,1542.09594727
2013-12-15T19:10:00+00:00,5059,1436.60681152
2013-12-15T19:20:00+00:00,5059,1343.58984375
2013-12-15T19:30:00+00:00,5059,1204.02856445
2013-12-15T19:40:00+00:00,5059,1151.1751709
2013-12-15T19:50:00+00:00,5059,1043.84960938
2013-12-15T20:00:00+00:00,5059,958.727416992
2013-12-15T20:10:00+00:00,5059,974.210449219
2013-12-15T20:20:00+00:00,5059,817.617248535
2013-12-15T20:30:00+00:00,5059,689.708068848
2013-12-15T20:40:00+00:00,5059,746.633728027
2013-12-15T20:50:00+00:00,5059,731.956115723
2013-12-15T21:00:00+00:00,5059,641.572753906
2013-12-15T21:10:00+00:00,5059,759.736206055
2013-12-15T21:20:00+00:00,5059,631.112304688
2013-12-15T21:30:00+00:00,5059,681.700866699
2013-12-15T21:40:00+00:00,5059,691.778869629
2013-12-15T21:50:00+00:00,5059,672.431518555
2013-12-15T22:00:00+00:00,5059,577.434753418
2013-12-15T22:10:00+00:00,5059,567.531555176
2013-12-15T22:20:00+00:00,5059,504.806274414
2013-12-15T22:30:00+00:00,5059,475.575408936
2013-12-15T22:40:00+00:00,5059,497.012481689
2013-12-15T22:50:00+00:00,5059,499.394866943
