square_id,total_internet_traffic
1,78405.5152292
2,78740.3530946
3,77383.4265494
4,77435.6512442
5,70947.6191425
6,77383.4265494
7,77383.4265494
8,77383.4265494
9,77383.4265494
10,46935.7643664
11,23840.2649004
12,17474.0453304
13,11174.3887378
14,16244.3101835
15,14755.4267802
16,20901.0037588
17,22700.804882
18,22700.8237916
19,22702.607379
20,22703.3768638
21,22756.2561154
22,22585.4286591
23,26470.8540511
24,39508.3611809
25,38988.8747232
26,38988.8747232
27,44504.1070035
28,50085.2569535
29,52640.9474292
30,54187.2156131
31,52905.6729946
32,60684.2440176
33,67080.1444185
34,62093.9840477
35,42721.4881783
36,42721.4881783
37,42721.4881783
38,42721.4881783
39,55402.9158494
40,58093.5351253
41,68596.0518208
42,65950.9805517
43,117488.510469
44,179566.985109
45,179566.985109
46,179566.985109
47,705828.041256
48,987468.214035
49,345864.283121
50,94351.2230268
51,78126.2279305
52,80854.3001819
53,77908.681026
54,88211.0112348
55,96844.6994538
56,89183.0761747
57,71635.7093561
58,76657.3386461
59,70790.6648533
60,57073.6803911
61,40870.374756
62,40870.374756
63,46052.8546333
64,68046.2411673
65,100166.64248
66,101559.648587
67,112967.049564
68,146137.554469
69,120561.227863
70,83441.5902481
71,80534.4640472
72,92714.4517407
73,102828.373653
74,97899.9067042
75,97943.3221397
76,97943.3221397
77,97943.3221397
78,97943.3221397
79,97943.3221397
80,89844.1509643
81,55634.6291487
82,24465.6807646
83,22413.5420555
84,22413.5420555
85,22413.5420555
86,27232.0935902
87,37514.888292
88,28830.3132246
89,28830.3132246
90,28830.3132246
91,38756.3878034
92,40114.5988472
93,61369.0542693
94,103539.600016
95,103539.600016
96,103539.600016
97,103539.600016
98,104151.997376
99,103539.600016
100,103535.48327
101,77871.8782792
102,73306.6134651
103,77383.4265494
104,77383.4265494
105,77383.4265494
106,77383.4265494
107,77383.4265494
108,77383.4265494
109,77383.4265494
110,46710.5500987
111,27871.1302694
112,3023.07757778
113,11366.2656827
114,19176.8842511
115,19300.8702301
116,24640.4872545
117,22597.2549474
118,22597.2549474
119,22597.2549474
120,22597.2549474
121,22642.7302637
122,22660.4115289
123,33025.0058322
124,41974.358685
125,45191.6789386
126,48268.2771668
127,52722.4225438
128,54397.7338681
129,52905.6729946
130,52905.6729946
131,57643.9875383
132,55871.9202676
133,52588.3600416
134,50968.6008251
135,55003.6559007
136,51896.4841292
137,42713.3152218
138,42720.3796859
139,42721.4881783
140,63840.620584
141,76329.9095798
142,63901.7573462
143,65996.121278
144,94232.5440457
145,116149.388872
146,445974.984125
147,1263094.19941
148,463306.17145
149,195438.843047
150,190305.546536
151,149899.869785
152,151227.77045
153,152210.929199
154,158581.305567
155,155610.088308
156,120019.144943
157,64002.5901041
158,70852.8586667
159,58900.4900622
160,58051.2109427
161,47359.3745046
162,40870.374756
163,40870.374756
164,57950.1186548
165,107443.006001
166,107400.718311
167,118366.849107
168,133049.327013
169,145041.511944
170,140188.753646
171,110063.232616
172,97844.8778315
173,97884.133008
174,100524.48285
175,97943.3221397
176,97943.3221397
177,97943.3221397
178,97943.3221397
179,97943.3221397
180,99395.2834167
181,51177.0594548
182,22373.1827789
183,22413.5420555
184,22413.5420555
185,22413.5420555
186,29427.0044521
187,36201.2832738
188,43564.8727019
189,28423.157672
190,32406.6776178
191,41907.3981118
192,40114.5988472
193,41898.7494494
194,79580.3047607
195,103539.600016
196,103539.600016
197,103539.600016
198,103539.600016
199,103539.600016
200,103988.275742
201,79740.6321735
202,77400.9206815
203,78482.5069962
204,77383.4265494
205,78485.6423612
206,77383.4265494
207,77383.4265494
208,77383.4265494
209,77383.4265494
210,58646.9989052
211,27746.42536
212,23964.9153165
213,21097.4984072
214,20066.3663372
215,26008.2050543
216,22597.2549474
217,22597.2549474
218,22597.2549474
219,22597.2549474
220,22597.2549474
221,26702.5763658
222,31054.3679744
223,46090.1362939
224,48448.3487856
225,47830.2787659
226,50004.4629838
227,54078.1049893
228,52905.6729946
229,52905.6729946
230,52905.6729946
231,54239.0239553
232,60085.589344
233,52884.5149288
234,52896.5079246
235,54109.4046764
236,54911.9148891
237,55543.445545
238,62775.5124392
239,88950.8687682
240,120995.191283
241,131374.82267
242,90325.2271435
243,70245.374629
244,63901.7573462
245,75330.2257054
246,548555.914095
247,756248.76762
248,168932.934694
249,227882.911129
250,226811.689965
251,207512.456066
252,155018.721111
253,168153.629436
254,164595.692787
255,151425.883786
256,129390.143728
257,54100.0200179
258,60947.1046641
259,58999.0548558
260,57680.1165357
261,57323.9421339
262,45707.3002214
263,40870.374756
264,75628.8353186
265,99156.6667905
266,99156.6667905
267,118108.840814
268,138569.339582
269,145238.439695
270,149905.228279
271,132745.819168
272,100499.581233
273,97943.2713122
274,97943.3221397
275,97943.3221397
276,97943.3221397
277,96741.1375947
278,97943.3221397
279,97943.3221397
280,85470.7736011
281,42543.9513762
282,22413.5420555
283,22413.5420555
284,22413.5420555
285,29858.3339086
286,49005.0832227
287,22527.3595694
288,26993.3857911
289,33742.1082083
290,23786.8672776
291,30748.7776036
292,42000.5448396
293,40114.5988472
294,47010.3190444
295,96009.9950746
296,103539.600016
297,103539.600016
298,103539.600016
299,103994.255792
300,107393.916577
301,70432.0357215
302,75901.2198997
303,78304.8546391
304,80540.6619091
305,80912.1094971
306,80453.0839581
307,78666.9419899
308,77488.7340226
309,77383.4265494
310,73866.1462507
311,36387.0099924
312,29101.4127126
313,28850.2371224
314,26854.2347223
315,27358.3925523
316,25178.7911532
317,22597.2549474
318,26378.4668643
319,27920.3649369
320,30153.8494095
321,33007.5120797
322,41278.5045879
323,47859.0024347
324,49113.5846436
325,51210.4868588
326,54429.7066047
327,52905.6729946
328,52905.6729946
329,52905.6729946
330,52905.6729946
331,52963.6828473
332,52974.9483547
333,52848.9251976
334,52895.5434303
335,52898.5896745
336,52894.5816901
337,91413.8407808
338,144934.676617
339,147921.439384
340,138449.980873
341,151604.600415
342,138170.785274
343,92123.5033075
344,82089.0520229
345,117518.056313
346,406149.872097
347,723092.71244
348,233233.424507
349,226134.171662
350,231663.529812
351,203256.532744
352,160806.747187
353,165522.716765
354,157046.722064
355,151425.883786
356,141716.526735
357,104478.18189
358,59761.7117229
359,67146.5244105
360,73698.5616131
361,68423.4054072
362,63743.505852
363,48068.4321252
364,88259.1011343
365,99156.6667905
366,108668.043605
367,130015.942482
368,155674.966073
369,139622.895095
370,139622.895095
371,137421.381546
372,107431.442991
373,98175.1330156
374,97943.3221397
375,97943.3221397
376,97937.5121896
377,56225.70419
378,97943.3221397
379,99541.0012548
380,80507.9087095
381,27820.1360219
382,22413.5420555
383,26650.6432235
384,41154.6316675
385,58031.6724552
386,25038.7602514
387,19781.907342
388,28284.6933475
389,45361.2775307
390,20231.3483912
391,19576.5408615
392,31252.9489669
393,41582.6627603
394,41073.0614636
395,46065.6915963
396,103253.066
397,103034.990165
398,103018.599665
399,90414.2333834
400,75935.8612491
401,30957.3951887
402,43672.3957653
403,55643.9244297
404,57977.7357662
405,53886.8639197
406,68731.8195519
407,65761.6533113
408,61185.5812626
409,48798.6956139
410,35118.7051352
411,30215.8451759
412,26156.4875546
413,26156.4875546
414,26888.5622449
415,26943.2241625
416,27586.3470617
417,28632.6026775
418,32425.067593
419,31678.9622388
420,31678.9622388
421,38019.7685206
422,48334.6486208
423,49396.4000127
424,52971.5277882
425,52905.6729946
426,52905.6729946
427,52905.6729946
428,52905.6729946
429,52905.6729946
430,52905.6729946
431,52918.2716601
432,49256.3001351
433,55054.155611
434,52886.395638
435,52904.3651311
436,62350.6997103
437,138964.079493
438,147956.574379
439,147957.950007
440,147956.010162
441,149164.812641
442,153891.191199
443,117939.307738
444,92407.5914764
445,119058.220978
446,157530.719268
447,255263.425061
448,365233.984568
449,230025.190938
450,200231.488498
451,161541.022256
452,169046.516417
453,159930.596832
454,151425.883786
455,151425.883786
456,136400.627372
457,99463.00313
458,125605.495984
459,76337.137795
460,74672.8656721
461,74842.6680403
462,68608.3782716
463,69212.2715403
464,107250.445748
465,114019.629518
466,139771.947115
467,126872.624665
468,102105.226241
469,117113.334425
470,129823.206444
471,111127.329321
472,88188.9243464
473,91794.3767047
474,95924.1427107
475,93296.2306857
476,88887.5340414
477,82404.0172
478,84514.9397097
479,89422.2796812
480,65572.3894293
481,22412.2540026
482,22413.5420555
483,45944.5584207
484,53436.7084527
485,35256.2464062
486,19737.2208104
487,19737.2208104
488,19737.2208104
489,19737.2208104
490,19737.2208104
491,20044.1617672
492,21161.0570723
493,29310.5159384
494,39449.0300263
495,39138.0318699
496,62024.0616265
497,63218.7931847
498,55245.8832876
499,47425.9528637
500,47435.5507439
501,28290.8590155
502,28290.8590155
503,28290.8590155
504,28290.8590155
505,28290.8590155
506,28290.8590155
507,28188.9486722
508,27388.2166387
509,26434.4903812
510,26434.4903812
511,26383.8927135
512,29128.6191335
513,28198.0814351
514,27319.5854753
515,27729.1688176
516,28082.1815881
517,32340.0111883
518,31678.9622388
519,31678.9622388
520,33521.2891045
521,44818.3995583
522,50452.4573371
523,53763.9943027
524,52933.178916
525,52943.8064234
526,52949.1109726
527,52954.1150227
528,52905.6729946
529,52905.6729946
530,52905.6729946
531,52917.8106868
532,52910.3601944
533,57723.4787469
534,59919.7510548
535,46451.1075263
536,95464.7133516
537,146139.836123
538,147949.171037
539,147877.386045
540,147948.653022
541,149021.050522
542,148495.704834
543,137051.736373
544,149289.275697
545,128701.524387
546,186147.657355
547,238585.910502
548,249324.945536
549,186153.590259
550,167673.749775
551,168622.130743
552,159121.507254
553,151425.883786
554,151425.883786
555,152097.668992
556,142224.313931
557,135719.057238
558,152665.601276
559,192900.781891
560,140228.558109
561,94968.1536837
562,64751.7417054
563,69216.7301174
564,109183.527964
565,127672.968157
566,147680.038705
567,101812.328443
568,86172.0209575
569,96435.2324519
570,98009.2378635
571,83609.9222779
572,73495.7082043
573,70916.9098258
574,69082.165803
575,72477.2010708
576,79645.3572876
577,79026.4140203
578,81561.1241119
579,81864.7305589
580,159747.721839
581,22964.0906841
582,37167.2394457
583,54273.2215436
584,42628.7375181
585,24600.8511584
586,19737.2208104
587,19737.2208104
588,19737.2208104
589,19737.2208104
590,19737.2208104
591,21828.162994
592,19694.792211
593,16984.4356731
594,26039.1569903
595,39511.3409617
596,39603.3920019
597,46569.3213988
598,47047.0715045
599,47374.335552
600,47399.4012024
601,28290.8590155
602,28290.8590155
603,28290.8590155
604,28290.8590155
605,28290.8590155
606,28290.8590155
607,30559.2664871
608,29565.4888053
609,26434.4903812
610,26434.4903812
611,27511.9100021
612,49022.016839
613,32323.3576247
614,27430.6782839
615,25233.2549748
616,25825.3464803
617,32329.868783
618,31678.9622388
619,31678.9622388
620,44839.5516369
621,51956.9254372
622,52897.3960946
623,52897.3960946
624,52897.3960946
625,52897.3960946
626,52897.3960946
627,52941.4311528
628,52952.7080133
629,52905.6729946
630,52951.5189934
631,52959.865907
632,52900.7344861
633,52944.9517033
634,60332.6739891
635,63548.4875312
636,127178.22917
637,138030.68205
638,148850.865945
639,147877.386045
640,147877.386045
641,151893.584154
642,142331.35624
643,117133.457419
644,175102.39306
645,167953.993241
646,243339.670679
647,255382.087661
648,246702.280157
649,221546.32697
650,350505.362261
651,229516.891373
652,152682.680281
653,152573.476271
654,152510.905813
655,174498.043288
656,141560.050781
657,141456.158977
658,154191.643639
659,198880.871423
660,202902.22972
661,158331.907092
662,64801.476014
663,66849.0815744
664,141189.192291
665,150998.624269
666,178557.35239
667,102262.461721
668,102291.691182
669,84661.908
670,79858.2066135
671,73320.0922976
672,62657.7837586
673,62657.7837586
674,62657.7837586
675,62657.7837586
676,69370.291739
677,74731.4006295
678,75460.6492987
679,61797.3217204
680,56151.5578691
681,64594.091814
682,54794.8480085
683,39547.1299329
684,39630.3104469
685,21586.9803603
686,19737.2208104
687,19737.2208104
688,19737.2208104
689,19737.2208104
690,19737.2208104
691,20621.915953
692,15820.7054865
693,15820.7054865
694,34422.9727846
695,47404.4212502
696,24632.1376356
697,40507.0972161
698,47047.0715045
699,47047.0715045
700,47031.6802169
701,28290.8590155
702,30695.9568048
703,28290.8590155
704,28290.8590155
705,28290.8590155
706,28290.8590155
707,30421.3494093
708,29831.3842983
709,27509.4776856
710,27545.0656705
711,27582.9544551
712,107776.680645
713,56507.8994368
714,28606.7017719
715,28852.9943861
716,28392.5234702
717,30490.4145734
718,32693.7076035
719,37571.9298303
720,53326.8726082
721,52897.3960946
722,52897.3960946
723,52897.3960946
724,52897.3960946
725,52947.0588088
726,52946.5972281
727,52897.3960946
728,52934.0872548
729,52942.0835459
730,52933.0482926
731,52946.0381124
732,52946.6526685
733,52861.8892975
734,55215.9561989
735,107798.708361
736,147393.290191
737,147877.386045
738,147877.386045
739,147877.386045
740,147877.386045
741,150603.961324
742,162826.783959
743,178682.8515
744,223773.67101
745,217107.57364
746,232290.274009
747,269274.354067
748,271071.8524
749,283174.150521
750,569441.455286
751,588372.34413
752,499594.311325
753,335105.442098
754,349564.298329
755,424591.179661
756,245859.211075
757,170188.657477
758,238148.865226
759,168089.121651
760,193105.497611
761,222023.991239
762,94136.6454716
763,88799.6462181
764,163305.764769
765,291156.109081
766,484610.44787
767,405298.763456
768,228911.358919
769,179377.452882
770,235247.490975
771,136001.767662
772,62657.7837586
773,62657.7837586
774,62657.7837586
775,62657.7837586
776,74002.6852429
777,66887.8868253
778,55780.1140145
779,52783.8589975
780,60468.9282151
781,55908.7364645
782,66847.3933713
783,54202.8503561
784,35453.1990018
785,19737.2208104
786,19737.2208104
787,19697.1726793
788,19708.9019485
789,19737.2208104
790,19920.5822181
791,20013.3138583
792,15820.7054865
793,19181.0463655
794,57064.8681533
795,67627.8519421
796,29871.5873413
797,47209.1047653
798,59918.0205592
799,47047.0715045
800,47014.3613209
801,30821.3833856
802,30272.3118331
803,30415.5898048
804,30412.3806379
805,28290.8590155
806,30560.6614313
807,30777.0697995
808,31818.7044401
809,27572.774655
810,25510.6771755
811,25510.6771755
812,25510.6771755
813,28776.3861398
814,24348.6678119
815,18792.3090943
816,28455.3021315
817,29533.5390567
818,34819.6385183
819,49076.9409997
820,54471.4826031
821,52897.3960946
822,52897.3960946
823,52897.3960946
824,52932.0195599
825,53045.0170918
826,53034.7505302
827,52953.3687983
828,52945.8777292
829,52897.3960946
830,54309.1959922
831,63421.8301454
832,52910.3601944
833,52861.8892975
834,69024.0300169
835,139647.463995
836,147632.663018
837,147911.93233
838,147877.386045
839,147877.386045
840,147877.386045
841,153933.794021
842,162881.30731
843,159999.164602
844,177215.561531
845,237918.038556
846,266100.604823
847,350255.925654
848,329897.3764
849,476909.599478
850,665833.318075
851,872717.081654
852,756466.698463
853,609355.707365
854,450618.837665
855,401158.23536
856,397621.2574
857,278394.682787
858,244105.489002
859,88882.5630293
860,94833.7615652
861,125914.188707
862,115193.206322
863,109997.705872
864,254174.829728
865,504372.685432
866,503829.526237
867,402496.619326
868,342795.477225
869,242205.885633
870,242205.885633
871,112244.436777
872,62657.7837586
873,62657.7837586
874,62657.7837586
875,62657.7837586
876,148138.56363
877,54358.1163678
878,52783.8589975
879,57919.4844683
880,63398.4403214
881,61700.0502876
882,69555.0276748
883,64549.3144915
884,35404.4988005
885,19737.2208104
886,19737.2208104
887,19523.1938282
888,19534.0729244
889,19737.2208104
890,21826.1381916
891,18651.4072426
892,15820.7054865
893,35780.4297888
894,55398.2603846
895,65908.7521892
896,85267.0184507
897,154851.409422
898,165452.091507
899,116970.79631
900,72410.1225022
901,28290.8590155
902,28290.8590155
903,30451.9453337
904,30720.4659664
905,30665.1416943
906,31344.930514
907,33064.6226367
908,32755.7618387
909,25510.6771755
910,26548.6159755
911,26536.4523722
912,29846.967494
913,29844.200416
914,32242.6234447
915,32104.3164585
916,28472.3423146
917,28133.4305495
918,33097.8856821
919,45950.9713316
920,53030.9506407
921,52897.3960946
922,52897.3960946
923,53386.6588056
924,53169.6512096
925,53222.8689258
926,53188.3510201
927,53313.9954262
928,53061.0744667
929,56582.7004292
930,52897.3960946
931,73314.0324411
932,52910.3601944
933,74357.7038882
934,128184.35268
935,150965.095995
936,147864.583932
937,147911.93233
938,147911.93233
939,147877.386045
940,140320.357563
941,164421.687444
942,162163.437706
943,165018.518234
944,163492.328506
945,189991.469412
946,273809.739253
947,289307.18512
948,310109.208878
949,345742.194804
950,579093.767373
951,979460.767191
952,879858.168979
953,666650.431461
954,558633.556181
955,501990.897346
956,472605.510614
957,323725.640453
958,267684.641074
959,90733.3742027
960,101208.540688
961,119827.667555
962,120524.668928
963,213909.089611
964,364724.188368
965,391945.604927
966,353547.787371
967,349507.769966
968,348525.384537
969,282134.583501
970,253765.642144
971,111281.456894
972,62639.641171
973,62657.7837586
974,62657.7837586
975,77048.1189454
976,117134.546875
977,52783.8589975
978,56403.4113739
979,62333.6158061
980,54533.2314181
981,54413.4236553
982,57540.9631726
983,61874.831977
984,42117.2985964
985,19678.7602057
986,19737.2208104
987,19737.2208104
988,19737.2208104
989,19737.2208104
990,21293.2779447
991,15820.7054865
992,16220.6289931
993,14770.0517785
994,8940.23674569
995,23256.9217951
996,106034.59436
997,183427.679209
998,189901.472612
999,189691.30997
1000,185873.105923
1001,28290.8590155
1002,30491.8921385
1003,28473.4646606
1004,31681.8064498
1005,26573.941974
1006,27603.4593374
1007,22031.7725999
1008,45602.9293718
1009,33296.6929423
1010,34464.9231079
1011,34944.9810007
1012,36306.6739033
1013,35379.5805998
1014,33237.899262
1015,33008.6173449
1016,29593.0767123
1017,28557.6369333
1018,30164.6045207
1019,29342.5967753
1020,32617.3284773
1021,36738.1750276
1022,34356.6215603
1023,29098.9016839
1024,179600.946337
1025,22495.1594679
1026,22495.1594679
1027,26175.1661458
1028,34430.3901595
1029,42252.0902356
1030,35365.8254833
1031,48629.5731635
1032,50612.2311113
1033,76740.1894426
1034,149922.738738
1035,147864.583932
1036,147864.583932
1037,147864.583932
1038,147911.93233
1039,147877.386045
1040,160743.54767
1041,162163.437706
1042,162163.437706
1043,160411.404805
1044,152112.158375
1045,204855.848102
1046,280025.695312
1047,372212.596395
1048,308918.918683
1049,308969.855247
1050,434465.352566
1051,1001385.89014
1052,964905.222212
1053,797361.814562
1054,489198.002893
1055,476502.962429
1056,415693.910759
1057,312016.393557
1058,317198.926085
1059,174679.139935
1060,111919.75694
1061,118243.305761
1062,119955.93571
1063,250638.892345
1064,361017.391039
1065,338317.769876
1066,344972.092499
1067,287142.533917
1068,248956.196336
1069,266878.714439
1070,348332.058443
1071,312601.44579
1072,87624.9110279
1073,75790.5223873
1074,78349.9288143
1075,262487.898788
1076,89256.8111839
1077,55149.2659065
1078,61818.9992026
1079,54854.3799386
1080,54887.0136645
1081,54413.4236553
1082,56907.599709
1083,57633.5782636
1084,57254.2849339
1085,23623.0683501
1086,21218.9456563
1087,19737.2208104
1088,19737.2208104
1089,23649.4702122
1090,22830.3101261
1091,15820.7054865
1092,33815.314593
1093,8942.59598979
1094,8938.43214545
1095,8942.59598979
1096,72935.8661704
1097,183427.679209
1098,189895.320713
1099,177452.553071
1100,189901.472612
1101,30528.2954532
1102,32186.1472108
1103,30564.6179029
1104,33113.3621359
1105,31027.6809678
1106,20301.8800056
1107,10778.0552656
1108,32837.8418963
1109,36792.7256058
1110,37288.1764605
1111,37382.1492214
1112,37805.3615512
1113,37812.0537539
1114,37051.5381107
1115,33655.2016442
1116,32648.0896327
1117,31008.3221533
1118,28192.1883844
1119,29342.5967753
1120,29398.7119199
1121,26877.639523
1122,22401.9746032
1123,22401.9746032
1124,22447.5273756
1125,22463.3761413
1126,22484.9274204
1127,23605.1121608
1128,23789.192776
1129,20102.246389
1130,27924.0127867
1131,175936.905483
1132,23854.5452632
1133,50972.6871298
1134,153506.693718
1135,148694.33733
1136,147864.583932
1137,147911.93233
1138,147911.93233
1139,151939.270411
1140,164835.315113
1141,162163.437706
1142,162265.468238
1143,145142.189853
1144,124025.869917
1145,130046.017406
1146,436097.717497
1147,831392.645977
1148,314065.449754
1149,308969.855247
1150,765886.188297
1151,1260515.53954
1152,951819.880852
1153,451003.85463
1154,284338.772994
1155,268766.065407
1156,260739.374846
1157,283319.811373
1158,312904.40439
1159,286543.687788
1160,144933.590847
1161,120524.668928
1162,120524.668928
1163,188264.995716
1164,372028.404125
1165,363122.426867
1166,256100.723487
1167,241380.152464
1168,241380.152464
1169,248607.60896
1170,364429.480348
1171,304482.638295
1172,89062.6971573
1173,87507.5999714
1174,86978.4261075
1175,78649.5540657
1176,63071.4127146
1177,60728.2867212
1178,54871.034411
1179,54413.4236553
1180,54413.4236553
1181,56873.0239699
1182,58299.9962242
1183,57461.8378265
1184,61071.9106816
1185,56391.9060603
1186,29973.2259707
1187,21534.9164458
1188,19737.2208104
1189,23862.3782988
1190,24418.895233
1191,52870.3853207
1192,62163.877142
1193,21366.0494029
1194,8941.77111396
1195,8942.59598979
1196,71651.1454839
1197,190936.023692
1198,189901.472612
1199,189883.038842
1200,194792.614383
1201,28290.8590155
1202,30916.4371389
1203,32313.125783
1204,36687.1031042
1205,40332.2003696
1206,17425.7237951
1207,4480.86643177
1208,29749.8016961
1209,37812.0537539
1210,38918.3392397
1211,40862.8749101
1212,56620.7341099
1213,37812.0537539
1214,37812.0537539
1215,36697.1701472
1216,33057.5759777
1217,29606.7401036
1218,29062.2124618
1219,29920.8131524
1220,29470.2183878
1221,29378.9116037
1222,22813.640357
1223,22451.8613118
1224,22447.7893153
1225,22401.9746032
1226,22401.9746032
1227,23626.0053711
1228,25455.0733541
1229,24885.4048643
1230,54903.7917171
1231,22401.9746032
1232,22401.9746032
1233,39346.6322811
1234,98608.070539
1235,153568.247887
1236,147864.583932
1237,147911.93233
1238,147877.386045
1239,151981.135898
1240,161324.097416
1241,134622.732073
1242,123855.548196
1243,94812.3661895
1244,94855.0715241
1245,100263.545037
1246,637330.544931
1247,872520.984711
1248,397854.403852
1249,342346.034441
1250,1251893.86278
1251,1665989.50837
1252,370414.294317
1253,315821.21923
1254,433256.987593
1255,280780.928123
1256,277328.360884
1257,290393.09636
1258,314938.665756
1259,393070.613014
1260,537336.384543
1261,94217.2510095
1262,91386.8336
1263,108191.175547
1264,230662.283669
1265,256360.484416
1266,239961.538108
1267,241380.152464
1268,241380.152464
1269,241380.152464
1270,272312.18286
1271,126859.082968
1272,107016.205408
1273,90535.56717
1274,79375.0419447
1275,80368.956821
1276,73017.9374224
1277,54413.4236553
1278,54413.4236553
1279,54413.4236553
1280,66556.8956614
1281,58045.8692478
1282,62270.6653434
1283,63026.8431491
1284,77803.0593677
1285,161999.375781
1286,152252.434975
1287,98262.5038433
1288,37649.4792712
1289,24507.9706889
1290,40587.1068081
1291,70590.4545045
1292,68698.9556246
1293,43083.5600615
1294,8942.59598979
1295,8942.59598979
1296,38530.8691861
1297,189901.472612
1298,189901.472612
1299,189890.726562
1300,198648.97844
1301,28290.8590155
1302,29895.3341012
1303,36481.2310264
1304,38474.0386217
1305,37812.0537539
1306,29587.4890006
1307,13068.9998632
1308,34193.6205933
1309,37812.0537539
1310,24932.3721139
1311,47671.3701994
1312,37812.0537539
1313,37812.0537539
1314,37812.0537539
1315,37812.0537539
1316,31462.5697629
1317,28664.1038152
1318,30183.7505952
1319,33169.9142147
1320,29433.9392393
1321,29746.3471984
1322,23401.0985349
1323,22495.1594679
1324,22517.6529176
1325,22486.6210628
1326,22455.7585213
1327,23850.3758036
1328,23957.1111917
1329,27467.3663983
1330,22401.9746032
1331,22401.9746032
1332,23372.4483259
1333,47659.3300322
1334,51327.4813163
1335,88132.0849482
1336,147233.707824
1337,147911.93233
1338,157637.523752
1339,199561.349561
1340,213994.621131
1341,137477.528277
1342,94812.3661895
1343,94812.3661895
1344,110613.893071
1345,149211.627033
1346,666639.543428
1347,670055.182369
1348,400473.288898
1349,426560.389315
1350,430232.532593
1351,479236.081419
1352,257272.42546
1353,290688.490998
1354,340297.187782
1355,221342.089586
1356,216615.893126
1357,203938.324866
1358,179737.610721
1359,168633.935433
1360,79621.7302041
1361,44320.8783555
1362,61161.6047549
1363,74152.5250561
1364,210628.111677
1365,252923.974543
1366,233298.53462
1367,241380.152464
1368,241380.152464
1369,241380.152464
1370,237383.113598
1371,116553.454772
1372,104198.749688
1373,107189.534044
1374,103807.031572
1375,91978.2970737
1376,101349.968512
1377,84350.0408966
1378,61983.233717
1379,57399.3382766
1380,57188.187067
1381,57776.9944366
1382,79928.5751509
1383,70928.7024698
1384,107502.328782
1385,147908.739576
1386,149466.462442
1387,148726.648942
1388,167482.33595
1389,84609.7252822
1390,71437.6622143
1391,71345.8217382
1392,70629.9427722
1393,68305.9204743
1394,44850.0112807
1395,95873.2380199
1396,201288.234927
1397,223598.023487
1398,206573.255987
1399,210627.076153
1400,245547.570428
1401,31991.0924505
1402,38243.1328382
1403,32889.0157423
1404,37629.2464499
1405,37812.0537539
1406,35434.4643131
1407,31666.774164
1408,37812.0537539
1409,37812.0537539
1410,37812.0537539
1411,51576.7242266
1412,37812.0537539
1413,37812.0537539
1414,38873.1843822
1415,39028.704208
1416,29255.369882
1417,35403.9978454
1418,43150.3465279
1419,40645.0470605
1420,31434.4452358
1421,31130.4034172
1422,26230.7113792
1423,23768.3600916
1424,23773.9061671
1425,23834.9895499
1426,23763.7104878
1427,23967.2861226
1428,23895.5482316
1429,23727.933561
1430,23757.2662418
1431,24032.6391976
1432,22461.4237027
1433,20284.0689594
1434,77052.2887847
1435,52668.8186822
1436,105461.621361
1437,140325.964685
1438,142352.257407
1439,202380.635654
1440,237103.706161
1441,203577.030834
1442,145791.525874
1443,189479.719263
1444,242610.159878
1445,191486.969988
1446,267444.337287
1447,332190.086075
1448,290032.985662
1449,324352.066718
1450,324448.626718
1451,319600.22685
1452,451023.513315
1453,387181.853417
1454,344914.876714
1455,260308.274298
1456,219793.334971
1457,203682.105662
1458,202711.795451
1459,186403.89895
1460,80531.9809203
1461,35318.0949391
1462,42987.6181387
1463,56490.4574659
1464,100079.175884
1465,240049.163906
1466,241763.840603
1467,241698.892262
1468,241698.892262
1469,241698.892262
1470,241698.892262
1471,153139.600729
1472,104205.500124
1473,107496.552668
1474,114280.442564
1475,99525.5670373
1476,102715.350077
1477,101284.955598
1478,98038.9610536
1479,71073.2452152
1480,54145.4337728
1481,62330.5103278
1482,73960.1160219
1483,78978.1150013
1484,92819.8363612
1485,147660.179691
1486,159986.596023
1487,149537.608099
1488,184033.711999
1489,195337.395689
1490,89581.1993279
1491,145978.114868
1492,187768.02599
1493,173450.836366
1494,203048.038527
1495,268459.104302
1496,241018.992541
1497,241018.992541
1498,265515.682846
1499,248482.86542
1500,255866.359953
1501,36313.0894129
1502,37812.0537539
1503,36507.715543
1504,38869.1407814
1505,37812.0537539
1506,54953.614888
1507,49532.5926297
1508,37812.0537539
1509,37812.0537539
1510,37812.0537539
1511,48801.2574955
1512,37812.0537539
1513,37812.0537539
1514,40547.5753453
1515,42358.6948911
1516,41430.2036822
1517,43720.0047793
1518,43547.7889283
1519,41466.1151458
1520,35375.8151703
1521,28991.2394757
1522,25617.0892172
1523,22265.3795465
1524,22265.3795465
1525,22265.3795465
1526,22265.3795465
1527,22299.7834343
1528,22244.4578637
1529,22192.9407396
1530,22192.9407396
1531,22811.3002355
1532,20284.0689594
1533,33563.9750944
1534,11113.9314142
1535,63830.8806574
1536,54627.494303
1537,123971.395026
1538,94979.3436275
1539,61803.8738747
1540,201081.994227
1541,200678.575824
1542,103495.688132
1543,122092.352182
1544,200069.044472
1545,229284.945635
1546,241704.450324
1547,316034.1128
1548,281661.946672
1549,268943.158965
1550,267227.561531
1551,338330.818031
1552,511959.957407
1553,452075.75091
1554,419166.195724
1555,539623.714287
1556,298390.86009
1557,198931.002255
1558,197954.121652
1559,191571.944197
1560,40574.0001783
1561,28412.3417089
1562,28537.7121282
1563,35114.0979066
1564,47224.3663516
1565,123158.135327
1566,227313.626812
1567,204798.459432
1568,182643.42347
1569,179486.355249
1570,169101.018775
1571,155679.676843
1572,115396.41212
1573,118026.210905
1574,115899.959403
1575,109882.506822
1576,101284.955598
1577,101284.955598
1578,101284.955598
1579,102907.306795
1580,78881.8352039
1581,59500.7370498
1582,58143.5219569
1583,300655.279723
1584,501198.913399
1585,311839.32458
1586,209171.410808
1587,192721.225628
1588,225469.665572
1589,281980.851447
1590,279449.98634
1591,288966.53559
1592,284074.751316
1593,284183.641208
1594,269551.103492
1595,261905.475645
1596,241018.992541
1597,242197.399014
1598,204395.631433
1599,215944.271242
1600,200317.756377
1601,37898.9811976
1602,37812.0537539
1603,37812.0537539
1604,37812.0537539
1605,37291.7265805
1606,35446.9693393
1607,36489.1295927
1608,37812.0537539
1609,37812.0537539
1610,47816.9998965
1611,50898.7969415
1612,56360.0032542
1613,48088.6507773
1614,43771.3462622
1615,172980.703393
1616,43547.7889283
1617,43753.6153314
1618,46392.4434412
1619,43547.7889283
1620,38709.4571993
1621,31078.4226514
1622,33428.3533169
1623,22265.3795465
1624,22265.3795465
1625,22265.3795465
1626,23134.4667905
1627,84492.7767246
1628,25497.5108602
1629,25993.9220919
1630,27732.0224178
1631,22182.5125253
1632,20284.0689594
1633,56504.4989187
1634,22980.5701929
1635,20284.0689594
1636,70312.176107
1637,170065.665791
1638,133637.402144
1639,114740.66614
1640,116737.016776
1641,413738.596359
1642,169906.320107
1643,103462.659666
1644,103460.293808
1645,137100.241481
1646,330335.304163
1647,232432.135952
1648,289107.836077
1649,122236.274908
1650,142447.161463
1651,244217.516362
1652,476260.255493
1653,471242.0047
1654,636041.308519
1655,693071.011608
1656,664772.668437
1657,324847.131952
1658,198564.454234
1659,175590.499824
1660,43169.6185975
1661,28496.2343497
1662,28400.262913
1663,28400.262913
1664,28400.262913
1665,35100.6993065
1666,106692.82771
1667,108927.755138
1668,105549.475073
1669,120583.062225
1670,115859.60151
1671,112963.71573
1672,117456.068779
1673,117919.397929
1674,118658.215646
1675,107034.817393
1676,101284.955598
1677,101284.955598
1678,101284.955598
1679,101600.106494
1680,90670.1642814
1681,58960.2078488
1682,54142.4746604
1683,302413.233232
1684,503388.27989
1685,332933.506379
1686,207401.703434
1687,247541.922996
1688,296689.596377
1689,301640.493211
1690,312830.172128
1691,297512.349385
1692,284456.903299
1693,284209.028057
1694,352194.78354
1695,356413.420946
1696,404966.270603
1697,369742.274832
1698,138219.433103
1699,143380.633374
1700,150582.353728
1701,34287.6125548
1702,37986.3384278
1703,36770.6264689
1704,38224.2806154
1705,36605.3901107
1706,37729.2294302
1707,37775.9854362
1708,37812.0537539
1709,48372.0835342
1710,65123.6259165
1711,57694.7947098
1712,64462.013922
1713,70613.3414271
1714,87531.5467968
1715,136114.82372
1716,55267.7421091
1717,42261.6375333
1718,50823.0273353
1719,43547.7889283
1720,37004.0760844
1721,31193.5562943
1722,28230.7944862
1723,22265.3795465
1724,23076.2589732
1725,38344.1979857
1726,25321.0994208
1727,43605.8366771
1728,31503.3980399
1729,28847.7023854
1730,29812.4746088
1731,25238.4535021
1732,20345.6245809
1733,20284.0689594
1734,20284.0689594
1735,41927.3106441
1736,137292.711671
1737,133593.872479
1738,133593.872479
1739,133632.407689
1740,92033.9386506
1741,288797.302008
1742,373498.602667
1743,137542.952354
1744,103427.275527
1745,103459.617191
1746,183193.372056
1747,232494.892029
1748,390362.102528
1749,122236.274908
1750,140643.384905
1751,193932.491538
1752,419235.062366
1753,426174.518854
1754,570743.199481
1755,693128.241269
1756,701021.923552
1757,621314.389946
1758,251133.317353
1759,121047.810218
1760,28427.567395
1761,28545.5766802
1762,28400.262913
1763,28400.262913
1764,28400.262913
1765,28396.6514413
1766,103656.521072
1767,103879.011889
1768,103722.494378
1769,103861.09144
1770,106670.369927
1771,111791.697924
1772,115716.546114
1773,117194.453152
1774,116260.675752
1775,107034.817393
1776,101284.955598
1777,101259.008677
1778,100994.684109
1779,101052.715547
1780,103838.580837
1781,98363.8533876
1782,121761.525457
1783,321867.381519
1784,337834.218184
1785,326619.577201
1786,246334.42513
1787,291842.896928
1788,304291.728899
1789,301640.493211
1790,301640.493211
1791,316553.027762
1792,296394.717503
1793,283724.961333
1794,395574.564752
1795,416501.681097
1796,408133.550297
1797,420405.0541
1798,200398.088932
1799,55008.1187109
1800,15508.5221715
1801,21355.8711072
1802,37184.0008401
1803,37026.4574591
1804,35443.9131833
1805,35780.9844509
1806,37560.5688852
1807,36035.2823334
1808,40790.3261406
1809,61681.7703202
1810,64462.013922
1811,71373.2600191
1812,84593.163595
1813,93458.4622216
1814,101939.823678
1815,107532.334613
1816,87216.2268128
1817,43547.7889283
1818,43547.7889283
1819,43547.7889283
1820,38033.2593926
1821,29510.9097717
1822,26591.4194138
1823,22532.7030395
1824,23262.9774588
1825,52036.7184438
1826,28051.682423
1827,28847.7023854
1828,28847.7023854
1829,28847.7023854
1830,29335.4640293
1831,24505.4832055
1832,21502.9207503
1833,20364.013478
1834,20284.0689594
1835,45882.8369069
1836,156817.684312
1837,133593.872479
1838,133593.872479
1839,133593.872479
1840,132780.020835
1841,235370.425957
1842,369496.163495
1843,291372.709076
1844,122325.601599
1845,103427.275527
1846,217907.840378
1847,645593.161311
1848,740120.286273
1849,549425.329288
1850,250676.581636
1851,222106.223642
1852,340431.529818
1853,354205.336727
1854,429575.132816
1855,667622.940978
1856,694883.084962
1857,595351.777075
1858,188770.495634
1859,86048.4102995
1860,28465.6074874
1861,28400.262913
1862,28400.262913
1863,28400.262913
1864,28400.262913
1865,28397.4622345
1866,103656.521072
1867,103868.116348
1868,103886.036689
1869,103886.036689
1870,107572.065795
1871,114251.580843
1872,116007.530474
1873,98486.7305369
1874,99498.459434
1875,117218.307428
1876,112973.138535
1877,113969.146027
1878,112880.820078
1879,115103.330918
1880,120715.055214
1881,157986.518811
1882,183646.357572
1883,358094.367041
1884,327873.599813
1885,354621.842539
1886,154260.463844
1887,183487.373334
1888,300466.338051
1889,301640.493211
1890,301640.493211
1891,311323.543197
1892,269365.346034
1893,267145.963963
1894,380638.869791
1895,322541.791213
1896,335047.725396
1897,398769.959575
1898,97009.743288
1899,46477.8701408
1900,16361.2116948
1901,15041.2225974
1902,21959.8406441
1903,34278.2125199
1904,33877.2626654
1905,31557.7669618
1906,28951.4870441
1907,50775.5325282
1908,55666.8945856
1909,74777.7245812
1910,81288.2916558
1911,96840.6536622
1912,98432.7963853
1913,95773.3974325
1914,150354.762328
1915,107532.334613
1916,134761.432227
1917,64792.5655906
1918,47486.1870825
1919,43547.7889283
1920,38337.718219
1921,30258.6034843
1922,26685.0959462
1923,21031.7116976
1924,23198.6866248
1925,26946.4598927
1926,28847.7023854
1927,28847.7023854
1928,28847.7023854
1929,30218.8292515
1930,26572.4921807
1931,20350.6965538
1932,20350.6965538
1933,21439.8555212
1934,46750.783094
1935,67728.9710861
1936,172249.769803
1937,133593.872479
1938,133617.142148
1939,133617.142148
1940,133672.230394
1941,175412.707838
1942,369496.163495
1943,369496.163495
1944,302341.788276
1945,180571.299552
1946,638538.201767
1947,725954.2104
1948,745139.467216
1949,690185.71288
1950,322573.952256
1951,269463.112951
1952,343476.129517
1953,377706.295147
1954,363795.22468
1955,378971.072419
1956,418217.427687
1957,367144.616928
1958,160700.394146
1959,71343.7130847
1960,33504.2572757
1961,28400.262913
1962,28400.262913
1963,28400.262913
1964,28400.262913
1965,28400.262913
1966,103656.521072
1967,103886.036689
1968,103886.036689
1969,103886.036689
1970,107594.434335
1971,113891.588259
1972,106630.649524
1973,137280.746335
1974,164064.037466
1975,129716.473114
1976,105801.499341
1977,117278.70337
1978,116918.928569
1979,116578.997055
1980,136933.130028
1981,179976.173961
1982,138714.1341
1983,242731.119435
1984,312866.396544
1985,213394.492222
1986,77850.647018
1987,77850.647018
1988,303576.072704
1989,433609.555962
1990,330759.030945
1991,301620.041491
1992,238855.84301
1993,225719.677607
1994,203436.763853
1995,185932.772531
1996,194515.727239
1997,182542.77969
1998,31946.6492565
1999,22483.7142172
2000,14988.7698237
2001,18187.7521308
2002,18285.5056416
2003,27198.3303028
2004,33501.315274
2005,33401.6707159
2006,26565.5150493
2007,46120.084656
2008,84175.8183498
2009,98766.8067265
2010,98432.7963853
2011,97301.5772142
2012,98432.7963853
2013,103222.402799
2014,106989.816019
2015,97559.2972631
2016,138997.18751
2017,83926.3613446
2018,82721.1361372
2019,67280.7026996
2020,45805.5751955
2021,31299.9936463
2022,55078.4735961
2023,35826.3968064
2024,24466.3188134
2025,31085.8296853
2026,27103.6158608
2027,28847.7023854
2028,28847.7023854
2029,29575.0421276
2030,23757.6726248
2031,20350.6965538
2032,20350.6965538
2033,38124.8016135
2034,98617.5542989
2035,118550.279601
2036,161671.038066
2037,152501.090909
2038,133617.142148
2039,133016.925004
2040,148840.575065
2041,212354.715591
2042,355969.504416
2043,443677.720829
2044,369496.163495
2045,755764.871209
2046,793417.619074
2047,764891.853118
2048,434495.485865
2049,281707.797318
2050,287933.487374
2051,230871.202217
2052,297760.337298
2053,316858.268826
2054,313381.439602
2055,265064.302125
2056,283923.655608
2057,491671.45311
2058,110372.46436
2059,58552.3909042
2060,59656.3018281
2061,45092.4870536
2062,36270.6275688
2063,28400.262913
2064,33359.8119437
2065,58796.4210684
2066,115550.22763
2067,106889.410058
2068,103886.036689
2069,105741.158423
2070,106625.149161
2071,105383.734205
2072,151844.506985
2073,160253.705378
2074,174166.151462
2075,110241.532476
2076,63735.9230244
2077,98368.0824056
2078,111780.789373
2079,112222.13781
2080,162678.257666
2081,228858.842116
2082,200818.929365
2083,224541.625268
2084,187003.704539
2085,147519.222989
2086,77850.647018
2087,77850.647018
2088,420508.453465
2089,515748.859423
2090,535133.779137
2091,326218.886579
2092,225892.172665
2093,226002.751633
2094,204120.076848
2095,186018.038206
2096,186018.038206
2097,178125.58734
2098,24013.7562573
2099,23471.8498902
2100,17892.3446161
2101,14803.9395538
2102,15041.2225974
2103,19905.4361165
2104,33324.014551
2105,44810.6131011
2106,82231.0903897
2107,118409.214648
2108,103202.630389
2109,96790.1158667
2110,98432.7963853
2111,97937.4396911
2112,98061.888948
2113,100305.76915
2114,85339.8359392
2115,83926.3613446
2116,83926.3613446
2117,76904.1462418
2118,83945.6977955
2119,84429.4726183
2120,53053.553426
2121,111965.074961
2122,52962.4033123
2123,33085.6138039
2124,28835.2982132
2125,31038.018487
2126,28245.3441538
2127,30377.8314414
2128,28847.7023854
2129,28012.557543
2130,22474.898222
2131,20698.709872
2132,36509.8325309
2133,86142.6578481
2134,113487.410775
2135,121019.597362
2136,194071.361282
2137,161598.828917
2138,133016.925004
2139,133016.925004
2140,158506.789291
2141,257335.314203
2142,256575.313062
2143,308067.969884
2144,695981.656286
2145,1307339.50569
2146,869067.526471
2147,761072.912915
2148,392076.461191
2149,281514.895763
2150,294268.954353
2151,255195.548044
2152,282485.75906
2153,306543.113659
2154,278320.900871
2155,251956.567064
2156,251912.359266
2157,131332.847435
2158,32423.4616627
2159,34916.8547676
2160,57998.4973874
2161,68305.8625977
2162,85772.0605597
2163,90697.6330318
2164,102469.400384
2165,65291.4909711
2166,61749.1045389
2167,121599.567125
2168,90649.705255
2169,67724.9456592
2170,64155.7692585
2171,105057.334575
2172,158729.47894
2173,158729.47894
2174,181843.103385
2175,106888.420888
2176,66015.6418574
2177,71586.9851549
2178,71136.7838824
2179,77999.0724816
2180,98684.9496739
2181,198602.480396
2182,151125.234035
2183,156337.654964
2184,297319.254749
2185,334020.548359
2186,200371.440843
2187,237673.570004
2188,403386.897993
2189,540705.729975
2190,515748.859423
2191,453763.454739
2192,226013.038883
2193,226013.038883
2194,202109.898274
2195,185921.439726
2196,190830.89706
2197,182326.005112
2198,38785.4561634
2199,24304.2972082
2200,19060.7785429
2201,14958.8232498
2202,14657.0661936
2203,18747.4183134
2204,47581.8905115
2205,117888.509002
2206,122889.74956
2207,114667.344816
2208,103047.599992
2209,94242.0732174
2210,95394.4460788
2211,97765.9124284
2212,98432.7963853
2213,94869.0935645
2214,83926.3613446
2215,83926.3613446
2216,83926.3613446
2217,83529.6145303
2218,86008.8927292
2219,82775.7955985
2220,70209.96189
2221,55258.2694752
2222,32575.2683089
2223,35017.4314641
2224,33395.307989
2225,29912.0769056
2226,29912.0769056
2227,32174.1967617
2228,30603.3586379
2229,27770.2374082
2230,21262.3555518
2231,42971.3083454
2232,52802.2810318
2233,80027.7825041
2234,112031.362719
2235,127145.213422
2236,220641.122608
2237,519015.738493
2238,497906.194616
2239,545739.39669
2240,383110.006193
2241,257203.342059
2242,256575.313062
2243,256575.313062
2244,532821.566521
2245,1246087.99963
2246,913801.732126
2247,661701.990061
2248,610690.557913
2249,393560.360652
2250,153849.156327
2251,153025.304685
2252,184024.313568
2253,269623.502774
2254,252107.235015
2255,251740.9856
2256,234374.560943
2257,63098.9432937
2258,26934.1926121
2259,26934.1926121
2260,36906.839169
2261,67905.545728
2262,122597.207141
2263,122176.451126
2264,121647.176886
2265,153180.176111
2266,831530.55442
2267,97525.4199266
2268,42195.7931135
2269,46594.3657012
2270,47733.0259001
2271,76990.5663223
2272,158729.47894
2273,158729.47894
2274,158729.47894
2275,104228.55393
2276,60807.8120329
2277,69571.2807786
2278,72348.0146255
2279,71132.8112054
2280,71223.0537426
2281,113082.007814
2282,141745.229947
2283,186349.202359
2284,409548.407619
2285,440022.87778
2286,347717.749916
2287,313488.33611
2288,313488.33611
2289,406400.909243
2290,538609.213074
2291,529987.070185
2292,281235.47137
2293,228350.954137
2294,210394.859597
2295,186018.038206
2296,185976.092803
2297,186018.038206
2298,51394.1432064
2299,24013.7562573
2300,23213.9338151
2301,14920.5836833
2302,15109.9781797
2303,15041.2225974
2304,72035.7526355
2305,118911.655117
2306,123104.338696
2307,111638.945099
2308,104753.342348
2309,87875.2698364
2310,94689.5775957
2311,94369.5409551
2312,101881.766413
2313,88535.2223282
2314,83926.3613446
2315,83926.3613446
2316,83926.3613446
2317,83926.3613446
2318,83926.3613446
2319,95482.4929242
2320,122416.909766
2321,87965.6050189
2322,58022.1866147
2323,55845.0321833
2324,54723.1307681
2325,29912.0769056
2326,29912.0769056
2327,28425.8928176
2328,24373.8765218
2329,25407.4940261
2330,36849.1207517
2331,52802.2810318
2332,52802.2810318
2333,68509.8893638
2334,114041.293365
2335,133412.781779
2336,221407.215354
2337,658376.765564
2338,697256.63394
2339,718660.081102
2340,472662.983488
2341,291800.71794
2342,256575.313062
2343,256575.313062
2344,296431.571428
2345,619028.639153
2346,405937.427978
2347,595744.400201
2348,618516.166861
2349,425853.705904
2350,108425.278959
2351,149867.636313
2352,170374.346925
2353,255675.070982
2354,251740.9856
2355,251740.9856
2356,130516.056643
2357,26934.1926121
2358,26934.1926121
2359,26934.1926121
2360,34359.4748605
2361,51359.0412931
2362,110621.021481
2363,117522.194738
2364,117522.194738
2365,166383.53706
2366,510068.774861
2367,52933.3826823
2368,31385.979797
2369,44444.1912593
2370,47733.0259001
2371,57858.4943228
2372,152626.515153
2373,158729.47894
2374,149170.348554
2375,76651.7945898
2376,53686.6943103
2377,64609.9413207
2378,75391.2489088
2379,71223.0537426
2380,76131.3351347
2381,151219.502824
2382,206833.976457
2383,283751.873569
2384,420556.520212
2385,510245.084951
2386,480610.789442
2387,323741.429152
2388,313488.33611
2389,322025.508042
2390,439152.633715
2391,546523.692451
2392,281636.426579
2393,212405.010437
2394,194928.065745
2395,186018.038206
2396,186018.038206
2397,186018.038206
2398,95142.5260649
2399,24013.7562573
2400,24013.7562573
2401,15041.2225974
2402,15041.2225974
2403,18814.6363285
2404,93814.5900106
2405,115894.010595
2406,118976.025272
2407,118351.005233
2408,111596.821309
2409,102205.097844
2410,95896.4711261
2411,97561.7469964
2412,97959.2505569
2413,80399.8952084
2414,86146.9616425
2415,82536.3616815
2416,83926.3613446
2417,83831.5449133
2418,89373.8615501
2419,131865.52399
2420,132423.749866
2421,133120.998255
2422,98379.8687177
2423,125449.324728
2424,122770.378319
2425,81552.9812324
2426,36562.2208818
2427,27201.3124608
2428,23060.0909985
2429,43267.0357677
2430,76747.8593731
2431,52802.2810318
2432,52802.2810318
2433,72135.698771
2434,148304.262321
2435,154505.027288
2436,283564.840136
2437,579359.974525
2438,585788.512117
2439,553498.0725
2440,430652.005543
2441,338429.722111
2442,256575.313062
2443,256917.303046
2444,255971.605888
2445,203653.857746
2446,203653.857746
2447,259247.339141
2448,242305.556587
2449,171754.635695
2450,122021.568276
2451,139784.582975
2452,169736.765945
2453,236765.32706
2454,251740.9856
2455,214618.806952
2456,39944.7460523
2457,26934.1926121
2458,26934.1926121
2459,26934.1926121
2460,26934.1926121
2461,40759.750089
2462,110238.819463
2463,132539.230968
2464,131741.752325
2465,117522.194738
2466,144284.237694
2467,47569.1777587
2468,31385.979797
2469,42702.1319991
2470,47733.0259001
2471,47733.0259001
2472,94798.6289411
2473,99405.2481594
2474,35292.0877279
2475,21411.4195703
2476,25091.805202
2477,44624.2003617
2478,76872.9456596
2479,87804.389702
2480,127067.184985
2481,245254.361088
2482,264998.043452
2483,309672.483603
2484,420226.328669
2485,559269.851648
2486,568585.680346
2487,414591.530643
2488,344486.434608
2489,360050.193124
2490,383119.930235
2491,448262.735859
2492,408969.701434
2493,234504.385616
2494,221208.736174
2495,201053.89394
2496,186018.038206
2497,205771.843317
2498,181335.49613
2499,49970.2670891
2500,48449.6684432
2501,15041.2225974
2502,15041.2225974
2503,34492.4569092
2504,115797.657153
2505,115877.825211
2506,115894.010595
2507,122772.441004
2508,119269.610998
2509,114112.195097
2510,102734.322335
2511,103936.508415
2512,92418.6317825
2513,84478.5477295
2514,80329.1014888
2515,82860.5906153
2516,83914.7198911
2517,83816.488904
2518,101884.728965
2519,141829.916112
2520,132423.749866
2521,132423.749866
2522,132971.258512
2523,110173.083338
2524,95349.6394072
2525,121147.846905
2526,99844.9921273
2527,32065.8531473
2528,23047.2644851
2529,84475.6613312
2530,312356.517506
2531,384707.005352
2532,194122.480506
2533,188187.63402
2534,203001.714057
2535,212538.730089
2536,307739.325138
2537,555602.251387
2538,538938.74296
2539,542397.869963
2540,424986.058852
2541,394717.352463
2542,303409.314575
2543,269390.793134
2544,236499.578105
2545,203653.857746
2546,203653.857746
2547,168369.673795
2548,46626.4435222
2549,46581.1973922
2550,110492.002524
2551,108185.817973
2552,169867.294177
2553,372196.115702
2554,599286.78178
2555,574796.452276
2556,113865.513176
2557,37665.399443
2558,35700.3469644
2559,26934.1926121
2560,26934.1926121
2561,37420.8348853
2562,88422.3672397
2563,178381.315777
2564,212345.021819
2565,253737.526223
2566,276464.345464
2567,174094.017607
2568,63910.8556684
2569,49772.1950651
2570,54766.5818393
2571,77348.3668582
2572,46909.220229
2573,28745.2506391
2574,21411.4195703
2575,21411.4195703
2576,31585.6740062
2577,41270.2270336
2578,89802.4220493
2579,148027.985594
2580,171837.997315
2581,254622.613461
2582,310597.908393
2583,352655.050166
2584,549078.783619
2585,587343.885054
2586,591140.340979
2587,557682.049513
2588,388003.596254
2589,383107.645559
2590,383107.645559
2591,391999.254209
2592,240900.879149
2593,219717.409397
2594,191619.16897
2595,186018.038206
2596,195468.576622
2597,231323.751962
2598,226013.038883
2599,236305.494546
2600,215156.773599
2601,15041.2225974
2602,15041.2225974
2603,68768.719818
2604,120687.203469
2605,119520.641736
2606,115894.010595
2607,115894.010595
2608,115516.142133
2609,109572.615217
2610,92024.6477807
2611,87527.8510802
2612,91250.4059765
2613,79793.6227798
2614,75880.2205443
2615,84873.3372603
2616,83231.2809618
2617,85920.6665752
2618,134558.630253
2619,140089.632242
2620,132423.749866
2621,132423.749866
2622,132423.749866
2623,92527.6528423
2624,80904.3566151
2625,102319.333691
2626,121483.021887
2627,100507.039
2628,35683.5443636
2629,93755.7962029
2630,414645.232208
2631,516315.197699
2632,533470.815477
2633,421205.736469
2634,283536.439943
2635,213966.359581
2636,244970.592346
2637,456581.789336
2638,497658.909187
2639,480902.708129
2640,404759.247173
2641,328249.653718
2642,247592.939234
2643,228759.765451
2644,203653.857746
2645,203653.857746
2646,203653.857746
2647,157982.939722
2648,46581.1973922
2649,46581.1973922
2650,104223.80819
2651,108185.817973
2652,271184.334085
2653,510625.839699
2654,618552.93152
2655,648791.109879
2656,469125.30541
2657,261673.554285
2658,185591.838136
2659,65378.7430886
2660,39475.2697061
2661,46040.3610239
2662,137893.270308
2663,278291.067059
2664,279766.709884
2665,279193.506788
2666,277801.43031
2667,277031.43203
2668,228064.752378
2669,75805.888586
2670,51089.3421297
2671,47999.3995758
2672,52215.7739742
2673,32985.9879011
2674,45937.8940201
2675,63073.0820026
2676,92344.0569901
2677,114624.858296
2678,130365.34017
2679,173945.645801
2680,172253.416283
2681,214099.3861
2682,384501.816545
2683,384617.411511
2684,475030.20881
2685,514003.831581
2686,488848.250925
2687,499685.791885
2688,442811.76177
2689,390768.084363
2690,387474.697992
2691,294841.927288
2692,246939.405973
2693,230304.382591
2694,207617.963184
2695,191370.612469
2696,214726.172565
2697,227337.464378
2698,227635.185647
2699,235107.358106
2700,241326.490071
2701,18438.8693832
2702,22930.6024616
2703,93854.7671552
2704,125367.416504
2705,112213.118731
2706,115894.010595
2707,116473.09351
2708,107111.272113
2709,110578.479789
2710,98601.3572509
2711,85151.5006387
2712,103444.971962
2713,138469.00231
2714,138045.68062
2715,142180.298023
2716,284299.853308
2717,263242.218106
2718,173093.631009
2719,139517.420106
2720,132423.749866
2721,132423.749866
2722,132423.749866
2723,98163.8038316
2724,86023.1662492
2725,86738.3814361
2726,122757.89415
2727,127017.610701
2728,208571.915574
2729,236164.08153
2730,376573.973572
2731,519649.067574
2732,530825.099661
2733,511908.448189
2734,472990.088018
2735,350926.038572
2736,405063.241036
2737,400116.472149
2738,415749.397998
2739,311016.397757
2740,141152.846878
2741,123288.463112
2742,123279.921093
2743,121361.542761
2744,210968.966464
2745,203653.857746
2746,280696.860456
2747,150834.624656
2748,94210.9344168
2749,108094.058538
2750,159107.746415
2751,235878.833607
2752,255000.879004
2753,356488.421736
2754,495370.6091
2755,523061.182049
2756,384733.713067
2757,366144.170731
2758,364253.516068
2759,194973.319116
2760,38790.5588123
2761,67725.3544524
2762,185054.806193
2763,274841.875097
2764,279776.815421
2765,279491.296826
2766,278248.6768
2767,279776.815421
2768,279361.290472
2769,244157.427851
2770,92692.2730734
2771,90444.0654452
2772,101209.922112
2773,104489.555172
2774,142189.7039
2775,115984.509216
2776,119071.194084
2777,115790.245745
2778,124885.607577
2779,166424.19838
2780,159784.216079
2781,201772.027479
2782,457281.703394
2783,419490.805144
2784,460833.152399
2785,487041.28335
2786,489635.197947
2787,497102.5009
2788,469251.150072
2789,424990.588412
2790,333010.327103
2791,307606.89222
2792,275303.170048
2793,276183.923343
2794,283709.208456
2795,245484.21095
2796,168279.764263
2797,293275.482545
2798,296481.609794
2799,304802.727223
2800,279689.693282
2801,2045.76760503
2802,28750.9911348
2803,60345.3785284
2804,119363.496107
2805,128076.920335
2806,113176.147003
2807,107398.365263
2808,110046.177233
2809,98085.2560725
2810,92034.3012642
2811,103032.081115
2812,147121.830083
2813,156464.375945
2814,156483.116344
2815,162842.319759
2816,319671.187103
2817,243185.312994
2818,210021.085272
2819,139859.741447
2820,132423.749866
2821,132423.749866
2822,137994.723946
2823,122597.274125
2824,85958.7888482
2825,79996.5419415
2826,117242.297062
2827,150209.450235
2828,227226.334147
2829,249933.28601
2830,315265.079609
2831,358740.268032
2832,479434.102892
2833,526708.992661
2834,515323.736809
2835,534279.489855
2836,440319.119378
2837,388246.470398
2838,351468.301914
2839,133448.980612
2840,123146.546789
2841,123146.546789
2842,123066.51513
2843,114595.623047
2844,123810.371601
2845,146996.162142
2846,103765.944597
2847,74946.3461738
2848,87332.1097679
2849,128512.726971
2850,195837.675876
2851,254268.09186
2852,296363.181889
2853,299717.767518
2854,299996.762321
2855,324395.834591
2856,399004.116947
2857,366144.170731
2858,370409.929112
2859,194657.349922
2860,55805.0075624
2861,91164.9815128
2862,181385.753977
2863,194209.163244
2864,222274.021469
2865,264101.480392
2866,283689.433904
2867,282908.080119
2868,278997.302836
2869,251915.761551
2870,152071.977775
2871,143312.474968
2872,153503.343962
2873,140639.840366
2874,125463.190841
2875,118378.477054
2876,128619.180269
2877,118588.588801
2878,123363.8842
2879,177726.012506
2880,172361.112946
2881,372678.031332
2882,508236.673337
2883,512932.159268
2884,520888.334142
2885,485542.348543
2886,488757.401962
2887,488687.027607
2888,501303.397778
2889,469679.40358
2890,336536.773152
2891,233858.266766
2892,229531.963799
2893,276125.748955
2894,276183.923343
2895,298425.591311
2896,374619.503046
2897,374032.128009
2898,374032.128009
2899,366671.094412
2900,316447.734098
2901,9480.25704877
2902,19066.1426183
2903,15347.4046045
2904,85770.1077418
2905,125380.201275
2906,101656.694333
2907,108632.406053
2908,79710.4565365
2909,84987.5715044
2910,77208.2654216
2911,75565.5715368
2912,103231.959036
2913,142144.367784
2914,158396.379393
2915,156584.737237
2916,228640.908309
2917,235011.401993
2918,277807.13279
2919,397697.143703
2920,259633.754362
2921,193831.495765
2922,193724.448791
2923,173165.51202
2924,138122.543004
2925,88309.1104074
2926,110177.912851
2927,191123.886052
2928,249014.672791
2929,261669.069402
2930,317081.181935
2931,320781.600985
2932,336013.79446
2933,589220.88426
2934,639047.00201
2935,636863.039335
2936,718135.223951
2937,464240.601427
2938,356116.162459
2939,144689.862516
2940,123146.546789
2941,123146.546789
2942,124816.245942
2943,125004.39933
2944,92056.2148304
2945,74897.6846972
2946,74897.6846972
2947,74654.8658199
2948,74654.8658199
2949,112638.957506
2950,193044.123934
2951,295884.086377
2952,306442.64745
2953,299996.762321
2954,299996.762321
2955,325199.159618
2956,392588.548792
2957,386180.287413
2958,369601.478377
2959,141160.604248
2960,79720.9914124
2961,88910.988873
2962,157161.80606
2963,181190.098219
2964,181190.098219
2965,181190.098219
2966,204152.092433
2967,219005.182942
2968,198448.680603
2969,185883.251853
2970,168933.54644
2971,157695.471056
2972,152713.182115
2973,152713.182115
2974,143934.51538
2975,126751.333422
2976,118066.961494
2977,118504.378428
2978,172616.941355
2979,226868.511133
2980,226074.261041
2981,508236.673337
2982,508236.673337
2983,508236.673337
2984,552364.107897
2985,522531.856907
2986,503734.623995
2987,497622.435305
2988,367678.66741
2989,354656.098378
2990,307912.987592
2991,286679.910586
2992,225615.564516
2993,276160.224032
2994,276183.923343
2995,294089.233521
2996,324934.861596
2997,374032.128009
2998,374032.128009
2999,356858.991702
3000,292007.641263
3001,14286.7518086
3002,12966.4125815
3003,12966.4125815
3004,12966.4125815
3005,49851.2358493
3006,81600.375082
3007,80703.306792
3008,93419.4188266
3009,73519.8540466
3010,73519.8540466
3011,73519.8540466
3012,73387.3220609
3013,72709.2549261
3014,129156.886439
3015,214156.83157
3016,231832.692204
3017,450762.574918
3018,611657.058336
3019,354366.54491
3020,432934.018108
3021,455954.50162
3022,427495.652632
3023,234688.285339
3024,186125.135303
3025,85899.5619411
3026,62123.0141649
3027,189896.896033
3028,213853.892113
3029,235387.543294
3030,268812.819285
3031,324097.614387
3032,341117.724436
3033,427935.526717
3034,599089.293997
3035,595409.992058
3036,795250.066925
3037,727386.147623
3038,418611.15271
3039,320669.14008
3040,172891.075333
3041,130984.012657
3042,103200.076909
3043,64815.4665122
3044,51545.1934938
3045,82030.8690505
3046,74654.8658199
3047,74654.8658199
3048,74654.8658199
3049,144336.089754
3050,206330.568339
3051,266970.329316
3052,306796.813495
3053,306672.348175
3054,320499.461535
3055,373773.458332
3056,368449.665436
3057,368449.665436
3058,360084.903274
3059,193440.807907
3060,81775.3859277
3061,86783.8034978
3062,133287.682387
3063,181190.098219
3064,181190.098219
3065,181190.098219
3066,181190.098219
3067,181190.098219
3068,195680.340322
3069,218100.257973
3070,177255.555207
3071,157695.471056
3072,152713.182115
3073,152713.182115
3074,152713.182115
3075,153069.112497
3076,144115.483884
3077,158484.78498
3078,193766.363793
3079,198913.405194
3080,196678.369394
3081,515132.482303
3082,586826.021459
3083,617552.554377
3084,637816.346512
3085,645666.182193
3086,408771.870966
3087,317347.119056
3088,307397.365156
3089,306966.568191
3090,285761.772836
3091,276183.923343
3092,276183.923343
3093,276183.923343
3094,289122.796786
3095,351306.526566
3096,363423.96417
3097,374032.128009
3098,374027.813807
3099,366129.497958
3100,298272.990471
3101,12966.4125815
3102,12966.4125815
3103,12966.4125815
3104,20968.5725653
3105,31018.0443585
3106,63864.3576598
3107,73519.8540466
3108,73519.8540466
3109,73519.8540466
3110,73519.8540466
3111,73516.8263624
3112,73341.6068056
3113,72819.2250382
3114,91795.9209852
3115,191206.555206
3116,298865.264086
3117,661788.369072
3118,923805.252198
3119,598802.769085
3120,488309.524593
3121,460217.658852
3122,390376.5957
3123,196096.759676
3124,109947.586572
3125,103057.097406
3126,101276.888182
3127,179003.470465
3128,174011.566695
3129,176574.418424
3130,396452.844622
3131,385398.513689
3132,326228.523209
3133,372368.30896
3134,606533.046623
3135,703820.209782
3136,699023.142181
3137,590302.592379
3138,379977.75038
3139,379977.75038
3140,383767.429497
3141,176116.332281
3142,43026.064158
3143,12783.23597
3144,12783.23597
3145,63233.7923479
3146,74866.7629323
3147,74654.8658199
3148,74654.8658199
3149,142037.471182
3150,227149.535427
3151,240874.435272
3152,316543.908473
3153,520508.269747
3154,487315.372353
3155,393485.232613
3156,368449.665436
3157,368449.665436
3158,356791.858905
3159,124419.274383
3160,71999.9414201
3161,71999.9414201
3162,118130.823823
3163,226864.588209
3164,235224.412713
3165,233359.43836
3166,221290.744378
3167,227434.952643
3168,242191.301169
3169,206455.155248
3170,183156.118303
3171,157563.237724
3172,152113.15947
3173,151693.234274
3174,151327.1208
3175,151255.25515
3176,150691.456517
3177,151782.946451
3178,172650.327403
3179,161493.277547
3180,99574.6838961
3181,481153.748141
3182,698487.045479
3183,698470.239792
3184,738089.472984
3185,744476.473869
3186,400777.162921
3187,307379.336661
3188,307225.508181
3189,307494.233496
3190,286853.052501
3191,276183.923343
3192,276183.923343
3193,276183.923343
3194,314479.083901
3195,378887.993737
3196,374032.128009
3197,365416.402707
3198,385878.893186
3199,351839.891373
3200,300454.417137
3201,14209.0976863
3202,12966.4125815
3203,12966.4125815
3204,16208.7551707
3205,18842.8123261
3206,43873.2755823
3207,72920.7886995
3208,73519.8540466
3209,73519.8540466
3210,73519.8540466
3211,77264.0986898
3212,72723.6467719
3213,73145.5343722
3214,73308.0468768
3215,76033.0401776
3216,331882.776966
3217,606554.288888
3218,824636.573329
3219,681726.789352
3220,533168.896426
3221,471390.350197
3222,397183.725807
3223,197901.84955
3224,100653.024605
3225,181347.057152
3226,336317.640853
3227,176662.501625
3228,172345.927708
3229,220257.865948
3230,499850.285576
3231,511305.993671
3232,489574.536524
3233,548953.078083
3234,732211.124752
3235,721873.790916
3236,699734.170437
3237,521847.6255
3238,342384.094187
3239,338191.931746
3240,294865.942286
3241,141156.360754
3242,12783.23597
3243,12783.23597
3244,12783.23597
3245,41235.9166583
3246,95967.8307352
3247,104823.093132
3248,104823.093132
3249,167150.888288
3250,228662.804805
3251,282982.217771
3252,410252.910654
3253,879779.141483
3254,707213.15126
3255,542775.366268
3256,474336.552048
3257,401928.949667
3258,430782.424784
3259,146060.812886
3260,71999.9414201
3261,71999.9414201
3262,105047.448764
3263,231607.135997
3264,245761.052612
3265,242758.375779
3266,234779.740902
3267,230323.220723
3268,247759.134104
3269,197465.160453
3270,185076.878766
3271,158983.59729
3272,153254.231894
3273,152618.046273
3274,151170.037239
3275,150691.456517
3276,150691.456517
3277,150691.456517
3278,152143.225533
3279,238276.748326
3280,194561.020896
3281,523817.292316
3282,698487.045479
3283,717833.720944
3284,741989.186449
3285,759313.856253
3286,595584.748853
3287,307170.580298
3288,307490.462881
3289,307577.894104
3290,299690.11137
3291,276183.923343
3292,276183.923343
3293,287328.177614
3294,361099.050038
3295,374032.128009
3296,374032.128009
3297,353523.176413
3298,338134.9951
3299,309790.144951
3300,304998.149428
3301,14324.4935623
3302,14225.3594873
3303,12966.4125815
3304,12966.4125815
3305,12966.4125815
3306,15914.1276627
3307,55202.5300361
3308,73519.8540466
3309,79991.2275572
3310,80810.4460294
3311,65763.9349265
3312,53762.2637607
3313,67208.4536374
3314,79053.1802897
3315,121154.068105
3316,144776.908275
3317,213111.984759
3318,521933.538594
3319,548120.429196
3320,511924.784825
3321,519514.443344
3322,462276.418501
3323,417252.370994
3324,296292.393762
3325,435390.715527
3326,528759.124674
3327,274271.567527
3328,180376.944401
3329,213795.380447
3330,479028.590446
3331,559416.812582
3332,594642.03199
3333,736435.501945
3334,801190.285328
3335,784094.061512
3336,891490.391121
3337,792872.791191
3338,266757.918655
3339,266757.918655
3340,264785.252365
3341,131315.469483
3342,12783.23597
3343,12783.23597
3344,12783.23597
3345,48078.7721308
3346,238330.293074
3347,213770.391977
3348,213770.391977
3349,265686.48011
3350,424827.029875
3351,405269.5877
3352,765521.90406
3353,875407.104988
3354,724490.843376
3355,443095.086962
3356,452509.725656
3357,512536.627027
3358,468354.334657
3359,345184.752172
3360,100867.097122
3361,95350.6950727
3362,150197.865473
3363,360507.576234
3364,373221.483972
3365,373221.483972
3366,373221.483972
3367,579717.577272
3368,549529.98502
3369,329782.864895
3370,241758.651686
3371,163020.229808
3372,162663.187551
3373,190694.063858
3374,150665.788547
3375,150691.456517
3376,150691.456517
3377,150691.456517
3378,150691.456517
3379,582049.034521
3380,667417.766474
3381,704317.23107
3382,671901.161153
3383,589524.902907
3384,587077.619102
3385,759319.977533
3386,773803.261791
3387,342550.32123
3388,311503.939721
3389,311503.939721
3390,313990.010554
3391,246956.718504
3392,246956.718504
3393,290074.67368
3394,378870.615719
3395,374032.128009
3396,374032.128009
3397,390732.707049
3398,307151.85147
3399,192586.015777
3400,167537.57368
3401,13232.9117611
3402,14351.013081
3403,14257.1272108
3404,14213.743697
3405,12966.4125815
3406,12966.4125815
3407,26307.1992743
3408,80119.7446747
3409,85109.2877011
3410,82960.4265864
3411,70064.2305305
3412,64420.0530739
3413,132688.909742
3414,152034.320745
3415,142944.643235
3416,142958.09477
3417,203486.773624
3418,521933.538594
3419,392503.646674
3420,239897.002244
3421,350248.823597
3422,446341.209354
3423,440465.259481
3424,371182.779005
3425,340897.29565
3426,486606.612946
3427,501689.626204
3428,407115.110378
3429,381784.036352
3430,234943.503077
3431,538156.744896
3432,1081119.25952
3433,903666.021126
3434,801190.285328
3435,826046.543957
3436,1225082.11039
3437,1158406.10821
3438,618992.244167
3439,266623.641359
3440,270810.254868
3441,108855.094451
3442,12783.23597
3443,12783.23597
3444,43493.2416751
3445,117350.725359
3446,220244.60241
3447,213770.391977
3448,225369.448646
3449,337149.996136
3450,396164.263065
3451,636391.400246
3452,752195.925903
3453,957443.502251
3454,780123.153778
3455,532883.137196
3456,399981.473319
3457,327727.979002
3458,580248.954775
3459,404013.043961
3460,188460.280624
3461,142698.899529
3462,399495.767759
3463,699051.668598
3464,517955.7609
3465,409286.341721
3466,503427.401226
3467,704784.707891
3468,355278.472546
3469,414978.510393
3470,483207.839403
3471,424979.642445
3472,440641.381159
3473,171027.900965
3474,150962.12388
3475,150691.456517
3476,150691.456517
3477,150691.456517
3478,150691.456517
3479,581548.22138
3480,665917.186335
3481,665913.122042
3482,605683.71192
3483,569482.856169
3484,530992.051683
3485,538257.929024
3486,560363.421059
3487,329959.614585
3488,343903.618361
3489,343650.578586
3490,224879.937167
3491,172947.54478
3492,172947.54478
3493,191087.594091
3494,332263.887936
3495,377366.543083
3496,403978.469424
3497,347226.250784
3498,208816.863086
3499,176631.878727
3500,147330.036863
3501,13108.9750363
3502,13286.388506
3503,13286.388506
3504,25256.6274825
3505,14227.1748642
3506,14211.2804759
3507,15336.6648599
3508,47671.2268311
3509,61520.8238645
3510,59806.415961
3511,61738.6215215
3512,76565.1186924
3513,126863.438103
3514,166067.826883
3515,160376.806496
3516,159508.7425
3517,152594.697449
3518,283676.621186
3519,122277.073736
3520,87021.8138995
3521,88682.1263594
3522,353369.370709
3523,420653.841146
3524,345834.246398
3525,366784.059736
3526,417481.582813
3527,412686.939999
3528,435326.546775
3529,427331.274956
3530,254772.803235
3531,247669.322146
3532,1034476.71216
3533,1176623.3258
3534,1070238.60325
3535,1067391.6739
3536,1172527.57002
3537,1111731.20559
3538,690069.164833
3539,365559.061769
3540,224352.413075
3541,57615.4200487
3542,58990.0810833
3543,135070.797728
3544,204602.323441
3545,257427.911036
3546,267606.549738
3547,501955.120924
3548,639989.482454
3549,737439.509636
3550,713952.472103
3551,768421.685375
3552,647522.880367
3553,922625.237621
3554,814981.031639
3555,730658.063972
3556,487167.710836
3557,93822.4974568
3558,1705348.71941
3559,1231409.4893
3560,335131.096771
3561,140137.975201
3562,449361.78495
3563,896420.456469
3564,867457.495781
3565,682992.233675
3566,685139.34248
3567,385229.174255
3568,400131.589364
3569,455332.288855
3570,465337.956642
3571,445501.061899
3572,592254.322515
3573,470496.666803
3574,239124.285868
3575,177262.652802
3576,150691.456517
3577,196754.09703
3578,404880.122862
3579,620340.739762
3580,690023.969713
3581,674272.653433
3582,416291.363441
3583,345688.395833
3584,330747.681611
3585,281947.803072
3586,230078.140914
3587,219449.257422
3588,255484.704662
3589,303688.842186
3590,172947.54478
3591,172925.620181
3592,172816.286444
3593,172947.54478
3594,226726.852138
3595,332563.627532
3596,375872.964211
3597,222186.532231
3598,198542.802752
3599,170318.395487
3600,153881.331326
3601,13286.388506
3602,13286.388506
3603,13286.388506
3604,16211.874991
3605,13286.388506
3606,39621.627146
3607,73420.8584843
3608,82666.2637625
3609,56758.1862123
3610,54076.8235575
3611,54099.9804214
3612,53313.1871948
3613,49586.9977272
3614,120986.181736
3615,159315.627786
3616,159523.447737
3617,204935.16047
3618,137010.698494
3619,95269.42418
3620,87021.8138995
3621,91414.1875114
3622,271918.232685
3623,401802.136372
3624,406068.205569
3625,597942.133665
3626,592565.693028
3627,511715.162602
3628,500512.17385
3629,457153.442391
3630,367009.436161
3631,351080.829754
3632,630727.376764
3633,1204147.4506
3634,1247769.09748
3635,1061693.95531
3636,960689.060413
3637,680814.055202
3638,534662.568048
3639,461197.29986
3640,247570.990296
3641,91323.3639107
3642,233373.537596
3643,245014.373946
3644,248204.240699
3645,248204.240699
3646,248204.240699
3647,729582.006134
3648,772047.359219
3649,995954.35191
3650,1222525.41755
3651,1136946.84927
3652,886854.869713
3653,883741.011261
3654,886756.928761
3655,1103036.13522
3656,1627732.50588
3657,867935.824997
3658,1779029.13833
3659,1656563.10523
3660,928496.662086
3661,464667.43647
3662,598104.987999
3663,791202.028328
3664,848142.723137
3665,784434.665422
3666,551325.232046
3667,454944.106997
3668,702486.450569
3669,528355.555716
3670,511282.252369
3671,675972.86705
3672,802264.351864
3673,931036.475632
3674,979316.674923
3675,795660.081547
3676,571175.264876
3677,554905.326242
3678,555163.116455
3679,555163.116455
3680,588939.932941
3681,529779.89319
3682,312491.976456
3683,193686.53196
3684,203546.726435
3685,384398.385231
3686,268888.781257
3687,225788.241072
3688,225448.342968
3689,249877.731026
3690,172947.54478
3691,172947.54478
3692,172662.131282
3693,174172.332781
3694,247440.485789
3695,300316.124043
3696,355104.816323
3697,219287.164674
3698,198542.802752
3699,184580.027088
3700,142613.576271
3701,13286.388506
3702,13286.388506
3703,13286.388506
3704,14818.6364795
3705,46928.4642115
3706,76304.4271519
3707,77149.2049456
3708,87925.2711494
3709,66421.180804
3710,60193.2554684
3711,62725.4810402
3712,100189.3103
3713,53191.6367251
3714,61303.0866234
3715,124249.052495
3716,144400.482088
3717,148407.7475
3718,116389.07335
3719,87021.8138995
3720,91382.5092945
3721,97765.5371323
3722,110852.304486
3723,231270.956756
3724,417758.148525
3725,509654.802032
3726,577460.019787
3727,592526.559977
3728,629638.640026
3729,683275.421139
3730,510389.838864
3731,406197.552159
3732,527986.936842
3733,819945.369215
3734,811474.332317
3735,968915.285339
3736,960794.559017
3737,714607.139111
3738,396280.179913
3739,232503.499021
3740,168413.023243
3741,172104.265708
3742,224936.11691
3743,295983.318937
3744,271253.814726
3745,248204.240699
3746,369128.524023
3747,962344.826935
3748,1303706.95818
3749,1145975.09652
3750,1282811.04687
3751,1362578.33122
3752,1058669.15015
3753,927888.983349
3754,1118637.0891
3755,1340316.04687
3756,2341427.18999
3757,2606986.11063
3758,1820829.77449
3759,1131788.56117
3760,1163860.40273
3761,854307.592274
3762,771707.328068
3763,1233278.93126
3764,1633538.3194
3765,865028.649048
3766,544645.295923
3767,598427.738411
3768,775044.581776
3769,715059.600199
3770,500837.655304
3771,1013110.73452
3772,1041147.00829
3773,900879.682419
3774,905134.884556
3775,973467.856926
3776,818831.383522
3777,584598.851387
3778,555163.116455
3779,555163.116455
3780,555163.116455
3781,533269.901001
3782,206846.85509
3783,146758.494024
3784,173556.413886
3785,251776.613329
3786,253675.642612
3787,226116.722694
3788,226721.962994
3789,242714.629463
3790,172947.54478
3791,172947.54478
3792,161506.164124
3793,163388.757148
3794,267069.894225
3795,289221.388211
3796,297895.253603
3797,192595.579406
3798,173921.448816
3799,161716.602808
3800,144898.705551
3801,13286.388506
3802,13286.388506
3803,13286.388506
3804,27455.4202037
3805,74967.3353655
3806,77149.2049456
3807,77149.2049456
3808,86898.3378522
3809,83783.3854671
3810,53986.0168753
3811,39500.9000122
3812,49458.0036681
3813,46984.743588
3814,57961.266148
3815,56216.4256564
3816,124484.630439
3817,151822.712735
3818,113302.815564
3819,87021.8138995
3820,95315.6170893
3821,99121.2040062
3822,113782.222161
3823,349125.936501
3824,361608.061758
3825,351087.323627
3826,369374.922428
3827,652610.792982
3828,680900.624884
3829,627722.219693
3830,465592.811512
3831,461571.867772
3832,493731.53008
3833,498294.825401
3834,448278.764494
3835,563850.843256
3836,537074.797224
3837,411163.342081
3838,197180.259263
3839,196798.568782
3840,199950.05583
3841,214073.270557
3842,194588.535021
3843,344973.122816
3844,565669.365974
3845,889685.163288
3846,1208470.22437
3847,1313473.77188
3848,1530324.71729
3849,1214503.14186
3850,1298748.2616
3851,1346755.94698
3852,1436773.50119
3853,1443779.03654
3854,1711310.07139
3855,1821835.32377
3856,2776637.74998
3857,2718877.40429
3858,1926430.06803
3859,1306455.68385
3860,1251237.84453
3861,969811.500347
3862,1667713.23474
3863,1821516.23269
3864,1494820.51117
3865,966802.244095
3866,804996.218533
3867,790545.661327
3868,1374109.66771
3869,1970610.09323
3870,1021432.83624
3871,1391708.56962
3872,1448334.89433
3873,777252.883389
3874,892622.807908
3875,927039.434242
3876,869546.070698
3877,667212.643131
3878,567249.435244
3879,563939.982843
3880,559310.768011
3881,539178.702282
3882,306930.651646
3883,235384.826735
3884,281559.102587
3885,259301.76054
3886,245465.517309
3887,230814.832626
3888,222782.076474
3889,228457.610456
3890,179288.533641
3891,167343.56601
3892,148072.764204
3893,129945.374065
3894,142649.005953
3895,138124.604731
3896,143865.285003
3897,159995.160301
3898,158217.32544
3899,156142.980185
3900,167518.356369
3901,13286.388506
3902,13286.388506
3903,15238.6052074
3904,58056.6635239
3905,77001.8840361
3906,77067.8727374
3907,77531.1279583
3908,77658.5178676
3909,86720.8457932
3910,62449.645774
3911,53479.4448375
3912,50091.7828768
3913,47408.8456308
3914,51663.7554376
3915,52142.6467988
3916,62925.9998164
3917,214840.626252
3918,132056.78746
3919,86951.8129036
3920,104116.918771
3921,113216.328144
3922,173000.962501
3923,263953.089711
3924,294071.762622
3925,323866.229258
3926,333643.622818
3927,675184.939713
3928,698106.257044
3929,806040.155811
3930,660995.633816
3931,492036.795095
3932,522103.645271
3933,444369.411602
3934,289287.525862
3935,246134.739165
3936,180628.142399
3937,263265.713673
3938,207521.321862
3939,208396.783094
3940,221096.815236
3941,207508.028951
3942,218589.337626
3943,353830.525515
3944,574798.629236
3945,598522.768879
3946,863732.662868
3947,1140884.3191
3948,1128091.84143
3949,1140483.21367
3950,1105690.33849
3951,841574.009418
3952,1306256.61517
3953,2212090.8298
3954,2075529.5866
3955,2026220.24314
3956,2376770.60233
3957,2196318.11059
3958,1602931.74593
3959,1953465.99918
3960,1743609.01257
3961,1169489.90261
3962,2148713.04154
3963,2005865.16551
3964,1239782.20856
3965,1211053.15711
3966,1058270.29495
3967,1041505.11908
3968,1365087.84296
3969,1917913.46239
3970,1218767.19093
3971,1009449.00167
3972,1005201.85749
3973,706102.319208
3974,689096.734083
3975,648584.686209
3976,382148.641895
3977,275417.99381
3978,309900.589079
3979,266163.590495
3980,274462.278966
3981,331930.410544
3982,357002.507465
3983,312129.399752
3984,320730.296711
3985,272376.551444
3986,279607.87771
3987,196924.562836
3988,149201.963679
3989,170067.262755
3990,178908.493496
3991,128749.279646
3992,153821.546565
3993,115780.746105
3994,136775.892187
3995,132255.217978
3996,145890.336382
3997,146032.382012
3998,161620.909806
3999,159840.722764
4000,156142.980185
4001,13286.388506
4002,14479.2936616
4003,37259.2060108
4004,74757.7283549
4005,86052.9197757
4006,79195.3566477
4007,79632.2294328
4008,79882.1809075
4009,78389.1439898
4010,67654.2242517
4011,53011.6801206
4012,51077.38434
4013,51146.2470435
4014,51497.834742
4015,51498.2463975
4016,65543.5379381
4017,90119.7127003
4018,82999.1904922
4019,120711.724325
4020,139053.867792
4021,139774.89102
4022,151273.76992
4023,205600.100844
4024,236722.015009
4025,236722.015009
4026,236722.015009
4027,841048.608043
4028,762179.191045
4029,833672.274605
4030,761590.822582
4031,539230.727537
4032,586625.325386
4033,554322.606057
4034,163891.857227
4035,182082.596103
4036,215163.946671
4037,288073.770126
4038,550472.54551
4039,232876.850247
4040,263469.600198
4041,278774.929308
4042,378539.381752
4043,402516.868238
4044,630267.594618
4045,496159.961346
4046,496159.961346
4047,775526.11166
4048,1033240.97991
4049,1156623.82977
4050,1119579.10367
4051,705809.194312
4052,1136161.01105
4053,1945083.48975
4054,1766271.05384
4055,1878022.23049
4056,1877542.74702
4057,1703979.48046
4058,1767960.76754
4059,2285039.18996
4060,2311535.8085
4061,1615284.22018
4062,1797475.68113
4063,1821880.02399
4064,1266887.79672
4065,560407.971865
4066,367928.702313
4067,688230.612261
4068,2622018.96793
4069,2485115.05336
4070,675832.897228
4071,506415.547344
4072,571834.264978
4073,603476.650637
4074,499303.234816
4075,353569.466105
4076,230604.102037
4077,245137.727532
4078,288702.597174
4079,266163.590495
4080,280729.862626
4081,364884.534771
4082,381066.953093
4083,305271.434313
4084,301685.604813
4085,278453.489708
4086,188270.925407
4087,118134.441221
4088,129121.548661
4089,148678.571592
4090,160807.691726
4091,169381.460627
4092,179613.484601
4093,132175.071237
4094,136412.381502
4095,139515.733038
4096,150932.408848
4097,146032.382012
4098,146032.382012
4099,160820.487115
4100,162816.811728
4101,13286.388506
4102,17507.4165826
4103,67988.426456
4104,80264.6830316
4105,84328.7167394
4106,80650.8171289
4107,77075.4174616
4108,80319.1453476
4109,77651.1595273
4110,86166.2578404
4111,61709.7961553
4112,53051.5165318
4113,53241.8641235
4114,51498.2463975
4115,62103.2950197
4116,95341.2880129
4117,91296.5151878
4118,108746.663284
4119,175134.656296
4120,137926.716917
4121,132221.925906
4122,129916.152763
4123,170203.531489
4124,240426.364851
4125,236722.015009
4126,318471.540191
4127,892717.395171
4128,1299922.69517
4129,759349.572798
4130,707072.663553
4131,532309.178402
4132,518079.133156
4133,575013.659678
4134,172792.456157
4135,181155.912054
4136,314048.784799
4137,255173.662548
4138,242704.024502
4139,321653.648569
4140,387903.209615
4141,408966.457314
4142,395193.843802
4143,627821.873272
4144,1051597.86575
4145,1101424.55533
4146,1154974.59802
4147,1365983.45929
4148,1289375.96406
4149,1385382.65471
4150,1266448.18993
4151,1127913.04465
4152,1217051.77124
4153,1835249.47578
4154,2772286.85284
4155,3183522.11104
4156,3420526.69183
4157,2810811.57093
4158,2044107.09678
4159,2234321.67847
4160,3039666.23036
4161,2896249.34436
4162,1332586.76536
4163,1327094.17752
4164,985986.351218
4165,603038.597677
4166,409827.868128
4167,441676.075613
4168,2415950.24382
4169,2055969.80455
4170,376183.836018
4171,320435.456761
4172,332036.12116
4173,297049.549174
4174,302805.231697
4175,292724.242983
4176,265683.58784
4177,362385.23444
4178,342558.709377
4179,269893.056167
4180,388193.871023
4181,386926.648228
4182,386801.409079
4183,350397.681179
4184,315907.711418
4185,199272.8696
4186,106822.487376
4187,107802.712461
4188,111582.185267
4189,139446.270655
4190,167850.047286
4191,150075.943412
4192,141210.328333
4193,140786.319587
4194,134496.011127
4195,135987.835841
4196,141854.515086
4197,143928.527585
4198,146717.498097
4199,146696.606518
4200,157437.171904
4201,12858.3553365
4202,43663.4251142
4203,78362.2862029
4204,81185.6580284
4205,82931.3852604
4206,84114.6044853
4207,76773.0295832
4208,78601.3242908
4209,77799.0213351
4210,82265.0861013
4211,97852.6242323
4212,83270.7421541
4213,66556.4911876
4214,66569.0315535
4215,93434.6083539
4216,80090.3845836
4217,80090.3845836
4218,177287.731363
4219,266119.250523
4220,167151.347885
4221,140366.039698
4222,138845.441873
4223,130284.729637
4224,204729.79452
4225,466430.252712
4226,943276.391827
4227,927940.582912
4228,980509.578552
4229,866385.699101
4230,678886.545445
4231,264636.893243
4232,237100.406317
4233,288506.606588
4234,184496.077883
4235,200356.40052
4236,408068.526301
4237,261009.451309
4238,301600.154593
4239,428730.555804
4240,437464.867673
4241,404060.981361
4242,351419.664102
4243,769132.646545
4244,1057510.03675
4245,1275874.70303
4246,1301922.18646
4247,1375611.03547
4248,1493621.53033
4249,1600664.84307
4250,1385045.48813
4251,1248658.12812
4252,1143786.75056
4253,1300211.05992
4254,2956861.30252
4255,3165116.72365
4256,4296339.83799
4257,3742237.80245
4258,2132312.18999
4259,2270376.84824
4260,2825201.38173
4261,2683128.16776
4262,1270788.83946
4263,1774753.67022
4264,1918087.63587
4265,720629.384786
4266,883026.759443
4267,809316.447102
4268,826537.755847
4269,615044.25453
4270,266890.138424
4271,267923.663151
4272,232506.226132
4273,139485.963888
4274,86236.8426128
4275,195980.870548
4276,528636.203228
4277,535291.05234
4278,565253.455009
4279,647947.016836
4280,679649.497856
4281,588115.548996
4282,353159.968303
4283,269780.17837
4284,262478.867405
4285,156130.138162
4286,84382.2321396
4287,84382.2321396
4288,98596.3470345
4289,102888.101318
4290,144996.775678
4291,137938.165324
4292,160225.925312
4293,148334.778866
4294,123524.644593
4295,134386.133526
4296,138745.335222
4297,130041.201491
4298,133862.725821
4299,133826.09984
4300,126470.649695
4301,9813.35987946
4302,44955.9868314
4303,80824.6115427
4304,77149.2049456
4305,85566.4637566
4306,81438.6048804
4307,76073.6131279
4308,76123.7610486
4309,82286.9443913
4310,98749.8525543
4311,94484.5704026
4312,94557.1155958
4313,94557.1155958
4314,98792.211045
4315,80090.3845836
4316,80090.3845836
4317,80090.3845836
4318,127077.54815
4319,221274.35472
4320,275553.470521
4321,199214.996762
4322,173702.538471
4323,174997.299075
4324,313630.801262
4325,1034341.72801
4326,1005823.82197
4327,429676.706001
4328,526341.193754
4329,766445.407046
4330,493777.562345
4331,229943.899822
4332,257528.716492
4333,205557.215788
4334,194499.820755
4335,241835.206342
4336,251315.862194
4337,256779.370975
4338,246735.842288
4339,366183.925644
4340,402887.380747
4341,1069428.36875
4342,1414321.95087
4343,1474273.24242
4344,1666154.28959
4345,1428484.90489
4346,1439585.90812
4347,1385240.33132
4348,1513619.87797
4349,2404059.92701
4350,1864658.07482
4351,1327875.1562
4352,1288869.45431
4353,1440856.44025
4354,2640534.18023
4355,3222305.3508
4356,3191629.17152
4357,2709026.94422
4358,2858018.87104
4359,3625785.01776
4360,2091006.74342
4361,1435414.12298
4362,3487905.90747
4363,3260144.63416
4364,3063224.14163
4365,1043796.98936
4366,1855235.28637
4367,1384088.66225
4368,708909.592733
4369,672812.344437
4370,538881.537086
4371,233845.244205
4372,258552.004269
4373,75169.2551243
4374,40081.3490108
4375,85830.4935813
4376,491463.334026
4377,546172.740993
4378,647600.565983
4379,887495.513985
4380,755492.525721
4381,488587.125231
4382,323380.265024
4383,217833.990431
4384,200073.098083
4385,136357.421782
4386,98779.1298339
4387,98229.7129896
4388,98236.4230803
4389,100319.02524
4390,124877.531254
4391,139819.537409
4392,149461.807895
4393,144557.186439
4394,141327.945044
4395,137130.474784
4396,130040.567158
4397,130041.201491
4398,130041.201491
4399,132663.334862
4400,87711.0796642
4401,7747.2848964
4402,16338.4101011
4403,67020.2340031
4404,77149.2049456
4405,77149.2049456
4406,78972.692133
4407,81177.8027251
4408,82718.6996401
4409,94979.3033433
4410,93654.9531627
4411,94500.6109729
4412,94373.9577398
4413,94373.9577398
4414,100053.226729
4415,80090.3845836
4416,80090.3845836
4417,80090.3845836
4418,115058.564105
4419,191275.619006
4420,297322.749555
4421,287701.841964
4422,203247.818762
4423,249981.001456
4424,285093.265745
4425,606983.1569
4426,416252.167038
4427,222214.359898
4428,338749.450228
4429,427235.958118
4430,276981.322153
4431,222833.044068
4432,264844.244946
4433,149604.759573
4434,172433.328
4435,202646.889804
4436,257707.14232
4437,216475.248088
4438,165438.767579
4439,204767.960877
4440,346254.341523
4441,455509.831083
4442,1686355.36768
4443,1475737.45363
4444,2377909.39305
4445,2435118.31805
4446,2474027.13715
4447,2298334.47515
4448,1475377.4743
4449,2035237.29814
4450,2205758.57776
4451,1546296.8245
4452,2246031.73637
4453,2367549.23012
4454,2335503.97579
4455,3411043.26471
4456,5306228.93722
4457,5750876.76723
4458,3981023.75637
4459,7203579.02263
4460,4772965.75944
4461,3498813.13032
4462,4867890.9944
4463,2170043.70302
4464,1645124.21036
4465,849836.340179
4466,736455.650305
4467,665448.488382
4468,806744.414532
4469,494942.860735
4470,477504.59153
4471,311550.129379
4472,322771.240993
4473,50307.2559828
4474,23012.9171925
4475,53802.6803828
4476,340215.24536
4477,472653.495834
4478,811027.050903
4479,907848.118493
4480,691134.52861
4481,426913.156352
4482,340857.776012
4483,233048.246875
4484,122784.16216
4485,102673.700035
4486,95009.8637105
4487,97619.8283048
4488,98634.5546525
4489,99245.3470896
4490,118276.876889
4491,143289.985296
4492,132149.957666
4493,124920.952947
4494,119032.304295
4495,159525.132892
4496,150609.344505
4497,130041.201491
4498,132937.021646
4499,113660.132491
4500,64049.4478045
4501,8781.34637806
4502,7747.2848964
4503,45368.3271749
4504,77149.2049456
4505,77149.2049456
4506,76142.8218277
4507,68488.6559239
4508,87489.6852256
4509,94848.9050307
4510,94870.7086897
4511,94557.1155958
4512,94496.0629864
4513,94557.1155958
4514,96394.1271036
4515,88211.7391001
4516,86392.4014593
4517,80090.3845836
4518,80090.3845836
4519,133293.663324
4520,242893.424054
4521,315835.537915
4522,261703.829114
4523,253142.838426
4524,275552.315495
4525,283166.957829
4526,359631.694521
4527,270973.662828
4528,326144.959045
4529,410148.088288
4530,303609.62809
4531,227387.135169
4532,233094.712535
4533,195738.201817
4534,200971.387034
4535,221935.534231
4536,239392.360461
4537,216275.150261
4538,170677.744365
4539,222717.114089
4540,353121.910642
4541,352295.121749
4542,1068882.45105
4543,1206410.1993
4544,2203948.16592
4545,2797430.99557
4546,2609329.87697
4547,2966112.58589
4548,3838619.7582
4549,2790098.48364
4550,2458104.60289
4551,2319232.58285
4552,2442799.88453
4553,3849056.82782
4554,4278086.80158
4555,4092865.47901
4556,4158263.20489
4557,3382617.24956
4558,3785902.38346
4559,4741707.15689
4560,3820359.2391
4561,3445065.57222
4562,2256722.74289
4563,466657.033759
4564,574943.422377
4565,484168.036312
4566,542606.529366
4567,424514.756103
4568,619803.953297
4569,703421.821946
4570,322789.305408
4571,318217.306925
4572,270685.944929
4573,24683.3700469
4574,12869.7677907
4575,12825.613948
4576,93451.2308259
4577,264918.459435
4578,507366.344353
4579,601845.807696
4580,331518.562504
4581,337612.462827
4582,377500.389647
4583,204658.492055
4584,88510.8688911
4585,88510.8688911
4586,88510.8688911
4587,88510.8688911
4588,91638.3274256
4589,100944.580117
4590,134494.625223
4591,141497.12304
4592,141293.616098
4593,120930.713003
4594,129995.424676
4595,110944.792035
4596,112102.70641
4597,121631.665357
4598,133747.013809
4599,74138.9323001
4600,56194.2266836
4601,10536.3171224
4602,7747.2848964
4603,19671.6272001
4604,81842.0914075
4605,85567.6064
4606,79580.2715902
4607,70949.1782731
4608,76366.633103
4609,63323.6646297
4610,87539.320622
4611,95493.8058848
4612,94557.1155958
4613,86126.693552
4614,65033.2113528
4615,71376.2728583
4616,88134.1931459
4617,80090.3845836
4618,80090.3845836
4619,80090.3845836
4620,172996.980863
4621,355690.148283
4622,313696.402699
4623,268980.088907
4624,260029.673198
4625,269448.923067
4626,292327.579584
4627,399377.237906
4628,533078.294949
4629,504802.93194
4630,184223.398462
4631,184428.463635
4632,192090.301395
4633,194305.330816
4634,193772.632628
4635,226299.660015
4636,224027.775576
4637,267725.92778
4638,359266.354716
4639,309293.680593
4640,321894.644231
4641,470574.040157
4642,1168204.88801
4643,1266638.46767
4644,1521678.79007
4645,1925272.0245
4646,1781720.74863
4647,3199468.86828
4648,4232037.57943
4649,2351469.94636
4650,2956337.40646
4651,2907909.99648
4652,3232721.48706
4653,4947554.64394
4654,5497796.71417
4655,5279925.87445
4656,4244592.73839
4657,2604349.74345
4658,3022215.75713
4659,3974711.65832
4660,3960572.33011
4661,3388770.02355
4662,3172793.84511
4663,425662.405093
4664,835930.841856
4665,436211.084776
4666,554637.684774
4667,502522.493961
4668,479357.721504
4669,938700.174653
4670,394390.40246
4671,238862.582817
4672,151395.894594
4673,65477.3569869
4674,31456.3910699
4675,9374.57143861
4676,25358.5483552
4677,225419.764337
4678,697986.914108
4679,985809.908401
4680,252922.886704
4681,344355.808947
4682,412104.173117
4683,184108.804286
4684,88510.8688911
4685,88510.8688911
4686,88510.8688911
4687,88510.8688911
4688,92350.5754217
4689,123282.445677
4690,162471.519026
4691,143326.913824
4692,145187.982222
4693,134007.07353
4694,125026.978571
4695,67757.9737484
4696,64897.2580745
4697,64897.2580745
4698,70836.9300468
4699,57947.7195568
4700,56181.3166308
4701,12539.7665555
4702,10672.736099
4703,18035.9515634
4704,60097.7160647
4705,69602.438787
4706,82194.7059808
4707,99225.1213274
4708,93677.2696424
4709,81471.4825053
4710,96817.1123862
4711,95490.9201899
4712,85040.507978
4713,66957.429553
4714,62501.0725865
4715,58679.9902763
4716,71911.86827
4717,87841.2048918
4718,80090.3845836
4719,80090.3845836
4720,216844.048979
4721,351738.143597
4722,351738.143597
4723,358690.508745
4724,271298.399129
4725,368985.219159
4726,727607.99128
4727,667780.343197
4728,591912.212236
4729,463642.024824
4730,209860.851944
4731,154195.630519
4732,194742.619401
4733,232175.164616
4734,214695.610867
4735,238097.480749
4736,222283.376058
4737,274933.502089
4738,396412.585321
4739,335967.937113
4740,343264.547662
4741,538487.334693
4742,835542.646175
4743,993170.005152
4744,1022246.84362
4745,1740743.04031
4746,2013276.83279
4747,2447820.39254
4748,2063523.11125
4749,2337939.43522
4750,2850076.23616
4751,2683708.71226
4752,2600124.05635
4753,3715654.00775
4754,5533607.77184
4755,6631008.14714
4756,4590211.55232
4757,4448818.71703
4758,4783094.98006
4759,4678084.84372
4760,4528472.83692
4761,5675269.92692
4762,5014968.08146
4763,880835.248039
4764,708467.278675
4765,1225212.40903
4766,672801.576838
4767,801019.216148
4768,646316.773691
4769,569019.084993
4770,501255.377772
4771,267325.494864
4772,214557.482252
4773,63392.2663826
4774,63092.1260338
4775,29049.7883501
4776,472694.631074
4777,1199358.39703
4778,1051399.83881
4779,827647.124439
4780,365446.446051
4781,451060.06971
4782,489335.517652
4783,374582.617493
4784,180914.362607
4785,88510.8688911
4786,88510.8688911
4787,100145.166022
4788,127122.49664
4789,182345.579958
4790,164571.030783
4791,159570.707334
4792,155116.213778
4793,143366.431105
4794,67553.3614332
4795,38819.264127
4796,38819.264127
4797,38815.7925053
4798,50236.3095989
4799,58324.2739878
4800,56193.6099906
4801,12201.8320901
4802,10365.3129332
4803,15297.8194978
4804,18732.507314
4805,25252.6010048
4806,40278.7058864
4807,85734.8331075
4808,111256.881144
4809,107145.500448
4810,92698.8201547
4811,54625.2049689
4812,77672.0021067
4813,71034.7754244
4814,62501.0725865
4815,58679.9902763
4816,58679.9902763
4817,71652.249484
4818,141749.448083
4819,221592.55927
4820,308648.0862
4821,349300.545096
4822,364341.034075
4823,277898.418205
4824,251691.653432
4825,393743.373589
4826,1709861.47379
4827,903798.695347
4828,654413.502171
4829,626501.770085
4830,524709.401346
4831,162088.158014
4832,185125.528127
4833,233377.397126
4834,225559.084158
4835,242580.717745
4836,255425.008653
4837,265684.309618
4838,286979.74194
4839,307774.335221
4840,463930.25524
4841,597553.295942
4842,785881.183772
4843,1002747.61592
4844,1131267.05856
4845,1786732.60133
4846,2170554.02918
4847,2444630.51424
4848,2459658.20703
4849,2956457.90715
4850,2639823.29999
4851,2384765.75671
4852,2344848.85619
4853,3953809.5416
4854,5217606.62162
4855,7888806.72525
4856,7509500.58851
4857,6635145.86302
4858,3930064.33166
4859,3678517.45577
4860,4263583.55969
4861,5096609.00002
4862,3216840.53928
4863,1900786.19142
4864,1051352.40458
4865,1618430.33254
4866,915606.548209
4867,1052690.41698
4868,905048.908302
4869,1129223.93998
4870,1121426.66625
4871,855076.505295
4872,441281.092566
4873,535464.039369
4874,2871637.63049
4875,246190.002447
4876,422969.451892
4877,1140601.24194
4878,751841.151447
4879,571644.570372
4880,622827.249393
4881,527226.682577
4882,475793.432541
4883,475793.432541
4884,496217.49166
4885,223722.80334
4886,119197.772539
4887,130390.32222
4888,242616.080466
4889,879718.528607
4890,1283383.26034
4891,538051.178328
4892,153045.054129
4893,83117.7320878
4894,58215.6900331
4895,38819.264127
4896,38819.264127
4897,38818.2941384
4898,38817.4071722
4899,59704.8897221
4900,56319.4674788
4901,10365.3129332
4902,14487.9666423
4903,16412.0248899
4904,13575.7107735
4905,11710.7324263
4906,10217.6306747
4907,25729.8734347
4908,74079.9892924
4909,96742.5031973
4910,67508.2922058
4911,55507.5275834
4912,66177.4323423
4913,66354.0175521
4914,64209.8043473
4915,60952.756918
4916,63975.6300015
4917,70368.7395499
4918,215108.50736
4919,285157.408177
4920,277060.192223
4921,291957.775678
4922,303806.86799
4923,249559.517329
4924,224042.126644
4925,264000.271039
4926,1724829.72404
4927,1593810.62877
4928,646539.941967
4929,701338.141075
4930,676108.584641
4931,284254.03917
4932,213289.354504
4933,272576.955166
4934,260633.67967
4935,241784.960783
4936,233409.373108
4937,233813.977845
4938,241904.143494
4939,540472.215483
4940,803330.466049
4941,813651.375589
4942,1018877.07453
4943,1308003.88069
4944,1038973.97722
4945,1315936.47332
4946,1602659.64771
4947,1777674.84526
4948,4427655.15606
4949,2878679.41392
4950,1789773.64826
4951,1740566.80698
4952,2782073.03224
4953,3836722.95252
4954,4539391.32464
4955,6426578.97164
4956,7276067.71946
4957,5262472.19854
4958,4678738.14231
4959,5307275.64454
4960,4357962.78968
4961,6379238.41367
4962,4592868.40711
4963,2887935.42159
4964,2502716.06058
4965,1869658.17347
4966,728371.524954
4967,3640974.10198
4968,4681097.56415
4969,2882332.00025
4970,1647592.76123
4971,2328564.41251
4972,3087364.2674
4973,2145775.77861
4974,327297.116513
4975,98422.1701069
4976,126865.335679
4977,954001.683599
4978,608350.222921
4979,565410.004675
4980,493809.28623
4981,340419.109448
4982,226669.421517
4983,267000.203457
4984,284462.291882
4985,197439.649979
4986,149680.916568
4987,143742.380432
4988,581427.050058
4989,1130765.64696
4990,1044938.66518
4991,1852455.81703
4992,448881.56342
4993,25517.894614
4994,45901.682042
4995,44854.622699
4996,38819.264127
4997,38819.264127
4998,39724.5741355
4999,131973.270979
5000,111103.509604
5001,23940.8703129
5002,31080.4974642
5003,20551.1854778
5004,14210.3467508
5005,11737.9841627
5006,12203.98146
5007,10427.2669172
5008,12444.4276546
5009,32029.7499676
5010,41112.6524597
5011,42332.7405401
5012,61641.9902811
5013,68971.3344331
5014,63323.6646297
5015,54743.7425755
5016,66122.3692973
5017,84940.7876225
5018,207106.558387
5019,221025.135241
5020,271082.420276
5021,249458.45216
5022,241583.791108
5023,233725.087758
5024,224042.126644
5025,374594.826177
5026,1360606.15324
5027,1572985.98179
5028,402152.062622
5029,389946.02902
5030,665048.141681
5031,540748.426678
5032,275015.591795
5033,269205.296015
5034,266284.563385
5035,242019.371854
5036,202819.440599
5037,202819.440599
5038,296640.359542
5039,772597.097029
5040,820823.945894
5041,945706.832512
5042,737142.065042
5043,810689.709392
5044,729330.438165
5045,1055658.5469
5046,2905406.81361
5047,3494901.41242
5048,3047392.98769
5049,2128469.23651
5050,1288389.8562
5051,1590471.76234
5052,2460721.45069
5053,3599695.26561
5054,2690139.69963
5055,4242753.48977
5056,4683499.87966
5057,2867518.36615
5058,3512163.27733
5059,10374676.4241
5060,4487140.58829
5061,8791242.657
5062,4582154.17688
5063,4470767.7013
5064,2880833.86673
5065,1501213.86763
5066,627358.596632
5067,2132764.11417
5068,4654946.82858
5069,3181757.48368
5070,2890381.73176
5071,2340104.84295
5072,3836244.29358
5073,3369854.74459
5074,661290.234589
5075,103233.355123
5076,94915.6171913
5077,341387.83436
5078,448235.401404
5079,428276.675925
5080,483195.861222
5081,352544.13143
5082,222851.109703
5083,156327.430229
5084,160149.449922
5085,165493.011854
5086,130014.271874
5087,123994.682932
5088,350733.453461
5089,1353094.6458
5090,1090602.114
5091,914204.669097
5092,25517.894614
5093,25517.894614
5094,43329.4563739
5095,46997.9979552
5096,38819.264127
5097,44964.0042827
5098,103686.60011
5099,271415.170793
5100,248803.63505
5101,79631.052997
5102,56255.8168423
5103,24736.5918075
5104,16248.7338012
5105,15752.3924737
5106,11737.9841627
5107,12797.1512925
5108,12839.6587781
5109,12021.2610409
5110,18168.0070693
5111,72299.7876474
5112,64935.8159738
5113,68429.4173372
5114,69915.6189833
5115,65077.0926859
5116,99424.9939785
5117,199158.056124
5118,219229.016755
5119,207106.558387
5120,212340.729838
5121,229166.156465
5122,244565.947611
5123,256402.998718
5124,351124.650711
5125,432473.658085
5126,462679.280312
5127,522033.469486
5128,475066.473166
5129,285249.614539
5130,488237.394417
5131,374072.229649
5132,269205.296015
5133,269205.296015
5134,265639.597043
5135,243842.458348
5136,219983.659579
5137,202819.440599
5138,152894.485592
5139,260644.129852
5140,651613.520258
5141,890085.128511
5142,997676.799982
5143,2009861.95324
5144,1441296.89852
5145,2005446.7515
5146,3016271.22065
5147,3756181.02479
5148,4069718.50142
5149,2806772.81485
5150,2365089.48348
5151,3676153.12699
5152,3112476.46154
5153,2401505.94994
5154,4271527.58698
5155,5053436.19343
5156,5916547.18506
5157,4524806.47775
5158,5287635.75897
5159,8098472.93168
5160,4936360.83696
5161,11970095.704
5162,6927655.11319
5163,6337206.80836
5164,3071678.2056
5165,904807.422518
5166,746647.882742
5167,770429.767294
5168,2996713.91177
5169,2925063.43874
5170,3008755.95054
5171,2394387.82289
5172,2650273.18879
5173,1857104.64899
5174,951127.483067
5175,450969.437141
5176,91715.7310366
5177,240432.882654
5178,330591.449836
5179,444156.172254
5180,530885.599869
5181,493400.302891
5182,187473.355835
5183,134414.487421
5184,130281.629828
5185,89519.9126367
5186,75141.7746178
5187,93115.2538439
5188,144442.374257
5189,213658.199698
5190,201380.223302
5191,160265.024796
5192,25517.894614
5193,25517.894614
5194,50977.7226987
5195,85601.9871842
5196,102302.327141
5197,135452.453505
5198,235311.862349
5199,277719.903443
5200,307562.632121
5201,68315.9796344
5202,65209.4823736
5203,18021.2665326
5204,12674.3014617
5205,16222.8053294
5206,11445.7925063
5207,11676.873834
5208,12513.8535835
5209,10640.9625152
5210,9159.92593265
5211,67652.2625343
5212,47336.9759116
5213,92010.6579788
5214,136715.114226
5215,169227.128327
5216,276626.103056
5217,264062.637608
5218,276636.562394
5219,309883.685141
5220,308713.537088
5221,238816.475632
5222,231529.085261
5223,290508.913889
5224,361262.219894
5225,431041.151766
5226,452346.434582
5227,331032.261435
5228,393799.601336
5229,402903.858892
5230,442951.921637
5231,327103.963049
5232,266792.98626
5233,265838.411204
5234,336480.019824
5235,358329.644071
5236,237801.483942
5237,154953.443812
5238,2606.66150694
5239,0
5240,541194.46748
5241,839227.843322
5242,742596.444711
5243,1139216.48584
5244,1924102.22948
5245,2101571.92314
5246,2342572.19493
5247,2671679.32436
5248,4059805.10735
5249,3173234.25926
5250,2178294.15318
5251,3312622.04841
5252,4060481.45297
5253,2088627.62168
5254,4016497.16272
5255,6132866.10351
5256,7061335.94434
5257,4202568.85352
5258,7958439.00489
5259,9696479.75324
5260,4524930.99328
5261,5916681.98747
5262,7616294.34708
5263,6368915.87921
5264,2830401.56798
5265,779705.727944
5266,1302064.51249
5267,3533923.63257
5268,3515126.35516
5269,3585285.20801
5270,3125171.96186
5271,2563418.18579
5272,1859690.65054
5273,1837254.00275
5274,923406.784828
5275,722813.27141
5276,406735.659428
5277,963580.779406
5278,547133.27849
5279,593758.654932
5280,632327.724707
5281,472997.053915
5282,260718.174143
5283,138153.074276
5284,53996.2650148
5285,54308.3156866
5286,62781.3210151
5287,62573.6347544
5288,83397.4925253
5289,167266.991
5290,210908.459138
5291,210069.735847
5292,117389.420624
5293,55942.2364099
5294,74974.8983282
5295,124010.923733
5296,136125.211891
5297,207496.748978
5298,261851.745514
5299,273985.652061
5300,281527.409616
5301,65835.9014284
5302,73456.9257107
5303,23673.2285573
5304,11737.9841627
5305,11737.9841627
5306,11577.5722576
5307,11737.9841627
5308,11597.6366044
5309,10817.3411036
5310,10531.4889051
5311,27998.8659738
5312,36750.6044683
5313,38578.3080074
5314,197011.501762
5315,258717.271005
5316,274016.567807
5317,276584.916189
5318,304604.211025
5319,362702.654337
5320,388888.012896
5321,288875.239942
5322,243040.927542
5323,298798.094706
5324,293689.554293
5325,336393.395528
5326,286040.013305
5327,281519.860692
5328,267140.248477
5329,237466.435677
5330,246615.212358
5331,151532.801609
5332,205630.784635
5333,268891.217446
5334,404047.708888
5335,396922.953523
5336,224915.995447
5337,326237.453414
5338,5008.61235132
5339,0
5340,203993.846529
5341,723654.242988
5342,831191.75561
5343,1030634.31293
5344,1996327.40285
5345,1800104.22493
5346,1627082.90214
5347,1927631.6122
5348,3451325.83594
5349,4332453.03352
5350,2287198.3862
5351,2346547.28518
5352,2596949.12204
5353,2313822.09501
5354,2479216.71295
5355,1729596.58139
5356,2238626.50669
5357,1047340.92147
5358,4237760.67982
5359,4731485.94183
5360,4677940.37383
5361,5414820.6968
5362,2724875.17243
5363,2845237.67343
5364,1067526.63424
5365,466443.474581
5366,1390122.45909
5367,4594313.44828
5368,3472046.6267
5369,2311899.03198
5370,2551484.06078
5371,1998376.13892
5372,2434323.9198
5373,791349.675148
5374,684381.310354
5375,1009948.50401
5376,950765.461766
5377,628759.082134
5378,1049784.07803
5379,813299.921754
5380,726274.21051
5381,731122.630306
5382,422742.883879
5383,100253.228939
5384,75216.1978383
5385,68751.9828218
5386,62703.7086086
5387,62781.3210151
5388,72249.8209267
5389,171036.318256
5390,192506.398379
5391,192506.398379
5392,192506.398379
5393,164073.991203
5394,132092.191716
5395,125794.801358
5396,133791.140496
5397,146408.300043
5398,275023.9378
5399,268602.519058
5400,297191.145519
5401,69731.5101177
5402,67943.9667802
5403,25297.5966848
5404,11737.9841627
5405,11737.9841627
5406,11737.9841627
5407,11224.2702844
5408,11174.6118963
5409,9734.63245776
5410,12729.5643518
5411,40036.7230817
5412,41606.2811556
5413,39898.8155624
5414,46686.7651438
5415,231648.997423
5416,235659.215303
5417,280129.792968
5418,359128.703008
5419,369340.549089
5420,319188.067788
5421,264866.946826
5422,299482.603149
5423,314165.645359
5424,289253.501289
5425,301499.536074
5426,291585.467434
5427,259082.962191
5428,252456.603983
5429,143897.545614
5430,94504.1138811
5431,66263.101248
5432,68763.1631963
5433,141349.958714
5434,178025.455221
5435,181314.186991
5436,186867.756371
5437,720459.464528
5438,92849.6245093
5439,32342.5542817
5440,241239.627361
5441,713127.886392
5442,958515.260164
5443,409769.667134
5444,1547304.8914
5445,1948510.80021
5446,1672039.36156
5447,1500658.25778
5448,1830898.12973
5449,2886993.85957
5450,2643141.86189
5451,2161832.48895
5452,2780979.59539
5453,2904340.09497
5454,1789755.38055
5455,1387655.74591
5456,1424161.25003
5457,1956940.98079
5458,4781860.59242
5459,2989481.68275
5460,4091901.73608
5461,4672604.49682
5462,2963372.84427
5463,1677792.14107
5464,902815.458107
5465,544721.390249
5466,1735332.61818
5467,4989533.77141
5468,3421291.64369
5469,2242067.10515
5470,2005885.53386
5471,1478239.26954
5472,1200891.30056
5473,355118.709455
5474,425985.668083
5475,915221.788718
5476,679535.212648
5477,364833.058348
5478,604303.440145
5479,711071.107262
5480,755301.05673
5481,655685.958141
5482,391654.581935
5483,116529.940775
5484,76086.4462805
5485,75698.4328727
5486,69525.3915497
5487,74409.5878057
5488,78324.2506217
5489,164518.125668
5490,192506.398379
5491,192506.398379
5492,199447.655846
5493,179724.158443
5494,143251.284746
5495,125794.801358
5496,125794.801358
5497,138009.24624
5498,258214.587333
5499,268602.519058
5500,295619.465457
5501,67943.9667802
5502,67943.9667802
5503,33249.0578794
5504,15575.3795989
5505,11737.9841627
5506,11737.9841627
5507,11737.9841627
5508,10693.4738336
5509,17686.4266538
5510,35671.3131447
5511,40871.7877715
5512,39857.6616024
5513,39842.3472282
5514,39898.8106223
5515,54923.0376351
5516,116758.047903
5517,203339.067601
5518,254326.712907
5519,221552.54819
5520,187965.104209
5521,259358.43039
5522,275411.114744
5523,262051.837369
5524,298055.46757
5525,425134.608552
5526,524346.316843
5527,354606.28241
5528,214163.931621
5529,72369.6625752
5530,66521.1073735
5531,66521.1073735
5532,66521.1073735
5533,134737.467954
5534,152798.988427
5535,152796.418431
5536,152676.1848
5537,116533.724076
5538,131984.877061
5539,184187.96847
5540,248071.296866
5541,431083.236326
5542,293812.066927
5543,1342776.47275
5544,2118722.37279
5545,1985240.42989
5546,2272964.67512
5547,2057756.13633
5548,1474983.24466
5549,1102644.94309
5550,1138648.01975
5551,1604562.27585
5552,1896811.76445
5553,2006773.02713
5554,1999218.14133
5555,1856214.06233
5556,1845513.64452
5557,1683264.23239
5558,1801998.41887
5559,3409547.82963
5560,3278345.31021
5561,3173630.26974
5562,3544807.53223
5563,1871552.83559
5564,1036256.53914
5565,1079474.5648
5566,3748442.19935
5567,6370920.8526
5568,4231293.33387
5569,2594618.62078
5570,2733542.7031
5571,2001974.29478
5572,1416538.99713
5573,525978.729805
5574,483272.28919
5575,498262.346087
5576,500347.840401
5577,464810.483658
5578,632940.723488
5579,648582.814054
5580,653131.007479
5581,349460.801425
5582,201586.588666
5583,211222.324666
5584,109739.509807
5585,92093.0630718
5586,82928.8221168
5587,88725.6591207
5588,91399.0061575
5589,168018.771557
5590,222057.317374
5591,200820.067841
5592,200386.738326
5593,179496.612797
5594,145890.963988
5595,127119.949619
5596,125794.801358
5597,136933.858947
5598,295202.333689
5599,334499.093813
5600,329112.418641
5601,67943.9667802
5602,67943.9667802
5603,34760.1219325
5604,23536.8181179
5605,11740.1564765
5606,11739.4554601
5607,17250.1986957
5608,23984.449184
5609,36631.2282876
5610,39919.4963197
5611,67594.7134256
5612,50099.0328815
5613,39609.3241665
5614,39463.9147012
5615,43067.678524
5616,52526.9241073
5617,52459.6173334
5618,55041.2273982
5619,54826.9224463
5620,50469.958581
5621,98533.6022241
5622,213960.717573
5623,175452.023847
5624,197538.249537
5625,523149.547249
5626,514583.061321
5627,345471.724122
5628,147667.277822
5629,66521.0960848
5630,66521.1073735
5631,66521.1073735
5632,66521.1073735
5633,134738.046026
5634,152798.988427
5635,152795.271837
5636,397833.305219
5637,447812.00853
5638,132719.715346
5639,268196.581157
5640,281103.903673
5641,147225.385347
5642,241676.4775
5643,2032731.23399
5644,2282602.99035
5645,1885959.35148
5646,2607065.487
5647,2185820.16171
5648,628490.896851
5649,485278.528315
5650,1190548.26472
5651,1764287.58443
5652,2519625.01119
5653,2700063.14613
5654,2121131.35386
5655,1952256.32429
5656,2220893.6361
5657,1656525.2315
5658,4091693.97519
5659,3984371.9997
5660,2721456.17988
5661,3207751.56897
5662,3271005.36537
5663,691274.14415
5664,727174.579246
5665,1200006.58018
5666,1517779.12902
5667,3552859.16359
5668,3098876.59155
5669,2940832.01442
5670,3380308.07309
5671,2232816.37095
5672,1690357.72216
5673,622442.861734
5674,560839.131494
5675,481726.305393
5676,496301.024559
5677,485743.215575
5678,476524.224532
5679,670495.988075
5680,407102.671556
5681,203057.645099
5682,201090.75826
5683,199829.091957
5684,230020.26078
5685,229793.105856
5686,225783.7626
5687,212442.597877
5688,213014.92922
5689,225597.277453
5690,214209.293816
5691,192506.398379
5692,211604.0971
5693,240447.503878
5694,225492.192372
5695,212666.584551
5696,191307.828257
5697,294925.975775
5698,398018.995867
5699,390092.813683
5700,441919.241207
5701,79915.8046741
5702,107606.057947
5703,31361.3373498
5704,11740.8518394
5705,14036.7499214
5706,28088.8527046
5707,35987.9799125
5708,36943.5472257
5709,36943.4743037
5710,44122.1347538
5711,84391.8733267
5712,81908.3743892
5713,55499.4728091
5714,47491.9912207
5715,43429.8409421
5716,50454.0532298
5717,49650.8966568
5718,50414.789361
5719,51401.2144928
5720,57025.2650735
5721,53248.594501
5722,89115.9980525
5723,142589.523875
5724,113640.094729
5725,393175.077563
5726,202478.081601
5727,79588.3064437
5728,74368.9372959
5729,66520.7788947
5730,66520.8625071
5731,66521.1073735
5732,62760.3506129
5733,101821.296052
5734,156474.484166
5735,156217.295328
5736,325647.603593
5737,426978.80375
5738,64852.5034977
5739,244246.317561
5740,292206.270686
5741,51060.1240406
5742,138214.607751
5743,1970645.34589
5744,2557113.50926
5745,2511347.51261
5746,1738455.85648
5747,915678.157015
5748,567419.315217
5749,589917.271124
5750,1825861.06293
5751,2425390.44556
5752,3805955.02854
5753,3348361.60806
5754,3466414.81834
5755,2199252.19718
5756,2328222.89225
5757,3964894.48295
5758,6518020.11249
5759,3168209.52542
5760,3002485.63911
5761,3124351.36784
5762,2771548.75735
5763,1009919.89806
5764,1290649.61291
5765,4096322.25505
5766,3880920.61995
5767,3232022.22976
5768,2569725.86192
5769,3365354.90672
5770,3200503.85368
5771,2135229.93004
5772,3348414.21782
5773,2992906.12044
5774,1034327.83137
5775,644639.447145
5776,579623.366179
5777,521401.864527
5778,703807.906425
5779,741570.916025
5780,546590.552596
5781,280383.008945
5782,203057.645099
5783,246392.40532
5784,223292.184789
5785,211540.07192
5786,216480.222077
5787,218289.733254
5788,219466.907947
5789,178202.3252
5790,105272.786952
5791,101579.043588
5792,100492.732259
5793,249387.638778
5794,289737.34553
5795,221636.530601
5796,221636.530601
5797,275284.509657
5798,382607.380501
5799,392338.656592
5800,422462.977291
5801,194453.694023
5802,183222.844316
5803,81465.0293036
5804,38055.0934342
5805,37568.3483025
5806,42136.1276496
5807,36739.8479317
5808,36033.486837
5809,38738.8488399
5810,64176.0447006
5811,72180.2423377
5812,84872.5075111
5813,78704.2420716
5814,62216.1728306
5815,58703.6032152
5816,74315.0086665
5817,65311.1689758
5818,49965.0894511
5819,48022.0481169
5820,56227.3760471
5821,56250.2714193
5822,59963.404736
5823,83391.7584053
5824,79148.4352583
5825,131579.492449
5826,73278.2428653
5827,78153.9296341
5828,78390.7981863
5829,70639.2823346
5830,71195.814312
5831,50115.2817106
5832,33491.5577763
5833,28132.7253218
5834,65114.1059345
5835,169634.084619
5836,149940.534613
5837,42667.6678681
5838,32972.981102
5839,54231.1371052
5840,111893.518541
5841,92697.7199116
5842,89719.3419142
5843,978414.788552
5844,2035206.10226
5845,2117288.73419
5846,1244795.98719
5847,979917.992142
5848,602727.67671
5849,710325.929327
5850,1972128.25112
5851,2486121.85658
5852,2477290.14405
5853,3136881.46051
5854,5209779.27314
5855,3933271.11556
5856,4779668.88935
5857,7392425.60502
5858,4331643.92047
5859,3639410.51895
5860,3640966.43296
5861,3967807.07841
5862,4033822.81704
5863,1907003.12426
5864,1258228.5772
5865,2673667.99037
5866,3738350.0379
5867,3672490.81125
5868,3491943.55036
5869,2826367.32901
5870,2608298.0007
5871,2317496.34348
5872,3034960.47455
5873,2740515.0971
5874,870581.897386
5875,799079.421272
5876,918037.381792
5877,1120920.65494
5878,1045492.03804
5879,634683.456667
5880,571929.558725
5881,359430.750504
5882,207903.725977
5883,221131.364881
5884,207976.731898
5885,215037.975731
5886,200263.469512
5887,182182.642424
5888,180820.110706
5889,74169.7410342
5890,68518.1249422
5891,69615.3779816
5892,69302.9391607
5893,125226.199705
5894,198437.621023
5895,221636.530601
5896,221636.530601
5897,221636.530601
5898,267234.218474
5899,423965.409571
5900,288186.976109
5901,218834.435215
5902,132816.807539
5903,118129.496811
5904,120829.151664
5905,56866.2406571
5906,46496.5410823
5907,36408.987837
5908,36943.693861
5909,53824.8950307
5910,72223.9196658
5911,72223.9196658
5912,97114.2537536
5913,78097.1518559
5914,61355.9581578
5915,69498.1809309
5916,87417.2028897
5917,84158.9952478
5918,74859.8938377
5919,58917.0018382
5920,65191.1158595
5921,38098.5124311
5922,34227.4986337
5923,34482.4142241
5924,34482.4142241
5925,56757.1567848
5926,67249.5635724
5927,73394.4077864
5928,82503.9316764
5929,65598.1965709
5930,40680.4563074
5931,28132.7253218
5932,28132.7253218
5933,29026.9540278
5934,43505.1845937
5935,65430.8394958
5936,132688.036322
5937,81881.7801679
5938,43473.4426136
5939,64632.4638724
5940,190529.234852
5941,131983.822128
5942,179303.535304
5943,414580.844506
5944,524944.946704
5945,1528328.20226
5946,1442024.69455
5947,1236942.41073
5948,1185386.55657
5949,1917472.20972
5950,2599271.53067
5951,3454469.73228
5952,3161873.60303
5953,3149364.54928
5954,5375157.92058
5955,5081654.40661
5956,4095952.85271
5957,6160774.22519
5958,4512606.94331
5959,5526403.21361
5960,3485077.83895
5961,2259809.71999
5962,3490298.71508
5963,4657392.18628
5964,4895782.32545
5965,5669739.56739
5966,3987011.58587
5967,5381669.85884
5968,4728676.29676
5969,3411972.22607
5970,2933570.03828
5971,2655767.77511
5972,1522656.33813
5973,956429.308586
5974,855400.566711
5975,929078.220207
5976,842011.391687
5977,1154870.8463
5978,1104923.35332
5979,436729.821591
5980,377190.001304
5981,336867.789245
5982,269661.622063
5983,178995.635821
5984,153650.694197
5985,184768.581603
5986,165966.636317
5987,166018.803297
5988,156742.658306
5989,66580.5990731
5990,62279.7002177
5991,52265.8989472
5992,134832.345788
5993,78975.7080177
5994,212990.826067
5995,263257.473572
5996,250860.567921
5997,247852.367335
5998,327471.328381
5999,363968.435479
6000,352444.187657
6001,221952.178006
6002,202873.801019
6003,191302.699733
6004,108142.115522
6005,61989.2627151
6006,61905.8254856
6007,44853.216952
6008,39649.7269889
6009,71758.5819756
6010,72230.929594
6011,87544.9233352
6012,98928.4292872
6013,72642.5327101
6014,62480.5735917
6015,63111.0373871
6016,82698.3049357
6017,68432.6591309
6018,63426.9204899
6019,51585.667791
6020,55756.3188642
6021,24499.5592865
6022,25064.612534
6023,28151.5028582
6024,30022.3236278
6025,31895.0024838
6026,40546.3536189
6027,44388.1888502
6028,56028.5387145
6029,32992.1878395
6030,28127.7893596
6031,28132.5306125
6032,28132.7253218
6033,33368.68185
6034,48679.6480649
6035,67722.7973413
6036,112790.391575
6037,172244.180623
6038,179500.157466
6039,210815.298284
6040,225719.703029
6041,174642.746668
6042,216645.517923
6043,421454.494418
6044,839480.027983
6045,1283640.07823
6046,1219899.67721
6047,1249018.02932
6048,1378778.51058
6049,2627170.83322
6050,3392428.99706
6051,3307950.08481
6052,2188001.40124
6053,2347540.04693
6054,1784430.48688
6055,1323669.67701
6056,1802702.92557
6057,2248099.63253
6058,7481967.00638
6059,4650934.62863
6060,3048629.73834
6061,1880370.589
6062,2556008.89463
6063,4719002.00149
6064,8181728.79303
6065,6212568.53153
6066,4872997.13959
6067,5229143.63882
6068,4821332.58393
6069,4104998.88751
6070,2907309.19473
6071,1909451.71332
6072,2759116.21532
6073,2515033.93214
6074,1255952.90176
6075,1059753.85403
6076,929426.895027
6077,1549530.63424
6078,1312239.47706
6079,357641.948099
6080,354412.258876
6081,364086.767725
6082,307343.284904
6083,217617.933152
6084,202335.403267
6085,167157.505568
6086,181387.888422
6087,166035.444127
6088,122047.375093
6089,44597.0711403
6090,45245.6659963
6091,59578.1318478
6092,113552.495753
6093,166367.234732
6094,225794.126761
6095,292030.416117
6096,323108.665188
6097,340985.872232
6098,398335.878489
6099,363968.435479
6100,363968.435479
6101,221934.814094
6102,206479.006963
6103,198510.748133
6104,81334.96626
6105,78447.1430058
6106,80409.9428158
6107,76909.0194868
6108,76976.3216989
6109,86208.7435614
6110,88410.7697122
6111,91823.9568074
6112,103943.118712
6113,76825.7423931
6114,62010.9024212
6115,63578.2957728
6116,77829.9360216
6117,65968.6129621
6118,109318.759687
6119,158298.646112
6120,78270.5704131
6121,46999.8449254
6122,28970.9791259
6123,24499.6119171
6124,24499.6119171
6125,24499.6119171
6126,34041.4232545
6127,37221.6388905
6128,41148.2919631
6129,35798.8010285
6130,28141.3001225
6131,28129.4062541
6132,28130.0517321
6133,33807.787642
6134,62837.4257479
6135,100581.905247
6136,106629.730148
6137,180692.46382
6138,214445.904748
6139,211032.059463
6140,213903.983985
6141,205785.247231
6142,173038.761071
6143,538782.678398
6144,1245530.24984
6145,1242155.34892
6146,1397736.13765
6147,1197078.75615
6148,2737686.7448
6149,2894966.41084
6150,2205195.64542
6151,3322101.32725
6152,1857705.62097
6153,1385244.09126
6154,798171.124583
6155,958110.835025
6156,1804285.37701
6157,2227828.28139
6158,4121850.00501
6159,2580714.90081
6160,1919194.4644
6161,1816249.52268
6162,3313114.84202
6163,2643723.97409
6164,5251982.60579
6165,6096225.23129
6166,3744171.30864
6167,2880260.78362
6168,3480849.41006
6169,6668184.14811
6170,2582113.82636
6171,1847681.19494
6172,771234.13255
6173,834704.637274
6174,1192882.49147
6175,1436654.55689
6176,1645158.6478
6177,1859526.86166
6178,1561489.50145
6179,486778.002201
6180,319812.821367
6181,234733.886978
6182,205402.484121
6183,203145.901709
6184,254225.850625
6185,267794.075271
6186,251768.173406
6187,251127.010074
6188,164348.412232
6189,21258.7505352
6190,14725.016839
6191,24345.034996
6192,90931.3107748
6193,273218.135022
6194,343841.893326
6195,333216.118239
6196,311472.943369
6197,311472.943369
6198,383292.965407
6199,363968.435479
6200,404339.729885
6201,223595.036114
6202,171648.632062
6203,115307.831086
6204,67557.3648076
6205,88548.1343789
6206,96182.6866679
6207,96182.6866679
6208,98101.6167517
6209,93640.1397447
6210,96441.3431592
6211,90455.5614328
6212,104095.470091
6213,69387.9562414
6214,60668.2479963
6215,67764.0823447
6216,119846.661947
6217,338105.29287
6218,478065.257336
6219,431941.059302
6220,119141.813399
6221,112690.802438
6222,93086.9092081
6223,27753.1291306
6224,24499.6119171
6225,27599.7772539
6226,35326.1325383
6227,35595.7936277
6228,39637.9089515
6229,38003.6000421
6230,37294.2938664
6231,30694.9065313
6232,28129.2883379
6233,39944.0879302
6234,87333.3203697
6235,95520.7530136
6236,96896.2992344
6237,102827.003144
6238,200443.091581
6239,211032.059463
6240,211032.059463
6241,207620.412788
6242,173125.587022
6243,353202.720737
6244,817757.868401
6245,1765641.97445
6246,1962843.86118
6247,1965514.54553
6248,2477434.45472
6249,2421113.5906
6250,2308804.08109
6251,2722074.58826
6252,2341576.74754
6253,1485114.42169
6254,778731.765661
6255,713322.198477
6256,830211.045481
6257,1356582.52132
6258,1760196.15021
6259,1803077.17612
6260,5637748.81426
6261,3405828.80406
6262,2312733.56632
6263,2212355.01576
6264,4263187.37534
6265,3679684.56066
6266,2398211.07656
6267,2732626.49043
6268,4516114.87853
6269,4401857.10781
6270,2823049.58447
6271,2175419.07557
6272,1725289.64285
6273,1204238.02993
6274,2834227.86847
6275,1817879.42471
6276,1701926.23286
6277,1819871.7586
6278,1456154.87984
6279,1290851.95208
6280,237267.736278
6281,204947.518062
6282,215382.333915
6283,218981.172695
6284,277313.481652
6285,269162.294343
6286,252035.136798
6287,240497.226723
6288,193719.898185
6289,62500.6805539
6290,31005.510196
6291,36307.3457874
6292,253489.087532
6293,445255.299992
6294,394330.453062
6295,399431.279107
6296,505831.647958
6297,614307.632578
6298,573492.858649
6299,276119.170217
6300,355142.37465
6301,118831.837748
6302,105579.62579
6303,66293.3796999
6304,66015.6273289
6305,74550.2766407
6306,96782.1676273
6307,96182.6866679
6308,96182.6866679
6309,103097.403992
6310,105509.911744
6311,98512.7972557
6312,99714.5845058
6313,67004.4494004
6314,53535.3767629
6315,85893.6754239
6316,178100.608588
6317,452494.418465
6318,490003.299301
6319,439976.893529
6320,112690.802438
6321,112690.802438
6322,112690.802438
6323,51646.1166363
6324,35415.4462616
6325,49070.1853735
6326,44773.2129059
6327,39513.7166779
6328,46633.105619
6329,38303.5890558
6330,40401.2169404
6331,36902.9280653
6332,31182.4159212
6333,70906.559067
6334,89356.3152962
6335,89051.1929317
6336,89506.2870779
6337,89506.2870779
6338,135293.995127
6339,163797.405533
6340,166872.054144
6341,181862.411392
6342,193750.550999
6343,305053.040529
6344,748680.348209
6345,3735294.20868
6346,1940384.78822
6347,2005477.80488
6348,1717864.38914
6349,1484792.83302
6350,2012083.10812
6351,2403768.99902
6352,2916239.12431
6353,1779757.49048
6354,891277.165902
6355,864115.842355
6356,685883.008628
6357,777204.063944
6358,2867322.83923
6359,2224675.34078
6360,2871928.16064
6361,2338718.15699
6362,1641421.22722
6363,1452842.5811
6364,2340075.04645
6365,1488385.48423
6366,1089860.29613
6367,1558335.64657
6368,3112500.83983
6369,2525873.96872
6370,2939309.83009
6371,3556316.81467
6372,3128433.38701
6373,1320925.22762
6374,3271501.70632
6375,3211796.33054
6376,1627872.29674
6377,1360588.98498
6378,932106.604488
6379,729895.05949
6380,326810.496368
6381,240646.054844
6382,221032.950941
6383,245193.51969
6384,271227.377456
6385,269858.091987
6386,269858.091987
6387,270340.910994
6388,218697.360257
6389,102931.385146
6390,86652.4264705
6391,84100.4379187
6392,380396.782558
6393,444793.916199
6394,484481.682946
6395,877234.000347
6396,955744.822868
6397,955749.863197
6398,575818.150911
6399,171019.138417
6400,217614.346
6401,23843.4025488
6402,62358.4070821
6403,66087.7508872
6404,66006.7737422
6405,65202.6179843
6406,89213.8148699
6407,95373.0094128
6408,102716.003986
6409,106788.814457
6410,99608.9218315
6411,97588.9225098
6412,85198.7124083
6413,68406.6717741
6414,76251.0347631
6415,142335.207092
6416,164295.828963
6417,297142.084427
6418,447505.665815
6419,297465.266829
6420,139111.706016
6421,123192.50439
6422,111238.606599
6423,88730.9385173
6424,86454.0334675
6425,95985.4694966
6426,88399.1119414
6427,60034.2336437
6428,50324.8059111
6429,55518.8126183
6430,41397.3822296
6431,46964.114202
6432,61788.1953387
6433,237428.545249
6434,139872.511249
6435,97574.4118795
6436,89544.1207085
6437,105413.040974
6438,140434.780473
6439,122553.775174
6440,147039.320918
6441,171793.029881
6442,178878.256314
6443,188821.124714
6444,941326.673676
6445,2266505.73991
6446,2210675.80012
6447,2040784.65707
6448,1820356.07676
6449,1464811.81572
6450,1787684.63307
6451,2209494.68326
6452,2355172.41081
6453,1912724.5135
6454,798703.919443
6455,621017.43351
6456,1269544.31213
6457,2088810.58406
6458,2093638.76271
6459,2181719.5928
6460,3643495.92219
6461,2336268.47086
6462,1598824.75698
6463,1223416.34012
6464,1525191.83472
6465,817530.619877
6466,449538.608581
6467,793304.161147
6468,1900861.14574
6469,1937107.74686
6470,1861525.58411
6471,2289285.39355
6472,1494410.6875
6473,1327140.1504
6474,1954961.39934
6475,1692576.80457
6476,1285426.71295
6477,553404.931263
6478,604798.431421
6479,548033.486868
6480,276449.521342
6481,240622.032655
6482,231432.221604
6483,302974.139835
6484,301050.013446
6485,321966.033443
6486,286558.850938
6487,272327.653022
6488,189467.104713
6489,99894.5470879
6490,90560.7110946
6491,84101.2913508
6492,382815.893633
6493,444793.916199
6494,454112.812088
6495,846967.648853
6496,953948.001884
6497,854012.418024
6498,185339.204446
6499,137292.408768
6500,136724.291728
6501,13543.4011734
6502,41484.4715428
6503,66006.7737422
6504,66006.7737422
6505,66006.7737422
6506,69941.2903256
6507,93067.8899565
6508,96182.6866679
6509,107455.050827
6510,88056.0201834
6511,67738.8981576
6512,76539.3094158
6513,69685.2781053
6514,108327.574859
6515,168491.857922
6516,168792.705402
6517,105217.653641
6518,169522.52006
6519,134063.218499
6520,134063.218499
6521,138859.39756
6522,96089.0157703
6523,92161.6719928
6524,92477.0147267
6525,91812.1867456
6526,90690.6362386
6527,147069.736849
6528,162080.368055
6529,65879.6759927
6530,49917.2640295
6531,53960.4535687
6532,144880.352729
6533,339760.207048
6534,230751.866479
6535,184221.225676
6536,162960.282964
6537,217380.47008
6538,187414.503593
6539,210815.418691
6540,232536.683999
6541,184271.219174
6542,181930.548069
6543,176735.53994
6544,240131.157519
6545,1269123.22592
6546,1771492.07989
6547,2038415.81274
6548,1479623.788
6549,1226075.42423
6550,1505966.48817
6551,1292282.12896
6552,1370677.86758
6553,1176429.39471
6554,439950.083992
6555,386470.348457
6556,1033628.4016
6557,2249060.48638
6558,1800417.80546
6559,1278976.06232
6560,2847615.20967
6561,1830120.61971
6562,1569788.84781
6563,1143118.92018
6564,1803144.28579
6565,2690853.72201
6566,1505213.46922
6567,1301743.54762
6568,1688771.82961
6569,1756032.22366
6570,1586855.12096
6571,1640376.62215
6572,1246323.45296
6573,1486223.60098
6574,2631558.40521
6575,1519644.98564
6576,1058529.5664
6577,1013143.02032
6578,1424329.62425
6579,1055228.30847
6580,287294.065276
6581,181316.913467
6582,186380.267498
6583,288174.580415
6584,298509.947808
6585,416945.959014
6586,438252.782074
6587,315023.956038
6588,142725.800845
6589,104152.333781
6590,110898.830108
6591,164899.544738
6592,422896.508348
6593,455914.555052
6594,445775.112192
6595,602085.666691
6596,538067.223021
6597,377903.816926
6598,207658.724673
6599,142633.117331
6600,122664.278054
6601,13543.4011734
6602,26947.8208873
6603,68124.9106677
6604,69789.6854353
6605,66006.7737422
6606,66027.4600244
6607,78150.3955874
6608,96393.1521392
6609,86085.3897471
6610,65488.4993825
6611,44821.4337876
6612,66542.0837265
6613,64200.1996872
6614,101593.52239
6615,135925.240307
6616,60053.807435
6617,37128.8427281
6618,134063.218499
6619,134063.218499
6620,134063.218499
6621,116709.89805
6622,94266.0918817
6623,88798.8877418
6624,88614.1868344
6625,88614.1868344
6626,88614.1868344
6627,164640.210205
6628,189237.277489
6629,96370.0181704
6630,49543.4134088
6631,55028.7524445
6632,133738.75808
6633,189641.731388
6634,394992.211314
6635,292231.615855
6636,183192.812188
6637,233208.222573
6638,242536.028643
6639,242517.548539
6640,248595.912412
6641,181917.769272
6642,181907.371162
6643,176845.996857
6644,211402.426034
6645,1232886.44048
6646,1505157.15986
6647,1990345.92448
6648,596877.856716
6649,545158.496773
6650,909831.942042
6651,842997.970987
6652,1234876.22747
6653,1152175.96065
6654,591654.676105
6655,420814.888946
6656,1175932.8516
6657,1748709.49076
6658,1613108.15648
6659,1227867.56534
6660,745380.324271
6661,736717.625275
6662,2045120.28388
6663,1766456.82915
6664,1875680.77132
6665,2125693.21918
6666,1118218.79037
6667,1473072.97451
6668,1322855.30732
6669,1075630.48065
6670,1526682.29965
6671,2512598.45788
6672,2544771.78315
6673,2507845.2663
6674,3652949.25644
6675,2708840.80549
6676,881108.798729
6677,725915.733644
6678,709744.163008
6679,923819.479265
6680,370575.073917
6681,153818.835266
6682,152075.093601
6683,245964.673757
6684,278854.752084
6685,331590.874659
6686,416495.352885
6687,348046.29617
6688,140289.078595
6689,112656.789103
6690,159315.433897
6691,324641.84458
6692,344432.526037
6693,399046.836788
6694,614999.019684
6695,760975.680332
6696,405936.712774
6697,297901.028408
6698,298477.540005
6699,157565.004929
6700,101812.011759
6701,13543.4011734
6702,48040.5190935
6703,69545.0439606
6704,74526.9743631
6705,71097.8314719
6706,254990.030572
6707,252065.930256
6708,143676.231479
6709,83248.4012506
6710,86010.9573039
6711,63667.4093623
6712,65024.6378713
6713,58122.6648546
6714,48992.5578399
6715,45733.1999717
6716,40564.8101094
6717,60318.5291082
6718,115916.716325
6719,140918.661115
6720,147176.06706
6721,111348.032641
6722,87313.4620579
6723,113192.452336
6724,112558.195212
6725,98509.0547167
6726,196363.748479
6727,220479.502442
6728,197752.666544
6729,132747.133387
6730,53095.8860018
6731,59899.3687
6732,144087.32724
6733,169995.820992
6734,190588.327774
6735,187410.385181
6736,195917.324374
6737,220091.397017
6738,262601.28873
6739,247049.55041
6740,210642.703122
6741,182214.537676
6742,191294.972805
6743,178003.145973
6744,291681.034883
6745,1026574.56404
6746,1167546.49813
6747,1619477.81808
6748,572742.310013
6749,824122.488645
6750,1236406.55546
6751,1423212.861
6752,1557584.67737
6753,1889361.27408
6754,1180765.59393
6755,691138.539341
6756,1455034.70108
6757,1799238.4757
6758,1706634.39171
6759,1417826.99805
6760,1047856.6529
6761,1200103.24886
6762,2322498.96246
6763,1785271.83109
6764,1731499.67434
6765,780913.157942
6766,449430.303783
6767,580350.453068
6768,922172.528658
6769,815070.126278
6770,1282314.92722
6771,1944763.92728
6772,3123135.81757
6773,2022702.57798
6774,1777301.16059
6775,1379689.58215
6776,723941.327436
6777,709744.163008
6778,709744.163008
6779,773899.525305
6780,550901.890238
6781,220103.344621
6782,156233.508584
6783,215776.155999
6784,279367.344605
6785,360083.717382
6786,369932.440814
6787,411276.866733
6788,185264.663825
6789,133555.307118
6790,212743.492132
6791,327282.660152
6792,327282.660152
6793,339386.327557
6794,820785.92104
6795,863448.383614
6796,627515.568127
6797,152454.414882
6798,152454.414882
6799,152454.414882
6800,113905.952305
6801,33421.1657193
6802,70210.9200075
6803,69347.2510576
6804,69347.2510576
6805,110343.181247
6806,285096.574762
6807,354182.562885
6808,145783.743517
6809,86418.0920739
6810,65722.5771158
6811,61306.040328
6812,65227.8920017
6813,55453.5440765
6814,58352.5887311
6815,61910.6757667
6816,69835.388952
6817,69899.3325233
6818,70328.6573236
6819,86594.307972
6820,79561.7527132
6821,70489.3466298
6822,84727.5261546
6823,153628.903599
6824,154061.198907
6825,170397.005841
6826,273962.706021
6827,281102.996529
6828,230268.424053
6829,90153.7647734
6830,64870.0147552
6831,65486.5955524
6832,149522.643903
6833,146015.943718
6834,153310.143323
6835,190696.879503
6836,192572.194619
6837,174787.018895
6838,202052.34207
6839,177220.529078
6840,159142.936922
6841,159107.657579
6842,174204.674657
6843,175730.177087
6844,230096.539231
6845,817631.34782
6846,856231.265429
6847,841136.472535
6848,889221.31889
6849,1517200.31718
6850,1549831.76155
6851,1849546.55521
6852,1517496.54464
6853,1853419.15565
6854,1004782.59706
6855,866483.695355
6856,1323434.51097
6857,1659840.20022
6858,1617047.4927
6859,932986.044392
6860,886937.599488
6861,1029799.45632
6862,1228250.54673
6863,1351027.6511
6864,1258655.93559
6865,788136.249816
6866,844545.260419
6867,951195.5009
6868,1037790.46268
6869,1081465.57176
6870,1433015.77276
6871,2051415.96367
6872,2067693.95307
6873,1972888.03797
6874,1927188.91252
6875,1619001.52827
6876,1270159.55123
6877,888547.578424
6878,859155.621267
6879,615073.730812
6880,517733.349232
6881,284591.960983
6882,192610.611713
6883,222620.119463
6884,282832.952818
6885,686862.181009
6886,327526.442333
6887,332056.011584
6888,252717.914571
6889,90017.2314012
6890,187191.876777
6891,327975.401405
6892,327282.660152
6893,385210.848402
6894,862763.023026
6895,863448.383614
6896,706022.35416
6897,187924.931561
6898,152454.414882
6899,152454.414882
6900,110347.366097
6901,64951.0934105
6902,69312.2794495
6903,69347.2510576
6904,125808.37731
6905,333525.795841
6906,383853.191965
6907,347261.986
6908,168116.396329
6909,116806.467409
6910,111642.068694
6911,101779.70498
6912,87227.460764
6913,137494.71363
6914,97591.6611899
6915,78922.2731847
6916,69899.3325233
6917,69899.3325233
6918,69899.3325233
6919,72642.1225071
6920,70980.3344781
6921,65322.6200342
6922,62527.6545697
6923,122637.236719
6924,163855.605744
6925,211708.126642
6926,440813.689137
6927,371446.807371
6928,303710.787555
6929,131291.035695
6930,68159.555059
6931,64875.504005
6932,151418.658766
6933,149625.09581
6934,146789.904651
6935,178838.698421
6936,186695.784855
6937,198497.708622
6938,190810.22873
6939,248682.793044
6940,204488.886065
6941,174893.16173
6942,187606.480632
6943,162726.514966
6944,764760.648163
6945,872637.910405
6946,787970.868506
6947,690071.379757
6948,690062.439257
6949,1013642.90752
6950,1412183.73179
6951,1793725.99519
6952,1695647.33038
6953,1349022.40179
6954,901899.788074
6955,996161.402641
6956,1305984.56611
6957,1036400.08078
6958,1461799.01342
6959,1100849.40707
6960,948035.656016
6961,1279366.45144
6962,1116702.10298
6963,1202023.7392
6964,786879.565617
6965,722403.805927
6966,992864.538429
6967,1067921.20713
6968,1268436.91451
6969,1343507.66582
6970,1261792.02794
6971,1472775.31305
6972,1557487.86574
6973,1281521.69211
6974,826968.735453
6975,1306347.88064
6976,1565505.57741
6977,1201772.76868
6978,961117.031403
6979,502437.029385
6980,541648.441998
6981,596827.922135
6982,217488.450715
6983,217488.450715
6984,264656.941503
6985,416374.423796
6986,397386.089358
6987,260521.432269
6988,124611.768404
6989,86297.0965188
6990,160723.547932
6991,252308.765047
6992,280727.733364
6993,290643.231762
6994,550591.13842
6995,519559.358076
6996,292778.824166
6997,254153.07411
6998,228575.107073
6999,189959.433754
7000,95291.4395161
7001,72166.0023563
7002,76806.7924471
7003,183601.248298
7004,367437.589655
7005,381952.081671
7006,397969.642185
7007,318954.409575
7008,138410.249165
7009,132862.352742
7010,121726.464907
7011,120593.180665
7012,115542.210646
7013,143999.351128
7014,154523.16281
7015,109673.976971
7016,95798.4182298
7017,86637.9885218
7018,87193.57996
7019,76688.0599643
7020,63450.6969047
7021,64696.570804
7022,62762.7927305
7023,215629.077983
7024,338764.778335
7025,560044.02755
7026,638192.79473
7027,613737.892659
7028,387175.736144
7029,384180.677902
7030,310172.949271
7031,135389.287363
7032,178050.447699
7033,189193.935849
7034,180426.298833
7035,202255.486347
7036,205799.355831
7037,215667.349336
7038,450494.573696
7039,656616.942385
7040,725483.344381
7041,769584.917284
7042,637147.871246
7043,608042.876232
7044,737750.978979
7045,885420.664539
7046,872403.848063
7047,670994.605818
7048,441055.932662
7049,438917.399992
7050,883518.079704
7051,1207214.46342
7052,1891077.085
7053,1086638.92663
7054,641062.197514
7055,1032411.55828
7056,1354043.09073
7057,826550.6509
7058,1157857.03005
7059,1197784.25275
7060,1092407.20305
7061,1377956.40134
7062,1373823.97416
7063,1769885.59661
7064,2150095.36533
7065,1639637.38459
7066,2044798.09533
7067,1437451.303
7068,1105251.8104
7069,1122139.90913
7070,778789.699925
7071,1166686.96277
7072,1274662.02797
7073,1041645.02098
7074,683769.94689
7075,887927.312798
7076,1102622.55545
7077,1134364.05436
7078,960542.294113
7079,502437.029385
7080,623478.190992
7081,840664.777979
7082,224378.010244
7083,217488.450715
7084,530986.031707
7085,904876.402748
7086,816341.615479
7087,260054.481503
7088,123545.48556
7089,233827.677393
7090,267359.704394
7091,251775.981815
7092,229635.814804
7093,221994.622971
7094,264506.391532
7095,246730.744888
7096,246730.744888
7097,246730.744888
7098,246730.744888
7099,248339.761911
7100,110010.775111
7101,70937.7354484
7102,227885.114604
7103,294446.133747
7104,381952.081671
7105,381952.081671
7106,397361.038857
7107,210525.432356
7108,134029.133431
7109,121080.561311
7110,121080.561311
7111,152663.842796
7112,136293.487157
7113,148827.841332
7114,157682.472334
7115,131170.630752
7116,113188.895379
7117,108206.379909
7118,105672.110441
7119,89485.4459202
7120,78764.4056833
7121,67800.038417
7122,94260.6703029
7123,323522.24636
7124,334766.151333
7125,533767.218158
7126,638192.79473
7127,639417.703807
7128,387175.736144
7129,369215.455338
7130,383780.63233
7131,394629.996284
7132,190538.007513
7133,177011.405766
7134,161557.51819
7135,152885.273438
7136,198843.202
7137,224050.106639
7138,688731.086051
7139,677321.471523
7140,738127.599501
7141,734038.011366
7142,731295.904564
7143,692727.34235
7144,616511.863266
7145,731398.717503
7146,598316.080153
7147,424829.60821
7148,238955.72413
7149,146742.63935
7150,151806.961472
7151,249146.224658
7152,680410.27774
7153,450880.184197
7154,790068.315376
7155,1313207.88924
7156,956751.259926
7157,757103.009837
7158,829289.640695
7159,976951.852675
7160,723235.292149
7161,701803.659149
7162,831075.665707
7163,2865374.54863
7164,3383314.00874
7165,1731041.39044
7166,1915749.67143
7167,1081403.47033
7168,560148.537894
7169,550222.684244
7170,487153.664419
7171,704682.928471
7172,875141.087502
7173,1023656.32528
7174,634832.710892
7175,762476.545765
7176,1005162.24905
7177,790997.835953
7178,441509.88959
7179,442807.579752
7180,624303.43818
7181,361009.432393
7182,244066.695352
7183,248254.074303
7184,334929.288229
7185,392352.23917
7186,452145.713234
7187,202104.926045
7188,196243.230438
7189,233950.369724
7190,273304.381057
7191,237581.372995
7192,229635.814804
7193,226177.262924
7194,275670.159581
7195,268403.195472
7196,246730.744888
7197,246730.744888
7198,246730.744888
7199,249424.117945
7200,144047.624463
7201,107088.958104
7202,271099.790705
7203,326182.523588
7204,382834.619634
7205,397546.120691
7206,359800.866554
7207,145357.191549
7208,128503.12106
7209,122613.902815
7210,140617.024585
7211,303842.958998
7212,178456.945202
7213,148905.802369
7214,157970.040707
7215,107894.030619
7216,152473.915415
7217,116861.789722
7218,104945.785126
7219,121848.244695
7220,123259.900183
7221,138103.854907
7222,183392.003557
7223,413354.192965
7224,450569.665722
7225,549859.882527
7226,665899.991869
7227,668585.38224
7228,468279.573095
7229,346071.808198
7230,310170.171887
7231,227571.328093
7232,137667.524819
7233,132050.731336
7234,135987.764605
7235,126558.883552
7236,263917.917642
7237,373165.285857
7238,516427.774716
7239,902747.94455
7240,1333237.10707
7241,948189.186695
7242,739359.552575
7243,736798.866961
7244,688182.501478
7245,391154.933882
7246,282971.842763
7247,242472.141945
7248,183830.314314
7249,262640.285407
7250,448199.323596
7251,196451.005609
7252,291718.104167
7253,615200.349476
7254,1169924.00977
7255,1449034.02737
7256,463239.584261
7257,700094.170766
7258,657841.063816
7259,589425.517826
7260,457797.31093
7261,311919.538094
7262,292610.774944
7263,1250716.68725
7264,1303632.74468
7265,555424.728282
7266,551835.878485
7267,572238.132701
7268,571729.902236
7269,677080.1541
7270,1049517.48018
7271,2071926.95274
7272,1513302.72039
7273,569847.895975
7274,368923.233701
7275,398487.381807
7276,339864.541204
7277,258721.756539
7278,306710.805485
7279,414443.588667
7280,358447.926644
7281,174063.285301
7282,217842.595662
7283,274711.386356
7284,915003.58093
7285,414085.653773
7286,301412.155347
7287,315809.771913
7288,242615.370539
7289,242615.370539
7290,290114.157983
7291,229635.814804
7292,229635.814804
7293,253960.971236
7294,304903.170096
7295,230851.329783
7296,232179.550182
7297,206070.895754
7298,218899.964173
7299,204485.780637
7300,167418.768784
7301,176096.101759
7302,253906.451743
7303,244483.324815
7304,244035.175544
7305,349152.803238
7306,496982.951558
7307,322435.457734
7308,147398.45086
7309,166942.583465
7310,240860.659823
7311,280812.451747
7312,214584.973754
7313,204421.585528
7314,162003.870737
7315,107894.030619
7316,178063.139084
7317,335567.761129
7318,316517.906512
7319,249843.469364
7320,173332.961252
7321,143298.137193
7322,143298.137193
7323,318341.319178
7324,469078.603907
7325,526191.75291
7326,583469.534979
7327,566661.023005
7328,431504.382067
7329,258121.586869
7330,162831.989613
7331,100843.889998
7332,113128.730143
7333,95556.964089
7334,121921.115145
7335,160957.080578
7336,343152.480871
7337,335113.021875
7338,431954.462331
7339,965225.884845
7340,943069.550802
7341,722800.888109
7342,867250.36249
7343,1020937.40039
7344,862934.528111
7345,352636.269556
7346,310746.917502
7347,212833.116304
7348,178852.11097
7349,326114.603973
7350,357470.707384
7351,189288.692738
7352,53598.6775174
7353,590515.213745
7354,899461.478626
7355,613876.659535
7356,407895.339254
7357,362301.805378
7358,709734.56452
7359,438553.844347
7360,365447.47073
7361,322887.280389
7362,271910.108268
7363,302650.195848
7364,488861.191075
7365,536011.893726
7366,848369.987885
7367,763500.355747
7368,604041.510872
7369,1091522.85938
7370,1201652.03057
7371,1766946.84216
7372,1906632.79381
7373,483717.898695
7374,267026.682879
7375,178683.829735
7376,238018.729453
7377,262383.073814
7378,316670.98059
7379,398026.179825
7380,253912.397362
7381,158859.079157
7382,210545.94157
7383,274580.723477
7384,589094.665542
7385,485903.719244
7386,248703.39579
7387,288482.899121
7388,375816.198937
7389,754729.29438
7390,994493.903389
7391,812826.228268
7392,588556.979399
7393,636518.601166
7394,442036.147373
7395,195251.843256
7396,204930.349503
7397,156932.037028
7398,183854.040658
7399,175621.576986
7400,176750.96292
7401,179390.535532
7402,250857.934892
7403,238078.712219
7404,235268.460344
7405,248343.186
7406,425945.330376
7407,367421.704782
7408,181096.962449
7409,175574.66196
7410,182351.978565
7411,321812.717641
7412,315944.344709
7413,339036.924322
7414,229653.982961
7415,164616.269704
7416,303119.491078
7417,354788.261402
7418,338840.491808
7419,201828.51278
7420,172866.084272
7421,187781.982775
7422,157228.775249
7423,322167.478023
7424,730639.250535
7425,596928.548534
7426,522730.052177
7427,284457.308275
7428,156405.928168
7429,84607.5376774
7430,69024.1473088
7431,69024.1473088
7432,98742.279309
7433,102435.040732
7434,118381.215292
7435,237557.932274
7436,335780.931879
7437,339784.590331
7438,339975.853521
7439,662737.053634
7440,719426.757645
7441,716455.909168
7442,980372.242233
7443,1127346.97112
7444,894647.799553
7445,501346.623402
7446,362673.029282
7447,325335.349848
7448,319171.649364
7449,378454.080061
7450,291940.796457
7451,152091.169926
7452,19242.0342684
7453,708705.125614
7454,1132634.96906
7455,560507.437373
7456,262327.692648
7457,302913.227355
7458,296734.540454
7459,320572.175891
7460,582127.506536
7461,501140.606938
7462,305471.764808
7463,276354.382246
7464,294390.222247
7465,748994.768209
7466,1100468.05363
7467,1173467.19572
7468,1588898.00732
7469,1285261.71149
7470,1140324.88532
7471,1610061.42947
7472,1653786.00519
7473,471619.598076
7474,335222.542187
7475,179960.86913
7476,184997.297552
7477,243915.283316
7478,289872.079629
7479,325985.799093
7480,282172.811476
7481,227240.682261
7482,246764.979838
7483,266412.320995
7484,262803.522769
7485,278382.127658
7486,272977.322565
7487,356153.14675
7488,462972.248287
7489,961403.211544
7490,1048943.49543
7491,1048943.49543
7492,935608.889977
7493,664876.597282
7494,442187.730928
7495,200130.583872
7496,192122.797941
7497,181540.850855
7498,186767.130257
7499,180970.781587
7500,170073.944908
7501,154831.761123
7502,215827.807704
7503,228736.635491
7504,228736.635491
7505,233201.813426
7506,244770.811611
7507,216754.342962
7508,175574.66196
7509,175574.66196
7510,191615.948689
7511,309185.505969
7512,295296.372003
7513,295347.432275
7514,198202.18136
7515,69737.1382256
7516,189024.111894
7517,359659.890139
7518,247145.125897
7519,151733.299049
7520,187255.419866
7521,239689.196442
7522,289181.166453
7523,1279968.31265
7524,1592668.91055
7525,808716.410995
7526,420211.076995
7527,110002.189371
7528,115171.070225
7529,90619.5131354
7530,69024.1473088
7531,74246.0314549
7532,87209.7757385
7533,52276.838847
7534,100330.320143
7535,271867.221725
7536,361086.502851
7537,367281.240071
7538,424684.469201
7539,647875.528817
7540,675464.58449
7541,639812.539776
7542,725808.211502
7543,973326.561928
7544,816649.414207
7545,608654.96184
7546,502784.280476
7547,362270.22519
7548,374666.945607
7549,399735.764176
7550,296619.581995
7551,667412.213516
7552,667280.358372
7553,903662.496555
7554,1173804.14899
7555,951686.450928
7556,618638.496967
7557,560055.166317
7558,327400.638333
7559,380828.834197
7560,487383.361279
7561,522219.291534
7562,373408.133028
7563,270577.093219
7564,257888.43076
7565,654044.709145
7566,1019803.47684
7567,1318050.11203
7568,1721935.54845
7569,1576087.15046
7570,1210791.79092
7571,1124656.45856
7572,815782.593437
7573,402273.276396
7574,402087.454853
7575,294542.198112
7576,256647.956692
7577,265175.856511
7578,280622.053604
7579,284670.390686
7580,316830.69467
7581,267021.089854
7582,289451.852836
7583,285179.724017
7584,272855.776874
7585,280947.777367
7586,284016.695564
7587,412185.196396
7588,458302.365335
7589,661436.911545
7590,1054274.83052
7591,1096334.83659
7592,898336.719296
7593,765058.367641
7594,406475.970807
7595,186525.643881
7596,181111.085906
7597,180175.093372
7598,184737.995537
7599,181218.587784
7600,243116.603593
7601,143767.733254
7602,236266.057006
7603,224143.68606
7604,213020.005481
7605,244328.161063
7606,308948.403646
7607,339112.543725
7608,270758.416483
7609,205846.094749
7610,234432.57897
7611,282451.992416
7612,295296.372003
7613,295347.432275
7614,203841.693967
7615,69737.1382256
7616,69737.1382256
7617,248009.047843
7618,194556.95288
7619,159272.772164
7620,200925.663855
7621,223217.299908
7622,490740.19082
7623,790356.425159
7624,832466.702539
7625,738942.622866
7626,540178.667014
7627,134867.852502
7628,137916.901752
7629,128234.790021
7630,142422.497438
7631,152849.19691
7632,153228.931498
7633,113114.654886
7634,243069.616005
7635,412258.057907
7636,442409.656142
7637,440638.140616
7638,593172.435214
7639,702550.009468
7640,686834.523329
7641,661058.146825
7642,547961.77067
7643,744815.290051
7644,877828.930275
7645,784800.261124
7646,985733.513726
7647,1078207.64183
7648,351917.27066
7649,310650.686149
7650,398926.783789
7651,996759.003868
7652,997582.04623
7653,949271.692039
7654,1285952.4185
7655,1015086.30495
7656,930176.389263
7657,944247.419254
7658,305558.218404
7659,219213.452924
7660,279342.678695
7661,454748.318991
7662,443632.156631
7663,367557.552349
7664,297264.411234
7665,535594.901824
7666,705814.942021
7667,1241786.66652
7668,1693967.07887
7669,1511176.94712
7670,1280147.21859
7671,998375.212482
7672,676253.056259
7673,596957.713711
7674,602188.923439
7675,536434.36376
7676,195638.311517
7677,192715.374916
7678,264554.829925
7679,256146.556015
7680,235693.274613
7681,275785.602107
7682,340781.186072
7683,316350.072665
7684,274785.040773
7685,261707.369263
7686,279712.801609
7687,436831.652979
7688,452715.807823
7689,426929.555017
7690,678830.333424
7691,770624.588089
7692,699744.354706
7693,438474.797047
7694,292251.032599
7695,205879.629645
7696,176942.46745
7697,183947.193577
7698,176947.223432
7699,246549.479737
7700,255999.620196
7701,71634.6316404
7702,198315.917472
7703,221741.875025
7704,273314.749891
7705,349913.879916
7706,319382.405791
7707,319382.405791
7708,349313.462024
7709,370839.90271
7710,279022.989283
7711,233035.252351
7712,259682.918166
7713,553996.249947
7714,651671.943791
7715,272414.781792
7716,75307.5396738
7717,162479.813412
7718,200244.731765
7719,210314.624774
7720,136002.320175
7721,352723.704556
7722,488548.120571
7723,602623.202936
7724,1010084.53408
7725,977715.851075
7726,241988.573026
7727,97056.6595409
7728,145347.067353
7729,230092.407261
7730,201908.229329
7731,236270.795837
7732,176527.484771
7733,149846.751012
7734,308349.093274
7735,458427.956558
7736,428874.31188
7737,430112.191475
7738,526384.217978
7739,685222.348202
7740,694860.503242
7741,539795.086885
7742,416813.849129
7743,434648.155224
7744,500164.765347
7745,485950.295518
7746,687568.773898
7747,604792.756502
7748,300705.492246
7749,275592.807223
7750,374176.396946
7751,396964.878809
7752,642491.284365
7753,569722.910599
7754,1050752.09991
7755,1171144.28117
7756,1094132.70115
7757,785163.757141
7758,180267.80363
7759,238999.469209
7760,231672.794183
7761,372756.219491
7762,415544.354755
7763,391529.215897
7764,367701.949513
7765,522541.610292
7766,733128.272831
7767,1491194.23924
7768,1617354.09246
7769,1454600.20471
7770,1302496.52387
7771,777247.472971
7772,642313.332737
7773,703796.378429
7774,640333.662395
7775,501616.985369
7776,104598.833295
7777,90095.2375069
7778,127981.640714
7779,192910.244582
7780,222621.478397
7781,304898.507423
7782,508285.431143
7783,537103.617867
7784,573541.711508
7785,572028.325529
7786,587359.94522
7787,572174.751545
7788,463595.396244
7789,511345.650599
7790,700745.240002
7791,697456.472076
7792,720118.518917
7793,411109.881771
7794,282540.08616
7795,247696.582049
7796,224036.624916
7797,185050.522215
7798,201268.752361
7799,253265.96985
7800,265662.998134
7801,192077.323015
7802,219913.869705
7803,210711.645498
7804,423411.061461
7805,349891.493996
7806,319382.405791
7807,329961.503727
7808,345779.766031
7809,366321.627342
7810,347936.648893
7811,244392.766506
7812,381824.275185
7813,552723.123916
7814,565670.362241
7815,635796.114475
7816,357778.978571
7817,274643.085359
7818,240501.80139
7819,204669.569096
7820,187773.839407
7821,117927.731077
7822,180513.188275
7823,164968.768258
7824,196067.140399
7825,131422.333093
7826,91060.6781303
7827,123747.470932
7828,139873.616981
7829,221763.026066
7830,238492.273636
7831,354057.364039
7832,384343.473751
7833,228871.781065
7834,423721.435227
7835,515334.312458
7836,474295.809917
7837,425251.326093
7838,491901.660731
7839,685553.077886
7840,688465.554737
7841,555118.373532
7842,423371.609005
7843,400150.162722
7844,239943.155218
7845,205082.755335
7846,449312.532948
7847,518857.897085
7848,251461.538312
7849,282729.756639
7850,365889.378553
7851,417716.606493
7852,900275.7878
7853,759793.619118
7854,883684.622269
7855,1046228.9382
7856,1185757.77013
7857,641843.289246
7858,277952.550626
7859,238520.334566
7860,200048.919938
7861,194396.977637
7862,196778.119828
7863,203008.365173
7864,378934.727456
7865,437930.61044
7866,545001.718202
7867,781737.990633
7868,1474565.08558
7869,1363621.22728
7870,1168783.60681
7871,614278.10665
7872,664249.468476
7873,640525.25645
7874,652800.135985
7875,412542.227449
7876,300581.27965
7877,208000.290866
7878,150382.372067
7879,180736.735168
7880,221152.424416
7881,368215.900179
7882,520065.978466
7883,508204.869166
7884,789427.526906
7885,1086776.12159
7886,768280.220383
7887,739485.89595
7888,709728.625572
7889,987105.440979
7890,766571.751194
7891,696474.880482
7892,691269.953156
7893,531181.770506
7894,277646.231409
7895,250387.731159
7896,239192.824306
7897,249737.617354
7898,275810.10887
7899,275069.987229
7900,284428.468163
7901,255620.476568
7902,242656.972832
7903,257927.948416
7904,380693.382105
7905,341348.382388
7906,319382.405791
7907,334732.590653
7908,342619.211073
7909,342619.211073
7910,355253.409627
7911,387430.291772
7912,398697.654814
7913,319070.398549
7914,379592.892356
7915,336834.843865
7916,295479.026775
7917,214140.166627
7918,197003.111749
7919,261792.735807
7920,265703.906839
7921,323769.103036
7922,426667.164652
7923,293281.05852
7924,189850.885785
7925,95101.0688762
7926,81832.2261052
7927,97383.850186
7928,93884.2584693
7929,171435.386925
7930,353362.28634
7931,546275.663796
7932,486809.433319
7933,561686.248896
7934,490750.411749
7935,469319.893656
7936,505256.096692
7937,458133.36475
7938,449406.743236
7939,476129.845684
7940,523336.859238
7941,421941.520765
7942,381607.176979
7943,379658.247695
7944,241276.509095
7945,241581.349996
7946,347458.420298
7947,351565.017552
7948,227865.010912
7949,361108.490866
7950,454469.559774
7951,565344.52993
7952,1153442.02942
7953,1014960.68692
7954,848018.447563
7955,835096.51387
7956,620426.864681
7957,362090.262245
7958,272129.463335
7959,226988.530075
7960,178146.16345
7961,178146.16345
7962,164430.25866
7963,138106.825327
7964,224701.659739
7965,392143.141285
7966,437932.414065
7967,417540.963195
7968,742205.447086
7969,1352123.45212
7970,929618.225663
7971,708262.935797
7972,880660.047636
7973,959057.289619
7974,697742.698719
7975,335016.54248
7976,525606.973896
7977,344280.407265
7978,300511.195811
7979,386053.772596
7980,582935.355705
7981,500393.611827
7982,508204.869166
7983,520428.936406
7984,650526.454885
7985,1196145.98608
7986,1034829.32205
7987,606753.801281
7988,932507.836607
7989,1388135.7687
7990,1376483.79269
7991,991544.544101
7992,687973.547359
7993,625889.387061
7994,288091.694061
7995,256728.6638
7996,240015.159979
7997,251164.018456
7998,261727.853317
7999,266612.452678
8000,280493.45699
8001,168139.169065
8002,203001.54081
8003,277392.177147
8004,316775.248478
8005,312549.610238
8006,313741.65379
8007,384137.907404
8008,386256.529852
8009,381612.769114
8010,552836.466047
8011,897653.273502
8012,746093.884632
8013,410032.380585
8014,375272.774579
8015,271035.72363
8016,288613.367278
8017,232792.111555
8018,192564.807926
8019,284241.774056
8020,303102.187966
8021,328385.969877
8022,430257.578949
8023,512488.825713
8024,214070.20849
8025,87497.8589035
8026,82429.8767748
8027,70063.8220081
8028,65255.3177094
8029,136097.893727
8030,501468.797292
8031,471117.708233
8032,511197.375021
8033,510270.075896
8034,464686.291086
8035,482131.072893
8036,480843.947796
8037,438201.09754
8038,430917.340448
8039,407201.20587
8040,403836.41984
8041,412681.027055
8042,421043.370071
8043,492538.608389
8044,508944.470919
8045,453011.383091
8046,325905.718589
8047,202337.46365
8048,220956.373824
8049,461808.497175
8050,496475.172302
8051,645441.90476
8052,877455.317326
8053,1195568.72798
8054,1272155.63963
8055,953292.303577
8056,324382.232433
8057,324382.232433
8058,339449.018328
8059,234203.951556
8060,227247.281422
8061,304028.788554
8062,316762.580862
8063,199372.827491
8064,207203.933142
8065,295390.001368
8066,373259.068019
8067,350452.761153
8068,354152.073583
8069,481756.613271
8070,667358.594759
8071,941799.898792
8072,1016331.46838
8073,1024395.69222
8074,696665.267079
8075,593994.607159
8076,879667.934639
8077,327810.916604
8078,327090.277581
8079,600954.221197
8080,784119.573231
8081,584222.57968
8082,576483.712474
8083,633484.552961
8084,1092596.16545
8085,988388.14992
8086,767064.993155
8087,512681.003998
8088,870422.597773
8089,1164870.38093
8090,1382398.31252
8091,1077889.17389
8092,614080.79929
8093,612673.85585
8094,593638.421585
8095,327217.999668
8096,264739.789021
8097,288482.128296
8098,286392.465495
8099,298726.615374
8100,248669.254155
8101,169081.589538
8102,144391.331753
8103,180250.662209
8104,320654.217113
8105,296453.600472
8106,280365.942391
8107,359442.846014
8108,404632.566041
8109,405778.917682
8110,412219.179337
8111,573297.992792
8112,528694.136098
8113,524570.822559
8114,363547.308969
8115,272818.778294
8116,274327.146058
8117,331825.261189
8118,185198.210774
8119,204562.592465
8120,266022.116658
8121,278602.527764
8122,278602.527764
8123,296370.45955
8124,289774.69305
8125,98695.6834143
8126,75669.1181278
8127,70154.9434719
8128,67482.6123004
8129,174099.223535
8130,269257.522353
8131,298391.308607
8132,412335.489678
8133,429137.190432
8134,399677.832191
8135,335062.944782
8136,389961.124432
8137,409438.63035
8138,416657.471804
8139,400232.741913
8140,393770.989735
8141,414150.400387
8142,523916.315235
8143,567962.498791
8144,543189.903036
8145,549583.284666
8146,379621.462828
8147,253487.593597
8148,254264.542653
8149,306225.771948
8150,384708.791442
8151,614561.428387
8152,602850.43598
8153,818937.188084
8154,1196612.28197
8155,574431.363699
8156,335763.021364
8157,335657.475939
8158,355603.681433
8159,340484.614562
8160,420183.468907
8161,427734.424483
8162,425959.737251
8163,404131.794937
8164,280708.968009
8165,268013.793441
8166,297043.921998
8167,359226.509952
8168,347105.791391
8169,2499768.68229
8170,578611.982504
8171,1158579.97637
8172,1069934.13418
8173,1030867.75515
8174,975722.87944
8175,1058671.88829
8176,1007568.06547
8177,682258.921959
8178,564226.234138
8179,677604.668221
8180,760577.528656
8181,654935.441416
8182,535303.362326
8183,557289.799404
8184,681262.742367
8185,806958.917547
8186,874571.648748
8187,658914.913788
8188,817794.485062
8189,1042865.12197
8190,1171926.09613
8191,1068624.87397
8192,613806.685215
8193,625660.946762
8194,608864.908764
8195,471780.81135
8196,301668.055643
8197,297013.224954
8198,333762.349794
8199,273850.805678
8200,231061.895525
8201,128074.214116
8202,155706.491513
8203,221533.228742
8204,297006.341167
8205,291956.314017
8206,291958.570415
8207,293555.876587
8208,371132.607753
8209,433755.754097
8210,433754.445251
8211,512463.564115
8212,486856.986305
8213,363933.507414
8214,358013.478039
8215,329488.881571
8216,345976.26988
8217,406553.040656
8218,286887.617739
8219,220364.804372
8220,242609.786327
8221,278602.527764
8222,278602.527764
8223,278602.527764
8224,259453.193689
8225,155930.205998
8226,108765.881897
8227,110134.44078
8228,114051.302034
8229,239611.138492
8230,351297.454371
8231,322931.098219
8232,335558.250812
8233,341387.765027
8234,198421.727172
8235,190677.444011
8236,246850.440079
8237,412938.329823
8238,393997.085607
8239,406223.91968
8240,396600.974119
8241,408512.703108
8242,603076.226009
8243,615361.618565
8244,561104.289686
8245,519553.797956
8246,347889.711897
8247,336534.865912
8248,323091.924373
8249,303549.370438
8250,320853.252792
8251,527693.950267
8252,603623.520302
8253,577654.825386
8254,195640.865831
8255,122594.575156
8256,177338.181553
8257,364172.310721
8258,350298.529242
8259,322794.554008
8260,348285.523082
8261,434894.29211
8262,413298.321839
8263,316952.378777
8264,219101.047112
8265,234316.330519
8266,259318.920205
8267,270039.609136
8268,397046.595787
8269,1022389.28685
8270,1041785.8222
8271,2041858.92719
8272,1948330.33454
8273,1172343.1043
8274,944453.258747
8275,953453.667454
8276,1061308.06041
8277,1085587.409
8278,989660.227497
8279,651882.970963
8280,632523.063116
8281,612267.379971
8282,547757.837461
8283,536817.779209
8284,397339.093934
8285,332580.227407
8286,425477.364801
8287,741926.19235
8288,806560.122052
8289,892325.628653
8290,908250.066645
8291,927168.368496
8292,630967.215475
8293,502272.589212
8294,349859.136005
8295,317087.005772
8296,269583.263275
8297,254665.223565
8298,244210.336194
8299,267208.80109
8300,235260.857739
8301,124362.560406
8302,137023.071342
8303,248707.37276
8304,291937.515539
8305,284219.649363
8306,291958.570415
8307,291958.570415
8308,292200.329102
8309,464007.891127
8310,498817.7854
8311,467533.222069
8312,388726.857841
8313,353808.501381
8314,505371.701948
8315,489830.057003
8316,379729.873768
8317,366107.343605
8318,343280.212313
8319,241495.301546
8320,306963.091549
8321,328679.42163
8322,278602.527764
8323,278602.527764
8324,245554.835764
8325,196784.023939
8326,144498.243646
8327,111908.462738
8328,153909.88476
8329,176258.802217
8330,293768.878385
8331,307643.018886
8332,299367.470991
8333,247949.572016
8334,177357.152749
8335,216354.843031
8336,312347.212651
8337,473370.625097
8338,457571.487013
8339,433471.872845
8340,441554.318815
8341,527004.924055
8342,621201.715626
8343,620725.219955
8344,463196.765745
8345,379521.864832
8346,332287.157183
8347,340771.150872
8348,341707.733265
8349,336127.90036
8350,325369.181773
8351,501011.439235
8352,558223.372663
8353,549354.971336
8354,191085.506802
8355,122594.575156
8356,143414.725102
8357,341182.614746
8358,412942.942022
8359,376364.28549
8360,327452.481064
8361,363736.45168
8362,334297.315325
8363,278322.022321
8364,300179.103556
8365,322098.216274
8366,234104.15575
8367,234104.15575
8368,257130.238813
8369,801190.46408
8370,1936777.40797
8371,1985209.62178
8372,1733913.68923
8373,1161656.81014
8374,1280387.10018
8375,1005859.21957
8376,1096551.20513
8377,1025804.06472
8378,978577.186676
8379,619410.955767
8380,601516.045286
8381,564389.005096
8382,477673.203329
8383,536616.990675
8384,392423.722245
8385,368069.607894
8386,429553.374606
8387,749094.834264
8388,882505.298052
8389,901929.513969
8390,846485.982883
8391,821561.665703
8392,774558.949844
8393,334543.429866
8394,319196.326217
8395,312137.791078
8396,271339.511975
8397,209302.376027
8398,195992.816417
8399,189769.854066
8400,84966.7763026
8401,87110.9126048
8402,192410.981286
8403,292757.174168
8404,291954.231948
8405,291936.613773
8406,291922.881234
8407,291958.570415
8408,291958.570415
8409,526290.357029
8410,559196.725729
8411,488888.28828
8412,340499.691504
8413,389348.362535
8414,552276.232658
8415,469785.256092
8416,419119.966353
8417,415097.340739
8418,370267.108163
8419,542430.180613
8420,480568.723093
8421,277315.868227
8422,264910.516315
8423,286212.747277
8424,237707.332786
8425,165124.287785
8426,90546.0455813
8427,144303.281091
8428,173768.683046
8429,172492.117733
8430,180347.715272
8431,274154.90438
8432,265319.561628
8433,213515.729813
8434,199285.401182
8435,228970.579878
8436,253480.811679
8437,449406.115899
8438,457049.405606
8439,480364.828817
8440,511278.880703
8441,563345.359791
8442,576488.244396
8443,509935.136181
8444,322582.109169
8445,322405.109324
8446,322908.735806
8447,255595.632237
8448,269911.358318
8449,330906.40519
8450,377165.014289
8451,445713.798361
8452,721277.901399
8453,607302.709084
8454,444881.80255
8455,225660.918167
8456,378710.613806
8457,505553.359688
8458,562472.261536
8459,631518.216185
8460,628744.037073
8461,435840.516006
8462,400657.501184
8463,360431.364202
8464,323360.815412
8465,328774.917722
8466,234104.15575
8467,235255.047571
8468,579144.865149
8469,781608.680693
8470,1159181.40589
8471,1848117.97237
8472,1715007.07955
8473,1570696.29871
8474,1583922.69362
8475,1704597.20935
8476,1670704.92761
8477,986661.964649
8478,917077.088493
8479,352164.478711
8480,345257.860388
8481,233216.185631
8482,288923.490207
8483,336902.996403
8484,243799.06738
8485,340680.841036
8486,453768.707051
8487,658483.275277
8488,772404.01181
8489,856185.006462
8490,823096.65831
8491,862754.9977
8492,600587.477528
8493,350723.119091
8494,328145.635161
8495,285338.117114
8496,253063.615883
8497,195992.816417
8498,195992.816417
8499,175669.312237
8500,67985.7556951
8501,140667.062209
8502,521763.777932
8503,314993.440376
8504,282681.998639
8505,291567.217363
8506,291958.570415
8507,291958.570415
8508,291958.570415
8509,526290.357029
8510,550580.154665
8511,551005.478531
8512,481162.807516
8513,511294.958049
8514,538210.185991
8515,487906.433746
8516,402357.468331
8517,353091.575427
8518,429701.209975
8519,789910.315229
8520,625340.28308
8521,552710.285112
8522,325457.255626
8523,270966.059781
8524,216570.488914
8525,160944.301583
8526,123506.945206
8527,164250.442897
8528,171905.237767
8529,171400.176604
8530,161844.71085
8531,203681.81214
8532,209309.681785
8533,226447.283886
8534,240688.010653
8535,284572.759632
8536,403520.512289
8537,462229.233032
8538,462647.925093
8539,496319.685131
8540,487881.211018
8541,482269.728836
8542,438629.091133
8543,359078.766209
8544,325135.833796
8545,280438.890636
8546,239613.85357
8547,146966.243634
8548,146966.243634
8549,245242.696849
8550,387757.568921
8551,466893.390591
8552,720786.453703
8553,613930.589769
8554,510475.83234
8555,536860.158234
8556,571336.726452
8557,615609.948143
8558,633410.75259
8559,727890.326563
8560,706617.868362
8561,759247.197948
8562,1101999.04553
8563,554434.693348
8564,296017.70368
8565,157937.105532
8566,175007.595294
8567,363775.38503
8568,706017.580181
8569,745439.106619
8570,851462.35368
8571,1267611.78184
8572,1474713.99563
8573,1504353.12009
8574,1652150.60729
8575,1940116.97272
8576,1779636.9624
8577,1104581.59666
8578,784896.145967
8579,112612.916952
8580,96896.1008878
8581,119186.782165
8582,151170.188841
8583,215626.184155
8584,183714.155351
8585,474835.515507
8586,283507.542271
8587,303734.140514
8588,453253.85771
8589,590982.190922
8590,688292.279791
8591,539669.635668
8592,416685.82004
8593,332994.38163
8594,332708.165413
8595,302401.487694
8596,233120.252301
8597,195992.816417
8598,195992.816417
8599,187672.996687
8600,66880.3747797
8601,317081.527047
8602,456920.071363
8603,247492.210278
8604,263919.814466
8605,269292.403801
8606,291958.570415
8607,296715.803345
8608,259045.346597
8609,314416.326767
8610,501607.436872
8611,557557.635471
8612,496411.995031
8613,484015.034923
8614,444045.243974
8615,284733.945978
8616,267498.178017
8617,306381.311467
8618,563476.216641
8619,777126.569619
8620,744857.336285
8621,742917.912117
8622,549532.318773
8623,250481.597848
8624,191610.883008
8625,239922.75495
8626,227951.590009
8627,171441.289622
8628,165462.678493
8629,151642.744194
8630,173628.406346
8631,243424.722934
8632,203364.295483
8633,227587.274976
8634,316165.830965
8635,721154.021317
8636,762947.989101
8637,504324.653759
8638,728780.323674
8639,718640.175774
8640,630411.79715
8641,405902.993494
8642,303824.688089
8643,272847.153194
8644,321920.999243
8645,291956.796263
8646,168521.060473
8647,158607.739558
8648,146966.243634
8649,228753.230019
8650,410344.213353
8651,614241.950005
8652,750975.229767
8653,537305.57639
8654,527737.153288
8655,569275.590258
8656,912916.482674
8657,611972.850269
8658,614534.412796
8659,731169.460493
8660,765120.691475
8661,917100.576866
8662,1506566.52145
8663,753227.34203
8664,89059.0471835
8665,78838.3430393
8666,69526.0214481
8667,397116.881805
8668,653591.298348
8669,739132.180538
8670,1087584.05216
8671,1147928.85746
8672,1384831.06862
8673,990264.175223
8674,1442219.66592
8675,2191568.08258
8676,1785306.6245
8677,1223753.62291
8678,489890.709601
8679,107487.351115
8680,113830.659332
8681,137268.28961
8682,168351.391236
8683,208653.594648
8684,325976.748791
8685,479087.748383
8686,418681.031456
8687,351393.679493
8688,390195.113632
8689,514029.517361
8690,502449.875994
8691,419325.694972
8692,502703.296068
8693,339450.863831
8694,350181.770534
8695,383655.093431
8696,271498.899697
8697,195992.816417
8698,195992.816417
8699,231761.696924
8700,103722.063915
8701,318994.287784
8702,166307.656023
8703,138432.786903
8704,168437.138566
8705,247377.146406
8706,272032.999796
8707,229941.158186
8708,206176.673476
8709,206176.673476
8710,217464.792104
8711,327153.682115
8712,401108.07838
8713,264320.318397
8714,220271.206676
8715,240450.91363
8716,213925.369125
8717,190732.911908
8718,634729.759748
8719,742917.912117
8720,742917.912117
8721,756538.223166
8722,447643.063803
8723,239709.546472
8724,215501.515084
8725,251749.311642
8726,252455.446863
8727,238941.544613
8728,174292.402892
8729,189412.992574
8730,324125.285488
8731,373317.372272
8732,284317.85215
8733,292158.512667
8734,1192197.06494
8735,665665.921539
8736,416458.217028
8737,368807.869536
8738,678626.914694
8739,681164.6243
8740,657023.709883
8741,320758.442863
8742,307433.537575
8743,294291.393782
8744,220460.05558
8745,178327.809535
8746,159392.855084
8747,159128.819882
8748,181730.316346
8749,217209.403619
8750,396518.994705
8751,684919.182503
8752,763016.37973
8753,552085.582371
8754,498976.872944
8755,667680.693607
8756,1223531.5409
8757,918601.921272
8758,752445.657093
8759,738499.788036
8760,489326.106274
8761,788240.492393
8762,2119919.72354
8763,162833.104986
8764,54905.9864036
8765,96773.7837658
8766,117616.071773
8767,161178.989207
8768,262868.862091
8769,472886.620535
8770,820548.860756
8771,1147723.04584
8772,1167561.94362
8773,928580.944874
8774,1830660.4667
8775,1959409.13062
8776,773116.9783
8777,547610.837391
8778,111045.3014
8779,95033.2427032
8780,154685.733471
8781,191963.96454
8782,184329.688725
8783,250297.820528
8784,256535.288916
8785,516022.885981
8786,520139.505283
8787,422195.187206
8788,419003.647757
8789,511915.318269
8790,526132.704265
8791,570815.176229
8792,644759.486166
8793,522864.231073
8794,469349.575184
8795,457163.693407
8796,358287.095036
8797,261625.957016
8798,364614.232152
8799,480245.793158
8800,419370.111947
8801,221280.393728
8802,144483.203668
8803,139936.99918
8804,138876.646714
8805,160674.03366
8806,212753.06128
8807,206176.673476
8808,206176.673476
8809,206176.673476
8810,205948.389777
8811,192555.16829
8812,189726.63142
8813,149277.330392
8814,187908.933262
8815,258271.863843
8816,275368.966142
8817,267189.412409
8818,709833.052566
8819,742917.912117
8820,725098.489758
8821,721087.391724
8822,269898.599139
8823,238371.425657
8824,226308.164533
8825,244233.971255
8826,252451.137163
8827,256334.879432
8828,223358.17751
8829,316140.13166
8830,367475.796803
8831,398504.050779
8832,379852.222046
8833,442338.259225
8834,1307888.81395
8835,912808.63501
8836,595062.00388
8837,374270.534321
8838,339174.696123
8839,435960.580872
8840,436088.510347
8841,269864.972748
8842,282843.221835
8843,201955.770255
8844,175782.446465
8845,175782.446465
8846,176970.813862
8847,176522.88181
8848,223408.876947
8849,274700.550197
8850,303577.451366
8851,765700.161087
8852,814131.578846
8853,602698.687811
8854,600212.706682
8855,1105143.5507
8856,930261.078278
8857,1339949.28906
8858,892938.714577
8859,717146.534182
8860,367357.33895
8861,365272.99748
8862,1799635.7784
8863,575919.76133
8864,93319.5459075
8865,149169.622427
8866,233612.755757
8867,259044.707166
8868,284595.535328
8869,477695.026464
8870,478545.350971
8871,716695.247219
8872,899877.751867
8873,958999.181315
8874,1932447.32563
8875,1415617.60947
8876,638927.034533
8877,589568.103062
8878,243219.11538
8879,81411.7487142
8880,163992.768868
8881,188779.557858
8882,199169.133325
8883,190641.741321
8884,454785.492655
8885,566727.789154
8886,576151.906925
8887,469140.598089
8888,430275.839321
8889,414121.342875
8890,485325.393776
8891,547719.030638
8892,619452.637638
8893,471322.065603
8894,456327.788635
8895,467118.048033
8896,474236.710823
8897,527709.304165
8898,466380.113191
8899,457482.511642
8900,457482.511642
8901,240267.738309
8902,150456.614546
8903,139051.890188
8904,135573.114214
8905,181941.666618
8906,222734.135475
8907,188953.239479
8908,206176.673476
8909,206176.673476
8910,196434.370825
8911,151412.282588
8912,157607.243799
8913,145460.925301
8914,223078.05326
8915,248370.214662
8916,248370.214662
8917,248370.214662
8918,660133.990406
8919,768147.21147
8920,773958.609606
8921,457515.038665
8922,247287.877128
8923,229300.464009
8924,229300.464009
8925,246021.25001
8926,252420.035805
8927,241243.838178
8928,198241.462529
8929,239495.629649
8930,366937.55453
8931,408830.220377
8932,431659.017008
8933,435738.290007
8934,416780.997536
8935,671236.171658
8936,482356.878408
8937,363806.724633
8938,328427.436652
8939,286131.11453
8940,274736.720486
8941,269864.972748
8942,269864.972748
8943,195406.494307
8944,175782.446465
8945,175782.446465
8946,175782.446465
8947,188156.930663
8948,318261.379713
8949,361540.721569
8950,406221.749681
8951,590550.354187
8952,786201.938858
8953,667162.374706
8954,509609.879967
8955,534034.388821
8956,701865.347601
8957,1130624.97147
8958,852692.270313
8959,976704.517159
8960,773864.88447
8961,274378.579642
8962,269146.095851
8963,235835.312087
8964,167103.804675
8965,219081.394365
8966,524413.305344
8967,537332.064587
8968,447206.000409
8969,292035.040344
8970,567452.865797
8971,623259.830072
8972,663457.678937
8973,824916.96067
8974,1089444.53406
8975,1031927.75924
8976,873542.056068
8977,722774.90056
8978,501656.208586
8979,231764.811669
8980,351397.892657
8981,455159.877148
8982,357586.394878
8983,194690.04005
8984,224740.09929
8985,509274.072721
8986,510112.730068
8987,375511.374716
8988,410274.228054
8989,447086.202144
8990,496692.891824
8991,509742.495544
8992,489082.912989
8993,423685.275162
8994,456327.788635
8995,498022.718761
8996,583958.662764
8997,592278.225912
8998,485151.004202
8999,448489.408298
9000,459664.258572
9001,270584.009051
9002,196268.905762
9003,179059.821426
9004,179037.860568
9005,227054.917629
9006,256318.073086
9007,206167.527721
9008,206176.673476
9009,205129.806471
9010,173190.05232
9011,153266.894287
9012,160321.401364
9013,163728.689699
9014,187800.489453
9015,241572.611242
9016,248204.187719
9017,265326.024558
9018,510601.632622
9019,708140.87139
9020,431450.113594
9021,381365.149675
9022,320117.193242
9023,241692.089965
9024,229300.464009
9025,249953.745419
9026,258055.242997
9027,211493.013589
9028,181645.923172
9029,217249.125567
9030,298564.76993
9031,277990.967995
9032,271356.703094
9033,306334.418167
9034,382245.768112
9035,392518.899427
9036,366097.304132
9037,371542.164668
9038,364612.382089
9039,294607.189521
9040,281673.632004
9041,293783.057017
9042,274267.556076
9043,194047.574406
9044,175782.446465
9045,175782.446465
9046,175782.446465
9047,192779.057478
9048,350942.386395
9049,304937.900106
9050,358538.313627
9051,446922.788565
9052,605561.093803
9053,407456.222218
9054,481507.69038
9055,481234.477257
9056,557790.466837
9057,807933.919157
9058,853731.509735
9059,1033430.856
9060,815389.103886
9061,282724.276432
9062,278845.428432
9063,247517.800598
9064,183948.853492
9065,280904.385473
9066,584646.893681
9067,641096.811483
9068,623379.408233
9069,448185.092912
9070,648821.944984
9071,617988.319529
9072,731274.323199
9073,791827.041372
9074,995225.006245
9075,969664.118927
9076,692578.751934
9077,356453.682105
9078,301605.523108
9079,378241.028707
9080,640697.200511
9081,620875.583959
9082,607443.27725
9083,356729.877746
9084,234963.120139
9085,438297.515216
9086,465320.621055
9087,380489.75951
9088,397110.273996
9089,473512.57222
9090,510791.395815
9091,508915.408053
9092,346002.316994
9093,350974.745825
9094,639978.14447
9095,707995.777891
9096,583560.624556
9097,583178.987885
9098,465244.751963
9099,446245.75507
9100,447190.612727
9101,255078.785295
9102,200092.707393
9103,191257.101381
9104,200701.89748
9105,209253.02512
9106,224373.819926
9107,203737.492822
9108,206176.673476
9109,190651.611287
9110,151799.761406
9111,151782.910092
9112,169146.352639
9113,173774.533946
9114,173766.833528
9115,188910.913306
9116,231372.979628
9117,283430.713521
9118,374065.042515
9119,453179.940213
9120,381325.32478
9121,381325.32478
9122,395454.971592
9123,322632.01213
9124,292011.94717
9125,291209.938228
9126,253476.743306
9127,205532.257524
9128,180773.207108
9129,220169.972957
9130,248480.783653
9131,193795.614037
9132,178060.425484
9133,178060.425484
9134,214246.742815
9135,237905.085532
9136,267684.891308
9137,339380.37697
9138,353344.412215
9139,306910.85319
9140,217930.270123
9141,216088.461998
9142,181357.60252
9143,173494.210526
9144,171095.365259
9145,176349.842022
9146,185890.357811
9147,196837.479945
9148,315011.708223
9149,613044.629345
9150,812351.656869
9151,798110.429089
9152,707808.129518
9153,391555.196394
9154,490061.730433
9155,566364.245705
9156,562779.467152
9157,762425.330105
9158,888481.098974
9159,1014770.56575
9160,565179.232595
9161,278417.972523
9162,304164.594095
9163,303539.55111
9164,317945.14673
9165,382817.524766
9166,582601.196262
9167,898806.697777
9168,929522.019711
9169,727128.415737
9170,701222.013988
9171,743440.609169
9172,811795.954227
9173,777054.583725
9174,894984.006264
9175,861105.763149
9176,357689.380506
9177,360876.232404
9178,322661.098243
9179,456173.492513
9180,676753.956042
9181,642472.222496
9182,602960.225494
9183,366583.857926
9184,272565.064837
9185,411353.163495
9186,467710.322601
9187,350048.684241
9188,332928.666478
9189,463906.607662
9190,476301.931963
9191,428171.821777
9192,364591.456756
9193,405568.507553
9194,840792.239454
9195,865504.584455
9196,656840.795966
9197,575983.551714
9198,482894.539291
9199,460182.3494
9200,478663.837679
9201,221608.069056
9202,221608.069056
9203,213354.593166
9204,219748.882948
9205,209144.370253
9206,207849.855765
9207,207903.961122
9208,200867.46232
9209,160086.196154
9210,157037.507484
9211,153928.37185
9212,170231.036288
9213,189299.796406
9214,199788.728172
9215,194213.709781
9216,185701.766222
9217,255301.993181
9218,382595.083909
9219,401972.01151
9220,381325.32478
9221,381325.32478
9222,374977.139013
9223,296151.326779
9224,265848.948519
9225,265848.948519
9226,274227.978749
9227,259604.962527
9228,193138.215855
9229,256540.805964
9230,221739.439124
9231,178060.425484
9232,178060.425484
9233,189705.321001
9234,184993.597514
9235,229159.291163
9236,224265.079615
9237,229717.518886
9238,259740.285376
9239,236952.348311
9240,207537.165058
9241,200074.987511
9242,200205.847348
9243,171917.893533
9244,158352.787078
9245,215032.089428
9246,245171.033657
9247,211715.167609
9248,204793.172684
9249,422520.705872
9250,870396.319175
9251,853683.504861
9252,643856.23665
9253,401655.022139
9254,399028.972893
9255,538679.851501
9256,611029.843464
9257,637186.26438
9258,719757.372105
9259,486215.977642
9260,334423.796075
9261,403242.075823
9262,379440.463547
9263,330155.125557
9264,330862.389879
9265,395662.143726
9266,584245.056692
9267,1297202.33644
9268,1805603.56587
9269,1496578.85696
9270,962420.931671
9271,744241.477829
9272,603141.352304
9273,619021.252504
9274,615284.526091
9275,683800.229378
9276,547291.544333
9277,479804.289342
9278,397634.095093
9279,495862.717096
9280,641859.970315
9281,653773.621574
9282,455767.576657
9283,246791.814503
9284,246791.814503
9285,392329.078722
9286,418189.724977
9287,300920.815699
9288,288292.043491
9289,375561.077646
9290,428839.545942
9291,346176.102329
9292,339830.754542
9293,349701.017021
9294,735423.151819
9295,787130.912905
9296,730361.696438
9297,690190.267055
9298,609786.631458
9299,504775.561005
9300,548285.304455
9301,221608.069056
9302,221608.069056
9303,221336.725534
9304,191095.930602
9305,88309.3310809
9306,129295.021335
9307,121936.431134
9308,91557.4586968
9309,114792.150526
9310,146586.690727
9311,151825.045008
9312,173783.004272
9313,174961.643405
9314,182148.686846
9315,185499.347081
9316,197344.1887
9317,234684.775348
9318,294047.549912
9319,404909.796599
9320,401887.782194
9321,398525.090916
9322,349003.404652
9323,265848.948519
9324,287001.3857
9325,287300.515689
9326,235598.944689
9327,234941.33465
9328,252718.617945
9329,272026.425734
9330,219243.371814
9331,146159.739215
9332,124724.337572
9333,104634.036082
9334,92296.4980952
9335,163350.885888
9336,228514.63394
9337,222745.981875
9338,230230.881094
9339,229043.554749
9340,236143.604655
9341,185273.296915
9342,157167.292863
9343,126002.715435
9344,174265.301347
9345,272521.736294
9346,215643.877861
9347,174055.418523
9348,212979.47304
9349,212979.406536
9350,520074.936459
9351,605348.891876
9352,604430.079281
9353,307015.83079
9354,233233.853868
9355,349611.532753
9356,509689.142071
9357,579296.3951
9358,565283.079905
9359,618745.07782
9360,780879.2687
9361,750843.378689
9362,519337.677271
9363,386642.570107
9364,393899.983034
9365,502543.954323
9366,759324.183165
9367,1512057.70363
9368,2177957.66461
9369,1581463.09577
9370,1241940.66932
9371,707414.772213
9372,472632.892115
9373,352865.019713
9374,276121.347038
9375,555832.643591
9376,677588.448889
9377,800201.251843
9378,413434.592866
9379,400438.008077
9380,620920.048369
9381,650137.981448
9382,471586.031752
9383,275733.910709
9384,268946.14102
9385,507681.950195
9386,486407.79912
9387,438265.450494
9388,311332.886979
9389,351185.525517
9390,333122.107492
9391,330079.506059
9392,326006.65639
9393,298082.08927
9394,366878.781125
9395,746408.420748
9396,760783.603308
9397,749501.609719
9398,648868.238522
9399,491487.259048
9400,423029.957108
9401,221294.857686
9402,213292.466212
9403,212612.680741
9404,76244.8729293
9405,35860.5291576
9406,34722.067354
9407,47449.3168489
9408,44119.1563677
9409,44285.4544606
9410,54263.7363691
9411,85287.4919124
9412,146999.801346
9413,179230.74732
9414,184529.281776
9415,185057.998473
9416,182790.897724
9417,176578.771927
9418,197316.847765
9419,356299.809123
9420,398895.765444
9421,296853.110991
9422,223296.890903
9423,232242.885538
9424,247790.551517
9425,221770.708364
9426,216093.780097
9427,217403.341653
9428,258724.604576
9429,131243.994882
9430,105570.27776
9431,98920.3000696
9432,94522.3748062
9433,92287.6573645
9434,92701.3362168
9435,96958.9959614
9436,151203.082259
9437,242895.787963
9438,239129.830991
9439,187903.281738
9440,215740.108438
9441,210694.843439
9442,122743.863352
9443,163866.793949
9444,246545.269986
9445,206238.373626
9446,217385.331696
9447,232899.145888
9448,216639.388956
9449,217645.819754
9450,526686.382074
9451,607334.121731
9452,607282.834731
9453,444172.26144
9454,233358.712156
9455,365455.133932
9456,513385.409386
9457,565269.327936
9458,565283.079905
9459,642988.134724
9460,757412.731937
9461,772074.395756
9462,731919.700199
9463,488776.128023
9464,392679.986703
9465,402981.750125
9466,822345.250069
9467,1306271.76023
9468,1377355.2261
9469,1011173.64023
9470,647823.526541
9471,493073.748691
9472,489030.716295
9473,470864.574269
9474,612875.864399
9475,690325.732417
9476,795196.375579
9477,842941.752246
9478,552382.994973
9479,151097.082753
9480,251660.866168
9481,570463.145319
9482,594344.965206
9483,1023643.5869
9484,1084425.22506
9485,727267.286727
9486,444105.772348
9487,446120.838947
9488,375796.955898
9489,322367.545612
9490,323264.839381
9491,348191.723773
9492,333791.463702
9493,319609.654278
9494,315887.44233
9495,521622.094795
9496,657123.703539
9497,746581.690902
9498,539956.519588
9499,300462.69749
9500,268087.399079
9501,169591.185524
9502,142234.380852
9503,101589.838204
9504,46480.3884375
9505,34826.8680754
9506,26705.3735799
9507,18016.5225354
9508,18401.4507774
9509,20717.7135596
9510,31387.9747623
9511,16066.4387713
9512,20463.7087364
9513,124647.865774
9514,137267.801829
9515,177144.914822
9516,167404.427874
9517,151264.222266
9518,174317.532916
9519,162338.681343
9520,232290.447041
9521,168651.740499
9522,205561.913187
9523,217661.235703
9524,217674.97038
9525,217674.97038
9526,217674.97038
9527,217674.97038
9528,212968.63324
9529,108423.410096
9530,92299.3626453
9531,92298.3226129
9532,94501.5963892
9533,92299.3626453
9534,92678.4973627
9535,90266.5046597
9536,93816.825794
9537,86023.7040103
9538,90658.4262428
9539,109096.415357
9540,203851.390661
9541,174028.91923
9542,241162.729669
9543,283383.732419
9544,218270.816498
9545,218333.119226
9546,242891.248153
9547,221371.36708
9548,215125.033663
9549,217743.181842
9550,530976.683368
9551,620495.964423
9552,618498.723956
9553,556040.007642
9554,299377.434907
9555,323972.049984
9556,495554.350258
9557,565256.549654
9558,565283.079905
9559,660510.702316
9560,757412.731937
9561,757412.731937
9562,757412.731937
9563,382071.742346
9564,216584.011399
9565,232294.745977
9566,244497.004051
9567,675437.136305
9568,946610.677002
9569,984354.92972
9570,508133.362213
9571,408702.122694
9572,388761.256265
9573,499733.06768
9574,504042.506106
9575,446331.064817
9576,609683.193268
9577,817702.03929
9578,254734.822661
9579,150663.433517
9580,150663.433517
9581,510688.253429
9582,658118.927353
9583,1013534.91301
9584,825108.006348
9585,685625.58084
9586,339580.508676
9587,313661.232088
9588,360076.301311
9589,318107.67315
9590,401007.901972
9591,388027.625678
9592,333102.80986
9593,319537.216451
9594,363178.192758
9595,561181.593382
9596,561181.593382
9597,563642.005075
9598,458827.722725
9599,356524.464138
9600,290277.675665
9601,67259.2340388
9602,48535.5326042
9603,44872.8792582
9604,43926.7784475
9605,41658.5031575
9606,16919.0683869
9607,16055.4700063
9608,29920.9710629
9609,20286.1515977
9610,18146.2791711
9611,15415.2462792
9612,15397.6659312
9613,17335.0879385
9614,106014.574285
9615,170830.43514
9616,166519.050447
9617,166337.852259
9618,174243.277267
9619,174243.277267
9620,174781.569012
9621,174536.480889
9622,190598.768584
9623,228779.43205
9624,217637.750264
9625,217660.969766
9626,217674.97038
9627,217674.97038
9628,213917.862586
9629,109849.315201
9630,92299.3626453
9631,92296.4980952
9632,92299.3626453
9633,92299.3626453
9634,92285.1633378
9635,94474.6926388
9636,100290.63599
9637,77330.3012424
9638,55546.3274291
9639,150204.400797
9640,232131.836057
9641,202886.752745
9642,323722.186003
9643,278368.346687
9644,241375.993132
9645,260965.916359
9646,270055.273517
9647,313299.005013
9648,274823.493505
9649,294633.028107
9650,608838.314249
9651,606065.709789
9652,607551.610356
9653,585360.067242
9654,356392.140351
9655,432305.245171
9656,566810.313408
9657,581115.18796
9658,583800.026175
9659,614169.491995
9660,748809.270142
9661,784954.41177
9662,761453.529652
9663,271889.635448
9664,216584.011399
9665,216584.011399
9666,216584.011399
9667,334943.864115
9668,610596.8293
9669,657128.238041
9670,569229.004684
9671,481764.818748
9672,354189.29408
9673,364126.387229
9674,329237.069546
9675,388793.967301
9676,464014.410699
9677,633563.060595
9678,489988.685317
9679,225370.176573
9680,150663.433517
9681,424719.7245
9682,568648.881365
9683,370443.009982
9684,324508.285865
9685,389467.692206
9686,306750.741702
9687,307680.639927
9688,366297.544628
9689,481236.247284
9690,598083.322883
9691,465104.512049
9692,212096.751274
9693,199739.716367
9694,391836.959235
9695,561181.593382
9696,577066.611281
9697,522659.53973
9698,476904.580193
9699,448217.992193
9700,347806.07024
9701,36472.0430271
9702,37698.5301828
9703,36008.1336334
9704,42789.8557082
9705,49570.760701
9706,19029.1114691
9707,15517.8273802
9708,15824.3539
9709,15699.1380712
9710,15400.0651161
9711,15397.6659312
9712,21416.5407854
9713,21486.0910712
9714,20993.2872627
9715,44978.9136522
9716,44847.6474466
9717,118430.286648
9718,171522.708179
9719,205919.512673
9720,240193.746524
9721,174403.890547
9722,175656.624811
9723,213669.266844
9724,217551.005911
9725,217605.681124
9726,217674.97038
9727,218074.453469
9728,184016.340357
9729,109159.15328
9730,101111.914961
9731,92299.3626453
9732,92299.3626453
9733,92299.3626453
9734,92299.3626453
9735,92273.0801846
9736,98869.0725155
9737,64196.4206787
9738,41111.5675581
9739,121654.304374
9740,247468.015991
9741,245612.370337
9742,194945.362108
9743,280640.759964
9744,280573.550663
9745,318959.470501
9746,421900.876551
9747,402190.64554
9748,498260.224222
9749,543459.37763
9750,716218.044172
9751,702281.408037
9752,631101.823143
9753,488582.918343
9754,468476.464746
9755,481019.465288
9756,547062.150639
9757,528737.810371
9758,513734.080601
9759,513738.957212
9760,532941.883469
9761,598940.571342
9762,581898.96088
9763,267249.708311
9764,216584.011399
9765,216381.049289
9766,246424.113032
9767,334303.340168
9768,632260.14856
9769,619031.941422
9770,671468.631416
9771,669155.590813
9772,416565.735336
9773,381418.396222
9774,388781.883698
9775,499626.621824
9776,585378.550907
9777,675879.514923
9778,650071.671713
9779,436236.230734
9780,188876.131568
9781,371878.887381
9782,421164.791687
9783,437372.950722
9784,969415.077612
9785,616018.690432
9786,535173.58931
9787,397042.262106
9788,454152.234608
9789,635326.341269
9790,610121.419556
9791,414082.028236
9792,202469.871297
9793,214959.394725
9794,243232.928002
9795,497355.524616
9796,382267.401685
9797,254819.985325
9798,300074.552541
9799,362214.457106
9800,160193.680365
9801,38651.7912458
9802,37694.6537174
9803,37698.5301828
9804,37709.8088996
9805,37814.7371198
9806,22769.8228983
9807,15422.4375264
9808,22354.226467
9809,23179.6972433
9810,15397.6659312
9811,19799.2255528
9812,81170.5451584
9813,110996.729056
9814,63766.6879863
9815,30812.9042766
9816,32923.5794506
9817,63763.9602201
9818,161182.270113
9819,211894.507148
9820,252557.378595
9821,174213.341419
9822,174014.258338
9823,194896.31673
9824,229654.12047
9825,218069.387012
9826,218033.715134
9827,191386.100164
9828,109008.703411
9829,111410.412237
9830,115464.233772
9831,110910.407382
9832,99435.257965
9833,92299.3626453
9834,92299.3626453
9835,92365.0846106
9836,72455.1073765
9837,69660.356845
9838,41111.5675581
9839,64096.265129
9840,142920.391889
9841,160439.737784
9842,194945.362108
9843,244269.389803
9844,319870.154098
9845,416787.825069
9846,481975.644199
9847,523813.997736
9848,589466.013601
9849,653089.056145
9850,726384.678007
9851,729073.037018
9852,609135.899986
9853,481019.465288
9854,481019.465288
9855,480872.704483
9856,508544.397213
9857,536400.176197
9858,513738.957212
9859,513738.957212
9860,513738.957212
9861,513738.957212
9862,422296.774136
9863,227805.786275
9864,237966.350256
9865,252929.649767
9866,273378.770416
9867,289569.1919
9868,409957.243652
9869,616002.773325
9870,578782.653452
9871,533321.043173
9872,306971.046027
9873,331369.621407
9874,364110.023218
9875,548776.890729
9876,735411.687931
9877,1247666.64887
9878,1131533.73499
9879,660149.438307
9880,372164.952318
9881,300269.45163
9882,347587.699594
9883,327683.592515
9884,1327332.17103
9885,1242669.36618
9886,691083.007427
9887,828377.285564
9888,641974.593866
9889,562154.600269
9890,550475.649635
9891,427342.990874
9892,215526.852853
9893,246004.394605
9894,229642.905384
9895,232570.652788
9896,246474.638615
9897,238822.615878
9898,238822.615878
9899,204406.662731
9900,153891.183649
9901,39692.9409752
9902,37594.680319
9903,37697.5931222
9904,37789.5586584
9905,38076.6615582
9906,25625.3668725
9907,15397.6659312
9908,27229.2044978
9909,28788.6076001
9910,47428.1307299
9911,99133.0788465
9912,117865.037559
9913,68737.0514324
9914,73400.5653583
9915,97979.704988
9916,36442.542276
9917,52067.7496159
9918,188033.106543
9919,297741.137725
9920,414064.51393
9921,293915.408986
9922,177087.554219
9923,196229.193099
9924,370600.294132
9925,359428.906979
9926,194497.095478
9927,120075.891001
9928,104107.377021
9929,104107.377021
9930,107941.82232
9931,110551.639682
9932,116754.908022
9933,114581.655002
9934,106061.681738
9935,86220.6673237
9936,19353.4868912
9937,60478.8187181
9938,83710.0970173
9939,41111.5675581
9940,41111.5675581
9941,96380.633863
9942,205802.429238
9943,259356.706443
9944,356685.158535
9945,500648.800564
9946,551405.636415
9947,575968.707811
9948,678275.734861
9949,729162.333149
9950,729203.986866
9951,729225.991287
9952,620924.662682
9953,481019.465288
9954,481019.465288
9955,481019.465288
9956,462734.807962
9957,451510.738554
9958,451581.881105
9959,507706.138981
9960,520874.622244
9961,513738.957212
9962,520906.710751
9963,293912.577189
9964,258579.959876
9965,252743.641515
9966,269192.919659
9967,287602.924301
9968,359056.568983
9969,523953.061079
9970,558489.466692
9971,340753.62254
9972,244176.869056
9973,234291.830338
9974,289896.983441
9975,485739.947713
9976,1285320.50821
9977,1297961.25339
9978,1299548.62407
9979,774902.30386
9980,552301.693392
9981,426078.410242
9982,380998.034193
9983,377402.67211
9984,898252.300373
9985,1113578.82074
9986,920565.050489
9987,906874.989405
9988,295342.41579
9989,458318.085814
9990,473240.360548
9991,359990.688793
9992,310819.190316
9993,206359.922539
9994,180517.485013
9995,234261.363526
9996,285439.901021
9997,294720.931124
9998,290034.240088
9999,189163.328479
10000,147979.065193
